ISO-10303-21;
HEADER;

/* File generated by HOOPS Exchange Version 25.8.0 */

FILE_DESCRIPTION(('HOOPS Exchange Step'),'2;1');

FILE_NAME('/Volumes/Primary/Projects/THQWGD001/step/THQWGD001C/THQWGD001C_wheel_flat.stp',
'2026-05-24T03:52:00-15:00',
('hayashi'),
('Unknown organisation'),
'HOOPS Exchange 2025.8',
'HOOPS Exchange',
'Unknown authorisation');

FILE_SCHEMA( ('AP203_CONFIGURATION_CONTROLLED_3D_DESIGN_OF_MECHANICAL_PARTS_AND_ASSEMBLIES_MIM_LF') );

ENDSEC;

DATA;
#3=(NAMED_UNIT(*)PLANE_ANGLE_UNIT()SI_UNIT($,.RADIAN.));
#4=PLANE_ANGLE_MEASURE_WITH_UNIT(PLANE_ANGLE_MEASURE(0.0174532925),#3);
#5=(CONVERSION_BASED_UNIT('DEGREE',#4)NAMED_UNIT(#6)PLANE_ANGLE_UNIT());
#6=DIMENSIONAL_EXPONENTS(0.,0.,0.,0.,0.,0.,0.);
#7=(NAMED_UNIT(*)SI_UNIT($,.STERADIAN.)SOLID_ANGLE_UNIT());
#8=(LENGTH_UNIT()NAMED_UNIT(*)SI_UNIT(.MILLI.,.METRE.));
#9=UNCERTAINTY_MEASURE_WITH_UNIT(LENGTH_MEASURE(1.000000E-05),#8,'DISTANCE_ACCURACY_VALUE','Maximum Tolerance applied to model');
#10=(GEOMETRIC_REPRESENTATION_CONTEXT(3)GLOBAL_UNCERTAINTY_ASSIGNED_CONTEXT((#9))GLOBAL_UNIT_ASSIGNED_CONTEXT((#8,#5,#7))REPRESENTATION_CONTEXT('','root'));
#12=CARTESIAN_POINT('',(0.,0.,0.));
#13=DIRECTION('',(0.,0.,1.));
#14=DIRECTION('',(1.,0.,0.));
#15=AXIS2_PLACEMENT_3D('',#12,#13,#14);
#27=CARTESIAN_POINT('',(0.,28.671464793,14.077371073));
#28=DIRECTION('',(0.,-1.,0.));
#29=DIRECTION('',(0.,0.,-1.));
#30=AXIS2_PLACEMENT_3D('',#27,#28,#29);
#31=PLANE('',#30);
#32=CARTESIAN_POINT('',(-2.295718281,28.671464793,10.847810301));
#33=VERTEX_POINT('',#32);
#34=CARTESIAN_POINT('',(-1.855445278,28.671464793,11.098656457));
#35=VERTEX_POINT('',#34);
#36=CARTESIAN_POINT('',(-2.295718281,28.671464793,10.847810301));
#37=DIRECTION('',(0.868870186,0.,0.495039998));
#38=VECTOR('',#37,0.506718967);
#39=LINE('',#36,#38);
#40=EDGE_CURVE('',#33,#35,#39,.T.);
#41=ORIENTED_EDGE('',*,*,#40,.F.);
#42=CARTESIAN_POINT('',(-1.344166844,28.671464793,8.972681946));
#43=VERTEX_POINT('',#42);
#44=CARTESIAN_POINT('',(-1.344166844,28.671464793,8.972681946));
#45=DIRECTION('',(-0.452527192,0.,0.891750604));
#46=VECTOR('',#45,2.102749743);
#47=LINE('',#44,#46);
#48=EDGE_CURVE('',#43,#33,#47,.T.);
#49=ORIENTED_EDGE('',*,*,#48,.F.);
#50=CARTESIAN_POINT('',(-0.747160173,28.671464793,9.317363909));
#51=VERTEX_POINT('',#50);
#52=CARTESIAN_POINT('',(-0.747160173,28.671464793,9.317363909));
#53=DIRECTION('',(-0.866025404,0.,-0.5));
#54=VECTOR('',#53,0.689363924);
#55=LINE('',#52,#54);
#56=EDGE_CURVE('',#51,#43,#55,.T.);
#57=ORIENTED_EDGE('',*,*,#56,.F.);
#58=CARTESIAN_POINT('',(0.825371657,28.671464793,9.317363909));
#59=VERTEX_POINT('',#58);
#60=CARTESIAN_POINT('',(0.825371657,28.671464793,9.317363909));
#61=DIRECTION('',(-1.,0.,-0.));
#62=VECTOR('',#61,1.572531831);
#63=LINE('',#60,#62);
#64=EDGE_CURVE('',#59,#51,#63,.T.);
#65=ORIENTED_EDGE('',*,*,#64,.F.);
#66=CARTESIAN_POINT('',(1.340419714,28.671464793,9.020000774));
#67=VERTEX_POINT('',#66);
#68=CARTESIAN_POINT('',(1.340419714,28.671464793,9.020000774));
#69=DIRECTION('',(-0.866025404,0.,0.5));
#70=VECTOR('',#69,0.594726268);
#71=LINE('',#68,#70);
#72=EDGE_CURVE('',#67,#59,#71,.T.);
#73=ORIENTED_EDGE('',*,*,#72,.F.);
#74=CARTESIAN_POINT('',(2.365301092,28.671464793,10.795147393));
#75=VERTEX_POINT('',#74);
#76=CARTESIAN_POINT('',(2.365301092,28.671464793,10.795147393));
#77=DIRECTION('',(-0.5,0.,-0.866025404));
#78=VECTOR('',#77,2.049762756);
#79=LINE('',#76,#78);
#80=EDGE_CURVE('',#75,#67,#79,.T.);
#81=ORIENTED_EDGE('',*,*,#80,.F.);
#82=CARTESIAN_POINT('',(1.864679709,28.671464793,11.081007669));
#83=VERTEX_POINT('',#82);
#84=CARTESIAN_POINT('',(1.864679709,28.671464793,11.081007669));
#85=DIRECTION('',(0.868399335,0.,-0.495865502));
#86=VECTOR('',#85,0.576487525);
#87=LINE('',#84,#86);
#88=EDGE_CURVE('',#83,#75,#87,.T.);
#89=ORIENTED_EDGE('',*,*,#88,.F.);
#90=CARTESIAN_POINT('',(1.014105742,28.671464793,12.554244996));
#91=VERTEX_POINT('',#90);
#92=CARTESIAN_POINT('',(1.014105742,28.671464793,12.554244996));
#93=DIRECTION('',(0.5,0.,-0.866025404));
#94=VECTOR('',#93,1.701147935);
#95=LINE('',#92,#94);
#96=EDGE_CURVE('',#91,#83,#95,.T.);
#97=ORIENTED_EDGE('',*,*,#96,.F.);
#98=CARTESIAN_POINT('',(1.014105742,28.671464793,13.135897309));
#99=VERTEX_POINT('',#98);
#100=CARTESIAN_POINT('',(1.014105742,28.671464793,13.135897309));
#101=DIRECTION('',(0.,0.,-1.));
#102=VECTOR('',#101,0.581652313);
#103=LINE('',#100,#102);
#104=EDGE_CURVE('',#99,#91,#103,.T.);
#105=ORIENTED_EDGE('',*,*,#104,.F.);
#106=CARTESIAN_POINT('',(0.,28.671464793,13.135897309));
#107=VERTEX_POINT('',#106);
#108=CARTESIAN_POINT('',(0.,28.671464793,13.135897309));
#109=DIRECTION('',(1.,0.,0.));
#110=VECTOR('',#109,1.014105742);
#111=LINE('',#108,#110);
#112=EDGE_CURVE('',#107,#99,#111,.T.);
#113=ORIENTED_EDGE('',*,*,#112,.F.);
#114=CARTESIAN_POINT('',(-1.035894258,28.671464793,13.135897309));
#115=VERTEX_POINT('',#114);
#116=CARTESIAN_POINT('',(-1.035894258,28.671464793,13.135897309));
#117=DIRECTION('',(1.,0.,0.));
#118=VECTOR('',#117,1.035894258);
#119=LINE('',#116,#118);
#120=EDGE_CURVE('',#115,#107,#119,.T.);
#121=ORIENTED_EDGE('',*,*,#120,.F.);
#122=CARTESIAN_POINT('',(-1.035894258,28.671464793,12.518160463));
#123=VERTEX_POINT('',#122);
#124=CARTESIAN_POINT('',(-1.035894258,28.671464793,12.518160463));
#125=DIRECTION('',(-0.,0.,1.));
#126=VECTOR('',#125,0.617736846);
#127=LINE('',#124,#126);
#128=EDGE_CURVE('',#123,#115,#127,.T.);
#129=ORIENTED_EDGE('',*,*,#128,.F.);
#130=CARTESIAN_POINT('',(-1.855445278,28.671464793,11.098656457));
#131=DIRECTION('',(0.5,0.,0.866025404));
#132=VECTOR('',#131,1.63910204);
#133=LINE('',#130,#132);
#134=EDGE_CURVE('',#35,#123,#133,.T.);
#135=ORIENTED_EDGE('',*,*,#134,.F.);
#136=EDGE_LOOP('',(#41,#49,#57,#65,#73,#81,#89,#97,#105,#113,#121,#129,#135));
#137=FACE_BOUND('',#136,.T.);
#138=CARTESIAN_POINT('',(0.,28.671464793,7.470195288));
#139=VERTEX_POINT('',#138);
#140=CARTESIAN_POINT('',(0.,28.671464793,10.982094208));
#141=DIRECTION('',(-0.,1.,-0.));
#142=DIRECTION('',(0.,0.,-1.));
#143=AXIS2_PLACEMENT_3D('',#140,#141,#142);
#144=CIRCLE('',#143,3.51189892);
#145=EDGE_CURVE('',#139,#139,#144,.T.);
#146=ORIENTED_EDGE('',*,*,#145,.T.);
#147=EDGE_LOOP('',(#146));
#148=FACE_BOUND('',#147,.T.);
#149=ADVANCED_FACE('',(#137,#148),#31,.F.);
#150=CARTESIAN_POINT('',(0.,23.770187914,10.982094208));
#151=DIRECTION('',(0.,-1.,0.));
#152=DIRECTION('',(0.,0.,-1.));
#153=AXIS2_PLACEMENT_3D('',#150,#151,#152);
#154=CONICAL_SURFACE('',#153,3.515505427,0.042159944);
#155=CARTESIAN_POINT('',(0.,24.752275873,7.467311431));
#156=VERTEX_POINT('',#155);
#157=CARTESIAN_POINT('',(0.,24.752275873,7.467311431));
#158=DIRECTION('',(-0.,0.999999729,0.00073583));
#159=VECTOR('',#158,3.919189981);
#160=LINE('',#157,#159);
#161=EDGE_CURVE('',#156,#139,#160,.T.);
#162=ORIENTED_EDGE('',*,*,#161,.T.);
#163=ORIENTED_EDGE('',*,*,#145,.F.);
#164=ORIENTED_EDGE('',*,*,#161,.F.);
#165=CARTESIAN_POINT('',(0.,24.752275873,14.496876985));
#166=VERTEX_POINT('',#165);
#167=CARTESIAN_POINT('',(0.,24.752275873,10.982094208));
#168=DIRECTION('',(0.,1.,0.));
#169=DIRECTION('',(0.,-0.,1.));
#170=AXIS2_PLACEMENT_3D('',#167,#168,#169);
#171=CIRCLE('',#170,3.514782777);
#172=EDGE_CURVE('',#156,#166,#171,.T.);
#173=ORIENTED_EDGE('',*,*,#172,.T.);
#174=CARTESIAN_POINT('',(0.,24.752275873,10.982094208));
#175=DIRECTION('',(0.,1.,0.));
#176=DIRECTION('',(0.,-0.,1.));
#177=AXIS2_PLACEMENT_3D('',#174,#175,#176);
#178=CIRCLE('',#177,3.514782777);
#179=EDGE_CURVE('',#166,#156,#178,.T.);
#180=ORIENTED_EDGE('',*,*,#179,.T.);
#181=EDGE_LOOP('',(#162,#163,#164,#173,#180));
#182=FACE_BOUND('',#181,.T.);
#183=ADVANCED_FACE('',(#182),#154,.T.);
#184=CARTESIAN_POINT('',(-0.010894258,30.301464793,13.135897309));
#185=DIRECTION('',(0.,0.,-1.));
#186=DIRECTION('',(1.,-0.,0.));
#187=AXIS2_PLACEMENT_3D('',#184,#185,#186);
#188=PLANE('',#187);
#189=CARTESIAN_POINT('',(-1.035894258,27.21343685,13.135897309));
#190=VERTEX_POINT('',#189);
#191=CARTESIAN_POINT('',(1.014105742,27.21343685,13.135897309));
#192=VERTEX_POINT('',#191);
#193=CARTESIAN_POINT('',(-1.035894258,27.21343685,13.135897309));
#194=DIRECTION('',(1.,0.,-0.));
#195=VECTOR('',#194,2.05);
#196=LINE('',#193,#195);
#197=EDGE_CURVE('',#190,#192,#196,.T.);
#198=ORIENTED_EDGE('',*,*,#197,.F.);
#199=CARTESIAN_POINT('',(-1.035894258,28.671464793,13.135897309));
#200=DIRECTION('',(-0.,-1.,-0.));
#201=VECTOR('',#200,1.458027943);
#202=LINE('',#199,#201);
#203=EDGE_CURVE('',#115,#190,#202,.T.);
#204=ORIENTED_EDGE('',*,*,#203,.F.);
#205=ORIENTED_EDGE('',*,*,#120,.T.);
#206=ORIENTED_EDGE('',*,*,#112,.T.);
#207=CARTESIAN_POINT('',(1.014105742,28.671464793,13.135897309));
#208=DIRECTION('',(-0.,-1.,-0.));
#209=VECTOR('',#208,1.458027943);
#210=LINE('',#207,#209);
#211=EDGE_CURVE('',#99,#192,#210,.T.);
#212=ORIENTED_EDGE('',*,*,#211,.T.);
#213=EDGE_LOOP('',(#198,#204,#205,#206,#212));
#214=FACE_BOUND('',#213,.T.);
#215=ADVANCED_FACE('',(#214),#188,.T.);
#216=CARTESIAN_POINT('',(1.439360769,30.301464793,11.817681684));
#217=DIRECTION('',(-0.866025404,0.,-0.5));
#218=DIRECTION('',(0.5,0.,-0.866025404));
#219=AXIS2_PLACEMENT_3D('',#216,#217,#218);
#220=PLANE('',#219);
#221=CARTESIAN_POINT('',(1.014105742,27.21343685,12.554244996));
#222=VERTEX_POINT('',#221);
#223=CARTESIAN_POINT('',(1.864679709,27.21343685,11.081007669));
#224=VERTEX_POINT('',#223);
#225=CARTESIAN_POINT('',(1.014105742,27.21343685,12.554244996));
#226=DIRECTION('',(0.5,0.,-0.866025404));
#227=VECTOR('',#226,1.701147935);
#228=LINE('',#225,#227);
#229=EDGE_CURVE('',#222,#224,#228,.T.);
#230=ORIENTED_EDGE('',*,*,#229,.F.);
#231=CARTESIAN_POINT('',(1.014105742,28.671464793,12.554244996));
#232=DIRECTION('',(-0.,-1.,-0.));
#233=VECTOR('',#232,1.458027943);
#234=LINE('',#231,#233);
#235=EDGE_CURVE('',#91,#222,#234,.T.);
#236=ORIENTED_EDGE('',*,*,#235,.F.);
#237=ORIENTED_EDGE('',*,*,#96,.T.);
#238=CARTESIAN_POINT('',(1.864679709,28.671464793,11.081007669));
#239=DIRECTION('',(-0.,-1.,-0.));
#240=VECTOR('',#239,1.458027943);
#241=LINE('',#238,#240);
#242=EDGE_CURVE('',#83,#224,#241,.T.);
#243=ORIENTED_EDGE('',*,*,#242,.T.);
#244=EDGE_LOOP('',(#230,#236,#237,#243));
#245=FACE_BOUND('',#244,.T.);
#246=ADVANCED_FACE('',(#245),#220,.T.);
#247=CARTESIAN_POINT('',(-1.830110753,30.301464793,9.930283572));
#248=DIRECTION('',(0.891750604,-0.,0.452527192));
#249=DIRECTION('',(-0.452527192,-0.,0.891750604));
#250=AXIS2_PLACEMENT_3D('',#247,#248,#249);
#251=PLANE('',#250);
#252=CARTESIAN_POINT('',(-1.366826235,27.21343685,9.017334568));
#253=VERTEX_POINT('',#252);
#254=CARTESIAN_POINT('',(-2.295718281,27.21343685,10.847810301));
#255=VERTEX_POINT('',#254);
#256=CARTESIAN_POINT('',(-1.366826235,27.21343685,9.017334568));
#257=DIRECTION('',(-0.452527192,0.,0.891750604));
#258=VECTOR('',#257,2.05267675);
#259=LINE('',#256,#258);
#260=EDGE_CURVE('',#253,#255,#259,.T.);
#261=ORIENTED_EDGE('',*,*,#260,.F.);
#262=CARTESIAN_POINT('',(-1.344166844,27.222015494,8.972681946));
#263=VERTEX_POINT('',#262);
#264=CARTESIAN_POINT('',(-1.344166844,27.222015494,8.972681946));
#265=CARTESIAN_POINT('',(-1.351887894,27.222015502,8.987897056));
#266=CARTESIAN_POINT('',(-1.359603279,27.219072395,9.003101002));
#267=CARTESIAN_POINT('',(-1.366826235,27.21343685,9.017334568));
#268=B_SPLINE_CURVE_WITH_KNOTS('',3,(#264,#265,#266,#267),.UNSPECIFIED.,.F.,.F.,(4,4),(0.00091971,0.00097044),.UNSPECIFIED.);
#269=EDGE_CURVE('',#263,#253,#268,.T.);
#270=ORIENTED_EDGE('',*,*,#269,.F.);
#271=CARTESIAN_POINT('',(-1.344166844,28.671464793,8.972681946));
#272=DIRECTION('',(-0.,-1.,-0.));
#273=VECTOR('',#272,1.449449299);
#274=LINE('',#271,#273);
#275=EDGE_CURVE('',#43,#263,#274,.T.);
#276=ORIENTED_EDGE('',*,*,#275,.F.);
#277=ORIENTED_EDGE('',*,*,#48,.T.);
#278=CARTESIAN_POINT('',(-2.295718281,28.671464793,10.847810301));
#279=DIRECTION('',(-0.,-1.,-0.));
#280=VECTOR('',#279,1.458027943);
#281=LINE('',#278,#280);
#282=EDGE_CURVE('',#33,#255,#281,.T.);
#283=ORIENTED_EDGE('',*,*,#282,.T.);
#284=EDGE_LOOP('',(#261,#270,#276,#277,#283));
#285=FACE_BOUND('',#284,.T.);
#286=ADVANCED_FACE('',(#285),#251,.T.);
#287=CARTESIAN_POINT('',(-0.010894258,30.301464793,9.317363909));
#288=DIRECTION('',(-0.,-0.,1.));
#289=DIRECTION('',(-1.,0.,-0.));
#290=AXIS2_PLACEMENT_3D('',#287,#288,#289);
#291=PLANE('',#290);
#292=CARTESIAN_POINT('',(0.825371657,27.21343685,9.317363909));
#293=VERTEX_POINT('',#292);
#294=CARTESIAN_POINT('',(-0.747160173,27.21343685,9.317363909));
#295=VERTEX_POINT('',#294);
#296=CARTESIAN_POINT('',(0.825371657,27.21343685,9.317363909));
#297=DIRECTION('',(-1.,0.,-0.));
#298=VECTOR('',#297,1.572531831);
#299=LINE('',#296,#298);
#300=EDGE_CURVE('',#293,#295,#299,.T.);
#301=ORIENTED_EDGE('',*,*,#300,.F.);
#302=CARTESIAN_POINT('',(0.825371657,28.671464793,9.317363909));
#303=DIRECTION('',(-0.,-1.,-0.));
#304=VECTOR('',#303,1.458027943);
#305=LINE('',#302,#304);
#306=EDGE_CURVE('',#59,#293,#305,.T.);
#307=ORIENTED_EDGE('',*,*,#306,.F.);
#308=ORIENTED_EDGE('',*,*,#64,.T.);
#309=CARTESIAN_POINT('',(-0.747160173,28.671464793,9.317363909));
#310=DIRECTION('',(-0.,-1.,-0.));
#311=VECTOR('',#310,1.458027943);
#312=LINE('',#309,#311);
#313=EDGE_CURVE('',#51,#295,#312,.T.);
#314=ORIENTED_EDGE('',*,*,#313,.T.);
#315=EDGE_LOOP('',(#301,#307,#308,#314));
#316=FACE_BOUND('',#315,.T.);
#317=ADVANCED_FACE('',(#316),#291,.T.);
#318=CARTESIAN_POINT('',(1.85292014,30.301464793,9.907677551));
#319=DIRECTION('',(-0.866025404,0.,0.5));
#320=DIRECTION('',(-0.5,0.,-0.866025404));
#321=AXIS2_PLACEMENT_3D('',#318,#319,#320);
#322=PLANE('',#321);
#323=CARTESIAN_POINT('',(2.365301092,27.21343685,10.795147393));
#324=VERTEX_POINT('',#323);
#325=CARTESIAN_POINT('',(1.340419714,27.21343685,9.020000774));
#326=VERTEX_POINT('',#325);
#327=CARTESIAN_POINT('',(2.365301092,27.21343685,10.795147393));
#328=DIRECTION('',(-0.5,0.,-0.866025404));
#329=VECTOR('',#328,2.049762756);
#330=LINE('',#327,#329);
#331=EDGE_CURVE('',#324,#326,#330,.T.);
#332=ORIENTED_EDGE('',*,*,#331,.F.);
#333=CARTESIAN_POINT('',(2.365301092,28.671464793,10.795147393));
#334=DIRECTION('',(-0.,-1.,-0.));
#335=VECTOR('',#334,1.458027943);
#336=LINE('',#333,#335);
#337=EDGE_CURVE('',#75,#324,#336,.T.);
#338=ORIENTED_EDGE('',*,*,#337,.F.);
#339=ORIENTED_EDGE('',*,*,#80,.T.);
#340=CARTESIAN_POINT('',(1.340419714,28.671464793,9.020000774));
#341=DIRECTION('',(-0.,-1.,-0.));
#342=VECTOR('',#341,1.458027943);
#343=LINE('',#340,#342);
#344=EDGE_CURVE('',#67,#326,#343,.T.);
#345=ORIENTED_EDGE('',*,*,#344,.T.);
#346=EDGE_LOOP('',(#332,#338,#339,#345));
#347=FACE_BOUND('',#346,.T.);
#348=ADVANCED_FACE('',(#347),#322,.T.);
#349=CARTESIAN_POINT('',(-1.445631436,30.301464793,11.808474853));
#350=DIRECTION('',(0.866025404,-0.,-0.5));
#351=DIRECTION('',(0.5,-0.,0.866025404));
#352=AXIS2_PLACEMENT_3D('',#349,#350,#351);
#353=PLANE('',#352);
#354=CARTESIAN_POINT('',(-1.855445278,27.21343685,11.098656457));
#355=VERTEX_POINT('',#354);
#356=CARTESIAN_POINT('',(-1.035894258,27.21343685,12.518160463));
#357=VERTEX_POINT('',#356);
#358=CARTESIAN_POINT('',(-1.855445278,27.21343685,11.098656457));
#359=DIRECTION('',(0.5,0.,0.866025404));
#360=VECTOR('',#359,1.63910204);
#361=LINE('',#358,#360);
#362=EDGE_CURVE('',#355,#357,#361,.T.);
#363=ORIENTED_EDGE('',*,*,#362,.F.);
#364=CARTESIAN_POINT('',(-1.855445278,28.671464793,11.098656457));
#365=DIRECTION('',(-0.,-1.,-0.));
#366=VECTOR('',#365,1.458027943);
#367=LINE('',#364,#366);
#368=EDGE_CURVE('',#35,#355,#367,.T.);
#369=ORIENTED_EDGE('',*,*,#368,.F.);
#370=ORIENTED_EDGE('',*,*,#134,.T.);
#371=CARTESIAN_POINT('',(-1.035894258,28.671464793,12.518160463));
#372=DIRECTION('',(-0.,-1.,-0.));
#373=VECTOR('',#372,1.458027943);
#374=LINE('',#371,#373);
#375=EDGE_CURVE('',#123,#357,#374,.T.);
#376=ORIENTED_EDGE('',*,*,#375,.T.);
#377=EDGE_LOOP('',(#363,#369,#370,#376));
#378=FACE_BOUND('',#377,.T.);
#379=ADVANCED_FACE('',(#378),#353,.T.);
#380=CARTESIAN_POINT('',(1.110347591,30.301464793,9.152832977));
#381=DIRECTION('',(0.5,-0.,0.866025404));
#382=DIRECTION('',(-0.866025404,0.,0.5));
#383=AXIS2_PLACEMENT_3D('',#380,#381,#382);
#384=PLANE('',#383);
#385=CARTESIAN_POINT('',(1.340419714,27.21343685,9.020000774));
#386=DIRECTION('',(-0.866025404,0.,0.5));
#387=VECTOR('',#386,0.594726268);
#388=LINE('',#385,#387);
#389=EDGE_CURVE('',#326,#293,#388,.T.);
#390=ORIENTED_EDGE('',*,*,#389,.F.);
#391=ORIENTED_EDGE('',*,*,#344,.F.);
#392=ORIENTED_EDGE('',*,*,#72,.T.);
#393=ORIENTED_EDGE('',*,*,#306,.T.);
#394=EDGE_LOOP('',(#390,#391,#392,#393));
#395=FACE_BOUND('',#394,.T.);
#396=ADVANCED_FACE('',(#395),#384,.T.);
#397=CARTESIAN_POINT('',(-1.110647021,30.301464793,9.107504679));
#398=DIRECTION('',(-0.5,-0.,0.866025404));
#399=DIRECTION('',(-0.866025404,0.,-0.5));
#400=AXIS2_PLACEMENT_3D('',#397,#398,#399);
#401=PLANE('',#400);
#402=CARTESIAN_POINT('',(-0.833762714,27.222015494,9.267363909));
#403=VERTEX_POINT('',#402);
#404=CARTESIAN_POINT('',(-0.833762714,27.222015494,9.267363909));
#405=DIRECTION('',(-0.866025404,0.,-0.5));
#406=VECTOR('',#405,0.589363924);
#407=LINE('',#404,#406);
#408=EDGE_CURVE('',#403,#263,#407,.T.);
#409=ORIENTED_EDGE('',*,*,#408,.F.);
#410=CARTESIAN_POINT('',(-0.747160173,27.21343685,9.317363909));
#411=CARTESIAN_POINT('',(-0.775801344,27.219283255,9.300827921));
#412=CARTESIAN_POINT('',(-0.804974759,27.222014412,9.283984642));
#413=CARTESIAN_POINT('',(-0.833762714,27.222015494,9.267363909));
#414=B_SPLINE_CURVE_WITH_KNOTS('',3,(#410,#411,#412,#413),.UNSPECIFIED.,.F.,.F.,(4,4),(0.00138125,0.001480567),.UNSPECIFIED.);
#415=EDGE_CURVE('',#295,#403,#414,.T.);
#416=ORIENTED_EDGE('',*,*,#415,.F.);
#417=ORIENTED_EDGE('',*,*,#313,.F.);
#418=ORIENTED_EDGE('',*,*,#56,.T.);
#419=ORIENTED_EDGE('',*,*,#275,.T.);
#420=EDGE_LOOP('',(#409,#416,#417,#418,#419));
#421=FACE_BOUND('',#420,.T.);
#422=ADVANCED_FACE('',(#421),#401,.T.);
#423=CARTESIAN_POINT('',(-2.102166197,30.301464793,10.95808687));
#424=DIRECTION('',(0.495039998,0.,-0.868870186));
#425=DIRECTION('',(0.868870186,-0.,0.495039998));
#426=AXIS2_PLACEMENT_3D('',#423,#424,#425);
#427=PLANE('',#426);
#428=CARTESIAN_POINT('',(-2.295718281,27.21343685,10.847810301));
#429=DIRECTION('',(0.868870186,0.,0.495039998));
#430=VECTOR('',#429,0.506718967);
#431=LINE('',#428,#430);
#432=EDGE_CURVE('',#255,#355,#431,.T.);
#433=ORIENTED_EDGE('',*,*,#432,.F.);
#434=ORIENTED_EDGE('',*,*,#282,.F.);
#435=ORIENTED_EDGE('',*,*,#40,.T.);
#436=ORIENTED_EDGE('',*,*,#368,.T.);
#437=EDGE_LOOP('',(#433,#434,#435,#436));
#438=FACE_BOUND('',#437,.T.);
#439=ADVANCED_FACE('',(#438),#427,.T.);
#440=CARTESIAN_POINT('',(-1.035894258,30.301464793,12.858727615));
#441=DIRECTION('',(1.,-0.,0.));
#442=DIRECTION('',(-0.,-0.,1.));
#443=AXIS2_PLACEMENT_3D('',#440,#441,#442);
#444=PLANE('',#443);
#445=CARTESIAN_POINT('',(-1.035894258,27.21343685,12.518160463));
#446=DIRECTION('',(-0.,0.,1.));
#447=VECTOR('',#446,0.617736846);
#448=LINE('',#445,#447);
#449=EDGE_CURVE('',#357,#190,#448,.T.);
#450=ORIENTED_EDGE('',*,*,#449,.F.);
#451=ORIENTED_EDGE('',*,*,#375,.F.);
#452=ORIENTED_EDGE('',*,*,#128,.T.);
#453=ORIENTED_EDGE('',*,*,#203,.T.);
#454=EDGE_LOOP('',(#450,#451,#452,#453));
#455=FACE_BOUND('',#454,.T.);
#456=ADVANCED_FACE('',(#455),#444,.T.);
#457=CARTESIAN_POINT('',(1.014105742,30.301464793,12.876769882));
#458=DIRECTION('',(-1.,0.,-0.));
#459=DIRECTION('',(0.,0.,-1.));
#460=AXIS2_PLACEMENT_3D('',#457,#458,#459);
#461=PLANE('',#460);
#462=CARTESIAN_POINT('',(1.014105742,27.21343685,12.876769882));
#463=VERTEX_POINT('',#462);
#464=CARTESIAN_POINT('',(1.014105742,27.21343685,13.135897309));
#465=DIRECTION('',(-0.,0.,-1.));
#466=VECTOR('',#465,0.259127427);
#467=LINE('',#464,#466);
#468=EDGE_CURVE('',#192,#463,#467,.T.);
#469=ORIENTED_EDGE('',*,*,#468,.F.);
#470=ORIENTED_EDGE('',*,*,#211,.F.);
#471=ORIENTED_EDGE('',*,*,#104,.T.);
#472=ORIENTED_EDGE('',*,*,#235,.T.);
#473=CARTESIAN_POINT('',(1.014105742,27.21343685,12.876769882));
#474=DIRECTION('',(-0.,0.,-1.));
#475=VECTOR('',#474,0.322524886);
#476=LINE('',#473,#475);
#477=EDGE_CURVE('',#463,#222,#476,.T.);
#478=ORIENTED_EDGE('',*,*,#477,.F.);
#479=EDGE_LOOP('',(#469,#470,#471,#472,#478));
#480=FACE_BOUND('',#479,.T.);
#481=ADVANCED_FACE('',(#480),#461,.T.);
#482=CARTESIAN_POINT('',(2.142676811,30.301464793,10.922268289));
#483=DIRECTION('',(-0.495865502,0.,-0.868399335));
#484=DIRECTION('',(0.868399335,-0.,-0.495865502));
#485=AXIS2_PLACEMENT_3D('',#482,#483,#484);
#486=PLANE('',#485);
#487=CARTESIAN_POINT('',(1.864679709,27.21343685,11.081007669));
#488=DIRECTION('',(0.868399335,0.,-0.495865502));
#489=VECTOR('',#488,0.576487525);
#490=LINE('',#487,#489);
#491=EDGE_CURVE('',#224,#324,#490,.T.);
#492=ORIENTED_EDGE('',*,*,#491,.F.);
#493=ORIENTED_EDGE('',*,*,#242,.F.);
#494=ORIENTED_EDGE('',*,*,#88,.T.);
#495=ORIENTED_EDGE('',*,*,#337,.T.);
#496=EDGE_LOOP('',(#492,#493,#494,#495));
#497=FACE_BOUND('',#496,.T.);
#498=ADVANCED_FACE('',(#497),#486,.T.);
#499=CARTESIAN_POINT('',(-0.010894258,30.301464793,13.135897309));
#500=DIRECTION('',(0.,0.,-1.));
#501=DIRECTION('',(1.,-0.,0.));
#502=AXIS2_PLACEMENT_3D('',#499,#500,#501);
#503=PLANE('',#502);
#504=CARTESIAN_POINT('',(1.014105742,24.030594138,13.135897309));
#505=VERTEX_POINT('',#504);
#506=CARTESIAN_POINT('',(-1.035894258,24.030594138,13.135897309));
#507=VERTEX_POINT('',#506);
#508=CARTESIAN_POINT('',(1.014105742,24.030594138,13.135897309));
#509=DIRECTION('',(-1.,-0.,0.));
#510=VECTOR('',#509,2.05);
#511=LINE('',#508,#510);
#512=EDGE_CURVE('',#505,#507,#511,.T.);
#513=ORIENTED_EDGE('',*,*,#512,.F.);
#514=CARTESIAN_POINT('',(1.014105742,22.171464793,13.135897309));
#515=VERTEX_POINT('',#514);
#516=CARTESIAN_POINT('',(1.014105742,24.030594138,13.135897309));
#517=DIRECTION('',(-0.,-1.,-0.));
#518=VECTOR('',#517,1.859129345);
#519=LINE('',#516,#518);
#520=EDGE_CURVE('',#505,#515,#519,.T.);
#521=ORIENTED_EDGE('',*,*,#520,.T.);
#522=CARTESIAN_POINT('',(-1.035894258,22.171464793,13.135897309));
#523=VERTEX_POINT('',#522);
#524=CARTESIAN_POINT('',(1.014105742,22.171464793,13.135897309));
#525=DIRECTION('',(-1.,0.,-0.));
#526=VECTOR('',#525,2.05);
#527=LINE('',#524,#526);
#528=EDGE_CURVE('',#515,#523,#527,.T.);
#529=ORIENTED_EDGE('',*,*,#528,.T.);
#530=CARTESIAN_POINT('',(-1.035894258,24.030594138,13.135897309));
#531=DIRECTION('',(-0.,-1.,-0.));
#532=VECTOR('',#531,1.859129345);
#533=LINE('',#530,#532);
#534=EDGE_CURVE('',#507,#523,#533,.T.);
#535=ORIENTED_EDGE('',*,*,#534,.F.);
#536=EDGE_LOOP('',(#513,#521,#529,#535));
#537=FACE_BOUND('',#536,.T.);
#538=ADVANCED_FACE('',(#537),#503,.T.);
#539=CARTESIAN_POINT('',(1.439360769,30.301464793,11.817681684));
#540=DIRECTION('',(-0.866025404,0.,-0.5));
#541=DIRECTION('',(0.5,0.,-0.866025404));
#542=AXIS2_PLACEMENT_3D('',#539,#540,#541);
#543=PLANE('',#542);
#544=CARTESIAN_POINT('',(1.864679709,24.030594138,11.081007669));
#545=VERTEX_POINT('',#544);
#546=CARTESIAN_POINT('',(1.014105742,24.030594138,12.554244996));
#547=VERTEX_POINT('',#546);
#548=CARTESIAN_POINT('',(1.864679709,24.030594138,11.081007669));
#549=DIRECTION('',(-0.5,-0.,0.866025404));
#550=VECTOR('',#549,1.701147935);
#551=LINE('',#548,#550);
#552=EDGE_CURVE('',#545,#547,#551,.T.);
#553=ORIENTED_EDGE('',*,*,#552,.F.);
#554=CARTESIAN_POINT('',(1.864679709,22.171464793,11.081007669));
#555=VERTEX_POINT('',#554);
#556=CARTESIAN_POINT('',(1.864679709,24.030594138,11.081007669));
#557=DIRECTION('',(-0.,-1.,-0.));
#558=VECTOR('',#557,1.859129345);
#559=LINE('',#556,#558);
#560=EDGE_CURVE('',#545,#555,#559,.T.);
#561=ORIENTED_EDGE('',*,*,#560,.T.);
#562=CARTESIAN_POINT('',(1.014105742,22.171464793,12.554244996));
#563=VERTEX_POINT('',#562);
#564=CARTESIAN_POINT('',(1.864679709,22.171464793,11.081007669));
#565=DIRECTION('',(-0.5,0.,0.866025404));
#566=VECTOR('',#565,1.701147935);
#567=LINE('',#564,#566);
#568=EDGE_CURVE('',#555,#563,#567,.T.);
#569=ORIENTED_EDGE('',*,*,#568,.T.);
#570=CARTESIAN_POINT('',(1.014105742,24.030594138,12.554244996));
#571=DIRECTION('',(-0.,-1.,-0.));
#572=VECTOR('',#571,1.859129345);
#573=LINE('',#570,#572);
#574=EDGE_CURVE('',#547,#563,#573,.T.);
#575=ORIENTED_EDGE('',*,*,#574,.F.);
#576=EDGE_LOOP('',(#553,#561,#569,#575));
#577=FACE_BOUND('',#576,.T.);
#578=ADVANCED_FACE('',(#577),#543,.T.);
#579=CARTESIAN_POINT('',(-1.830110753,30.301464793,9.930283572));
#580=DIRECTION('',(0.891750604,-0.,0.452527192));
#581=DIRECTION('',(-0.452527192,-0.,0.891750604));
#582=AXIS2_PLACEMENT_3D('',#579,#580,#581);
#583=PLANE('',#582);
#584=CARTESIAN_POINT('',(-2.295718281,24.030594138,10.847810301));
#585=VERTEX_POINT('',#584);
#586=CARTESIAN_POINT('',(-1.366826235,24.030594138,9.017334568));
#587=VERTEX_POINT('',#586);
#588=CARTESIAN_POINT('',(-2.295718281,24.030594138,10.847810301));
#589=DIRECTION('',(0.452527192,-0.,-0.891750604));
#590=VECTOR('',#589,2.05267675);
#591=LINE('',#588,#590);
#592=EDGE_CURVE('',#585,#587,#591,.T.);
#593=ORIENTED_EDGE('',*,*,#592,.F.);
#594=CARTESIAN_POINT('',(-2.295718281,22.171464793,10.847810301));
#595=VERTEX_POINT('',#594);
#596=CARTESIAN_POINT('',(-2.295718281,24.030594138,10.847810301));
#597=DIRECTION('',(-0.,-1.,-0.));
#598=VECTOR('',#597,1.859129345);
#599=LINE('',#596,#598);
#600=EDGE_CURVE('',#585,#595,#599,.T.);
#601=ORIENTED_EDGE('',*,*,#600,.T.);
#602=CARTESIAN_POINT('',(-1.366826235,22.171464793,9.017334568));
#603=VERTEX_POINT('',#602);
#604=CARTESIAN_POINT('',(-2.295718281,22.171464793,10.847810301));
#605=DIRECTION('',(0.452527192,0.,-0.891750604));
#606=VECTOR('',#605,2.05267675);
#607=LINE('',#604,#606);
#608=EDGE_CURVE('',#595,#603,#607,.T.);
#609=ORIENTED_EDGE('',*,*,#608,.T.);
#610=CARTESIAN_POINT('',(-1.366826235,24.030594138,9.017334568));
#611=DIRECTION('',(-0.,-1.,-0.));
#612=VECTOR('',#611,1.859129345);
#613=LINE('',#610,#612);
#614=EDGE_CURVE('',#587,#603,#613,.T.);
#615=ORIENTED_EDGE('',*,*,#614,.F.);
#616=EDGE_LOOP('',(#593,#601,#609,#615));
#617=FACE_BOUND('',#616,.T.);
#618=ADVANCED_FACE('',(#617),#583,.T.);
#619=CARTESIAN_POINT('',(-0.010894258,30.301464793,9.317363909));
#620=DIRECTION('',(-0.,-0.,1.));
#621=DIRECTION('',(-1.,0.,-0.));
#622=AXIS2_PLACEMENT_3D('',#619,#620,#621);
#623=PLANE('',#622);
#624=CARTESIAN_POINT('',(-0.847160173,24.030594138,9.317363909));
#625=VERTEX_POINT('',#624);
#626=CARTESIAN_POINT('',(0.825371657,24.030594138,9.317363909));
#627=VERTEX_POINT('',#626);
#628=CARTESIAN_POINT('',(-0.847160173,24.030594138,9.317363909));
#629=DIRECTION('',(1.,-0.,0.));
#630=VECTOR('',#629,1.672531831);
#631=LINE('',#628,#630);
#632=EDGE_CURVE('',#625,#627,#631,.T.);
#633=ORIENTED_EDGE('',*,*,#632,.F.);
#634=CARTESIAN_POINT('',(-0.847160173,22.171464793,9.317363909));
#635=VERTEX_POINT('',#634);
#636=CARTESIAN_POINT('',(-0.847160173,24.030594138,9.317363909));
#637=DIRECTION('',(-0.,-1.,-0.));
#638=VECTOR('',#637,1.859129345);
#639=LINE('',#636,#638);
#640=EDGE_CURVE('',#625,#635,#639,.T.);
#641=ORIENTED_EDGE('',*,*,#640,.T.);
#642=CARTESIAN_POINT('',(0.825371657,22.171464793,9.317363909));
#643=VERTEX_POINT('',#642);
#644=CARTESIAN_POINT('',(-0.847160173,22.171464793,9.317363909));
#645=DIRECTION('',(1.,0.,0.));
#646=VECTOR('',#645,1.672531831);
#647=LINE('',#644,#646);
#648=EDGE_CURVE('',#635,#643,#647,.T.);
#649=ORIENTED_EDGE('',*,*,#648,.T.);
#650=CARTESIAN_POINT('',(0.825371657,24.030594138,9.317363909));
#651=DIRECTION('',(-0.,-1.,-0.));
#652=VECTOR('',#651,1.859129345);
#653=LINE('',#650,#652);
#654=EDGE_CURVE('',#627,#643,#653,.T.);
#655=ORIENTED_EDGE('',*,*,#654,.F.);
#656=EDGE_LOOP('',(#633,#641,#649,#655));
#657=FACE_BOUND('',#656,.T.);
#658=ADVANCED_FACE('',(#657),#623,.T.);
#659=CARTESIAN_POINT('',(1.85292014,30.301464793,9.907677551));
#660=DIRECTION('',(-0.866025404,0.,0.5));
#661=DIRECTION('',(-0.5,0.,-0.866025404));
#662=AXIS2_PLACEMENT_3D('',#659,#660,#661);
#663=PLANE('',#662);
#664=CARTESIAN_POINT('',(1.340419714,24.030594138,9.020000774));
#665=VERTEX_POINT('',#664);
#666=CARTESIAN_POINT('',(2.365301092,24.030594138,10.795147393));
#667=VERTEX_POINT('',#666);
#668=CARTESIAN_POINT('',(1.340419714,24.030594138,9.020000774));
#669=DIRECTION('',(0.5,-0.,0.866025404));
#670=VECTOR('',#669,2.049762756);
#671=LINE('',#668,#670);
#672=EDGE_CURVE('',#665,#667,#671,.T.);
#673=ORIENTED_EDGE('',*,*,#672,.F.);
#674=CARTESIAN_POINT('',(1.340419714,22.171464793,9.020000774));
#675=VERTEX_POINT('',#674);
#676=CARTESIAN_POINT('',(1.340419714,24.030594138,9.020000774));
#677=DIRECTION('',(-0.,-1.,-0.));
#678=VECTOR('',#677,1.859129345);
#679=LINE('',#676,#678);
#680=EDGE_CURVE('',#665,#675,#679,.T.);
#681=ORIENTED_EDGE('',*,*,#680,.T.);
#682=CARTESIAN_POINT('',(2.365301092,22.171464793,10.795147393));
#683=VERTEX_POINT('',#682);
#684=CARTESIAN_POINT('',(1.340419714,22.171464793,9.020000774));
#685=DIRECTION('',(0.5,0.,0.866025404));
#686=VECTOR('',#685,2.049762756);
#687=LINE('',#684,#686);
#688=EDGE_CURVE('',#675,#683,#687,.T.);
#689=ORIENTED_EDGE('',*,*,#688,.T.);
#690=CARTESIAN_POINT('',(2.365301092,24.030594138,10.795147393));
#691=DIRECTION('',(-0.,-1.,-0.));
#692=VECTOR('',#691,1.859129345);
#693=LINE('',#690,#692);
#694=EDGE_CURVE('',#667,#683,#693,.T.);
#695=ORIENTED_EDGE('',*,*,#694,.F.);
#696=EDGE_LOOP('',(#673,#681,#689,#695));
#697=FACE_BOUND('',#696,.T.);
#698=ADVANCED_FACE('',(#697),#663,.T.);
#699=CARTESIAN_POINT('',(-1.445631436,30.301464793,11.808474853));
#700=DIRECTION('',(0.866025404,-0.,-0.5));
#701=DIRECTION('',(0.5,-0.,0.866025404));
#702=AXIS2_PLACEMENT_3D('',#699,#700,#701);
#703=PLANE('',#702);
#704=CARTESIAN_POINT('',(-1.035894258,24.030594138,12.518160463));
#705=VERTEX_POINT('',#704);
#706=CARTESIAN_POINT('',(-1.855445278,24.030594138,11.098656457));
#707=VERTEX_POINT('',#706);
#708=CARTESIAN_POINT('',(-1.035894258,24.030594138,12.518160463));
#709=DIRECTION('',(-0.5,-0.,-0.866025404));
#710=VECTOR('',#709,1.63910204);
#711=LINE('',#708,#710);
#712=EDGE_CURVE('',#705,#707,#711,.T.);
#713=ORIENTED_EDGE('',*,*,#712,.F.);
#714=CARTESIAN_POINT('',(-1.035894258,22.171464793,12.518160463));
#715=VERTEX_POINT('',#714);
#716=CARTESIAN_POINT('',(-1.035894258,24.030594138,12.518160463));
#717=DIRECTION('',(-0.,-1.,-0.));
#718=VECTOR('',#717,1.859129345);
#719=LINE('',#716,#718);
#720=EDGE_CURVE('',#705,#715,#719,.T.);
#721=ORIENTED_EDGE('',*,*,#720,.T.);
#722=CARTESIAN_POINT('',(-1.855445278,22.171464793,11.098656457));
#723=VERTEX_POINT('',#722);
#724=CARTESIAN_POINT('',(-1.035894258,22.171464793,12.518160463));
#725=DIRECTION('',(-0.5,0.,-0.866025404));
#726=VECTOR('',#725,1.63910204);
#727=LINE('',#724,#726);
#728=EDGE_CURVE('',#715,#723,#727,.T.);
#729=ORIENTED_EDGE('',*,*,#728,.T.);
#730=CARTESIAN_POINT('',(-1.855445278,24.030594138,11.098656457));
#731=DIRECTION('',(-0.,-1.,-0.));
#732=VECTOR('',#731,1.859129345);
#733=LINE('',#730,#732);
#734=EDGE_CURVE('',#707,#723,#733,.T.);
#735=ORIENTED_EDGE('',*,*,#734,.F.);
#736=EDGE_LOOP('',(#713,#721,#729,#735));
#737=FACE_BOUND('',#736,.T.);
#738=ADVANCED_FACE('',(#737),#703,.T.);
#739=CARTESIAN_POINT('',(1.110347591,30.301464793,9.152832977));
#740=DIRECTION('',(0.5,-0.,0.866025404));
#741=DIRECTION('',(-0.866025404,0.,0.5));
#742=AXIS2_PLACEMENT_3D('',#739,#740,#741);
#743=PLANE('',#742);
#744=CARTESIAN_POINT('',(0.825371657,24.030594138,9.317363909));
#745=DIRECTION('',(0.866025404,-0.,-0.5));
#746=VECTOR('',#745,0.594726268);
#747=LINE('',#744,#746);
#748=EDGE_CURVE('',#627,#665,#747,.T.);
#749=ORIENTED_EDGE('',*,*,#748,.F.);
#750=ORIENTED_EDGE('',*,*,#654,.T.);
#751=CARTESIAN_POINT('',(0.825371657,22.171464793,9.317363909));
#752=DIRECTION('',(0.866025404,0.,-0.5));
#753=VECTOR('',#752,0.594726268);
#754=LINE('',#751,#753);
#755=EDGE_CURVE('',#643,#675,#754,.T.);
#756=ORIENTED_EDGE('',*,*,#755,.T.);
#757=ORIENTED_EDGE('',*,*,#680,.F.);
#758=EDGE_LOOP('',(#749,#750,#756,#757));
#759=FACE_BOUND('',#758,.T.);
#760=ADVANCED_FACE('',(#759),#743,.T.);
#761=CARTESIAN_POINT('',(-1.135647021,30.301464793,9.15080595));
#762=DIRECTION('',(-0.5,-0.,0.866025404));
#763=DIRECTION('',(-0.866025404,0.,-0.5));
#764=AXIS2_PLACEMENT_3D('',#761,#762,#763);
#765=PLANE('',#764);
#766=CARTESIAN_POINT('',(-1.366826235,24.030594138,9.017334568));
#767=DIRECTION('',(0.866025404,-0.,0.5));
#768=VECTOR('',#767,0.600058681);
#769=LINE('',#766,#768);
#770=EDGE_CURVE('',#587,#625,#769,.T.);
#771=ORIENTED_EDGE('',*,*,#770,.F.);
#772=ORIENTED_EDGE('',*,*,#614,.T.);
#773=CARTESIAN_POINT('',(-1.366826235,22.171464793,9.017334568));
#774=DIRECTION('',(0.866025404,0.,0.5));
#775=VECTOR('',#774,0.600058681);
#776=LINE('',#773,#775);
#777=EDGE_CURVE('',#603,#635,#776,.T.);
#778=ORIENTED_EDGE('',*,*,#777,.T.);
#779=ORIENTED_EDGE('',*,*,#640,.F.);
#780=EDGE_LOOP('',(#771,#772,#778,#779));
#781=FACE_BOUND('',#780,.T.);
#782=ADVANCED_FACE('',(#781),#765,.T.);
#783=CARTESIAN_POINT('',(-2.102166197,30.301464793,10.95808687));
#784=DIRECTION('',(0.495039998,0.,-0.868870186));
#785=DIRECTION('',(0.868870186,-0.,0.495039998));
#786=AXIS2_PLACEMENT_3D('',#783,#784,#785);
#787=PLANE('',#786);
#788=CARTESIAN_POINT('',(-1.855445278,24.030594138,11.098656457));
#789=DIRECTION('',(-0.868870186,-0.,-0.495039998));
#790=VECTOR('',#789,0.506718967);
#791=LINE('',#788,#790);
#792=EDGE_CURVE('',#707,#585,#791,.T.);
#793=ORIENTED_EDGE('',*,*,#792,.F.);
#794=ORIENTED_EDGE('',*,*,#734,.T.);
#795=CARTESIAN_POINT('',(-1.855445278,22.171464793,11.098656457));
#796=DIRECTION('',(-0.868870186,0.,-0.495039998));
#797=VECTOR('',#796,0.506718967);
#798=LINE('',#795,#797);
#799=EDGE_CURVE('',#723,#595,#798,.T.);
#800=ORIENTED_EDGE('',*,*,#799,.T.);
#801=ORIENTED_EDGE('',*,*,#600,.F.);
#802=EDGE_LOOP('',(#793,#794,#800,#801));
#803=FACE_BOUND('',#802,.T.);
#804=ADVANCED_FACE('',(#803),#787,.T.);
#805=CARTESIAN_POINT('',(-1.035894258,30.301464793,12.858727615));
#806=DIRECTION('',(1.,-0.,0.));
#807=DIRECTION('',(-0.,-0.,1.));
#808=AXIS2_PLACEMENT_3D('',#805,#806,#807);
#809=PLANE('',#808);
#810=CARTESIAN_POINT('',(-1.035894258,24.030594138,13.135897309));
#811=DIRECTION('',(0.,-0.,-1.));
#812=VECTOR('',#811,0.617736846);
#813=LINE('',#810,#812);
#814=EDGE_CURVE('',#507,#705,#813,.T.);
#815=ORIENTED_EDGE('',*,*,#814,.F.);
#816=ORIENTED_EDGE('',*,*,#534,.T.);
#817=CARTESIAN_POINT('',(-1.035894258,22.171464793,13.135897309));
#818=DIRECTION('',(0.,0.,-1.));
#819=VECTOR('',#818,0.617736846);
#820=LINE('',#817,#819);
#821=EDGE_CURVE('',#523,#715,#820,.T.);
#822=ORIENTED_EDGE('',*,*,#821,.T.);
#823=ORIENTED_EDGE('',*,*,#720,.F.);
#824=EDGE_LOOP('',(#815,#816,#822,#823));
#825=FACE_BOUND('',#824,.T.);
#826=ADVANCED_FACE('',(#825),#809,.T.);
#827=CARTESIAN_POINT('',(1.014105742,30.301464793,12.876769882));
#828=DIRECTION('',(-1.,0.,-0.));
#829=DIRECTION('',(0.,0.,-1.));
#830=AXIS2_PLACEMENT_3D('',#827,#828,#829);
#831=PLANE('',#830);
#832=CARTESIAN_POINT('',(1.014105742,24.030594138,12.876769882));
#833=VERTEX_POINT('',#832);
#834=CARTESIAN_POINT('',(1.014105742,24.030594138,12.876769882));
#835=DIRECTION('',(0.,-0.,1.));
#836=VECTOR('',#835,0.259127427);
#837=LINE('',#834,#836);
#838=EDGE_CURVE('',#833,#505,#837,.T.);
#839=ORIENTED_EDGE('',*,*,#838,.F.);
#840=CARTESIAN_POINT('',(1.014105742,24.030594138,12.554244996));
#841=DIRECTION('',(0.,-0.,1.));
#842=VECTOR('',#841,0.322524886);
#843=LINE('',#840,#842);
#844=EDGE_CURVE('',#547,#833,#843,.T.);
#845=ORIENTED_EDGE('',*,*,#844,.F.);
#846=ORIENTED_EDGE('',*,*,#574,.T.);
#847=CARTESIAN_POINT('',(1.014105742,22.171464793,12.554244996));
#848=DIRECTION('',(-0.,0.,1.));
#849=VECTOR('',#848,0.581652313);
#850=LINE('',#847,#849);
#851=EDGE_CURVE('',#563,#515,#850,.T.);
#852=ORIENTED_EDGE('',*,*,#851,.T.);
#853=ORIENTED_EDGE('',*,*,#520,.F.);
#854=EDGE_LOOP('',(#839,#845,#846,#852,#853));
#855=FACE_BOUND('',#854,.T.);
#856=ADVANCED_FACE('',(#855),#831,.T.);
#857=CARTESIAN_POINT('',(2.142676811,30.301464793,10.922268289));
#858=DIRECTION('',(-0.495865502,0.,-0.868399335));
#859=DIRECTION('',(0.868399335,-0.,-0.495865502));
#860=AXIS2_PLACEMENT_3D('',#857,#858,#859);
#861=PLANE('',#860);
#862=CARTESIAN_POINT('',(2.365301092,24.030594138,10.795147393));
#863=DIRECTION('',(-0.868399335,-0.,0.495865502));
#864=VECTOR('',#863,0.576487525);
#865=LINE('',#862,#864);
#866=EDGE_CURVE('',#667,#545,#865,.T.);
#867=ORIENTED_EDGE('',*,*,#866,.F.);
#868=ORIENTED_EDGE('',*,*,#694,.T.);
#869=CARTESIAN_POINT('',(2.365301092,22.171464793,10.795147393));
#870=DIRECTION('',(-0.868399335,0.,0.495865502));
#871=VECTOR('',#870,0.576487525);
#872=LINE('',#869,#871);
#873=EDGE_CURVE('',#683,#555,#872,.T.);
#874=ORIENTED_EDGE('',*,*,#873,.T.);
#875=ORIENTED_EDGE('',*,*,#560,.F.);
#876=EDGE_LOOP('',(#867,#868,#874,#875));
#877=FACE_BOUND('',#876,.T.);
#878=ADVANCED_FACE('',(#877),#861,.T.);
#879=CARTESIAN_POINT('',(0.,22.171464793,19.987168403));
#880=DIRECTION('',(0.,1.,0.));
#881=DIRECTION('',(0.,0.,1.));
#882=AXIS2_PLACEMENT_3D('',#879,#880,#881);
#883=PLANE('',#882);
#884=CARTESIAN_POINT('',(-5.630290741,22.171464793,13.078043545));
#885=VERTEX_POINT('',#884);
#886=CARTESIAN_POINT('',(-4.357462462,22.171464793,12.343175795));
#887=VERTEX_POINT('',#886);
#888=CARTESIAN_POINT('',(-5.630290741,22.171464793,13.078043545));
#889=DIRECTION('',(0.866025404,0.,-0.5));
#890=VECTOR('',#889,1.469735499);
#891=LINE('',#888,#890);
#892=EDGE_CURVE('',#885,#887,#891,.T.);
#893=ORIENTED_EDGE('',*,*,#892,.T.);
#894=CARTESIAN_POINT('',(-4.117304953,22.171464793,11.811431248));
#895=VERTEX_POINT('',#894);
#896=CARTESIAN_POINT('',(-4.607460304,22.171464793,11.910161848));
#897=DIRECTION('',(0.,1.,0.));
#898=DIRECTION('',(0.,-0.,1.));
#899=AXIS2_PLACEMENT_3D('',#896,#897,#898);
#900=CIRCLE('',#899,0.5);
#901=EDGE_CURVE('',#887,#895,#900,.T.);
#902=ORIENTED_EDGE('',*,*,#901,.T.);
#903=CARTESIAN_POINT('',(-4.117304953,22.171464793,10.152757169));
#904=VERTEX_POINT('',#903);
#905=CARTESIAN_POINT('',(-0.,22.171464793,10.982094208));
#906=DIRECTION('',(0.,1.,0.));
#907=DIRECTION('',(0.,-0.,1.));
#908=AXIS2_PLACEMENT_3D('',#905,#906,#907);
#909=CIRCLE('',#908,4.2);
#910=EDGE_CURVE('',#904,#895,#909,.T.);
#911=ORIENTED_EDGE('',*,*,#910,.F.);
#912=CARTESIAN_POINT('',(-4.357463757,22.171464793,9.621011873));
#913=VERTEX_POINT('',#912);
#914=CARTESIAN_POINT('',(-4.607460304,22.171464793,10.054026569));
#915=DIRECTION('',(0.,1.,0.));
#916=DIRECTION('',(0.,-0.,1.));
#917=AXIS2_PLACEMENT_3D('',#914,#915,#916);
#918=CIRCLE('',#917,0.5);
#919=EDGE_CURVE('',#904,#913,#918,.T.);
#920=ORIENTED_EDGE('',*,*,#919,.T.);
#921=CARTESIAN_POINT('',(-5.630289762,22.171464793,8.886145436));
#922=VERTEX_POINT('',#921);
#923=CARTESIAN_POINT('',(-5.630289762,22.171464793,8.886145436));
#924=DIRECTION('',(0.866025404,0.,0.5));
#925=VECTOR('',#924,1.469732874);
#926=LINE('',#923,#925);
#927=EDGE_CURVE('',#922,#913,#926,.T.);
#928=ORIENTED_EDGE('',*,*,#927,.F.);
#929=CARTESIAN_POINT('',(-6.361418959,22.171464793,9.183096129));
#930=VERTEX_POINT('',#929);
#931=CARTESIAN_POINT('',(-5.880288131,22.171464793,9.31915908));
#932=DIRECTION('',(0.,1.,0.));
#933=DIRECTION('',(0.,-0.,1.));
#934=AXIS2_PLACEMENT_3D('',#931,#932,#933);
#935=CIRCLE('',#934,0.5);
#936=EDGE_CURVE('',#922,#930,#935,.T.);
#937=ORIENTED_EDGE('',*,*,#936,.T.);
#938=CARTESIAN_POINT('',(-6.361418959,22.171464793,12.781092287));
#939=VERTEX_POINT('',#938);
#940=CARTESIAN_POINT('',(-0.,22.171464793,10.982094208));
#941=DIRECTION('',(0.,1.,0.));
#942=DIRECTION('',(0.,-0.,1.));
#943=AXIS2_PLACEMENT_3D('',#940,#941,#942);
#944=CIRCLE('',#943,6.610903513);
#945=EDGE_CURVE('',#930,#939,#944,.T.);
#946=ORIENTED_EDGE('',*,*,#945,.T.);
#947=CARTESIAN_POINT('',(-5.880288131,22.171464793,13.145029336));
#948=VERTEX_POINT('',#947);
#949=CARTESIAN_POINT('',(-5.880288131,22.171464793,12.645029336));
#950=DIRECTION('',(0.,1.,0.));
#951=DIRECTION('',(0.,-0.,1.));
#952=AXIS2_PLACEMENT_3D('',#949,#950,#951);
#953=CIRCLE('',#952,0.5);
#954=EDGE_CURVE('',#939,#948,#953,.T.);
#955=ORIENTED_EDGE('',*,*,#954,.T.);
#956=CARTESIAN_POINT('',(-5.880288131,22.171464793,12.645029336));
#957=DIRECTION('',(0.,1.,0.));
#958=DIRECTION('',(0.,-0.,1.));
#959=AXIS2_PLACEMENT_3D('',#956,#957,#958);
#960=CIRCLE('',#959,0.5);
#961=EDGE_CURVE('',#948,#885,#960,.T.);
#962=ORIENTED_EDGE('',*,*,#961,.T.);
#963=EDGE_LOOP('',(#893,#902,#911,#920,#928,#937,#946,#955,#962));
#964=FACE_BOUND('',#963,.T.);
#965=ORIENTED_EDGE('',*,*,#821,.F.);
#966=ORIENTED_EDGE('',*,*,#528,.F.);
#967=ORIENTED_EDGE('',*,*,#851,.F.);
#968=ORIENTED_EDGE('',*,*,#568,.F.);
#969=ORIENTED_EDGE('',*,*,#873,.F.);
#970=ORIENTED_EDGE('',*,*,#688,.F.);
#971=ORIENTED_EDGE('',*,*,#755,.F.);
#972=ORIENTED_EDGE('',*,*,#648,.F.);
#973=ORIENTED_EDGE('',*,*,#777,.F.);
#974=ORIENTED_EDGE('',*,*,#608,.F.);
#975=ORIENTED_EDGE('',*,*,#799,.F.);
#976=ORIENTED_EDGE('',*,*,#728,.F.);
#977=EDGE_LOOP('',(#965,#966,#967,#968,#969,#970,#971,#972,#973,#974,#975,#976));
#978=FACE_BOUND('',#977,.T.);
#979=CARTESIAN_POINT('',(4.630290741,22.171464793,14.810094352));
#980=VERTEX_POINT('',#979);
#981=CARTESIAN_POINT('',(3.357462462,22.171464793,14.075226603));
#982=VERTEX_POINT('',#981);
#983=CARTESIAN_POINT('',(4.630290741,22.171464793,14.810094352));
#984=DIRECTION('',(-0.866025404,0.,-0.5));
#985=VECTOR('',#984,1.469735499);
#986=LINE('',#983,#985);
#987=EDGE_CURVE('',#980,#982,#986,.T.);
#988=ORIENTED_EDGE('',*,*,#987,.T.);
#989=CARTESIAN_POINT('',(2.776879421,22.171464793,14.133116373));
#990=VERTEX_POINT('',#989);
#991=CARTESIAN_POINT('',(3.107460304,22.171464793,14.508238059));
#992=DIRECTION('',(0.,1.,0.));
#993=DIRECTION('',(0.,-0.,1.));
#994=AXIS2_PLACEMENT_3D('',#991,#992,#993);
#995=CIRCLE('',#994,0.5);
#996=EDGE_CURVE('',#982,#990,#995,.T.);
#997=ORIENTED_EDGE('',*,*,#996,.T.);
#998=CARTESIAN_POINT('',(1.340425532,22.171464793,14.962453412));
#999=VERTEX_POINT('',#998);
#1000=CARTESIAN_POINT('',(0.,22.171464793,10.982094208));
#1001=DIRECTION('',(0.,1.,0.));
#1002=DIRECTION('',(0.,-0.,1.));
#1003=AXIS2_PLACEMENT_3D('',#1000,#1001,#1002);
#1004=CIRCLE('',#1003,4.2);
#1005=EDGE_CURVE('',#999,#990,#1004,.T.);
#1006=ORIENTED_EDGE('',*,*,#1005,.F.);
#1007=CARTESIAN_POINT('',(1.,22.171464793,15.436309685));
#1008=VERTEX_POINT('',#1007);
#1009=CARTESIAN_POINT('',(1.5,22.171464793,15.436305698));
#1010=DIRECTION('',(0.,1.,0.));
#1011=DIRECTION('',(0.,-0.,1.));
#1012=AXIS2_PLACEMENT_3D('',#1009,#1010,#1011);
#1013=CIRCLE('',#1012,0.5);
#1014=EDGE_CURVE('',#999,#1008,#1013,.T.);
#1015=ORIENTED_EDGE('',*,*,#1014,.T.);
#1016=CARTESIAN_POINT('',(1.,22.171464793,16.906042559));
#1017=VERTEX_POINT('',#1016);
#1018=CARTESIAN_POINT('',(1.,22.171464793,16.906042559));
#1019=DIRECTION('',(-0.,0.,-1.));
#1020=VECTOR('',#1019,1.469732873);
#1021=LINE('',#1018,#1020);
#1022=EDGE_CURVE('',#1017,#1008,#1021,.T.);
#1023=ORIENTED_EDGE('',*,*,#1022,.F.);
#1024=CARTESIAN_POINT('',(1.5,22.171464793,17.406040675));
#1025=VERTEX_POINT('',#1024);
#1026=CARTESIAN_POINT('',(1.5,22.171464793,16.906040675));
#1027=DIRECTION('',(0.,1.,0.));
#1028=DIRECTION('',(0.,-0.,1.));
#1029=AXIS2_PLACEMENT_3D('',#1026,#1027,#1028);
#1030=CIRCLE('',#1029,0.5);
#1031=EDGE_CURVE('',#1017,#1025,#1030,.T.);
#1032=ORIENTED_EDGE('',*,*,#1031,.T.);
#1033=CARTESIAN_POINT('',(1.622731442,22.171464793,17.39074367));
#1034=VERTEX_POINT('',#1033);
#1035=CARTESIAN_POINT('',(1.5,22.171464793,16.906040675));
#1036=DIRECTION('',(0.,1.,0.));
#1037=DIRECTION('',(0.,-0.,1.));
#1038=AXIS2_PLACEMENT_3D('',#1035,#1036,#1037);
#1039=CIRCLE('',#1038,0.5);
#1040=EDGE_CURVE('',#1025,#1034,#1039,.T.);
#1041=ORIENTED_EDGE('',*,*,#1040,.T.);
#1042=CARTESIAN_POINT('',(4.738687517,22.171464793,15.591745591));
#1043=VERTEX_POINT('',#1042);
#1044=CARTESIAN_POINT('',(0.,22.171464793,10.982094208));
#1045=DIRECTION('',(0.,1.,0.));
#1046=DIRECTION('',(0.,-0.,1.));
#1047=AXIS2_PLACEMENT_3D('',#1044,#1045,#1046);
#1048=CIRCLE('',#1047,6.610903513);
#1049=EDGE_CURVE('',#1034,#1043,#1048,.T.);
#1050=ORIENTED_EDGE('',*,*,#1049,.T.);
#1051=CARTESIAN_POINT('',(4.380288131,22.171464793,15.243105547));
#1052=DIRECTION('',(0.,1.,0.));
#1053=DIRECTION('',(0.,-0.,1.));
#1054=AXIS2_PLACEMENT_3D('',#1051,#1052,#1053);
#1055=CIRCLE('',#1054,0.5);
#1056=EDGE_CURVE('',#1043,#980,#1055,.T.);
#1057=ORIENTED_EDGE('',*,*,#1056,.T.);
#1058=EDGE_LOOP('',(#988,#997,#1006,#1015,#1023,#1032,#1041,#1050,#1057));
#1059=FACE_BOUND('',#1058,.T.);
#1060=CARTESIAN_POINT('',(5.630290741,22.171464793,8.886144872));
#1061=VERTEX_POINT('',#1060);
#1062=CARTESIAN_POINT('',(4.357462462,22.171464793,9.621012621));
#1063=VERTEX_POINT('',#1062);
#1064=CARTESIAN_POINT('',(5.630290741,22.171464793,8.886144872));
#1065=DIRECTION('',(-0.866025404,0.,0.5));
#1066=VECTOR('',#1065,1.469735499);
#1067=LINE('',#1064,#1066);
#1068=EDGE_CURVE('',#1061,#1063,#1067,.T.);
#1069=ORIENTED_EDGE('',*,*,#1068,.T.);
#1070=CARTESIAN_POINT('',(4.117304953,22.171464793,10.152757169));
#1071=VERTEX_POINT('',#1070);
#1072=CARTESIAN_POINT('',(4.607460304,22.171464793,10.054026569));
#1073=DIRECTION('',(0.,1.,0.));
#1074=DIRECTION('',(0.,-0.,1.));
#1075=AXIS2_PLACEMENT_3D('',#1072,#1073,#1074);
#1076=CIRCLE('',#1075,0.5);
#1077=EDGE_CURVE('',#1063,#1071,#1076,.T.);
#1078=ORIENTED_EDGE('',*,*,#1077,.T.);
#1079=CARTESIAN_POINT('',(4.117304953,22.171464793,11.811431248));
#1080=VERTEX_POINT('',#1079);
#1081=CARTESIAN_POINT('',(0.,22.171464793,10.982094208));
#1082=DIRECTION('',(0.,1.,0.));
#1083=DIRECTION('',(0.,-0.,1.));
#1084=AXIS2_PLACEMENT_3D('',#1081,#1082,#1083);
#1085=CIRCLE('',#1084,4.2);
#1086=EDGE_CURVE('',#1080,#1071,#1085,.T.);
#1087=ORIENTED_EDGE('',*,*,#1086,.F.);
#1088=CARTESIAN_POINT('',(4.357463757,22.171464793,12.343176543));
#1089=VERTEX_POINT('',#1088);
#1090=CARTESIAN_POINT('',(4.607460304,22.171464793,11.910161848));
#1091=DIRECTION('',(0.,1.,0.));
#1092=DIRECTION('',(0.,-0.,1.));
#1093=AXIS2_PLACEMENT_3D('',#1090,#1091,#1092);
#1094=CIRCLE('',#1093,0.5);
#1095=EDGE_CURVE('',#1080,#1089,#1094,.T.);
#1096=ORIENTED_EDGE('',*,*,#1095,.T.);
#1097=CARTESIAN_POINT('',(5.630289762,22.171464793,13.07804298));
#1098=VERTEX_POINT('',#1097);
#1099=CARTESIAN_POINT('',(5.630289762,22.171464793,13.07804298));
#1100=DIRECTION('',(-0.866025404,0.,-0.5));
#1101=VECTOR('',#1100,1.469732874);
#1102=LINE('',#1099,#1101);
#1103=EDGE_CURVE('',#1098,#1089,#1102,.T.);
#1104=ORIENTED_EDGE('',*,*,#1103,.F.);
#1105=CARTESIAN_POINT('',(5.880288131,22.171464793,13.145029336));
#1106=VERTEX_POINT('',#1105);
#1107=CARTESIAN_POINT('',(5.880288131,22.171464793,12.645029336));
#1108=DIRECTION('',(0.,1.,0.));
#1109=DIRECTION('',(0.,-0.,1.));
#1110=AXIS2_PLACEMENT_3D('',#1107,#1108,#1109);
#1111=CIRCLE('',#1110,0.5);
#1112=EDGE_CURVE('',#1098,#1106,#1111,.T.);
#1113=ORIENTED_EDGE('',*,*,#1112,.T.);
#1114=CARTESIAN_POINT('',(6.361418959,22.171464793,12.781092287));
#1115=VERTEX_POINT('',#1114);
#1116=CARTESIAN_POINT('',(5.880288131,22.171464793,12.645029336));
#1117=DIRECTION('',(0.,1.,0.));
#1118=DIRECTION('',(0.,-0.,1.));
#1119=AXIS2_PLACEMENT_3D('',#1116,#1117,#1118);
#1120=CIRCLE('',#1119,0.5);
#1121=EDGE_CURVE('',#1106,#1115,#1120,.T.);
#1122=ORIENTED_EDGE('',*,*,#1121,.T.);
#1123=CARTESIAN_POINT('',(6.361418959,22.171464793,9.183096129));
#1124=VERTEX_POINT('',#1123);
#1125=CARTESIAN_POINT('',(0.,22.171464793,10.982094208));
#1126=DIRECTION('',(0.,1.,0.));
#1127=DIRECTION('',(0.,-0.,1.));
#1128=AXIS2_PLACEMENT_3D('',#1125,#1126,#1127);
#1129=CIRCLE('',#1128,6.610903513);
#1130=EDGE_CURVE('',#1115,#1124,#1129,.T.);
#1131=ORIENTED_EDGE('',*,*,#1130,.T.);
#1132=CARTESIAN_POINT('',(5.880288131,22.171464793,9.31915908));
#1133=DIRECTION('',(0.,1.,0.));
#1134=DIRECTION('',(0.,-0.,1.));
#1135=AXIS2_PLACEMENT_3D('',#1132,#1133,#1134);
#1136=CIRCLE('',#1135,0.5);
#1137=EDGE_CURVE('',#1124,#1061,#1136,.T.);
#1138=ORIENTED_EDGE('',*,*,#1137,.T.);
#1139=EDGE_LOOP('',(#1069,#1078,#1087,#1096,#1104,#1113,#1122,#1131,#1138));
#1140=FACE_BOUND('',#1139,.T.);
#1141=CARTESIAN_POINT('',(0.,22.171464793,19.587168403));
#1142=VERTEX_POINT('',#1141);
#1143=CARTESIAN_POINT('',(0.,22.171464793,10.982094208));
#1144=DIRECTION('',(-0.,-1.,-0.));
#1145=DIRECTION('',(0.,-0.,1.));
#1146=AXIS2_PLACEMENT_3D('',#1143,#1144,#1145);
#1147=CIRCLE('',#1146,8.605074195);
#1148=EDGE_CURVE('',#1142,#1142,#1147,.T.);
#1149=ORIENTED_EDGE('',*,*,#1148,.T.);
#1150=EDGE_LOOP('',(#1149));
#1151=FACE_BOUND('',#1150,.T.);
#1152=CARTESIAN_POINT('',(-4.630290741,22.171464793,7.154094064));
#1153=VERTEX_POINT('',#1152);
#1154=CARTESIAN_POINT('',(-3.357462462,22.171464793,7.888961813));
#1155=VERTEX_POINT('',#1154);
#1156=CARTESIAN_POINT('',(-4.630290741,22.171464793,7.154094064));
#1157=DIRECTION('',(0.866025404,0.,0.5));
#1158=VECTOR('',#1157,1.469735499);
#1159=LINE('',#1156,#1158);
#1160=EDGE_CURVE('',#1153,#1155,#1159,.T.);
#1161=ORIENTED_EDGE('',*,*,#1160,.T.);
#1162=CARTESIAN_POINT('',(-2.776879421,22.171464793,7.831072044));
#1163=VERTEX_POINT('',#1162);
#1164=CARTESIAN_POINT('',(-3.107460304,22.171464793,7.455950357));
#1165=DIRECTION('',(0.,1.,0.));
#1166=DIRECTION('',(0.,-0.,1.));
#1167=AXIS2_PLACEMENT_3D('',#1164,#1165,#1166);
#1168=CIRCLE('',#1167,0.5);
#1169=EDGE_CURVE('',#1155,#1163,#1168,.T.);
#1170=ORIENTED_EDGE('',*,*,#1169,.T.);
#1171=CARTESIAN_POINT('',(-1.340425532,22.171464793,7.001735004));
#1172=VERTEX_POINT('',#1171);
#1173=CARTESIAN_POINT('',(-0.,22.171464793,10.982094208));
#1174=DIRECTION('',(0.,1.,0.));
#1175=DIRECTION('',(0.,-0.,1.));
#1176=AXIS2_PLACEMENT_3D('',#1173,#1174,#1175);
#1177=CIRCLE('',#1176,4.2);
#1178=EDGE_CURVE('',#1172,#1163,#1177,.T.);
#1179=ORIENTED_EDGE('',*,*,#1178,.F.);
#1180=CARTESIAN_POINT('',(-1.,22.171464793,6.527878731));
#1181=VERTEX_POINT('',#1180);
#1182=CARTESIAN_POINT('',(-1.5,22.171464793,6.527882718));
#1183=DIRECTION('',(0.,1.,0.));
#1184=DIRECTION('',(0.,-0.,1.));
#1185=AXIS2_PLACEMENT_3D('',#1182,#1183,#1184);
#1186=CIRCLE('',#1185,0.5);
#1187=EDGE_CURVE('',#1172,#1181,#1186,.T.);
#1188=ORIENTED_EDGE('',*,*,#1187,.T.);
#1189=CARTESIAN_POINT('',(-1.,22.171464793,5.058145858));
#1190=VERTEX_POINT('',#1189);
#1191=CARTESIAN_POINT('',(-1.,22.171464793,5.058145858));
#1192=DIRECTION('',(0.,0.,1.));
#1193=VECTOR('',#1192,1.469732873);
#1194=LINE('',#1191,#1193);
#1195=EDGE_CURVE('',#1190,#1181,#1194,.T.);
#1196=ORIENTED_EDGE('',*,*,#1195,.F.);
#1197=CARTESIAN_POINT('',(-1.622731442,22.171464793,4.573444746));
#1198=VERTEX_POINT('',#1197);
#1199=CARTESIAN_POINT('',(-1.5,22.171464793,5.058147741));
#1200=DIRECTION('',(0.,1.,0.));
#1201=DIRECTION('',(0.,-0.,1.));
#1202=AXIS2_PLACEMENT_3D('',#1199,#1200,#1201);
#1203=CIRCLE('',#1202,0.5);
#1204=EDGE_CURVE('',#1190,#1198,#1203,.T.);
#1205=ORIENTED_EDGE('',*,*,#1204,.T.);
#1206=CARTESIAN_POINT('',(-4.738687517,22.171464793,6.372442825));
#1207=VERTEX_POINT('',#1206);
#1208=CARTESIAN_POINT('',(-0.,22.171464793,10.982094208));
#1209=DIRECTION('',(0.,1.,0.));
#1210=DIRECTION('',(0.,-0.,1.));
#1211=AXIS2_PLACEMENT_3D('',#1208,#1209,#1210);
#1212=CIRCLE('',#1211,6.610903513);
#1213=EDGE_CURVE('',#1198,#1207,#1212,.T.);
#1214=ORIENTED_EDGE('',*,*,#1213,.T.);
#1215=CARTESIAN_POINT('',(-4.880288131,22.171464793,6.721082869));
#1216=VERTEX_POINT('',#1215);
#1217=CARTESIAN_POINT('',(-4.380288131,22.171464793,6.721082869));
#1218=DIRECTION('',(0.,1.,0.));
#1219=DIRECTION('',(0.,-0.,1.));
#1220=AXIS2_PLACEMENT_3D('',#1217,#1218,#1219);
#1221=CIRCLE('',#1220,0.5);
#1222=EDGE_CURVE('',#1207,#1216,#1221,.T.);
#1223=ORIENTED_EDGE('',*,*,#1222,.T.);
#1224=CARTESIAN_POINT('',(-4.380288131,22.171464793,6.721082869));
#1225=DIRECTION('',(0.,1.,0.));
#1226=DIRECTION('',(0.,-0.,1.));
#1227=AXIS2_PLACEMENT_3D('',#1224,#1225,#1226);
#1228=CIRCLE('',#1227,0.5);
#1229=EDGE_CURVE('',#1216,#1153,#1228,.T.);
#1230=ORIENTED_EDGE('',*,*,#1229,.T.);
#1231=EDGE_LOOP('',(#1161,#1170,#1179,#1188,#1196,#1205,#1214,#1223,#1230));
#1232=FACE_BOUND('',#1231,.T.);
#1233=CARTESIAN_POINT('',(-1.,22.171464793,16.906043689));
#1234=VERTEX_POINT('',#1233);
#1235=CARTESIAN_POINT('',(-1.,22.171464793,15.43630819));
#1236=VERTEX_POINT('',#1235);
#1237=CARTESIAN_POINT('',(-1.,22.171464793,16.906043689));
#1238=DIRECTION('',(0.,0.,-1.));
#1239=VECTOR('',#1238,1.469735499);
#1240=LINE('',#1237,#1239);
#1241=EDGE_CURVE('',#1234,#1236,#1240,.T.);
#1242=ORIENTED_EDGE('',*,*,#1241,.T.);
#1243=CARTESIAN_POINT('',(-1.340425532,22.171464793,14.962453412));
#1244=VERTEX_POINT('',#1243);
#1245=CARTESIAN_POINT('',(-1.5,22.171464793,15.436305698));
#1246=DIRECTION('',(0.,1.,0.));
#1247=DIRECTION('',(0.,-0.,1.));
#1248=AXIS2_PLACEMENT_3D('',#1245,#1246,#1247);
#1249=CIRCLE('',#1248,0.5);
#1250=EDGE_CURVE('',#1236,#1244,#1249,.T.);
#1251=ORIENTED_EDGE('',*,*,#1250,.T.);
#1252=CARTESIAN_POINT('',(-2.776879421,22.171464793,14.133116373));
#1253=VERTEX_POINT('',#1252);
#1254=CARTESIAN_POINT('',(0.,22.171464793,10.982094208));
#1255=DIRECTION('',(0.,1.,0.));
#1256=DIRECTION('',(0.,-0.,1.));
#1257=AXIS2_PLACEMENT_3D('',#1254,#1255,#1256);
#1258=CIRCLE('',#1257,4.2);
#1259=EDGE_CURVE('',#1253,#1244,#1258,.T.);
#1260=ORIENTED_EDGE('',*,*,#1259,.F.);
#1261=CARTESIAN_POINT('',(-3.357463757,22.171464793,14.075227351));
#1262=VERTEX_POINT('',#1261);
#1263=CARTESIAN_POINT('',(-3.107460304,22.171464793,14.508238059));
#1264=DIRECTION('',(0.,1.,0.));
#1265=DIRECTION('',(0.,-0.,1.));
#1266=AXIS2_PLACEMENT_3D('',#1263,#1264,#1265);
#1267=CIRCLE('',#1266,0.5);
#1268=EDGE_CURVE('',#1253,#1262,#1267,.T.);
#1269=ORIENTED_EDGE('',*,*,#1268,.T.);
#1270=CARTESIAN_POINT('',(-4.630289762,22.171464793,14.810093787));
#1271=VERTEX_POINT('',#1270);
#1272=CARTESIAN_POINT('',(-4.630289762,22.171464793,14.810093787));
#1273=DIRECTION('',(0.866025404,0.,-0.5));
#1274=VECTOR('',#1273,1.469732873);
#1275=LINE('',#1272,#1274);
#1276=EDGE_CURVE('',#1271,#1262,#1275,.T.);
#1277=ORIENTED_EDGE('',*,*,#1276,.F.);
#1278=CARTESIAN_POINT('',(-4.738687517,22.171464793,15.591745591));
#1279=VERTEX_POINT('',#1278);
#1280=CARTESIAN_POINT('',(-4.380288131,22.171464793,15.243105547));
#1281=DIRECTION('',(0.,1.,0.));
#1282=DIRECTION('',(0.,-0.,1.));
#1283=AXIS2_PLACEMENT_3D('',#1280,#1281,#1282);
#1284=CIRCLE('',#1283,0.5);
#1285=EDGE_CURVE('',#1271,#1279,#1284,.T.);
#1286=ORIENTED_EDGE('',*,*,#1285,.T.);
#1287=CARTESIAN_POINT('',(-1.622731442,22.171464793,17.39074367));
#1288=VERTEX_POINT('',#1287);
#1289=CARTESIAN_POINT('',(0.,22.171464793,10.982094208));
#1290=DIRECTION('',(0.,1.,0.));
#1291=DIRECTION('',(0.,-0.,1.));
#1292=AXIS2_PLACEMENT_3D('',#1289,#1290,#1291);
#1293=CIRCLE('',#1292,6.610903513);
#1294=EDGE_CURVE('',#1279,#1288,#1293,.T.);
#1295=ORIENTED_EDGE('',*,*,#1294,.T.);
#1296=CARTESIAN_POINT('',(-1.5,22.171464793,17.406040675));
#1297=VERTEX_POINT('',#1296);
#1298=CARTESIAN_POINT('',(-1.5,22.171464793,16.906040675));
#1299=DIRECTION('',(0.,1.,0.));
#1300=DIRECTION('',(0.,-0.,1.));
#1301=AXIS2_PLACEMENT_3D('',#1298,#1299,#1300);
#1302=CIRCLE('',#1301,0.5);
#1303=EDGE_CURVE('',#1288,#1297,#1302,.T.);
#1304=ORIENTED_EDGE('',*,*,#1303,.T.);
#1305=CARTESIAN_POINT('',(-1.5,22.171464793,16.906040675));
#1306=DIRECTION('',(0.,1.,0.));
#1307=DIRECTION('',(0.,-0.,1.));
#1308=AXIS2_PLACEMENT_3D('',#1305,#1306,#1307);
#1309=CIRCLE('',#1308,0.5);
#1310=EDGE_CURVE('',#1297,#1234,#1309,.T.);
#1311=ORIENTED_EDGE('',*,*,#1310,.T.);
#1312=EDGE_LOOP('',(#1242,#1251,#1260,#1269,#1277,#1286,#1295,#1304,#1311));
#1313=FACE_BOUND('',#1312,.T.);
#1314=CARTESIAN_POINT('',(2.776879421,22.171464793,7.831072044));
#1315=VERTEX_POINT('',#1314);
#1316=CARTESIAN_POINT('',(3.107460304,22.171464793,7.955950357));
#1317=VERTEX_POINT('',#1316);
#1318=CARTESIAN_POINT('',(3.107460304,22.171464793,7.455950357));
#1319=DIRECTION('',(0.,1.,0.));
#1320=DIRECTION('',(0.,-0.,1.));
#1321=AXIS2_PLACEMENT_3D('',#1318,#1319,#1320);
#1322=CIRCLE('',#1321,0.5);
#1323=EDGE_CURVE('',#1315,#1317,#1322,.T.);
#1324=ORIENTED_EDGE('',*,*,#1323,.T.);
#1325=CARTESIAN_POINT('',(3.357463757,22.171464793,7.888961066));
#1326=VERTEX_POINT('',#1325);
#1327=CARTESIAN_POINT('',(3.107460304,22.171464793,7.455950357));
#1328=DIRECTION('',(0.,1.,0.));
#1329=DIRECTION('',(0.,-0.,1.));
#1330=AXIS2_PLACEMENT_3D('',#1327,#1328,#1329);
#1331=CIRCLE('',#1330,0.5);
#1332=EDGE_CURVE('',#1317,#1326,#1331,.T.);
#1333=ORIENTED_EDGE('',*,*,#1332,.T.);
#1334=CARTESIAN_POINT('',(4.630289762,22.171464793,7.154094629));
#1335=VERTEX_POINT('',#1334);
#1336=CARTESIAN_POINT('',(4.630289762,22.171464793,7.154094629));
#1337=DIRECTION('',(-0.866025404,0.,0.5));
#1338=VECTOR('',#1337,1.469732873);
#1339=LINE('',#1336,#1338);
#1340=EDGE_CURVE('',#1335,#1326,#1339,.T.);
#1341=ORIENTED_EDGE('',*,*,#1340,.F.);
#1342=CARTESIAN_POINT('',(4.738687517,22.171464793,6.372442825));
#1343=VERTEX_POINT('',#1342);
#1344=CARTESIAN_POINT('',(4.380288131,22.171464793,6.721082869));
#1345=DIRECTION('',(0.,1.,0.));
#1346=DIRECTION('',(0.,-0.,1.));
#1347=AXIS2_PLACEMENT_3D('',#1344,#1345,#1346);
#1348=CIRCLE('',#1347,0.5);
#1349=EDGE_CURVE('',#1335,#1343,#1348,.T.);
#1350=ORIENTED_EDGE('',*,*,#1349,.T.);
#1351=CARTESIAN_POINT('',(1.622731442,22.171464793,4.573444746));
#1352=VERTEX_POINT('',#1351);
#1353=CARTESIAN_POINT('',(-0.,22.171464793,10.982094208));
#1354=DIRECTION('',(0.,1.,0.));
#1355=DIRECTION('',(0.,-0.,1.));
#1356=AXIS2_PLACEMENT_3D('',#1353,#1354,#1355);
#1357=CIRCLE('',#1356,6.610903513);
#1358=EDGE_CURVE('',#1343,#1352,#1357,.T.);
#1359=ORIENTED_EDGE('',*,*,#1358,.T.);
#1360=CARTESIAN_POINT('',(1.,22.171464793,5.058144727));
#1361=VERTEX_POINT('',#1360);
#1362=CARTESIAN_POINT('',(1.5,22.171464793,5.058147741));
#1363=DIRECTION('',(0.,1.,0.));
#1364=DIRECTION('',(0.,-0.,1.));
#1365=AXIS2_PLACEMENT_3D('',#1362,#1363,#1364);
#1366=CIRCLE('',#1365,0.5);
#1367=EDGE_CURVE('',#1352,#1361,#1366,.T.);
#1368=ORIENTED_EDGE('',*,*,#1367,.T.);
#1369=CARTESIAN_POINT('',(1.,22.171464793,6.527880226));
#1370=VERTEX_POINT('',#1369);
#1371=CARTESIAN_POINT('',(1.,22.171464793,5.058144727));
#1372=DIRECTION('',(0.,0.,1.));
#1373=VECTOR('',#1372,1.469735499);
#1374=LINE('',#1371,#1373);
#1375=EDGE_CURVE('',#1361,#1370,#1374,.T.);
#1376=ORIENTED_EDGE('',*,*,#1375,.T.);
#1377=CARTESIAN_POINT('',(1.340425532,22.171464793,7.001735004));
#1378=VERTEX_POINT('',#1377);
#1379=CARTESIAN_POINT('',(1.5,22.171464793,6.527882718));
#1380=DIRECTION('',(0.,1.,0.));
#1381=DIRECTION('',(0.,-0.,1.));
#1382=AXIS2_PLACEMENT_3D('',#1379,#1380,#1381);
#1383=CIRCLE('',#1382,0.5);
#1384=EDGE_CURVE('',#1370,#1378,#1383,.T.);
#1385=ORIENTED_EDGE('',*,*,#1384,.T.);
#1386=CARTESIAN_POINT('',(-0.,22.171464793,10.982094208));
#1387=DIRECTION('',(0.,1.,0.));
#1388=DIRECTION('',(0.,-0.,1.));
#1389=AXIS2_PLACEMENT_3D('',#1386,#1387,#1388);
#1390=CIRCLE('',#1389,4.2);
#1391=EDGE_CURVE('',#1315,#1378,#1390,.T.);
#1392=ORIENTED_EDGE('',*,*,#1391,.F.);
#1393=EDGE_LOOP('',(#1324,#1333,#1341,#1350,#1359,#1368,#1376,#1385,#1392));
#1394=FACE_BOUND('',#1393,.T.);
#1395=ADVANCED_FACE('',(#964,#978,#1059,#1140,#1151,#1232,#1313,#1394),#883,.F.);
#1396=CARTESIAN_POINT('',(1.,20.771464793,16.377643721));
#1397=DIRECTION('',(1.,0.,-0.));
#1398=DIRECTION('',(-0.,0.,-1.));
#1399=AXIS2_PLACEMENT_3D('',#1396,#1397,#1398);
#1400=PLANE('',#1399);
#1401=ORIENTED_EDGE('',*,*,#1022,.T.);
#1402=CARTESIAN_POINT('',(1.,23.769376308,15.436309685));
#1403=VERTEX_POINT('',#1402);
#1404=CARTESIAN_POINT('',(1.,23.769376308,15.436309685));
#1405=DIRECTION('',(0.,-1.,-0.));
#1406=VECTOR('',#1405,1.597911515);
#1407=LINE('',#1404,#1406);
#1408=EDGE_CURVE('',#1403,#1008,#1407,.T.);
#1409=ORIENTED_EDGE('',*,*,#1408,.F.);
#1410=CARTESIAN_POINT('',(1.,23.770437228,16.906043689));
#1411=VERTEX_POINT('',#1410);
#1412=CARTESIAN_POINT('',(1.,23.769376308,15.436309685));
#1413=CARTESIAN_POINT('',(1.,23.769727832,15.926221021));
#1414=CARTESIAN_POINT('',(1.,23.77008198,16.416132355));
#1415=CARTESIAN_POINT('',(1.,23.770437228,16.906043689));
#1416=B_SPLINE_CURVE_WITH_KNOTS('',3,(#1412,#1413,#1414,#1415),.UNSPECIFIED.,.F.,.F.,(4,4),(0.,0.001469734),.UNSPECIFIED.);
#1417=EDGE_CURVE('',#1403,#1411,#1416,.T.);
#1418=ORIENTED_EDGE('',*,*,#1417,.T.);
#1419=CARTESIAN_POINT('',(1.,22.171464793,16.906043689));
#1420=DIRECTION('',(-0.,1.,0.));
#1421=VECTOR('',#1420,1.598972435);
#1422=LINE('',#1419,#1421);
#1423=EDGE_CURVE('',#1017,#1411,#1422,.T.);
#1424=ORIENTED_EDGE('',*,*,#1423,.F.);
#1425=EDGE_LOOP('',(#1401,#1409,#1418,#1424));
#1426=FACE_BOUND('',#1425,.T.);
#1427=ADVANCED_FACE('',(#1426),#1400,.T.);
#1428=CARTESIAN_POINT('',(5.172682946,20.771464793,12.813843561));
#1429=DIRECTION('',(0.5,0.,-0.866025404));
#1430=DIRECTION('',(-0.866025404,0.,-0.5));
#1431=AXIS2_PLACEMENT_3D('',#1428,#1429,#1430);
#1432=PLANE('',#1431);
#1433=ORIENTED_EDGE('',*,*,#1103,.T.);
#1434=CARTESIAN_POINT('',(4.357463757,23.769376308,12.343176543));
#1435=VERTEX_POINT('',#1434);
#1436=CARTESIAN_POINT('',(4.357463757,23.769376308,12.343176543));
#1437=DIRECTION('',(-0.,-1.,-0.));
#1438=VECTOR('',#1437,1.597911515);
#1439=LINE('',#1436,#1438);
#1440=EDGE_CURVE('',#1435,#1089,#1439,.T.);
#1441=ORIENTED_EDGE('',*,*,#1440,.F.);
#1442=CARTESIAN_POINT('',(5.630290741,23.770437228,13.078043545));
#1443=VERTEX_POINT('',#1442);
#1444=CARTESIAN_POINT('',(4.357463757,23.769376308,12.343176543));
#1445=CARTESIAN_POINT('',(4.78173942,23.769727832,12.588132211));
#1446=CARTESIAN_POINT('',(5.206015081,23.77008198,12.833087878));
#1447=CARTESIAN_POINT('',(5.630290741,23.770437228,13.078043545));
#1448=B_SPLINE_CURVE_WITH_KNOTS('',3,(#1444,#1445,#1446,#1447),.UNSPECIFIED.,.F.,.F.,(4,4),(0.,0.001469734),.UNSPECIFIED.);
#1449=EDGE_CURVE('',#1435,#1443,#1448,.T.);
#1450=ORIENTED_EDGE('',*,*,#1449,.T.);
#1451=CARTESIAN_POINT('',(5.630290741,22.171464793,13.078043545));
#1452=DIRECTION('',(0.,1.,0.));
#1453=VECTOR('',#1452,1.598972435);
#1454=LINE('',#1451,#1453);
#1455=EDGE_CURVE('',#1098,#1443,#1454,.T.);
#1456=ORIENTED_EDGE('',*,*,#1455,.F.);
#1457=EDGE_LOOP('',(#1433,#1441,#1450,#1456));
#1458=FACE_BOUND('',#1457,.T.);
#1459=ADVANCED_FACE('',(#1458),#1432,.T.);
#1460=CARTESIAN_POINT('',(-5.172682946,20.771464793,9.150344855));
#1461=DIRECTION('',(-0.5,0.,0.866025404));
#1462=DIRECTION('',(0.866025404,0.,0.5));
#1463=AXIS2_PLACEMENT_3D('',#1460,#1461,#1462);
#1464=PLANE('',#1463);
#1465=ORIENTED_EDGE('',*,*,#927,.T.);
#1466=CARTESIAN_POINT('',(-4.357460304,23.769376305,9.621013867));
#1467=VERTEX_POINT('',#1466);
#1468=CARTESIAN_POINT('',(-4.357460304,23.769376305,9.621013867));
#1469=DIRECTION('',(0.,-1.,0.));
#1470=VECTOR('',#1469,1.597911512);
#1471=LINE('',#1468,#1470);
#1472=EDGE_CURVE('',#1467,#913,#1471,.T.);
#1473=ORIENTED_EDGE('',*,*,#1472,.F.);
#1474=CARTESIAN_POINT('',(-5.630288131,23.770437226,8.886146378));
#1475=VERTEX_POINT('',#1474);
#1476=CARTESIAN_POINT('',(-4.357460304,23.769376305,9.621013867));
#1477=CARTESIAN_POINT('',(-4.781736248,23.769727829,9.376058036));
#1478=CARTESIAN_POINT('',(-5.20601219,23.770081977,9.131102207));
#1479=CARTESIAN_POINT('',(-5.630288131,23.770437226,8.886146378));
#1480=B_SPLINE_CURVE_WITH_KNOTS('',3,(#1476,#1477,#1478,#1479),.UNSPECIFIED.,.F.,.F.,(4,4),(0.,0.001469735),.UNSPECIFIED.);
#1481=EDGE_CURVE('',#1467,#1475,#1480,.T.);
#1482=ORIENTED_EDGE('',*,*,#1481,.T.);
#1483=CARTESIAN_POINT('',(-5.630288131,22.171464793,8.886146378));
#1484=DIRECTION('',(-0.,1.,-0.));
#1485=VECTOR('',#1484,1.598972432);
#1486=LINE('',#1483,#1485);
#1487=EDGE_CURVE('',#922,#1475,#1486,.T.);
#1488=ORIENTED_EDGE('',*,*,#1487,.F.);
#1489=EDGE_LOOP('',(#1465,#1473,#1482,#1488));
#1490=FACE_BOUND('',#1489,.T.);
#1491=ADVANCED_FACE('',(#1490),#1464,.T.);
#1492=CARTESIAN_POINT('',(0.,20.771464793,10.982094208));
#1493=DIRECTION('',(0.,1.,-0.));
#1494=DIRECTION('',(0.,0.,1.));
#1495=AXIS2_PLACEMENT_3D('',#1492,#1493,#1494);
#1496=CYLINDRICAL_SURFACE('',#1495,4.2);
#1497=ORIENTED_EDGE('',*,*,#1259,.T.);
#1498=CARTESIAN_POINT('',(-1.340425532,24.068066011,14.962453412));
#1499=VERTEX_POINT('',#1498);
#1500=CARTESIAN_POINT('',(-1.340425532,24.068066011,14.962453412));
#1501=DIRECTION('',(-0.,-1.,0.));
#1502=VECTOR('',#1501,1.896601218);
#1503=LINE('',#1500,#1502);
#1504=EDGE_CURVE('',#1499,#1244,#1503,.T.);
#1505=ORIENTED_EDGE('',*,*,#1504,.F.);
#1506=CARTESIAN_POINT('',(-2.776879421,24.068066011,14.133116373));
#1507=VERTEX_POINT('',#1506);
#1508=CARTESIAN_POINT('',(0.,24.068066011,10.982094208));
#1509=DIRECTION('',(0.,-1.,0.));
#1510=DIRECTION('',(0.,0.,-1.));
#1511=AXIS2_PLACEMENT_3D('',#1508,#1509,#1510);
#1512=CIRCLE('',#1511,4.2);
#1513=EDGE_CURVE('',#1499,#1507,#1512,.T.);
#1514=ORIENTED_EDGE('',*,*,#1513,.T.);
#1515=CARTESIAN_POINT('',(-2.776879421,22.171464793,14.133116373));
#1516=DIRECTION('',(0.,1.,-0.));
#1517=VECTOR('',#1516,1.896601218);
#1518=LINE('',#1515,#1517);
#1519=EDGE_CURVE('',#1253,#1507,#1518,.T.);
#1520=ORIENTED_EDGE('',*,*,#1519,.F.);
#1521=EDGE_LOOP('',(#1497,#1505,#1514,#1520));
#1522=FACE_BOUND('',#1521,.T.);
#1523=ADVANCED_FACE('',(#1522),#1496,.T.);
#1524=CARTESIAN_POINT('',(-4.172682946,20.771464793,14.545894368));
#1525=DIRECTION('',(0.5,0.,0.866025404));
#1526=DIRECTION('',(0.866025404,-0.,-0.5));
#1527=AXIS2_PLACEMENT_3D('',#1524,#1525,#1526);
#1528=PLANE('',#1527);
#1529=ORIENTED_EDGE('',*,*,#1276,.T.);
#1530=CARTESIAN_POINT('',(-3.357460304,23.769376305,14.075225357));
#1531=VERTEX_POINT('',#1530);
#1532=CARTESIAN_POINT('',(-3.357460304,23.769376305,14.075225357));
#1533=DIRECTION('',(-0.,-1.,0.));
#1534=VECTOR('',#1533,1.597911512);
#1535=LINE('',#1532,#1534);
#1536=EDGE_CURVE('',#1531,#1262,#1535,.T.);
#1537=ORIENTED_EDGE('',*,*,#1536,.F.);
#1538=CARTESIAN_POINT('',(-4.630290741,23.770437228,14.810094352));
#1539=VERTEX_POINT('',#1538);
#1540=CARTESIAN_POINT('',(-3.357460304,23.769376305,14.075225357));
#1541=CARTESIAN_POINT('',(-3.781737118,23.76972783,14.320181689));
#1542=CARTESIAN_POINT('',(-4.20601393,23.770081979,14.565138021));
#1543=CARTESIAN_POINT('',(-4.630290741,23.770437228,14.810094352));
#1544=B_SPLINE_CURVE_WITH_KNOTS('',3,(#1540,#1541,#1542,#1543),.UNSPECIFIED.,.F.,.F.,(4,4),(0.,0.001469738),.UNSPECIFIED.);
#1545=EDGE_CURVE('',#1531,#1539,#1544,.T.);
#1546=ORIENTED_EDGE('',*,*,#1545,.T.);
#1547=CARTESIAN_POINT('',(-4.630290741,22.171464793,14.810094352));
#1548=DIRECTION('',(-0.,1.,-0.));
#1549=VECTOR('',#1548,1.598972435);
#1550=LINE('',#1547,#1549);
#1551=EDGE_CURVE('',#1271,#1539,#1550,.T.);
#1552=ORIENTED_EDGE('',*,*,#1551,.F.);
#1553=EDGE_LOOP('',(#1529,#1537,#1546,#1552));
#1554=FACE_BOUND('',#1553,.T.);
#1555=ADVANCED_FACE('',(#1554),#1528,.T.);
#1556=CARTESIAN_POINT('',(-1.,20.771464793,5.586544695));
#1557=DIRECTION('',(-1.,0.,0.));
#1558=DIRECTION('',(0.,0.,1.));
#1559=AXIS2_PLACEMENT_3D('',#1556,#1557,#1558);
#1560=PLANE('',#1559);
#1561=ORIENTED_EDGE('',*,*,#1195,.T.);
#1562=CARTESIAN_POINT('',(-1.,23.769376305,6.527882718));
#1563=VERTEX_POINT('',#1562);
#1564=CARTESIAN_POINT('',(-1.,23.769376305,6.527882718));
#1565=DIRECTION('',(-0.,-1.,0.));
#1566=VECTOR('',#1565,1.597911512);
#1567=LINE('',#1564,#1566);
#1568=EDGE_CURVE('',#1563,#1181,#1567,.T.);
#1569=ORIENTED_EDGE('',*,*,#1568,.F.);
#1570=CARTESIAN_POINT('',(-1.,23.770437226,5.058147741));
#1571=VERTEX_POINT('',#1570);
#1572=CARTESIAN_POINT('',(-1.,23.769376305,6.527882718));
#1573=CARTESIAN_POINT('',(-1.,23.769727829,6.037971057));
#1574=CARTESIAN_POINT('',(-1.,23.770081977,5.548059399));
#1575=CARTESIAN_POINT('',(-1.,23.770437226,5.058147741));
#1576=B_SPLINE_CURVE_WITH_KNOTS('',3,(#1572,#1573,#1574,#1575),.UNSPECIFIED.,.F.,.F.,(4,4),(0.,0.001469735),.UNSPECIFIED.);
#1577=EDGE_CURVE('',#1563,#1571,#1576,.T.);
#1578=ORIENTED_EDGE('',*,*,#1577,.T.);
#1579=CARTESIAN_POINT('',(-1.,22.171464793,5.058147741));
#1580=DIRECTION('',(0.,1.,-0.));
#1581=VECTOR('',#1580,1.598972432);
#1582=LINE('',#1579,#1581);
#1583=EDGE_CURVE('',#1190,#1571,#1582,.T.);
#1584=ORIENTED_EDGE('',*,*,#1583,.F.);
#1585=EDGE_LOOP('',(#1561,#1569,#1578,#1584));
#1586=FACE_BOUND('',#1585,.T.);
#1587=ADVANCED_FACE('',(#1586),#1560,.T.);
#1588=CARTESIAN_POINT('',(4.172682946,20.771464793,7.418294048));
#1589=DIRECTION('',(-0.5,0.,-0.866025404));
#1590=DIRECTION('',(-0.866025404,0.,0.5));
#1591=AXIS2_PLACEMENT_3D('',#1588,#1589,#1590);
#1592=PLANE('',#1591);
#1593=ORIENTED_EDGE('',*,*,#1340,.T.);
#1594=CARTESIAN_POINT('',(3.357460304,23.769376305,7.888963059));
#1595=VERTEX_POINT('',#1594);
#1596=CARTESIAN_POINT('',(3.357460304,23.769376305,7.888963059));
#1597=DIRECTION('',(-0.,-1.,-0.));
#1598=VECTOR('',#1597,1.597911512);
#1599=LINE('',#1596,#1598);
#1600=EDGE_CURVE('',#1595,#1326,#1599,.T.);
#1601=ORIENTED_EDGE('',*,*,#1600,.F.);
#1602=CARTESIAN_POINT('',(4.630290741,23.770437228,7.154094064));
#1603=VERTEX_POINT('',#1602);
#1604=CARTESIAN_POINT('',(3.357460304,23.769376305,7.888963059));
#1605=CARTESIAN_POINT('',(3.781737118,23.76972783,7.644006727));
#1606=CARTESIAN_POINT('',(4.20601393,23.770081979,7.399050395));
#1607=CARTESIAN_POINT('',(4.630290741,23.770437228,7.154094064));
#1608=B_SPLINE_CURVE_WITH_KNOTS('',3,(#1604,#1605,#1606,#1607),.UNSPECIFIED.,.F.,.F.,(4,4),(0.,0.001469738),.UNSPECIFIED.);
#1609=EDGE_CURVE('',#1595,#1603,#1608,.T.);
#1610=ORIENTED_EDGE('',*,*,#1609,.T.);
#1611=CARTESIAN_POINT('',(4.630290741,22.171464793,7.154094064));
#1612=DIRECTION('',(0.,1.,0.));
#1613=VECTOR('',#1612,1.598972435);
#1614=LINE('',#1611,#1613);
#1615=EDGE_CURVE('',#1335,#1603,#1614,.T.);
#1616=ORIENTED_EDGE('',*,*,#1615,.F.);
#1617=EDGE_LOOP('',(#1593,#1601,#1610,#1616));
#1618=FACE_BOUND('',#1617,.T.);
#1619=ADVANCED_FACE('',(#1618),#1592,.T.);
#1620=CARTESIAN_POINT('',(0.,29.071464793,10.982094208));
#1621=DIRECTION('',(0.,1.,0.));
#1622=DIRECTION('',(0.,-0.,1.));
#1623=AXIS2_PLACEMENT_3D('',#1620,#1621,#1622);
#1624=CYLINDRICAL_SURFACE('',#1623,9.005074195);
#1625=CARTESIAN_POINT('',(3.986020561,27.571464793,2.907256665));
#1626=VERTEX_POINT('',#1625);
#1627=CARTESIAN_POINT('',(4.328232212,27.571464793,3.085400775));
#1628=VERTEX_POINT('',#1627);
#1629=CARTESIAN_POINT('',(0.,27.571464793,10.982094208));
#1630=DIRECTION('',(-0.,-1.,-0.));
#1631=DIRECTION('',(0.,-0.,1.));
#1632=AXIS2_PLACEMENT_3D('',#1629,#1630,#1631);
#1633=CIRCLE('',#1632,9.005074195);
#1634=EDGE_CURVE('',#1626,#1628,#1633,.T.);
#1635=ORIENTED_EDGE('',*,*,#1634,.T.);
#1636=CARTESIAN_POINT('',(4.328232212,22.771464793,3.085400775));
#1637=VERTEX_POINT('',#1636);
#1638=CARTESIAN_POINT('',(4.328232212,27.571464793,3.085400775));
#1639=DIRECTION('',(-0.,-1.,-0.));
#1640=VECTOR('',#1639,4.8);
#1641=LINE('',#1638,#1640);
#1642=EDGE_CURVE('',#1628,#1637,#1641,.T.);
#1643=ORIENTED_EDGE('',*,*,#1642,.T.);
#1644=CARTESIAN_POINT('',(3.986020561,22.771464793,2.907256665));
#1645=VERTEX_POINT('',#1644);
#1646=CARTESIAN_POINT('',(0.,22.771464793,10.982094208));
#1647=DIRECTION('',(-0.,1.,0.));
#1648=DIRECTION('',(0.,0.,-1.));
#1649=AXIS2_PLACEMENT_3D('',#1646,#1647,#1648);
#1650=CIRCLE('',#1649,9.005074195);
#1651=EDGE_CURVE('',#1637,#1645,#1650,.T.);
#1652=ORIENTED_EDGE('',*,*,#1651,.T.);
#1653=CARTESIAN_POINT('',(3.986020561,22.771464793,2.907256665));
#1654=DIRECTION('',(0.,1.,0.));
#1655=VECTOR('',#1654,4.8);
#1656=LINE('',#1653,#1655);
#1657=EDGE_CURVE('',#1645,#1626,#1656,.T.);
#1658=ORIENTED_EDGE('',*,*,#1657,.T.);
#1659=EDGE_LOOP('',(#1635,#1643,#1652,#1658));
#1660=FACE_BOUND('',#1659,.T.);
#1661=ADVANCED_FACE('',(#1660),#1624,.T.);
#1662=CARTESIAN_POINT('',(0.,29.071464793,10.982094208));
#1663=DIRECTION('',(0.,1.,0.));
#1664=DIRECTION('',(0.,-0.,1.));
#1665=AXIS2_PLACEMENT_3D('',#1662,#1663,#1664);
#1666=CYLINDRICAL_SURFACE('',#1665,9.005074195);
#1667=CARTESIAN_POINT('',(5.000004163,22.771464793,3.49268037));
#1668=VERTEX_POINT('',#1667);
#1669=CARTESIAN_POINT('',(4.674621013,22.771464793,3.285388443));
#1670=VERTEX_POINT('',#1669);
#1671=CARTESIAN_POINT('',(0.,22.771464793,10.982094208));
#1672=DIRECTION('',(-0.,1.,0.));
#1673=DIRECTION('',(0.,0.,-1.));
#1674=AXIS2_PLACEMENT_3D('',#1671,#1672,#1673);
#1675=CIRCLE('',#1674,9.005074195);
#1676=EDGE_CURVE('',#1668,#1670,#1675,.T.);
#1677=ORIENTED_EDGE('',*,*,#1676,.T.);
#1678=CARTESIAN_POINT('',(4.674621013,27.571464793,3.285388443));
#1679=VERTEX_POINT('',#1678);
#1680=CARTESIAN_POINT('',(4.674621013,22.771464793,3.285388443));
#1681=DIRECTION('',(0.,1.,0.));
#1682=VECTOR('',#1681,4.8);
#1683=LINE('',#1680,#1682);
#1684=EDGE_CURVE('',#1670,#1679,#1683,.T.);
#1685=ORIENTED_EDGE('',*,*,#1684,.T.);
#1686=CARTESIAN_POINT('',(5.000004163,27.571464793,3.49268037));
#1687=VERTEX_POINT('',#1686);
#1688=CARTESIAN_POINT('',(0.,27.571464793,10.982094208));
#1689=DIRECTION('',(-0.,-1.,-0.));
#1690=DIRECTION('',(0.,-0.,1.));
#1691=AXIS2_PLACEMENT_3D('',#1688,#1689,#1690);
#1692=CIRCLE('',#1691,9.005074195);
#1693=EDGE_CURVE('',#1679,#1687,#1692,.T.);
#1694=ORIENTED_EDGE('',*,*,#1693,.T.);
#1695=CARTESIAN_POINT('',(5.000004163,27.571464793,3.49268037));
#1696=DIRECTION('',(-0.,-1.,-0.));
#1697=VECTOR('',#1696,4.8);
#1698=LINE('',#1695,#1697);
#1699=EDGE_CURVE('',#1687,#1668,#1698,.T.);
#1700=ORIENTED_EDGE('',*,*,#1699,.T.);
#1701=EDGE_LOOP('',(#1677,#1685,#1694,#1700));
#1702=FACE_BOUND('',#1701,.T.);
#1703=ADVANCED_FACE('',(#1702),#1666,.T.);
#1704=CARTESIAN_POINT('',(0.,29.071464793,10.982094208));
#1705=DIRECTION('',(0.,1.,0.));
#1706=DIRECTION('',(0.,-0.,1.));
#1707=AXIS2_PLACEMENT_3D('',#1704,#1705,#1706);
#1708=CYLINDRICAL_SURFACE('',#1707,9.005074195);
#1709=CARTESIAN_POINT('',(5.633723063,22.771464793,3.956958928));
#1710=VERTEX_POINT('',#1709);
#1711=CARTESIAN_POINT('',(5.327644777,22.771464793,3.722096798));
#1712=VERTEX_POINT('',#1711);
#1713=CARTESIAN_POINT('',(0.,22.771464793,10.982094208));
#1714=DIRECTION('',(-0.,1.,0.));
#1715=DIRECTION('',(0.,0.,-1.));
#1716=AXIS2_PLACEMENT_3D('',#1713,#1714,#1715);
#1717=CIRCLE('',#1716,9.005074195);
#1718=EDGE_CURVE('',#1710,#1712,#1717,.T.);
#1719=ORIENTED_EDGE('',*,*,#1718,.T.);
#1720=CARTESIAN_POINT('',(5.327644777,27.571464793,3.722096798));
#1721=VERTEX_POINT('',#1720);
#1722=CARTESIAN_POINT('',(5.327644777,22.771464793,3.722096798));
#1723=DIRECTION('',(0.,1.,0.));
#1724=VECTOR('',#1723,4.8);
#1725=LINE('',#1722,#1724);
#1726=EDGE_CURVE('',#1712,#1721,#1725,.T.);
#1727=ORIENTED_EDGE('',*,*,#1726,.T.);
#1728=CARTESIAN_POINT('',(5.633723063,27.571464793,3.956958928));
#1729=VERTEX_POINT('',#1728);
#1730=CARTESIAN_POINT('',(0.,27.571464793,10.982094208));
#1731=DIRECTION('',(-0.,-1.,-0.));
#1732=DIRECTION('',(0.,-0.,1.));
#1733=AXIS2_PLACEMENT_3D('',#1730,#1731,#1732);
#1734=CIRCLE('',#1733,9.005074195);
#1735=EDGE_CURVE('',#1721,#1729,#1734,.T.);
#1736=ORIENTED_EDGE('',*,*,#1735,.T.);
#1737=CARTESIAN_POINT('',(5.633723063,27.571464793,3.956958928));
#1738=DIRECTION('',(-0.,-1.,-0.));
#1739=VECTOR('',#1738,4.8);
#1740=LINE('',#1737,#1739);
#1741=EDGE_CURVE('',#1729,#1710,#1740,.T.);
#1742=ORIENTED_EDGE('',*,*,#1741,.T.);
#1743=EDGE_LOOP('',(#1719,#1727,#1736,#1742));
#1744=FACE_BOUND('',#1743,.T.);
#1745=ADVANCED_FACE('',(#1744),#1708,.T.);
#1746=CARTESIAN_POINT('',(0.,29.071464793,10.982094208));
#1747=DIRECTION('',(0.,1.,0.));
#1748=DIRECTION('',(0.,-0.,1.));
#1749=AXIS2_PLACEMENT_3D('',#1746,#1747,#1748);
#1750=CYLINDRICAL_SURFACE('',#1749,9.005074195);
#1751=CARTESIAN_POINT('',(2.523283128,27.571464793,2.337766385));
#1752=VERTEX_POINT('',#1751);
#1753=CARTESIAN_POINT('',(2.891230215,27.571464793,2.453779656));
#1754=VERTEX_POINT('',#1753);
#1755=CARTESIAN_POINT('',(0.,27.571464793,10.982094208));
#1756=DIRECTION('',(-0.,-1.,-0.));
#1757=DIRECTION('',(0.,-0.,1.));
#1758=AXIS2_PLACEMENT_3D('',#1755,#1756,#1757);
#1759=CIRCLE('',#1758,9.005074195);
#1760=EDGE_CURVE('',#1752,#1754,#1759,.T.);
#1761=ORIENTED_EDGE('',*,*,#1760,.T.);
#1762=CARTESIAN_POINT('',(2.891230215,22.771464793,2.453779656));
#1763=VERTEX_POINT('',#1762);
#1764=CARTESIAN_POINT('',(2.891230215,27.571464793,2.453779656));
#1765=DIRECTION('',(-0.,-1.,-0.));
#1766=VECTOR('',#1765,4.8);
#1767=LINE('',#1764,#1766);
#1768=EDGE_CURVE('',#1754,#1763,#1767,.T.);
#1769=ORIENTED_EDGE('',*,*,#1768,.T.);
#1770=CARTESIAN_POINT('',(2.523283128,22.771464793,2.337766385));
#1771=VERTEX_POINT('',#1770);
#1772=CARTESIAN_POINT('',(0.,22.771464793,10.982094208));
#1773=DIRECTION('',(-0.,1.,0.));
#1774=DIRECTION('',(0.,0.,-1.));
#1775=AXIS2_PLACEMENT_3D('',#1772,#1773,#1774);
#1776=CIRCLE('',#1775,9.005074195);
#1777=EDGE_CURVE('',#1763,#1771,#1776,.T.);
#1778=ORIENTED_EDGE('',*,*,#1777,.T.);
#1779=CARTESIAN_POINT('',(2.523283128,22.771464793,2.337766385));
#1780=DIRECTION('',(0.,1.,0.));
#1781=VECTOR('',#1780,4.8);
#1782=LINE('',#1779,#1781);
#1783=EDGE_CURVE('',#1771,#1752,#1782,.T.);
#1784=ORIENTED_EDGE('',*,*,#1783,.T.);
#1785=EDGE_LOOP('',(#1761,#1769,#1778,#1784));
#1786=FACE_BOUND('',#1785,.T.);
#1787=ADVANCED_FACE('',(#1786),#1750,.T.);
#1788=CARTESIAN_POINT('',(0.,29.071464793,10.982094208));
#1789=DIRECTION('',(0.,1.,0.));
#1790=DIRECTION('',(0.,-0.,1.));
#1791=AXIS2_PLACEMENT_3D('',#1788,#1789,#1790);
#1792=CYLINDRICAL_SURFACE('',#1791,9.005074195);
#1793=CARTESIAN_POINT('',(-8.900807149,27.571464793,12.348473859));
#1794=VERTEX_POINT('',#1793);
#1795=CARTESIAN_POINT('',(-8.951164577,27.571464793,11.965971222));
#1796=VERTEX_POINT('',#1795);
#1797=CARTESIAN_POINT('',(0.,27.571464793,10.982094208));
#1798=DIRECTION('',(-0.,-1.,-0.));
#1799=DIRECTION('',(0.,-0.,1.));
#1800=AXIS2_PLACEMENT_3D('',#1797,#1798,#1799);
#1801=CIRCLE('',#1800,9.005074195);
#1802=EDGE_CURVE('',#1794,#1796,#1801,.T.);
#1803=ORIENTED_EDGE('',*,*,#1802,.T.);
#1804=CARTESIAN_POINT('',(-8.951164577,22.771464793,11.965971222));
#1805=VERTEX_POINT('',#1804);
#1806=CARTESIAN_POINT('',(-8.951164577,27.571464793,11.965971222));
#1807=DIRECTION('',(0.,-1.,-0.));
#1808=VECTOR('',#1807,4.8);
#1809=LINE('',#1806,#1808);
#1810=EDGE_CURVE('',#1796,#1805,#1809,.T.);
#1811=ORIENTED_EDGE('',*,*,#1810,.T.);
#1812=CARTESIAN_POINT('',(-8.900807149,22.771464793,12.348473859));
#1813=VERTEX_POINT('',#1812);
#1814=CARTESIAN_POINT('',(0.,22.771464793,10.982094208));
#1815=DIRECTION('',(-0.,1.,0.));
#1816=DIRECTION('',(0.,0.,-1.));
#1817=AXIS2_PLACEMENT_3D('',#1814,#1815,#1816);
#1818=CIRCLE('',#1817,9.005074195);
#1819=EDGE_CURVE('',#1805,#1813,#1818,.T.);
#1820=ORIENTED_EDGE('',*,*,#1819,.T.);
#1821=CARTESIAN_POINT('',(-8.900807149,22.771464793,12.348473859));
#1822=DIRECTION('',(-0.,1.,0.));
#1823=VECTOR('',#1822,4.8);
#1824=LINE('',#1821,#1823);
#1825=EDGE_CURVE('',#1813,#1794,#1824,.T.);
#1826=ORIENTED_EDGE('',*,*,#1825,.T.);
#1827=EDGE_LOOP('',(#1803,#1811,#1820,#1826));
#1828=FACE_BOUND('',#1827,.T.);
#1829=ADVANCED_FACE('',(#1828),#1792,.T.);
#1830=CARTESIAN_POINT('',(0.,29.071464793,10.982094208));
#1831=DIRECTION('',(0.,1.,0.));
#1832=DIRECTION('',(0.,-0.,1.));
#1833=AXIS2_PLACEMENT_3D('',#1830,#1831,#1832);
#1834=CYLINDRICAL_SURFACE('',#1833,9.005074195);
#1835=CARTESIAN_POINT('',(-8.747849058,27.571464793,13.11903083));
#1836=VERTEX_POINT('',#1835);
#1837=CARTESIAN_POINT('',(-8.831352161,27.571464793,12.74237267));
#1838=VERTEX_POINT('',#1837);
#1839=CARTESIAN_POINT('',(0.,27.571464793,10.982094208));
#1840=DIRECTION('',(-0.,-1.,-0.));
#1841=DIRECTION('',(0.,-0.,1.));
#1842=AXIS2_PLACEMENT_3D('',#1839,#1840,#1841);
#1843=CIRCLE('',#1842,9.005074195);
#1844=EDGE_CURVE('',#1836,#1838,#1843,.T.);
#1845=ORIENTED_EDGE('',*,*,#1844,.T.);
#1846=CARTESIAN_POINT('',(-8.831352161,22.771464793,12.74237267));
#1847=VERTEX_POINT('',#1846);
#1848=CARTESIAN_POINT('',(-8.831352161,27.571464793,12.74237267));
#1849=DIRECTION('',(0.,-1.,-0.));
#1850=VECTOR('',#1849,4.8);
#1851=LINE('',#1848,#1850);
#1852=EDGE_CURVE('',#1838,#1847,#1851,.T.);
#1853=ORIENTED_EDGE('',*,*,#1852,.T.);
#1854=CARTESIAN_POINT('',(-8.747849058,22.771464793,13.11903083));
#1855=VERTEX_POINT('',#1854);
#1856=CARTESIAN_POINT('',(0.,22.771464793,10.982094208));
#1857=DIRECTION('',(-0.,1.,0.));
#1858=DIRECTION('',(0.,0.,-1.));
#1859=AXIS2_PLACEMENT_3D('',#1856,#1857,#1858);
#1860=CIRCLE('',#1859,9.005074195);
#1861=EDGE_CURVE('',#1847,#1855,#1860,.T.);
#1862=ORIENTED_EDGE('',*,*,#1861,.T.);
#1863=CARTESIAN_POINT('',(-8.747849058,22.771464793,13.11903083));
#1864=DIRECTION('',(-0.,1.,0.));
#1865=VECTOR('',#1864,4.8);
#1866=LINE('',#1863,#1865);
#1867=EDGE_CURVE('',#1855,#1836,#1866,.T.);
#1868=ORIENTED_EDGE('',*,*,#1867,.T.);
#1869=EDGE_LOOP('',(#1845,#1853,#1862,#1868));
#1870=FACE_BOUND('',#1869,.T.);
#1871=ADVANCED_FACE('',(#1870),#1834,.T.);
#1872=CARTESIAN_POINT('',(0.,29.071464793,10.982094208));
#1873=DIRECTION('',(0.,1.,0.));
#1874=DIRECTION('',(0.,-0.,1.));
#1875=AXIS2_PLACEMENT_3D('',#1872,#1873,#1874);
#1876=CYLINDRICAL_SURFACE('',#1875,9.005074195);
#1877=CARTESIAN_POINT('',(-8.528314552,27.571464793,13.873324423));
#1878=VERTEX_POINT('',#1877);
#1879=CARTESIAN_POINT('',(-8.644327823,27.571464793,13.505377336));
#1880=VERTEX_POINT('',#1879);
#1881=CARTESIAN_POINT('',(0.,27.571464793,10.982094208));
#1882=DIRECTION('',(-0.,-1.,-0.));
#1883=DIRECTION('',(0.,-0.,1.));
#1884=AXIS2_PLACEMENT_3D('',#1881,#1882,#1883);
#1885=CIRCLE('',#1884,9.005074195);
#1886=EDGE_CURVE('',#1878,#1880,#1885,.T.);
#1887=ORIENTED_EDGE('',*,*,#1886,.T.);
#1888=CARTESIAN_POINT('',(-8.644327823,22.771464793,13.505377336));
#1889=VERTEX_POINT('',#1888);
#1890=CARTESIAN_POINT('',(-8.644327823,27.571464793,13.505377336));
#1891=DIRECTION('',(0.,-1.,-0.));
#1892=VECTOR('',#1891,4.8);
#1893=LINE('',#1890,#1892);
#1894=EDGE_CURVE('',#1880,#1889,#1893,.T.);
#1895=ORIENTED_EDGE('',*,*,#1894,.T.);
#1896=CARTESIAN_POINT('',(-8.528314552,22.771464793,13.873324423));
#1897=VERTEX_POINT('',#1896);
#1898=CARTESIAN_POINT('',(0.,22.771464793,10.982094208));
#1899=DIRECTION('',(-0.,1.,0.));
#1900=DIRECTION('',(0.,0.,-1.));
#1901=AXIS2_PLACEMENT_3D('',#1898,#1899,#1900);
#1902=CIRCLE('',#1901,9.005074195);
#1903=EDGE_CURVE('',#1889,#1897,#1902,.T.);
#1904=ORIENTED_EDGE('',*,*,#1903,.T.);
#1905=CARTESIAN_POINT('',(-8.528314552,22.771464793,13.873324423));
#1906=DIRECTION('',(-0.,1.,0.));
#1907=VECTOR('',#1906,4.8);
#1908=LINE('',#1905,#1907);
#1909=EDGE_CURVE('',#1897,#1878,#1908,.T.);
#1910=ORIENTED_EDGE('',*,*,#1909,.T.);
#1911=EDGE_LOOP('',(#1887,#1895,#1904,#1910));
#1912=FACE_BOUND('',#1911,.T.);
#1913=ADVANCED_FACE('',(#1912),#1876,.T.);
#1914=CARTESIAN_POINT('',(0.,29.071464793,10.982094208));
#1915=DIRECTION('',(0.,1.,0.));
#1916=DIRECTION('',(0.,-0.,1.));
#1917=AXIS2_PLACEMENT_3D('',#1914,#1915,#1916);
#1918=CYLINDRICAL_SURFACE('',#1917,9.005074195);
#1919=CARTESIAN_POINT('',(3.6235198,22.771464793,2.738219784));
#1920=VERTEX_POINT('',#1919);
#1921=CARTESIAN_POINT('',(3.267084086,22.771464793,2.590579277));
#1922=VERTEX_POINT('',#1921);
#1923=CARTESIAN_POINT('',(0.,22.771464793,10.982094208));
#1924=DIRECTION('',(-0.,1.,0.));
#1925=DIRECTION('',(0.,0.,-1.));
#1926=AXIS2_PLACEMENT_3D('',#1923,#1924,#1925);
#1927=CIRCLE('',#1926,9.005074195);
#1928=EDGE_CURVE('',#1920,#1922,#1927,.T.);
#1929=ORIENTED_EDGE('',*,*,#1928,.T.);
#1930=CARTESIAN_POINT('',(3.267084086,27.571464793,2.590579277));
#1931=VERTEX_POINT('',#1930);
#1932=CARTESIAN_POINT('',(3.267084086,22.771464793,2.590579277));
#1933=DIRECTION('',(0.,1.,0.));
#1934=VECTOR('',#1933,4.8);
#1935=LINE('',#1932,#1934);
#1936=EDGE_CURVE('',#1922,#1931,#1935,.T.);
#1937=ORIENTED_EDGE('',*,*,#1936,.T.);
#1938=CARTESIAN_POINT('',(3.6235198,27.571464793,2.738219784));
#1939=VERTEX_POINT('',#1938);
#1940=CARTESIAN_POINT('',(0.,27.571464793,10.982094208));
#1941=DIRECTION('',(-0.,-1.,-0.));
#1942=DIRECTION('',(0.,-0.,1.));
#1943=AXIS2_PLACEMENT_3D('',#1940,#1941,#1942);
#1944=CIRCLE('',#1943,9.005074195);
#1945=EDGE_CURVE('',#1931,#1939,#1944,.T.);
#1946=ORIENTED_EDGE('',*,*,#1945,.T.);
#1947=CARTESIAN_POINT('',(3.6235198,27.571464793,2.738219784));
#1948=DIRECTION('',(-0.,-1.,-0.));
#1949=VECTOR('',#1948,4.8);
#1950=LINE('',#1947,#1949);
#1951=EDGE_CURVE('',#1939,#1920,#1950,.T.);
#1952=ORIENTED_EDGE('',*,*,#1951,.T.);
#1953=EDGE_LOOP('',(#1929,#1937,#1946,#1952));
#1954=FACE_BOUND('',#1953,.T.);
#1955=ADVANCED_FACE('',(#1954),#1918,.T.);
#1956=CARTESIAN_POINT('',(0.,29.071464793,10.982094208));
#1957=DIRECTION('',(0.,1.,0.));
#1958=DIRECTION('',(0.,-0.,1.));
#1959=AXIS2_PLACEMENT_3D('',#1956,#1957,#1958);
#1960=CYLINDRICAL_SURFACE('',#1959,9.005074195);
#1961=CARTESIAN_POINT('',(1.760278462,27.571464793,2.150742047));
#1962=VERTEX_POINT('',#1961);
#1963=CARTESIAN_POINT('',(2.136936622,27.571464793,2.23424515));
#1964=VERTEX_POINT('',#1963);
#1965=CARTESIAN_POINT('',(0.,27.571464793,10.982094208));
#1966=DIRECTION('',(-0.,-1.,-0.));
#1967=DIRECTION('',(0.,-0.,1.));
#1968=AXIS2_PLACEMENT_3D('',#1965,#1966,#1967);
#1969=CIRCLE('',#1968,9.005074195);
#1970=EDGE_CURVE('',#1962,#1964,#1969,.T.);
#1971=ORIENTED_EDGE('',*,*,#1970,.T.);
#1972=CARTESIAN_POINT('',(2.136936622,22.771464793,2.23424515));
#1973=VERTEX_POINT('',#1972);
#1974=CARTESIAN_POINT('',(2.136936622,27.571464793,2.23424515));
#1975=DIRECTION('',(-0.,-1.,-0.));
#1976=VECTOR('',#1975,4.8);
#1977=LINE('',#1974,#1976);
#1978=EDGE_CURVE('',#1964,#1973,#1977,.T.);
#1979=ORIENTED_EDGE('',*,*,#1978,.T.);
#1980=CARTESIAN_POINT('',(1.760278462,22.771464793,2.150742047));
#1981=VERTEX_POINT('',#1980);
#1982=CARTESIAN_POINT('',(0.,22.771464793,10.982094208));
#1983=DIRECTION('',(-0.,1.,0.));
#1984=DIRECTION('',(0.,0.,-1.));
#1985=AXIS2_PLACEMENT_3D('',#1982,#1983,#1984);
#1986=CIRCLE('',#1985,9.005074195);
#1987=EDGE_CURVE('',#1973,#1981,#1986,.T.);
#1988=ORIENTED_EDGE('',*,*,#1987,.T.);
#1989=CARTESIAN_POINT('',(1.760278462,22.771464793,2.150742047));
#1990=DIRECTION('',(0.,1.,0.));
#1991=VECTOR('',#1990,4.8);
#1992=LINE('',#1989,#1991);
#1993=EDGE_CURVE('',#1981,#1962,#1992,.T.);
#1994=ORIENTED_EDGE('',*,*,#1993,.T.);
#1995=EDGE_LOOP('',(#1971,#1979,#1988,#1994));
#1996=FACE_BOUND('',#1995,.T.);
#1997=ADVANCED_FACE('',(#1996),#1960,.T.);
#1998=CARTESIAN_POINT('',(0.,29.071464793,10.982094208));
#1999=DIRECTION('',(0.,1.,0.));
#2000=DIRECTION('',(0.,-0.,1.));
#2001=AXIS2_PLACEMENT_3D('',#1998,#1999,#2000);
#2002=CYLINDRICAL_SURFACE('',#2001,9.005074195);
#2003=CARTESIAN_POINT('',(0.983877014,27.571464793,2.030929631));
#2004=VERTEX_POINT('',#2003);
#2005=CARTESIAN_POINT('',(1.366379651,27.571464793,2.081287059));
#2006=VERTEX_POINT('',#2005);
#2007=CARTESIAN_POINT('',(0.,27.571464793,10.982094208));
#2008=DIRECTION('',(-0.,-1.,-0.));
#2009=DIRECTION('',(0.,-0.,1.));
#2010=AXIS2_PLACEMENT_3D('',#2007,#2008,#2009);
#2011=CIRCLE('',#2010,9.005074195);
#2012=EDGE_CURVE('',#2004,#2006,#2011,.T.);
#2013=ORIENTED_EDGE('',*,*,#2012,.T.);
#2014=CARTESIAN_POINT('',(1.366379651,22.771464793,2.081287059));
#2015=VERTEX_POINT('',#2014);
#2016=CARTESIAN_POINT('',(1.366379651,27.571464793,2.081287059));
#2017=DIRECTION('',(-0.,-1.,-0.));
#2018=VECTOR('',#2017,4.8);
#2019=LINE('',#2016,#2018);
#2020=EDGE_CURVE('',#2006,#2015,#2019,.T.);
#2021=ORIENTED_EDGE('',*,*,#2020,.T.);
#2022=CARTESIAN_POINT('',(0.983877014,22.771464793,2.030929631));
#2023=VERTEX_POINT('',#2022);
#2024=CARTESIAN_POINT('',(0.,22.771464793,10.982094208));
#2025=DIRECTION('',(-0.,1.,0.));
#2026=DIRECTION('',(0.,0.,-1.));
#2027=AXIS2_PLACEMENT_3D('',#2024,#2025,#2026);
#2028=CIRCLE('',#2027,9.005074195);
#2029=EDGE_CURVE('',#2015,#2023,#2028,.T.);
#2030=ORIENTED_EDGE('',*,*,#2029,.T.);
#2031=CARTESIAN_POINT('',(0.983877014,22.771464793,2.030929631));
#2032=DIRECTION('',(0.,1.,0.));
#2033=VECTOR('',#2032,4.8);
#2034=LINE('',#2031,#2033);
#2035=EDGE_CURVE('',#2023,#2004,#2034,.T.);
#2036=ORIENTED_EDGE('',*,*,#2035,.T.);
#2037=EDGE_LOOP('',(#2013,#2021,#2030,#2036));
#2038=FACE_BOUND('',#2037,.T.);
#2039=ADVANCED_FACE('',(#2038),#2002,.T.);
#2040=CARTESIAN_POINT('',(0.,29.071464793,10.982094208));
#2041=DIRECTION('',(0.,1.,0.));
#2042=DIRECTION('',(0.,-0.,1.));
#2043=AXIS2_PLACEMENT_3D('',#2040,#2041,#2042);
#2044=CYLINDRICAL_SURFACE('',#2043,9.005074195);
#2045=CARTESIAN_POINT('',(0.199987668,27.571464793,1.979240983));
#2046=VERTEX_POINT('',#2045);
#2047=CARTESIAN_POINT('',(0.585423705,27.571464793,1.996069484));
#2048=VERTEX_POINT('',#2047);
#2049=CARTESIAN_POINT('',(0.,27.571464793,10.982094208));
#2050=DIRECTION('',(-0.,-1.,-0.));
#2051=DIRECTION('',(0.,-0.,1.));
#2052=AXIS2_PLACEMENT_3D('',#2049,#2050,#2051);
#2053=CIRCLE('',#2052,9.005074195);
#2054=EDGE_CURVE('',#2046,#2048,#2053,.T.);
#2055=ORIENTED_EDGE('',*,*,#2054,.T.);
#2056=CARTESIAN_POINT('',(0.585423705,22.771464793,1.996069484));
#2057=VERTEX_POINT('',#2056);
#2058=CARTESIAN_POINT('',(0.585423705,27.571464793,1.996069484));
#2059=DIRECTION('',(-0.,-1.,-0.));
#2060=VECTOR('',#2059,4.8);
#2061=LINE('',#2058,#2060);
#2062=EDGE_CURVE('',#2048,#2057,#2061,.T.);
#2063=ORIENTED_EDGE('',*,*,#2062,.T.);
#2064=CARTESIAN_POINT('',(0.199987668,22.771464793,1.979240983));
#2065=VERTEX_POINT('',#2064);
#2066=CARTESIAN_POINT('',(0.,22.771464793,10.982094208));
#2067=DIRECTION('',(-0.,1.,0.));
#2068=DIRECTION('',(0.,0.,-1.));
#2069=AXIS2_PLACEMENT_3D('',#2066,#2067,#2068);
#2070=CIRCLE('',#2069,9.005074195);
#2071=EDGE_CURVE('',#2057,#2065,#2070,.T.);
#2072=ORIENTED_EDGE('',*,*,#2071,.T.);
#2073=CARTESIAN_POINT('',(0.199987668,22.771464793,1.979240983));
#2074=DIRECTION('',(-0.,1.,0.));
#2075=VECTOR('',#2074,4.8);
#2076=LINE('',#2073,#2075);
#2077=EDGE_CURVE('',#2065,#2046,#2076,.T.);
#2078=ORIENTED_EDGE('',*,*,#2077,.T.);
#2079=EDGE_LOOP('',(#2055,#2063,#2072,#2078));
#2080=FACE_BOUND('',#2079,.T.);
#2081=ADVANCED_FACE('',(#2080),#2044,.T.);
#2082=CARTESIAN_POINT('',(0.,29.071464793,10.982094208));
#2083=DIRECTION('',(0.,1.,0.));
#2084=DIRECTION('',(0.,-0.,1.));
#2085=AXIS2_PLACEMENT_3D('',#2082,#2083,#2084);
#2086=CYLINDRICAL_SURFACE('',#2085,9.005074195);
#2087=CARTESIAN_POINT('',(-0.585423705,27.571464793,1.996069484));
#2088=VERTEX_POINT('',#2087);
#2089=CARTESIAN_POINT('',(-0.199987668,27.571464793,1.979240983));
#2090=VERTEX_POINT('',#2089);
#2091=CARTESIAN_POINT('',(0.,27.571464793,10.982094208));
#2092=DIRECTION('',(-0.,-1.,-0.));
#2093=DIRECTION('',(0.,-0.,1.));
#2094=AXIS2_PLACEMENT_3D('',#2091,#2092,#2093);
#2095=CIRCLE('',#2094,9.005074195);
#2096=EDGE_CURVE('',#2088,#2090,#2095,.T.);
#2097=ORIENTED_EDGE('',*,*,#2096,.T.);
#2098=CARTESIAN_POINT('',(-0.199987668,22.771464793,1.979240983));
#2099=VERTEX_POINT('',#2098);
#2100=CARTESIAN_POINT('',(-0.199987668,27.571464793,1.979240983));
#2101=DIRECTION('',(0.,-1.,-0.));
#2102=VECTOR('',#2101,4.8);
#2103=LINE('',#2100,#2102);
#2104=EDGE_CURVE('',#2090,#2099,#2103,.T.);
#2105=ORIENTED_EDGE('',*,*,#2104,.T.);
#2106=CARTESIAN_POINT('',(-0.585423705,22.771464793,1.996069484));
#2107=VERTEX_POINT('',#2106);
#2108=CARTESIAN_POINT('',(0.,22.771464793,10.982094208));
#2109=DIRECTION('',(-0.,1.,0.));
#2110=DIRECTION('',(0.,0.,-1.));
#2111=AXIS2_PLACEMENT_3D('',#2108,#2109,#2110);
#2112=CIRCLE('',#2111,9.005074195);
#2113=EDGE_CURVE('',#2099,#2107,#2112,.T.);
#2114=ORIENTED_EDGE('',*,*,#2113,.T.);
#2115=CARTESIAN_POINT('',(-0.585423705,22.771464793,1.996069484));
#2116=DIRECTION('',(-0.,1.,0.));
#2117=VECTOR('',#2116,4.8);
#2118=LINE('',#2115,#2117);
#2119=EDGE_CURVE('',#2107,#2088,#2118,.T.);
#2120=ORIENTED_EDGE('',*,*,#2119,.T.);
#2121=EDGE_LOOP('',(#2097,#2105,#2114,#2120));
#2122=FACE_BOUND('',#2121,.T.);
#2123=ADVANCED_FACE('',(#2122),#2086,.T.);
#2124=CARTESIAN_POINT('',(0.,29.071464793,10.982094208));
#2125=DIRECTION('',(0.,1.,0.));
#2126=DIRECTION('',(0.,-0.,1.));
#2127=AXIS2_PLACEMENT_3D('',#2124,#2125,#2126);
#2128=CYLINDRICAL_SURFACE('',#2127,9.005074195);
#2129=CARTESIAN_POINT('',(-1.366379651,27.571464793,2.081287059));
#2130=VERTEX_POINT('',#2129);
#2131=CARTESIAN_POINT('',(-0.983877014,27.571464793,2.030929631));
#2132=VERTEX_POINT('',#2131);
#2133=CARTESIAN_POINT('',(0.,27.571464793,10.982094208));
#2134=DIRECTION('',(-0.,-1.,-0.));
#2135=DIRECTION('',(0.,-0.,1.));
#2136=AXIS2_PLACEMENT_3D('',#2133,#2134,#2135);
#2137=CIRCLE('',#2136,9.005074195);
#2138=EDGE_CURVE('',#2130,#2132,#2137,.T.);
#2139=ORIENTED_EDGE('',*,*,#2138,.T.);
#2140=CARTESIAN_POINT('',(-0.983877014,22.771464793,2.030929631));
#2141=VERTEX_POINT('',#2140);
#2142=CARTESIAN_POINT('',(-0.983877014,27.571464793,2.030929631));
#2143=DIRECTION('',(0.,-1.,-0.));
#2144=VECTOR('',#2143,4.8);
#2145=LINE('',#2142,#2144);
#2146=EDGE_CURVE('',#2132,#2141,#2145,.T.);
#2147=ORIENTED_EDGE('',*,*,#2146,.T.);
#2148=CARTESIAN_POINT('',(-1.366379651,22.771464793,2.081287059));
#2149=VERTEX_POINT('',#2148);
#2150=CARTESIAN_POINT('',(0.,22.771464793,10.982094208));
#2151=DIRECTION('',(-0.,1.,0.));
#2152=DIRECTION('',(0.,0.,-1.));
#2153=AXIS2_PLACEMENT_3D('',#2150,#2151,#2152);
#2154=CIRCLE('',#2153,9.005074195);
#2155=EDGE_CURVE('',#2141,#2149,#2154,.T.);
#2156=ORIENTED_EDGE('',*,*,#2155,.T.);
#2157=CARTESIAN_POINT('',(-1.366379651,22.771464793,2.081287059));
#2158=DIRECTION('',(-0.,1.,0.));
#2159=VECTOR('',#2158,4.8);
#2160=LINE('',#2157,#2159);
#2161=EDGE_CURVE('',#2149,#2130,#2160,.T.);
#2162=ORIENTED_EDGE('',*,*,#2161,.T.);
#2163=EDGE_LOOP('',(#2139,#2147,#2156,#2162));
#2164=FACE_BOUND('',#2163,.T.);
#2165=ADVANCED_FACE('',(#2164),#2128,.T.);
#2166=CARTESIAN_POINT('',(0.,29.071464793,10.982094208));
#2167=DIRECTION('',(0.,1.,0.));
#2168=DIRECTION('',(0.,-0.,1.));
#2169=AXIS2_PLACEMENT_3D('',#2166,#2167,#2168);
#2170=CYLINDRICAL_SURFACE('',#2169,9.005074195);
#2171=CARTESIAN_POINT('',(-2.136936622,27.571464793,2.23424515));
#2172=VERTEX_POINT('',#2171);
#2173=CARTESIAN_POINT('',(-1.760278462,27.571464793,2.150742047));
#2174=VERTEX_POINT('',#2173);
#2175=CARTESIAN_POINT('',(0.,27.571464793,10.982094208));
#2176=DIRECTION('',(-0.,-1.,-0.));
#2177=DIRECTION('',(0.,-0.,1.));
#2178=AXIS2_PLACEMENT_3D('',#2175,#2176,#2177);
#2179=CIRCLE('',#2178,9.005074195);
#2180=EDGE_CURVE('',#2172,#2174,#2179,.T.);
#2181=ORIENTED_EDGE('',*,*,#2180,.T.);
#2182=CARTESIAN_POINT('',(-1.760278462,22.771464793,2.150742047));
#2183=VERTEX_POINT('',#2182);
#2184=CARTESIAN_POINT('',(-1.760278462,27.571464793,2.150742047));
#2185=DIRECTION('',(0.,-1.,-0.));
#2186=VECTOR('',#2185,4.8);
#2187=LINE('',#2184,#2186);
#2188=EDGE_CURVE('',#2174,#2183,#2187,.T.);
#2189=ORIENTED_EDGE('',*,*,#2188,.T.);
#2190=CARTESIAN_POINT('',(-2.136936622,22.771464793,2.23424515));
#2191=VERTEX_POINT('',#2190);
#2192=CARTESIAN_POINT('',(0.,22.771464793,10.982094208));
#2193=DIRECTION('',(-0.,1.,0.));
#2194=DIRECTION('',(0.,0.,-1.));
#2195=AXIS2_PLACEMENT_3D('',#2192,#2193,#2194);
#2196=CIRCLE('',#2195,9.005074195);
#2197=EDGE_CURVE('',#2183,#2191,#2196,.T.);
#2198=ORIENTED_EDGE('',*,*,#2197,.T.);
#2199=CARTESIAN_POINT('',(-2.136936622,22.771464793,2.23424515));
#2200=DIRECTION('',(-0.,1.,0.));
#2201=VECTOR('',#2200,4.8);
#2202=LINE('',#2199,#2201);
#2203=EDGE_CURVE('',#2191,#2172,#2202,.T.);
#2204=ORIENTED_EDGE('',*,*,#2203,.T.);
#2205=EDGE_LOOP('',(#2181,#2189,#2198,#2204));
#2206=FACE_BOUND('',#2205,.T.);
#2207=ADVANCED_FACE('',(#2206),#2170,.T.);
#2208=CARTESIAN_POINT('',(0.,29.071464793,10.982094208));
#2209=DIRECTION('',(0.,1.,0.));
#2210=DIRECTION('',(0.,-0.,1.));
#2211=AXIS2_PLACEMENT_3D('',#2208,#2209,#2210);
#2212=CYLINDRICAL_SURFACE('',#2211,9.005074195);
#2213=CARTESIAN_POINT('',(-2.891230215,27.571464793,2.453779656));
#2214=VERTEX_POINT('',#2213);
#2215=CARTESIAN_POINT('',(-2.523283128,27.571464793,2.337766385));
#2216=VERTEX_POINT('',#2215);
#2217=CARTESIAN_POINT('',(0.,27.571464793,10.982094208));
#2218=DIRECTION('',(-0.,-1.,-0.));
#2219=DIRECTION('',(0.,-0.,1.));
#2220=AXIS2_PLACEMENT_3D('',#2217,#2218,#2219);
#2221=CIRCLE('',#2220,9.005074195);
#2222=EDGE_CURVE('',#2214,#2216,#2221,.T.);
#2223=ORIENTED_EDGE('',*,*,#2222,.T.);
#2224=CARTESIAN_POINT('',(-2.523283128,22.771464793,2.337766385));
#2225=VERTEX_POINT('',#2224);
#2226=CARTESIAN_POINT('',(-2.523283128,27.571464793,2.337766385));
#2227=DIRECTION('',(0.,-1.,-0.));
#2228=VECTOR('',#2227,4.8);
#2229=LINE('',#2226,#2228);
#2230=EDGE_CURVE('',#2216,#2225,#2229,.T.);
#2231=ORIENTED_EDGE('',*,*,#2230,.T.);
#2232=CARTESIAN_POINT('',(-2.891230215,22.771464793,2.453779656));
#2233=VERTEX_POINT('',#2232);
#2234=CARTESIAN_POINT('',(0.,22.771464793,10.982094208));
#2235=DIRECTION('',(-0.,1.,0.));
#2236=DIRECTION('',(0.,0.,-1.));
#2237=AXIS2_PLACEMENT_3D('',#2234,#2235,#2236);
#2238=CIRCLE('',#2237,9.005074195);
#2239=EDGE_CURVE('',#2225,#2233,#2238,.T.);
#2240=ORIENTED_EDGE('',*,*,#2239,.T.);
#2241=CARTESIAN_POINT('',(-2.891230215,22.771464793,2.453779656));
#2242=DIRECTION('',(-0.,1.,0.));
#2243=VECTOR('',#2242,4.8);
#2244=LINE('',#2241,#2243);
#2245=EDGE_CURVE('',#2233,#2214,#2244,.T.);
#2246=ORIENTED_EDGE('',*,*,#2245,.T.);
#2247=EDGE_LOOP('',(#2223,#2231,#2240,#2246));
#2248=FACE_BOUND('',#2247,.T.);
#2249=ADVANCED_FACE('',(#2248),#2212,.T.);
#2250=CARTESIAN_POINT('',(0.,29.071464793,10.982094208));
#2251=DIRECTION('',(0.,1.,0.));
#2252=DIRECTION('',(0.,-0.,1.));
#2253=AXIS2_PLACEMENT_3D('',#2250,#2251,#2252);
#2254=CYLINDRICAL_SURFACE('',#2253,9.005074195);
#2255=CARTESIAN_POINT('',(-3.6235198,27.571464793,2.738219784));
#2256=VERTEX_POINT('',#2255);
#2257=CARTESIAN_POINT('',(-3.267084086,27.571464793,2.590579277));
#2258=VERTEX_POINT('',#2257);
#2259=CARTESIAN_POINT('',(0.,27.571464793,10.982094208));
#2260=DIRECTION('',(-0.,-1.,-0.));
#2261=DIRECTION('',(0.,-0.,1.));
#2262=AXIS2_PLACEMENT_3D('',#2259,#2260,#2261);
#2263=CIRCLE('',#2262,9.005074195);
#2264=EDGE_CURVE('',#2256,#2258,#2263,.T.);
#2265=ORIENTED_EDGE('',*,*,#2264,.T.);
#2266=CARTESIAN_POINT('',(-3.267084086,22.771464793,2.590579277));
#2267=VERTEX_POINT('',#2266);
#2268=CARTESIAN_POINT('',(-3.267084086,27.571464793,2.590579277));
#2269=DIRECTION('',(0.,-1.,-0.));
#2270=VECTOR('',#2269,4.8);
#2271=LINE('',#2268,#2270);
#2272=EDGE_CURVE('',#2258,#2267,#2271,.T.);
#2273=ORIENTED_EDGE('',*,*,#2272,.T.);
#2274=CARTESIAN_POINT('',(-3.6235198,22.771464793,2.738219784));
#2275=VERTEX_POINT('',#2274);
#2276=CARTESIAN_POINT('',(0.,22.771464793,10.982094208));
#2277=DIRECTION('',(-0.,1.,0.));
#2278=DIRECTION('',(0.,0.,-1.));
#2279=AXIS2_PLACEMENT_3D('',#2276,#2277,#2278);
#2280=CIRCLE('',#2279,9.005074195);
#2281=EDGE_CURVE('',#2267,#2275,#2280,.T.);
#2282=ORIENTED_EDGE('',*,*,#2281,.T.);
#2283=CARTESIAN_POINT('',(-3.6235198,22.771464793,2.738219784));
#2284=DIRECTION('',(-0.,1.,0.));
#2285=VECTOR('',#2284,4.8);
#2286=LINE('',#2283,#2285);
#2287=EDGE_CURVE('',#2275,#2256,#2286,.T.);
#2288=ORIENTED_EDGE('',*,*,#2287,.T.);
#2289=EDGE_LOOP('',(#2265,#2273,#2282,#2288));
#2290=FACE_BOUND('',#2289,.T.);
#2291=ADVANCED_FACE('',(#2290),#2254,.T.);
#2292=CARTESIAN_POINT('',(0.,29.071464793,10.982094208));
#2293=DIRECTION('',(0.,1.,0.));
#2294=DIRECTION('',(0.,-0.,1.));
#2295=AXIS2_PLACEMENT_3D('',#2292,#2293,#2294);
#2296=CYLINDRICAL_SURFACE('',#2295,9.005074195);
#2297=CARTESIAN_POINT('',(-9.002853225,22.771464793,11.182081876));
#2298=VERTEX_POINT('',#2297);
#2299=CARTESIAN_POINT('',(-8.986024724,22.771464793,11.567517913));
#2300=VERTEX_POINT('',#2299);
#2301=CARTESIAN_POINT('',(0.,22.771464793,10.982094208));
#2302=DIRECTION('',(-0.,1.,0.));
#2303=DIRECTION('',(0.,0.,-1.));
#2304=AXIS2_PLACEMENT_3D('',#2301,#2302,#2303);
#2305=CIRCLE('',#2304,9.005074195);
#2306=EDGE_CURVE('',#2298,#2300,#2305,.T.);
#2307=ORIENTED_EDGE('',*,*,#2306,.T.);
#2308=CARTESIAN_POINT('',(-8.986024724,27.571464793,11.567517913));
#2309=VERTEX_POINT('',#2308);
#2310=CARTESIAN_POINT('',(-8.986024724,22.771464793,11.567517913));
#2311=DIRECTION('',(-0.,1.,0.));
#2312=VECTOR('',#2311,4.8);
#2313=LINE('',#2310,#2312);
#2314=EDGE_CURVE('',#2300,#2309,#2313,.T.);
#2315=ORIENTED_EDGE('',*,*,#2314,.T.);
#2316=CARTESIAN_POINT('',(-9.002853225,27.571464793,11.182081876));
#2317=VERTEX_POINT('',#2316);
#2318=CARTESIAN_POINT('',(0.,27.571464793,10.982094208));
#2319=DIRECTION('',(-0.,-1.,-0.));
#2320=DIRECTION('',(0.,-0.,1.));
#2321=AXIS2_PLACEMENT_3D('',#2318,#2319,#2320);
#2322=CIRCLE('',#2321,9.005074195);
#2323=EDGE_CURVE('',#2309,#2317,#2322,.T.);
#2324=ORIENTED_EDGE('',*,*,#2323,.T.);
#2325=CARTESIAN_POINT('',(-9.002853225,27.571464793,11.182081876));
#2326=DIRECTION('',(0.,-1.,-0.));
#2327=VECTOR('',#2326,4.8);
#2328=LINE('',#2325,#2327);
#2329=EDGE_CURVE('',#2317,#2298,#2328,.T.);
#2330=ORIENTED_EDGE('',*,*,#2329,.T.);
#2331=EDGE_LOOP('',(#2307,#2315,#2324,#2330));
#2332=FACE_BOUND('',#2331,.T.);
#2333=ADVANCED_FACE('',(#2332),#2296,.T.);
#2334=CARTESIAN_POINT('',(0.,29.071464793,10.982094208));
#2335=DIRECTION('',(0.,1.,0.));
#2336=DIRECTION('',(0.,-0.,1.));
#2337=AXIS2_PLACEMENT_3D('',#2334,#2335,#2336);
#2338=CYLINDRICAL_SURFACE('',#2337,9.005074195);
#2339=CARTESIAN_POINT('',(-8.986024724,22.771464793,10.396670503));
#2340=VERTEX_POINT('',#2339);
#2341=CARTESIAN_POINT('',(-9.002853225,22.771464793,10.78210654));
#2342=VERTEX_POINT('',#2341);
#2343=CARTESIAN_POINT('',(0.,22.771464793,10.982094208));
#2344=DIRECTION('',(-0.,1.,0.));
#2345=DIRECTION('',(0.,0.,-1.));
#2346=AXIS2_PLACEMENT_3D('',#2343,#2344,#2345);
#2347=CIRCLE('',#2346,9.005074195);
#2348=EDGE_CURVE('',#2340,#2342,#2347,.T.);
#2349=ORIENTED_EDGE('',*,*,#2348,.T.);
#2350=CARTESIAN_POINT('',(-9.002853225,27.571464793,10.78210654));
#2351=VERTEX_POINT('',#2350);
#2352=CARTESIAN_POINT('',(-9.002853225,22.771464793,10.78210654));
#2353=DIRECTION('',(-0.,1.,0.));
#2354=VECTOR('',#2353,4.8);
#2355=LINE('',#2352,#2354);
#2356=EDGE_CURVE('',#2342,#2351,#2355,.T.);
#2357=ORIENTED_EDGE('',*,*,#2356,.T.);
#2358=CARTESIAN_POINT('',(-8.986024724,27.571464793,10.396670503));
#2359=VERTEX_POINT('',#2358);
#2360=CARTESIAN_POINT('',(0.,27.571464793,10.982094208));
#2361=DIRECTION('',(-0.,-1.,-0.));
#2362=DIRECTION('',(0.,-0.,1.));
#2363=AXIS2_PLACEMENT_3D('',#2360,#2361,#2362);
#2364=CIRCLE('',#2363,9.005074195);
#2365=EDGE_CURVE('',#2351,#2359,#2364,.T.);
#2366=ORIENTED_EDGE('',*,*,#2365,.T.);
#2367=CARTESIAN_POINT('',(-8.986024724,27.571464793,10.396670503));
#2368=DIRECTION('',(0.,-1.,-0.));
#2369=VECTOR('',#2368,4.8);
#2370=LINE('',#2367,#2369);
#2371=EDGE_CURVE('',#2359,#2340,#2370,.T.);
#2372=ORIENTED_EDGE('',*,*,#2371,.T.);
#2373=EDGE_LOOP('',(#2349,#2357,#2366,#2372));
#2374=FACE_BOUND('',#2373,.T.);
#2375=ADVANCED_FACE('',(#2374),#2338,.T.);
#2376=CARTESIAN_POINT('',(0.,29.071464793,10.982094208));
#2377=DIRECTION('',(0.,1.,0.));
#2378=DIRECTION('',(0.,-0.,1.));
#2379=AXIS2_PLACEMENT_3D('',#2376,#2377,#2378);
#2380=CYLINDRICAL_SURFACE('',#2379,9.005074195);
#2381=CARTESIAN_POINT('',(-8.900807149,22.771464793,9.615714558));
#2382=VERTEX_POINT('',#2381);
#2383=CARTESIAN_POINT('',(-8.951164577,22.771464793,9.998217194));
#2384=VERTEX_POINT('',#2383);
#2385=CARTESIAN_POINT('',(0.,22.771464793,10.982094208));
#2386=DIRECTION('',(-0.,1.,0.));
#2387=DIRECTION('',(0.,0.,-1.));
#2388=AXIS2_PLACEMENT_3D('',#2385,#2386,#2387);
#2389=CIRCLE('',#2388,9.005074195);
#2390=EDGE_CURVE('',#2382,#2384,#2389,.T.);
#2391=ORIENTED_EDGE('',*,*,#2390,.T.);
#2392=CARTESIAN_POINT('',(-8.951164577,27.571464793,9.998217194));
#2393=VERTEX_POINT('',#2392);
#2394=CARTESIAN_POINT('',(-8.951164577,22.771464793,9.998217194));
#2395=DIRECTION('',(-0.,1.,0.));
#2396=VECTOR('',#2395,4.8);
#2397=LINE('',#2394,#2396);
#2398=EDGE_CURVE('',#2384,#2393,#2397,.T.);
#2399=ORIENTED_EDGE('',*,*,#2398,.T.);
#2400=CARTESIAN_POINT('',(-8.900807149,27.571464793,9.615714558));
#2401=VERTEX_POINT('',#2400);
#2402=CARTESIAN_POINT('',(0.,27.571464793,10.982094208));
#2403=DIRECTION('',(-0.,-1.,-0.));
#2404=DIRECTION('',(0.,-0.,1.));
#2405=AXIS2_PLACEMENT_3D('',#2402,#2403,#2404);
#2406=CIRCLE('',#2405,9.005074195);
#2407=EDGE_CURVE('',#2393,#2401,#2406,.T.);
#2408=ORIENTED_EDGE('',*,*,#2407,.T.);
#2409=CARTESIAN_POINT('',(-8.900807149,27.571464793,9.615714558));
#2410=DIRECTION('',(0.,-1.,-0.));
#2411=VECTOR('',#2410,4.8);
#2412=LINE('',#2409,#2411);
#2413=EDGE_CURVE('',#2401,#2382,#2412,.T.);
#2414=ORIENTED_EDGE('',*,*,#2413,.T.);
#2415=EDGE_LOOP('',(#2391,#2399,#2408,#2414));
#2416=FACE_BOUND('',#2415,.T.);
#2417=ADVANCED_FACE('',(#2416),#2380,.T.);
#2418=CARTESIAN_POINT('',(0.,29.071464793,10.982094208));
#2419=DIRECTION('',(0.,1.,0.));
#2420=DIRECTION('',(0.,-0.,1.));
#2421=AXIS2_PLACEMENT_3D('',#2418,#2419,#2420);
#2422=CYLINDRICAL_SURFACE('',#2421,9.005074195);
#2423=CARTESIAN_POINT('',(-8.747849058,22.771464793,8.845157586));
#2424=VERTEX_POINT('',#2423);
#2425=CARTESIAN_POINT('',(-8.831352161,22.771464793,9.221815746));
#2426=VERTEX_POINT('',#2425);
#2427=CARTESIAN_POINT('',(0.,22.771464793,10.982094208));
#2428=DIRECTION('',(-0.,1.,0.));
#2429=DIRECTION('',(0.,0.,-1.));
#2430=AXIS2_PLACEMENT_3D('',#2427,#2428,#2429);
#2431=CIRCLE('',#2430,9.005074195);
#2432=EDGE_CURVE('',#2424,#2426,#2431,.T.);
#2433=ORIENTED_EDGE('',*,*,#2432,.T.);
#2434=CARTESIAN_POINT('',(-8.831352161,27.571464793,9.221815746));
#2435=VERTEX_POINT('',#2434);
#2436=CARTESIAN_POINT('',(-8.831352161,22.771464793,9.221815746));
#2437=DIRECTION('',(-0.,1.,0.));
#2438=VECTOR('',#2437,4.8);
#2439=LINE('',#2436,#2438);
#2440=EDGE_CURVE('',#2426,#2435,#2439,.T.);
#2441=ORIENTED_EDGE('',*,*,#2440,.T.);
#2442=CARTESIAN_POINT('',(-8.747849058,27.571464793,8.845157586));
#2443=VERTEX_POINT('',#2442);
#2444=CARTESIAN_POINT('',(0.,27.571464793,10.982094208));
#2445=DIRECTION('',(-0.,-1.,-0.));
#2446=DIRECTION('',(0.,-0.,1.));
#2447=AXIS2_PLACEMENT_3D('',#2444,#2445,#2446);
#2448=CIRCLE('',#2447,9.005074195);
#2449=EDGE_CURVE('',#2435,#2443,#2448,.T.);
#2450=ORIENTED_EDGE('',*,*,#2449,.T.);
#2451=CARTESIAN_POINT('',(-8.747849058,27.571464793,8.845157586));
#2452=DIRECTION('',(0.,-1.,-0.));
#2453=VECTOR('',#2452,4.8);
#2454=LINE('',#2451,#2453);
#2455=EDGE_CURVE('',#2443,#2424,#2454,.T.);
#2456=ORIENTED_EDGE('',*,*,#2455,.T.);
#2457=EDGE_LOOP('',(#2433,#2441,#2450,#2456));
#2458=FACE_BOUND('',#2457,.T.);
#2459=ADVANCED_FACE('',(#2458),#2422,.T.);
#2460=CARTESIAN_POINT('',(0.,29.071464793,10.982094208));
#2461=DIRECTION('',(0.,1.,0.));
#2462=DIRECTION('',(0.,-0.,1.));
#2463=AXIS2_PLACEMENT_3D('',#2460,#2461,#2462);
#2464=CYLINDRICAL_SURFACE('',#2463,9.005074195);
#2465=CARTESIAN_POINT('',(-8.528314552,22.771464793,8.090863993));
#2466=VERTEX_POINT('',#2465);
#2467=CARTESIAN_POINT('',(-8.644327823,22.771464793,8.45881108));
#2468=VERTEX_POINT('',#2467);
#2469=CARTESIAN_POINT('',(0.,22.771464793,10.982094208));
#2470=DIRECTION('',(-0.,1.,0.));
#2471=DIRECTION('',(0.,0.,-1.));
#2472=AXIS2_PLACEMENT_3D('',#2469,#2470,#2471);
#2473=CIRCLE('',#2472,9.005074195);
#2474=EDGE_CURVE('',#2466,#2468,#2473,.T.);
#2475=ORIENTED_EDGE('',*,*,#2474,.T.);
#2476=CARTESIAN_POINT('',(-8.644327823,27.571464793,8.45881108));
#2477=VERTEX_POINT('',#2476);
#2478=CARTESIAN_POINT('',(-8.644327823,22.771464793,8.45881108));
#2479=DIRECTION('',(-0.,1.,0.));
#2480=VECTOR('',#2479,4.8);
#2481=LINE('',#2478,#2480);
#2482=EDGE_CURVE('',#2468,#2477,#2481,.T.);
#2483=ORIENTED_EDGE('',*,*,#2482,.T.);
#2484=CARTESIAN_POINT('',(-8.528314552,27.571464793,8.090863993));
#2485=VERTEX_POINT('',#2484);
#2486=CARTESIAN_POINT('',(0.,27.571464793,10.982094208));
#2487=DIRECTION('',(-0.,-1.,-0.));
#2488=DIRECTION('',(0.,-0.,1.));
#2489=AXIS2_PLACEMENT_3D('',#2486,#2487,#2488);
#2490=CIRCLE('',#2489,9.005074195);
#2491=EDGE_CURVE('',#2477,#2485,#2490,.T.);
#2492=ORIENTED_EDGE('',*,*,#2491,.T.);
#2493=CARTESIAN_POINT('',(-8.528314552,27.571464793,8.090863993));
#2494=DIRECTION('',(0.,-1.,-0.));
#2495=VECTOR('',#2494,4.8);
#2496=LINE('',#2493,#2495);
#2497=EDGE_CURVE('',#2485,#2466,#2496,.T.);
#2498=ORIENTED_EDGE('',*,*,#2497,.T.);
#2499=EDGE_LOOP('',(#2475,#2483,#2492,#2498));
#2500=FACE_BOUND('',#2499,.T.);
#2501=ADVANCED_FACE('',(#2500),#2464,.T.);
#2502=CARTESIAN_POINT('',(0.,29.071464793,10.982094208));
#2503=DIRECTION('',(0.,1.,0.));
#2504=DIRECTION('',(0.,-0.,1.));
#2505=AXIS2_PLACEMENT_3D('',#2502,#2503,#2504);
#2506=CYLINDRICAL_SURFACE('',#2505,9.005074195);
#2507=CARTESIAN_POINT('',(-8.243874424,22.771464793,7.358574408));
#2508=VERTEX_POINT('',#2507);
#2509=CARTESIAN_POINT('',(-8.391514931,22.771464793,7.715010122));
#2510=VERTEX_POINT('',#2509);
#2511=CARTESIAN_POINT('',(0.,22.771464793,10.982094208));
#2512=DIRECTION('',(-0.,1.,0.));
#2513=DIRECTION('',(0.,0.,-1.));
#2514=AXIS2_PLACEMENT_3D('',#2511,#2512,#2513);
#2515=CIRCLE('',#2514,9.005074195);
#2516=EDGE_CURVE('',#2508,#2510,#2515,.T.);
#2517=ORIENTED_EDGE('',*,*,#2516,.T.);
#2518=CARTESIAN_POINT('',(-8.391514931,27.571464793,7.715010122));
#2519=VERTEX_POINT('',#2518);
#2520=CARTESIAN_POINT('',(-8.391514931,22.771464793,7.715010122));
#2521=DIRECTION('',(-0.,1.,0.));
#2522=VECTOR('',#2521,4.8);
#2523=LINE('',#2520,#2522);
#2524=EDGE_CURVE('',#2510,#2519,#2523,.T.);
#2525=ORIENTED_EDGE('',*,*,#2524,.T.);
#2526=CARTESIAN_POINT('',(-8.243874424,27.571464793,7.358574408));
#2527=VERTEX_POINT('',#2526);
#2528=CARTESIAN_POINT('',(0.,27.571464793,10.982094208));
#2529=DIRECTION('',(-0.,-1.,-0.));
#2530=DIRECTION('',(0.,-0.,1.));
#2531=AXIS2_PLACEMENT_3D('',#2528,#2529,#2530);
#2532=CIRCLE('',#2531,9.005074195);
#2533=EDGE_CURVE('',#2519,#2527,#2532,.T.);
#2534=ORIENTED_EDGE('',*,*,#2533,.T.);
#2535=CARTESIAN_POINT('',(-8.243874424,27.571464793,7.358574408));
#2536=DIRECTION('',(0.,-1.,-0.));
#2537=VECTOR('',#2536,4.8);
#2538=LINE('',#2535,#2537);
#2539=EDGE_CURVE('',#2527,#2508,#2538,.T.);
#2540=ORIENTED_EDGE('',*,*,#2539,.T.);
#2541=EDGE_LOOP('',(#2517,#2525,#2534,#2540));
#2542=FACE_BOUND('',#2541,.T.);
#2543=ADVANCED_FACE('',(#2542),#2506,.T.);
#2544=CARTESIAN_POINT('',(0.,29.071464793,10.982094208));
#2545=DIRECTION('',(0.,1.,0.));
#2546=DIRECTION('',(0.,-0.,1.));
#2547=AXIS2_PLACEMENT_3D('',#2544,#2545,#2546);
#2548=CYLINDRICAL_SURFACE('',#2547,9.005074195);
#2549=CARTESIAN_POINT('',(-7.896693433,22.771464793,6.653861996));
#2550=VERTEX_POINT('',#2549);
#2551=CARTESIAN_POINT('',(-8.074837543,22.771464793,6.996073647));
#2552=VERTEX_POINT('',#2551);
#2553=CARTESIAN_POINT('',(0.,22.771464793,10.982094208));
#2554=DIRECTION('',(-0.,1.,0.));
#2555=DIRECTION('',(0.,0.,-1.));
#2556=AXIS2_PLACEMENT_3D('',#2553,#2554,#2555);
#2557=CIRCLE('',#2556,9.005074195);
#2558=EDGE_CURVE('',#2550,#2552,#2557,.T.);
#2559=ORIENTED_EDGE('',*,*,#2558,.T.);
#2560=CARTESIAN_POINT('',(-8.074837543,27.571464793,6.996073647));
#2561=VERTEX_POINT('',#2560);
#2562=CARTESIAN_POINT('',(-8.074837543,22.771464793,6.996073647));
#2563=DIRECTION('',(-0.,1.,0.));
#2564=VECTOR('',#2563,4.8);
#2565=LINE('',#2562,#2564);
#2566=EDGE_CURVE('',#2552,#2561,#2565,.T.);
#2567=ORIENTED_EDGE('',*,*,#2566,.T.);
#2568=CARTESIAN_POINT('',(-7.896693433,27.571464793,6.653861996));
#2569=VERTEX_POINT('',#2568);
#2570=CARTESIAN_POINT('',(0.,27.571464793,10.982094208));
#2571=DIRECTION('',(-0.,-1.,-0.));
#2572=DIRECTION('',(0.,-0.,1.));
#2573=AXIS2_PLACEMENT_3D('',#2570,#2571,#2572);
#2574=CIRCLE('',#2573,9.005074195);
#2575=EDGE_CURVE('',#2561,#2569,#2574,.T.);
#2576=ORIENTED_EDGE('',*,*,#2575,.T.);
#2577=CARTESIAN_POINT('',(-7.896693433,27.571464793,6.653861996));
#2578=DIRECTION('',(0.,-1.,-0.));
#2579=VECTOR('',#2578,4.8);
#2580=LINE('',#2577,#2579);
#2581=EDGE_CURVE('',#2569,#2550,#2580,.T.);
#2582=ORIENTED_EDGE('',*,*,#2581,.T.);
#2583=EDGE_LOOP('',(#2559,#2567,#2576,#2582));
#2584=FACE_BOUND('',#2583,.T.);
#2585=ADVANCED_FACE('',(#2584),#2548,.T.);
#2586=CARTESIAN_POINT('',(0.,29.071464793,10.982094208));
#2587=DIRECTION('',(0.,1.,0.));
#2588=DIRECTION('',(0.,-0.,1.));
#2589=AXIS2_PLACEMENT_3D('',#2586,#2587,#2588);
#2590=CYLINDRICAL_SURFACE('',#2589,9.005074195);
#2591=CARTESIAN_POINT('',(-7.489413838,22.771464793,5.982090045));
#2592=VERTEX_POINT('',#2591);
#2593=CARTESIAN_POINT('',(-7.696705766,22.771464793,6.307473195));
#2594=VERTEX_POINT('',#2593);
#2595=CARTESIAN_POINT('',(0.,22.771464793,10.982094208));
#2596=DIRECTION('',(-0.,1.,0.));
#2597=DIRECTION('',(0.,0.,-1.));
#2598=AXIS2_PLACEMENT_3D('',#2595,#2596,#2597);
#2599=CIRCLE('',#2598,9.005074195);
#2600=EDGE_CURVE('',#2592,#2594,#2599,.T.);
#2601=ORIENTED_EDGE('',*,*,#2600,.T.);
#2602=CARTESIAN_POINT('',(-7.696705766,27.571464793,6.307473195));
#2603=VERTEX_POINT('',#2602);
#2604=CARTESIAN_POINT('',(-7.696705766,22.771464793,6.307473195));
#2605=DIRECTION('',(-0.,1.,0.));
#2606=VECTOR('',#2605,4.8);
#2607=LINE('',#2604,#2606);
#2608=EDGE_CURVE('',#2594,#2603,#2607,.T.);
#2609=ORIENTED_EDGE('',*,*,#2608,.T.);
#2610=CARTESIAN_POINT('',(-7.489413838,27.571464793,5.982090045));
#2611=VERTEX_POINT('',#2610);
#2612=CARTESIAN_POINT('',(0.,27.571464793,10.982094208));
#2613=DIRECTION('',(-0.,-1.,-0.));
#2614=DIRECTION('',(0.,-0.,1.));
#2615=AXIS2_PLACEMENT_3D('',#2612,#2613,#2614);
#2616=CIRCLE('',#2615,9.005074195);
#2617=EDGE_CURVE('',#2603,#2611,#2616,.T.);
#2618=ORIENTED_EDGE('',*,*,#2617,.T.);
#2619=CARTESIAN_POINT('',(-7.489413838,27.571464793,5.982090045));
#2620=DIRECTION('',(0.,-1.,-0.));
#2621=VECTOR('',#2620,4.8);
#2622=LINE('',#2619,#2621);
#2623=EDGE_CURVE('',#2611,#2592,#2622,.T.);
#2624=ORIENTED_EDGE('',*,*,#2623,.T.);
#2625=EDGE_LOOP('',(#2601,#2609,#2618,#2624));
#2626=FACE_BOUND('',#2625,.T.);
#2627=ADVANCED_FACE('',(#2626),#2590,.T.);
#2628=CARTESIAN_POINT('',(0.,29.071464793,10.982094208));
#2629=DIRECTION('',(0.,1.,0.));
#2630=DIRECTION('',(0.,-0.,1.));
#2631=AXIS2_PLACEMENT_3D('',#2628,#2629,#2630);
#2632=CYLINDRICAL_SURFACE('',#2631,9.005074195);
#2633=CARTESIAN_POINT('',(-5.633723063,27.571464793,3.956958928));
#2634=VERTEX_POINT('',#2633);
#2635=CARTESIAN_POINT('',(-5.327644777,27.571464793,3.722096798));
#2636=VERTEX_POINT('',#2635);
#2637=CARTESIAN_POINT('',(0.,27.571464793,10.982094208));
#2638=DIRECTION('',(-0.,-1.,-0.));
#2639=DIRECTION('',(0.,-0.,1.));
#2640=AXIS2_PLACEMENT_3D('',#2637,#2638,#2639);
#2641=CIRCLE('',#2640,9.005074195);
#2642=EDGE_CURVE('',#2634,#2636,#2641,.T.);
#2643=ORIENTED_EDGE('',*,*,#2642,.T.);
#2644=CARTESIAN_POINT('',(-5.327644777,22.771464793,3.722096798));
#2645=VERTEX_POINT('',#2644);
#2646=CARTESIAN_POINT('',(-5.327644777,27.571464793,3.722096798));
#2647=DIRECTION('',(0.,-1.,-0.));
#2648=VECTOR('',#2647,4.8);
#2649=LINE('',#2646,#2648);
#2650=EDGE_CURVE('',#2636,#2645,#2649,.T.);
#2651=ORIENTED_EDGE('',*,*,#2650,.T.);
#2652=CARTESIAN_POINT('',(-5.633723063,22.771464793,3.956958928));
#2653=VERTEX_POINT('',#2652);
#2654=CARTESIAN_POINT('',(0.,22.771464793,10.982094208));
#2655=DIRECTION('',(-0.,1.,0.));
#2656=DIRECTION('',(0.,0.,-1.));
#2657=AXIS2_PLACEMENT_3D('',#2654,#2655,#2656);
#2658=CIRCLE('',#2657,9.005074195);
#2659=EDGE_CURVE('',#2645,#2653,#2658,.T.);
#2660=ORIENTED_EDGE('',*,*,#2659,.T.);
#2661=CARTESIAN_POINT('',(-5.633723063,22.771464793,3.956958928));
#2662=DIRECTION('',(-0.,1.,0.));
#2663=VECTOR('',#2662,4.8);
#2664=LINE('',#2661,#2663);
#2665=EDGE_CURVE('',#2653,#2634,#2664,.T.);
#2666=ORIENTED_EDGE('',*,*,#2665,.T.);
#2667=EDGE_LOOP('',(#2643,#2651,#2660,#2666));
#2668=FACE_BOUND('',#2667,.T.);
#2669=ADVANCED_FACE('',(#2668),#2632,.T.);
#2670=CARTESIAN_POINT('',(0.,29.071464793,10.982094208));
#2671=DIRECTION('',(0.,1.,0.));
#2672=DIRECTION('',(0.,-0.,1.));
#2673=AXIS2_PLACEMENT_3D('',#2670,#2671,#2672);
#2674=CYLINDRICAL_SURFACE('',#2673,9.005074195);
#2675=CARTESIAN_POINT('',(-6.224565929,27.571464793,4.474703006));
#2676=VERTEX_POINT('',#2675);
#2677=CARTESIAN_POINT('',(-5.940121947,27.571464793,4.214058118));
#2678=VERTEX_POINT('',#2677);
#2679=CARTESIAN_POINT('',(0.,27.571464793,10.982094208));
#2680=DIRECTION('',(-0.,-1.,-0.));
#2681=DIRECTION('',(0.,-0.,1.));
#2682=AXIS2_PLACEMENT_3D('',#2679,#2680,#2681);
#2683=CIRCLE('',#2682,9.005074195);
#2684=EDGE_CURVE('',#2676,#2678,#2683,.T.);
#2685=ORIENTED_EDGE('',*,*,#2684,.T.);
#2686=CARTESIAN_POINT('',(-5.940121947,22.771464793,4.214058118));
#2687=VERTEX_POINT('',#2686);
#2688=CARTESIAN_POINT('',(-5.940121947,27.571464793,4.214058118));
#2689=DIRECTION('',(0.,-1.,-0.));
#2690=VECTOR('',#2689,4.8);
#2691=LINE('',#2688,#2690);
#2692=EDGE_CURVE('',#2678,#2687,#2691,.T.);
#2693=ORIENTED_EDGE('',*,*,#2692,.T.);
#2694=CARTESIAN_POINT('',(-6.224565929,22.771464793,4.474703006));
#2695=VERTEX_POINT('',#2694);
#2696=CARTESIAN_POINT('',(0.,22.771464793,10.982094208));
#2697=DIRECTION('',(-0.,1.,0.));
#2698=DIRECTION('',(0.,0.,-1.));
#2699=AXIS2_PLACEMENT_3D('',#2696,#2697,#2698);
#2700=CIRCLE('',#2699,9.005074195);
#2701=EDGE_CURVE('',#2687,#2695,#2700,.T.);
#2702=ORIENTED_EDGE('',*,*,#2701,.T.);
#2703=CARTESIAN_POINT('',(-6.224565929,22.771464793,4.474703006));
#2704=DIRECTION('',(-0.,1.,0.));
#2705=VECTOR('',#2704,4.8);
#2706=LINE('',#2703,#2705);
#2707=EDGE_CURVE('',#2695,#2676,#2706,.T.);
#2708=ORIENTED_EDGE('',*,*,#2707,.T.);
#2709=EDGE_LOOP('',(#2685,#2693,#2702,#2708));
#2710=FACE_BOUND('',#2709,.T.);
#2711=ADVANCED_FACE('',(#2710),#2674,.T.);
#2712=CARTESIAN_POINT('',(0.,29.071464793,10.982094208));
#2713=DIRECTION('',(0.,1.,0.));
#2714=DIRECTION('',(0.,-0.,1.));
#2715=AXIS2_PLACEMENT_3D('',#2712,#2713,#2714);
#2716=CYLINDRICAL_SURFACE('',#2715,9.005074195);
#2717=CARTESIAN_POINT('',(-6.76803609,27.571464793,5.041972261));
#2718=VERTEX_POINT('',#2717);
#2719=CARTESIAN_POINT('',(-6.507391202,27.571464793,4.757528279));
#2720=VERTEX_POINT('',#2719);
#2721=CARTESIAN_POINT('',(0.,27.571464793,10.982094208));
#2722=DIRECTION('',(-0.,-1.,-0.));
#2723=DIRECTION('',(0.,-0.,1.));
#2724=AXIS2_PLACEMENT_3D('',#2721,#2722,#2723);
#2725=CIRCLE('',#2724,9.005074195);
#2726=EDGE_CURVE('',#2718,#2720,#2725,.T.);
#2727=ORIENTED_EDGE('',*,*,#2726,.T.);
#2728=CARTESIAN_POINT('',(-6.507391202,22.771464793,4.757528279));
#2729=VERTEX_POINT('',#2728);
#2730=CARTESIAN_POINT('',(-6.507391202,27.571464793,4.757528279));
#2731=DIRECTION('',(0.,-1.,-0.));
#2732=VECTOR('',#2731,4.8);
#2733=LINE('',#2730,#2732);
#2734=EDGE_CURVE('',#2720,#2729,#2733,.T.);
#2735=ORIENTED_EDGE('',*,*,#2734,.T.);
#2736=CARTESIAN_POINT('',(-6.76803609,22.771464793,5.041972261));
#2737=VERTEX_POINT('',#2736);
#2738=CARTESIAN_POINT('',(0.,22.771464793,10.982094208));
#2739=DIRECTION('',(-0.,1.,0.));
#2740=DIRECTION('',(0.,0.,-1.));
#2741=AXIS2_PLACEMENT_3D('',#2738,#2739,#2740);
#2742=CIRCLE('',#2741,9.005074195);
#2743=EDGE_CURVE('',#2729,#2737,#2742,.T.);
#2744=ORIENTED_EDGE('',*,*,#2743,.T.);
#2745=CARTESIAN_POINT('',(-6.76803609,22.771464793,5.041972261));
#2746=DIRECTION('',(-0.,1.,0.));
#2747=VECTOR('',#2746,4.8);
#2748=LINE('',#2745,#2747);
#2749=EDGE_CURVE('',#2737,#2718,#2748,.T.);
#2750=ORIENTED_EDGE('',*,*,#2749,.T.);
#2751=EDGE_LOOP('',(#2727,#2735,#2744,#2750));
#2752=FACE_BOUND('',#2751,.T.);
#2753=ADVANCED_FACE('',(#2752),#2716,.T.);
#2754=CARTESIAN_POINT('',(0.,29.071464793,10.982094208));
#2755=DIRECTION('',(0.,1.,0.));
#2756=DIRECTION('',(0.,-0.,1.));
#2757=AXIS2_PLACEMENT_3D('',#2754,#2755,#2756);
#2758=CYLINDRICAL_SURFACE('',#2757,9.005074195);
#2759=CARTESIAN_POINT('',(-7.02513528,22.771464793,5.348371145));
#2760=VERTEX_POINT('',#2759);
#2761=CARTESIAN_POINT('',(-7.25999741,22.771464793,5.654449431));
#2762=VERTEX_POINT('',#2761);
#2763=CARTESIAN_POINT('',(0.,22.771464793,10.982094208));
#2764=DIRECTION('',(-0.,1.,0.));
#2765=DIRECTION('',(0.,0.,-1.));
#2766=AXIS2_PLACEMENT_3D('',#2763,#2764,#2765);
#2767=CIRCLE('',#2766,9.005074195);
#2768=EDGE_CURVE('',#2760,#2762,#2767,.T.);
#2769=ORIENTED_EDGE('',*,*,#2768,.T.);
#2770=CARTESIAN_POINT('',(-7.25999741,27.571464793,5.654449431));
#2771=VERTEX_POINT('',#2770);
#2772=CARTESIAN_POINT('',(-7.25999741,22.771464793,5.654449431));
#2773=DIRECTION('',(-0.,1.,0.));
#2774=VECTOR('',#2773,4.8);
#2775=LINE('',#2772,#2774);
#2776=EDGE_CURVE('',#2762,#2771,#2775,.T.);
#2777=ORIENTED_EDGE('',*,*,#2776,.T.);
#2778=CARTESIAN_POINT('',(-7.02513528,27.571464793,5.348371145));
#2779=VERTEX_POINT('',#2778);
#2780=CARTESIAN_POINT('',(0.,27.571464793,10.982094208));
#2781=DIRECTION('',(-0.,-1.,-0.));
#2782=DIRECTION('',(0.,-0.,1.));
#2783=AXIS2_PLACEMENT_3D('',#2780,#2781,#2782);
#2784=CIRCLE('',#2783,9.005074195);
#2785=EDGE_CURVE('',#2771,#2779,#2784,.T.);
#2786=ORIENTED_EDGE('',*,*,#2785,.T.);
#2787=CARTESIAN_POINT('',(-7.02513528,27.571464793,5.348371145));
#2788=DIRECTION('',(0.,-1.,-0.));
#2789=VECTOR('',#2788,4.8);
#2790=LINE('',#2787,#2789);
#2791=EDGE_CURVE('',#2779,#2760,#2790,.T.);
#2792=ORIENTED_EDGE('',*,*,#2791,.T.);
#2793=EDGE_LOOP('',(#2769,#2777,#2786,#2792));
#2794=FACE_BOUND('',#2793,.T.);
#2795=ADVANCED_FACE('',(#2794),#2758,.T.);
#2796=CARTESIAN_POINT('',(0.,29.071464793,10.982094208));
#2797=DIRECTION('',(0.,1.,0.));
#2798=DIRECTION('',(0.,-0.,1.));
#2799=AXIS2_PLACEMENT_3D('',#2796,#2797,#2798);
#2800=CYLINDRICAL_SURFACE('',#2799,9.005074195);
#2801=CARTESIAN_POINT('',(-4.674621013,27.571464793,18.678799974));
#2802=VERTEX_POINT('',#2801);
#2803=CARTESIAN_POINT('',(-5.000004163,27.571464793,18.471508046));
#2804=VERTEX_POINT('',#2803);
#2805=CARTESIAN_POINT('',(0.,27.571464793,10.982094208));
#2806=DIRECTION('',(-0.,-1.,-0.));
#2807=DIRECTION('',(0.,-0.,1.));
#2808=AXIS2_PLACEMENT_3D('',#2805,#2806,#2807);
#2809=CIRCLE('',#2808,9.005074195);
#2810=EDGE_CURVE('',#2802,#2804,#2809,.T.);
#2811=ORIENTED_EDGE('',*,*,#2810,.T.);
#2812=CARTESIAN_POINT('',(-5.000004163,22.771464793,18.471508046));
#2813=VERTEX_POINT('',#2812);
#2814=CARTESIAN_POINT('',(-5.000004163,27.571464793,18.471508046));
#2815=DIRECTION('',(0.,-1.,-0.));
#2816=VECTOR('',#2815,4.8);
#2817=LINE('',#2814,#2816);
#2818=EDGE_CURVE('',#2804,#2813,#2817,.T.);
#2819=ORIENTED_EDGE('',*,*,#2818,.T.);
#2820=CARTESIAN_POINT('',(-4.674621013,22.771464793,18.678799974));
#2821=VERTEX_POINT('',#2820);
#2822=CARTESIAN_POINT('',(0.,22.771464793,10.982094208));
#2823=DIRECTION('',(-0.,1.,0.));
#2824=DIRECTION('',(0.,0.,-1.));
#2825=AXIS2_PLACEMENT_3D('',#2822,#2823,#2824);
#2826=CIRCLE('',#2825,9.005074195);
#2827=EDGE_CURVE('',#2813,#2821,#2826,.T.);
#2828=ORIENTED_EDGE('',*,*,#2827,.T.);
#2829=CARTESIAN_POINT('',(-4.674621013,22.771464793,18.678799974));
#2830=DIRECTION('',(-0.,1.,0.));
#2831=VECTOR('',#2830,4.8);
#2832=LINE('',#2829,#2831);
#2833=EDGE_CURVE('',#2821,#2802,#2832,.T.);
#2834=ORIENTED_EDGE('',*,*,#2833,.T.);
#2835=EDGE_LOOP('',(#2811,#2819,#2828,#2834));
#2836=FACE_BOUND('',#2835,.T.);
#2837=ADVANCED_FACE('',(#2836),#2800,.T.);
#2838=CARTESIAN_POINT('',(0.,29.071464793,10.982094208));
#2839=DIRECTION('',(0.,1.,0.));
#2840=DIRECTION('',(0.,-0.,1.));
#2841=AXIS2_PLACEMENT_3D('',#2838,#2839,#2840);
#2842=CYLINDRICAL_SURFACE('',#2841,9.005074195);
#2843=CARTESIAN_POINT('',(-5.633723063,22.771464793,18.007229488));
#2844=VERTEX_POINT('',#2843);
#2845=CARTESIAN_POINT('',(-5.327644777,22.771464793,18.242091618));
#2846=VERTEX_POINT('',#2845);
#2847=CARTESIAN_POINT('',(0.,22.771464793,10.982094208));
#2848=DIRECTION('',(-0.,1.,0.));
#2849=DIRECTION('',(0.,0.,-1.));
#2850=AXIS2_PLACEMENT_3D('',#2847,#2848,#2849);
#2851=CIRCLE('',#2850,9.005074195);
#2852=EDGE_CURVE('',#2844,#2846,#2851,.T.);
#2853=ORIENTED_EDGE('',*,*,#2852,.T.);
#2854=CARTESIAN_POINT('',(-5.327644777,27.571464793,18.242091618));
#2855=VERTEX_POINT('',#2854);
#2856=CARTESIAN_POINT('',(-5.327644777,22.771464793,18.242091618));
#2857=DIRECTION('',(-0.,1.,0.));
#2858=VECTOR('',#2857,4.8);
#2859=LINE('',#2856,#2858);
#2860=EDGE_CURVE('',#2846,#2855,#2859,.T.);
#2861=ORIENTED_EDGE('',*,*,#2860,.T.);
#2862=CARTESIAN_POINT('',(-5.633723063,27.571464793,18.007229488));
#2863=VERTEX_POINT('',#2862);
#2864=CARTESIAN_POINT('',(0.,27.571464793,10.982094208));
#2865=DIRECTION('',(-0.,-1.,-0.));
#2866=DIRECTION('',(0.,-0.,1.));
#2867=AXIS2_PLACEMENT_3D('',#2864,#2865,#2866);
#2868=CIRCLE('',#2867,9.005074195);
#2869=EDGE_CURVE('',#2855,#2863,#2868,.T.);
#2870=ORIENTED_EDGE('',*,*,#2869,.T.);
#2871=CARTESIAN_POINT('',(-5.633723063,27.571464793,18.007229488));
#2872=DIRECTION('',(0.,-1.,-0.));
#2873=VECTOR('',#2872,4.8);
#2874=LINE('',#2871,#2873);
#2875=EDGE_CURVE('',#2863,#2844,#2874,.T.);
#2876=ORIENTED_EDGE('',*,*,#2875,.T.);
#2877=EDGE_LOOP('',(#2853,#2861,#2870,#2876));
#2878=FACE_BOUND('',#2877,.T.);
#2879=ADVANCED_FACE('',(#2878),#2842,.T.);
#2880=CARTESIAN_POINT('',(0.,29.071464793,10.982094208));
#2881=DIRECTION('',(0.,1.,0.));
#2882=DIRECTION('',(0.,-0.,1.));
#2883=AXIS2_PLACEMENT_3D('',#2880,#2881,#2882);
#2884=CYLINDRICAL_SURFACE('',#2883,9.005074195);
#2885=CARTESIAN_POINT('',(-6.224565929,22.771464793,17.48948541));
#2886=VERTEX_POINT('',#2885);
#2887=CARTESIAN_POINT('',(-5.940121947,22.771464793,17.750130298));
#2888=VERTEX_POINT('',#2887);
#2889=CARTESIAN_POINT('',(0.,22.771464793,10.982094208));
#2890=DIRECTION('',(-0.,1.,0.));
#2891=DIRECTION('',(0.,0.,-1.));
#2892=AXIS2_PLACEMENT_3D('',#2889,#2890,#2891);
#2893=CIRCLE('',#2892,9.005074195);
#2894=EDGE_CURVE('',#2886,#2888,#2893,.T.);
#2895=ORIENTED_EDGE('',*,*,#2894,.T.);
#2896=CARTESIAN_POINT('',(-5.940121947,27.571464793,17.750130298));
#2897=VERTEX_POINT('',#2896);
#2898=CARTESIAN_POINT('',(-5.940121947,22.771464793,17.750130298));
#2899=DIRECTION('',(-0.,1.,0.));
#2900=VECTOR('',#2899,4.8);
#2901=LINE('',#2898,#2900);
#2902=EDGE_CURVE('',#2888,#2897,#2901,.T.);
#2903=ORIENTED_EDGE('',*,*,#2902,.T.);
#2904=CARTESIAN_POINT('',(-6.224565929,27.571464793,17.48948541));
#2905=VERTEX_POINT('',#2904);
#2906=CARTESIAN_POINT('',(0.,27.571464793,10.982094208));
#2907=DIRECTION('',(-0.,-1.,-0.));
#2908=DIRECTION('',(0.,-0.,1.));
#2909=AXIS2_PLACEMENT_3D('',#2906,#2907,#2908);
#2910=CIRCLE('',#2909,9.005074195);
#2911=EDGE_CURVE('',#2897,#2905,#2910,.T.);
#2912=ORIENTED_EDGE('',*,*,#2911,.T.);
#2913=CARTESIAN_POINT('',(-6.224565929,27.571464793,17.48948541));
#2914=DIRECTION('',(0.,-1.,-0.));
#2915=VECTOR('',#2914,4.8);
#2916=LINE('',#2913,#2915);
#2917=EDGE_CURVE('',#2905,#2886,#2916,.T.);
#2918=ORIENTED_EDGE('',*,*,#2917,.T.);
#2919=EDGE_LOOP('',(#2895,#2903,#2912,#2918));
#2920=FACE_BOUND('',#2919,.T.);
#2921=ADVANCED_FACE('',(#2920),#2884,.T.);
#2922=CARTESIAN_POINT('',(0.,29.071464793,10.982094208));
#2923=DIRECTION('',(0.,1.,0.));
#2924=DIRECTION('',(0.,-0.,1.));
#2925=AXIS2_PLACEMENT_3D('',#2922,#2923,#2924);
#2926=CYLINDRICAL_SURFACE('',#2925,9.005074195);
#2927=CARTESIAN_POINT('',(-6.76803609,22.771464793,16.922216155));
#2928=VERTEX_POINT('',#2927);
#2929=CARTESIAN_POINT('',(-6.507391202,22.771464793,17.206660137));
#2930=VERTEX_POINT('',#2929);
#2931=CARTESIAN_POINT('',(0.,22.771464793,10.982094208));
#2932=DIRECTION('',(-0.,1.,0.));
#2933=DIRECTION('',(0.,0.,-1.));
#2934=AXIS2_PLACEMENT_3D('',#2931,#2932,#2933);
#2935=CIRCLE('',#2934,9.005074195);
#2936=EDGE_CURVE('',#2928,#2930,#2935,.T.);
#2937=ORIENTED_EDGE('',*,*,#2936,.T.);
#2938=CARTESIAN_POINT('',(-6.507391202,27.571464793,17.206660137));
#2939=VERTEX_POINT('',#2938);
#2940=CARTESIAN_POINT('',(-6.507391202,22.771464793,17.206660137));
#2941=DIRECTION('',(-0.,1.,0.));
#2942=VECTOR('',#2941,4.8);
#2943=LINE('',#2940,#2942);
#2944=EDGE_CURVE('',#2930,#2939,#2943,.T.);
#2945=ORIENTED_EDGE('',*,*,#2944,.T.);
#2946=CARTESIAN_POINT('',(-6.76803609,27.571464793,16.922216155));
#2947=VERTEX_POINT('',#2946);
#2948=CARTESIAN_POINT('',(0.,27.571464793,10.982094208));
#2949=DIRECTION('',(-0.,-1.,-0.));
#2950=DIRECTION('',(0.,-0.,1.));
#2951=AXIS2_PLACEMENT_3D('',#2948,#2949,#2950);
#2952=CIRCLE('',#2951,9.005074195);
#2953=EDGE_CURVE('',#2939,#2947,#2952,.T.);
#2954=ORIENTED_EDGE('',*,*,#2953,.T.);
#2955=CARTESIAN_POINT('',(-6.76803609,27.571464793,16.922216155));
#2956=DIRECTION('',(0.,-1.,-0.));
#2957=VECTOR('',#2956,4.8);
#2958=LINE('',#2955,#2957);
#2959=EDGE_CURVE('',#2947,#2928,#2958,.T.);
#2960=ORIENTED_EDGE('',*,*,#2959,.T.);
#2961=EDGE_LOOP('',(#2937,#2945,#2954,#2960));
#2962=FACE_BOUND('',#2961,.T.);
#2963=ADVANCED_FACE('',(#2962),#2926,.T.);
#2964=CARTESIAN_POINT('',(0.,29.071464793,10.982094208));
#2965=DIRECTION('',(0.,1.,0.));
#2966=DIRECTION('',(0.,-0.,1.));
#2967=AXIS2_PLACEMENT_3D('',#2964,#2965,#2966);
#2968=CYLINDRICAL_SURFACE('',#2967,9.005074195);
#2969=CARTESIAN_POINT('',(4.328232212,27.571464793,18.878787641));
#2970=VERTEX_POINT('',#2969);
#2971=CARTESIAN_POINT('',(3.986020561,27.571464793,19.056931751));
#2972=VERTEX_POINT('',#2971);
#2973=CARTESIAN_POINT('',(0.,27.571464793,10.982094208));
#2974=DIRECTION('',(-0.,-1.,-0.));
#2975=DIRECTION('',(0.,-0.,1.));
#2976=AXIS2_PLACEMENT_3D('',#2973,#2974,#2975);
#2977=CIRCLE('',#2976,9.005074195);
#2978=EDGE_CURVE('',#2970,#2972,#2977,.T.);
#2979=ORIENTED_EDGE('',*,*,#2978,.T.);
#2980=CARTESIAN_POINT('',(3.986020561,22.771464793,19.056931751));
#2981=VERTEX_POINT('',#2980);
#2982=CARTESIAN_POINT('',(3.986020561,27.571464793,19.056931751));
#2983=DIRECTION('',(-0.,-1.,-0.));
#2984=VECTOR('',#2983,4.8);
#2985=LINE('',#2982,#2984);
#2986=EDGE_CURVE('',#2972,#2981,#2985,.T.);
#2987=ORIENTED_EDGE('',*,*,#2986,.T.);
#2988=CARTESIAN_POINT('',(4.328232212,22.771464793,18.878787641));
#2989=VERTEX_POINT('',#2988);
#2990=CARTESIAN_POINT('',(0.,22.771464793,10.982094208));
#2991=DIRECTION('',(-0.,1.,0.));
#2992=DIRECTION('',(0.,0.,-1.));
#2993=AXIS2_PLACEMENT_3D('',#2990,#2991,#2992);
#2994=CIRCLE('',#2993,9.005074195);
#2995=EDGE_CURVE('',#2981,#2989,#2994,.T.);
#2996=ORIENTED_EDGE('',*,*,#2995,.T.);
#2997=CARTESIAN_POINT('',(4.328232212,22.771464793,18.878787641));
#2998=DIRECTION('',(0.,1.,0.));
#2999=VECTOR('',#2998,4.8);
#3000=LINE('',#2997,#2999);
#3001=EDGE_CURVE('',#2989,#2970,#3000,.T.);
#3002=ORIENTED_EDGE('',*,*,#3001,.T.);
#3003=EDGE_LOOP('',(#2979,#2987,#2996,#3002));
#3004=FACE_BOUND('',#3003,.T.);
#3005=ADVANCED_FACE('',(#3004),#2968,.T.);
#3006=CARTESIAN_POINT('',(0.,29.071464793,10.982094208));
#3007=DIRECTION('',(0.,1.,0.));
#3008=DIRECTION('',(0.,-0.,1.));
#3009=AXIS2_PLACEMENT_3D('',#3006,#3007,#3008);
#3010=CYLINDRICAL_SURFACE('',#3009,9.005074195);
#3011=CARTESIAN_POINT('',(3.267084086,22.771464793,19.373609139));
#3012=VERTEX_POINT('',#3011);
#3013=CARTESIAN_POINT('',(3.6235198,22.771464793,19.225968632));
#3014=VERTEX_POINT('',#3013);
#3015=CARTESIAN_POINT('',(0.,22.771464793,10.982094208));
#3016=DIRECTION('',(-0.,1.,0.));
#3017=DIRECTION('',(0.,0.,-1.));
#3018=AXIS2_PLACEMENT_3D('',#3015,#3016,#3017);
#3019=CIRCLE('',#3018,9.005074195);
#3020=EDGE_CURVE('',#3012,#3014,#3019,.T.);
#3021=ORIENTED_EDGE('',*,*,#3020,.T.);
#3022=CARTESIAN_POINT('',(3.6235198,27.571464793,19.225968632));
#3023=VERTEX_POINT('',#3022);
#3024=CARTESIAN_POINT('',(3.6235198,22.771464793,19.225968632));
#3025=DIRECTION('',(0.,1.,0.));
#3026=VECTOR('',#3025,4.8);
#3027=LINE('',#3024,#3026);
#3028=EDGE_CURVE('',#3014,#3023,#3027,.T.);
#3029=ORIENTED_EDGE('',*,*,#3028,.T.);
#3030=CARTESIAN_POINT('',(3.267084086,27.571464793,19.373609139));
#3031=VERTEX_POINT('',#3030);
#3032=CARTESIAN_POINT('',(0.,27.571464793,10.982094208));
#3033=DIRECTION('',(-0.,-1.,-0.));
#3034=DIRECTION('',(0.,-0.,1.));
#3035=AXIS2_PLACEMENT_3D('',#3032,#3033,#3034);
#3036=CIRCLE('',#3035,9.005074195);
#3037=EDGE_CURVE('',#3023,#3031,#3036,.T.);
#3038=ORIENTED_EDGE('',*,*,#3037,.T.);
#3039=CARTESIAN_POINT('',(3.267084086,27.571464793,19.373609139));
#3040=DIRECTION('',(-0.,-1.,-0.));
#3041=VECTOR('',#3040,4.8);
#3042=LINE('',#3039,#3041);
#3043=EDGE_CURVE('',#3031,#3012,#3042,.T.);
#3044=ORIENTED_EDGE('',*,*,#3043,.T.);
#3045=EDGE_LOOP('',(#3021,#3029,#3038,#3044));
#3046=FACE_BOUND('',#3045,.T.);
#3047=ADVANCED_FACE('',(#3046),#3010,.T.);
#3048=CARTESIAN_POINT('',(0.,29.071464793,10.982094208));
#3049=DIRECTION('',(0.,1.,0.));
#3050=DIRECTION('',(0.,-0.,1.));
#3051=AXIS2_PLACEMENT_3D('',#3048,#3049,#3050);
#3052=CYLINDRICAL_SURFACE('',#3051,9.005074195);
#3053=CARTESIAN_POINT('',(2.523283128,22.771464793,19.626422031));
#3054=VERTEX_POINT('',#3053);
#3055=CARTESIAN_POINT('',(2.891230215,22.771464793,19.510408761));
#3056=VERTEX_POINT('',#3055);
#3057=CARTESIAN_POINT('',(0.,22.771464793,10.982094208));
#3058=DIRECTION('',(-0.,1.,0.));
#3059=DIRECTION('',(0.,0.,-1.));
#3060=AXIS2_PLACEMENT_3D('',#3057,#3058,#3059);
#3061=CIRCLE('',#3060,9.005074195);
#3062=EDGE_CURVE('',#3054,#3056,#3061,.T.);
#3063=ORIENTED_EDGE('',*,*,#3062,.T.);
#3064=CARTESIAN_POINT('',(2.891230215,27.571464793,19.510408761));
#3065=VERTEX_POINT('',#3064);
#3066=CARTESIAN_POINT('',(2.891230215,22.771464793,19.510408761));
#3067=DIRECTION('',(0.,1.,0.));
#3068=VECTOR('',#3067,4.8);
#3069=LINE('',#3066,#3068);
#3070=EDGE_CURVE('',#3056,#3065,#3069,.T.);
#3071=ORIENTED_EDGE('',*,*,#3070,.T.);
#3072=CARTESIAN_POINT('',(2.523283128,27.571464793,19.626422031));
#3073=VERTEX_POINT('',#3072);
#3074=CARTESIAN_POINT('',(0.,27.571464793,10.982094208));
#3075=DIRECTION('',(-0.,-1.,-0.));
#3076=DIRECTION('',(0.,-0.,1.));
#3077=AXIS2_PLACEMENT_3D('',#3074,#3075,#3076);
#3078=CIRCLE('',#3077,9.005074195);
#3079=EDGE_CURVE('',#3065,#3073,#3078,.T.);
#3080=ORIENTED_EDGE('',*,*,#3079,.T.);
#3081=CARTESIAN_POINT('',(2.523283128,27.571464793,19.626422031));
#3082=DIRECTION('',(-0.,-1.,-0.));
#3083=VECTOR('',#3082,4.8);
#3084=LINE('',#3081,#3083);
#3085=EDGE_CURVE('',#3073,#3054,#3084,.T.);
#3086=ORIENTED_EDGE('',*,*,#3085,.T.);
#3087=EDGE_LOOP('',(#3063,#3071,#3080,#3086));
#3088=FACE_BOUND('',#3087,.T.);
#3089=ADVANCED_FACE('',(#3088),#3052,.T.);
#3090=CARTESIAN_POINT('',(0.,29.071464793,10.982094208));
#3091=DIRECTION('',(0.,1.,0.));
#3092=DIRECTION('',(0.,-0.,1.));
#3093=AXIS2_PLACEMENT_3D('',#3090,#3091,#3092);
#3094=CYLINDRICAL_SURFACE('',#3093,9.005074195);
#3095=CARTESIAN_POINT('',(-0.199987668,27.571464793,19.984947433));
#3096=VERTEX_POINT('',#3095);
#3097=CARTESIAN_POINT('',(-0.585423705,27.571464793,19.968118932));
#3098=VERTEX_POINT('',#3097);
#3099=CARTESIAN_POINT('',(0.,27.571464793,10.982094208));
#3100=DIRECTION('',(-0.,-1.,-0.));
#3101=DIRECTION('',(0.,-0.,1.));
#3102=AXIS2_PLACEMENT_3D('',#3099,#3100,#3101);
#3103=CIRCLE('',#3102,9.005074195);
#3104=EDGE_CURVE('',#3096,#3098,#3103,.T.);
#3105=ORIENTED_EDGE('',*,*,#3104,.T.);
#3106=CARTESIAN_POINT('',(-0.585423705,22.771464793,19.968118932));
#3107=VERTEX_POINT('',#3106);
#3108=CARTESIAN_POINT('',(-0.585423705,27.571464793,19.968118932));
#3109=DIRECTION('',(0.,-1.,-0.));
#3110=VECTOR('',#3109,4.8);
#3111=LINE('',#3108,#3110);
#3112=EDGE_CURVE('',#3098,#3107,#3111,.T.);
#3113=ORIENTED_EDGE('',*,*,#3112,.T.);
#3114=CARTESIAN_POINT('',(-0.199987668,22.771464793,19.984947433));
#3115=VERTEX_POINT('',#3114);
#3116=CARTESIAN_POINT('',(0.,22.771464793,10.982094208));
#3117=DIRECTION('',(-0.,1.,0.));
#3118=DIRECTION('',(0.,0.,-1.));
#3119=AXIS2_PLACEMENT_3D('',#3116,#3117,#3118);
#3120=CIRCLE('',#3119,9.005074195);
#3121=EDGE_CURVE('',#3107,#3115,#3120,.T.);
#3122=ORIENTED_EDGE('',*,*,#3121,.T.);
#3123=CARTESIAN_POINT('',(-0.199987668,22.771464793,19.984947433));
#3124=DIRECTION('',(0.,1.,0.));
#3125=VECTOR('',#3124,4.8);
#3126=LINE('',#3123,#3125);
#3127=EDGE_CURVE('',#3115,#3096,#3126,.T.);
#3128=ORIENTED_EDGE('',*,*,#3127,.T.);
#3129=EDGE_LOOP('',(#3105,#3113,#3122,#3128));
#3130=FACE_BOUND('',#3129,.T.);
#3131=ADVANCED_FACE('',(#3130),#3094,.T.);
#3132=CARTESIAN_POINT('',(0.,29.071464793,10.982094208));
#3133=DIRECTION('',(0.,1.,0.));
#3134=DIRECTION('',(0.,-0.,1.));
#3135=AXIS2_PLACEMENT_3D('',#3132,#3133,#3134);
#3136=CYLINDRICAL_SURFACE('',#3135,9.005074195);
#3137=CARTESIAN_POINT('',(1.366379651,27.571464793,19.882901357));
#3138=VERTEX_POINT('',#3137);
#3139=CARTESIAN_POINT('',(0.983877014,27.571464793,19.933258785));
#3140=VERTEX_POINT('',#3139);
#3141=CARTESIAN_POINT('',(0.,27.571464793,10.982094208));
#3142=DIRECTION('',(-0.,-1.,-0.));
#3143=DIRECTION('',(0.,-0.,1.));
#3144=AXIS2_PLACEMENT_3D('',#3141,#3142,#3143);
#3145=CIRCLE('',#3144,9.005074195);
#3146=EDGE_CURVE('',#3138,#3140,#3145,.T.);
#3147=ORIENTED_EDGE('',*,*,#3146,.T.);
#3148=CARTESIAN_POINT('',(0.983877014,22.771464793,19.933258785));
#3149=VERTEX_POINT('',#3148);
#3150=CARTESIAN_POINT('',(0.983877014,27.571464793,19.933258785));
#3151=DIRECTION('',(-0.,-1.,-0.));
#3152=VECTOR('',#3151,4.8);
#3153=LINE('',#3150,#3152);
#3154=EDGE_CURVE('',#3140,#3149,#3153,.T.);
#3155=ORIENTED_EDGE('',*,*,#3154,.T.);
#3156=CARTESIAN_POINT('',(1.366379651,22.771464793,19.882901357));
#3157=VERTEX_POINT('',#3156);
#3158=CARTESIAN_POINT('',(0.,22.771464793,10.982094208));
#3159=DIRECTION('',(-0.,1.,0.));
#3160=DIRECTION('',(0.,0.,-1.));
#3161=AXIS2_PLACEMENT_3D('',#3158,#3159,#3160);
#3162=CIRCLE('',#3161,9.005074195);
#3163=EDGE_CURVE('',#3149,#3157,#3162,.T.);
#3164=ORIENTED_EDGE('',*,*,#3163,.T.);
#3165=CARTESIAN_POINT('',(1.366379651,22.771464793,19.882901357));
#3166=DIRECTION('',(0.,1.,0.));
#3167=VECTOR('',#3166,4.8);
#3168=LINE('',#3165,#3167);
#3169=EDGE_CURVE('',#3157,#3138,#3168,.T.);
#3170=ORIENTED_EDGE('',*,*,#3169,.T.);
#3171=EDGE_LOOP('',(#3147,#3155,#3164,#3170));
#3172=FACE_BOUND('',#3171,.T.);
#3173=ADVANCED_FACE('',(#3172),#3136,.T.);
#3174=CARTESIAN_POINT('',(0.,29.071464793,10.982094208));
#3175=DIRECTION('',(0.,1.,0.));
#3176=DIRECTION('',(0.,-0.,1.));
#3177=AXIS2_PLACEMENT_3D('',#3174,#3175,#3176);
#3178=CYLINDRICAL_SURFACE('',#3177,9.005074195);
#3179=CARTESIAN_POINT('',(1.760278462,22.771464793,19.813446369));
#3180=VERTEX_POINT('',#3179);
#3181=CARTESIAN_POINT('',(2.136936622,22.771464793,19.729943266));
#3182=VERTEX_POINT('',#3181);
#3183=CARTESIAN_POINT('',(0.,22.771464793,10.982094208));
#3184=DIRECTION('',(-0.,1.,0.));
#3185=DIRECTION('',(0.,0.,-1.));
#3186=AXIS2_PLACEMENT_3D('',#3183,#3184,#3185);
#3187=CIRCLE('',#3186,9.005074195);
#3188=EDGE_CURVE('',#3180,#3182,#3187,.T.);
#3189=ORIENTED_EDGE('',*,*,#3188,.T.);
#3190=CARTESIAN_POINT('',(2.136936622,27.571464793,19.729943266));
#3191=VERTEX_POINT('',#3190);
#3192=CARTESIAN_POINT('',(2.136936622,22.771464793,19.729943266));
#3193=DIRECTION('',(0.,1.,0.));
#3194=VECTOR('',#3193,4.8);
#3195=LINE('',#3192,#3194);
#3196=EDGE_CURVE('',#3182,#3191,#3195,.T.);
#3197=ORIENTED_EDGE('',*,*,#3196,.T.);
#3198=CARTESIAN_POINT('',(1.760278462,27.571464793,19.813446369));
#3199=VERTEX_POINT('',#3198);
#3200=CARTESIAN_POINT('',(0.,27.571464793,10.982094208));
#3201=DIRECTION('',(-0.,-1.,-0.));
#3202=DIRECTION('',(0.,-0.,1.));
#3203=AXIS2_PLACEMENT_3D('',#3200,#3201,#3202);
#3204=CIRCLE('',#3203,9.005074195);
#3205=EDGE_CURVE('',#3191,#3199,#3204,.T.);
#3206=ORIENTED_EDGE('',*,*,#3205,.T.);
#3207=CARTESIAN_POINT('',(1.760278462,27.571464793,19.813446369));
#3208=DIRECTION('',(-0.,-1.,-0.));
#3209=VECTOR('',#3208,4.8);
#3210=LINE('',#3207,#3209);
#3211=EDGE_CURVE('',#3199,#3180,#3210,.T.);
#3212=ORIENTED_EDGE('',*,*,#3211,.T.);
#3213=EDGE_LOOP('',(#3189,#3197,#3206,#3212));
#3214=FACE_BOUND('',#3213,.T.);
#3215=ADVANCED_FACE('',(#3214),#3178,.T.);
#3216=CARTESIAN_POINT('',(0.,29.071464793,10.982094208));
#3217=DIRECTION('',(0.,1.,0.));
#3218=DIRECTION('',(0.,-0.,1.));
#3219=AXIS2_PLACEMENT_3D('',#3216,#3217,#3218);
#3220=CYLINDRICAL_SURFACE('',#3219,9.005074195);
#3221=CARTESIAN_POINT('',(6.224565929,22.771464793,4.474703006));
#3222=VERTEX_POINT('',#3221);
#3223=CARTESIAN_POINT('',(5.940121947,22.771464793,4.214058118));
#3224=VERTEX_POINT('',#3223);
#3225=CARTESIAN_POINT('',(0.,22.771464793,10.982094208));
#3226=DIRECTION('',(-0.,1.,0.));
#3227=DIRECTION('',(0.,0.,-1.));
#3228=AXIS2_PLACEMENT_3D('',#3225,#3226,#3227);
#3229=CIRCLE('',#3228,9.005074195);
#3230=EDGE_CURVE('',#3222,#3224,#3229,.T.);
#3231=ORIENTED_EDGE('',*,*,#3230,.T.);
#3232=CARTESIAN_POINT('',(5.940121947,27.571464793,4.214058118));
#3233=VERTEX_POINT('',#3232);
#3234=CARTESIAN_POINT('',(5.940121947,22.771464793,4.214058118));
#3235=DIRECTION('',(0.,1.,0.));
#3236=VECTOR('',#3235,4.8);
#3237=LINE('',#3234,#3236);
#3238=EDGE_CURVE('',#3224,#3233,#3237,.T.);
#3239=ORIENTED_EDGE('',*,*,#3238,.T.);
#3240=CARTESIAN_POINT('',(6.224565929,27.571464793,4.474703006));
#3241=VERTEX_POINT('',#3240);
#3242=CARTESIAN_POINT('',(0.,27.571464793,10.982094208));
#3243=DIRECTION('',(-0.,-1.,-0.));
#3244=DIRECTION('',(0.,-0.,1.));
#3245=AXIS2_PLACEMENT_3D('',#3242,#3243,#3244);
#3246=CIRCLE('',#3245,9.005074195);
#3247=EDGE_CURVE('',#3233,#3241,#3246,.T.);
#3248=ORIENTED_EDGE('',*,*,#3247,.T.);
#3249=CARTESIAN_POINT('',(6.224565929,27.571464793,4.474703006));
#3250=DIRECTION('',(-0.,-1.,-0.));
#3251=VECTOR('',#3250,4.8);
#3252=LINE('',#3249,#3251);
#3253=EDGE_CURVE('',#3241,#3222,#3252,.T.);
#3254=ORIENTED_EDGE('',*,*,#3253,.T.);
#3255=EDGE_LOOP('',(#3231,#3239,#3248,#3254));
#3256=FACE_BOUND('',#3255,.T.);
#3257=ADVANCED_FACE('',(#3256),#3220,.T.);
#3258=CARTESIAN_POINT('',(0.,29.071464793,10.982094208));
#3259=DIRECTION('',(0.,1.,0.));
#3260=DIRECTION('',(0.,-0.,1.));
#3261=AXIS2_PLACEMENT_3D('',#3258,#3259,#3260);
#3262=CYLINDRICAL_SURFACE('',#3261,9.005074195);
#3263=CARTESIAN_POINT('',(5.000004163,27.571464793,18.471508046));
#3264=VERTEX_POINT('',#3263);
#3265=CARTESIAN_POINT('',(4.674621013,27.571464793,18.678799974));
#3266=VERTEX_POINT('',#3265);
#3267=CARTESIAN_POINT('',(0.,27.571464793,10.982094208));
#3268=DIRECTION('',(-0.,-1.,-0.));
#3269=DIRECTION('',(0.,-0.,1.));
#3270=AXIS2_PLACEMENT_3D('',#3267,#3268,#3269);
#3271=CIRCLE('',#3270,9.005074195);
#3272=EDGE_CURVE('',#3264,#3266,#3271,.T.);
#3273=ORIENTED_EDGE('',*,*,#3272,.T.);
#3274=CARTESIAN_POINT('',(4.674621013,22.771464793,18.678799974));
#3275=VERTEX_POINT('',#3274);
#3276=CARTESIAN_POINT('',(4.674621013,27.571464793,18.678799974));
#3277=DIRECTION('',(-0.,-1.,-0.));
#3278=VECTOR('',#3277,4.8);
#3279=LINE('',#3276,#3278);
#3280=EDGE_CURVE('',#3266,#3275,#3279,.T.);
#3281=ORIENTED_EDGE('',*,*,#3280,.T.);
#3282=CARTESIAN_POINT('',(5.000004163,22.771464793,18.471508046));
#3283=VERTEX_POINT('',#3282);
#3284=CARTESIAN_POINT('',(0.,22.771464793,10.982094208));
#3285=DIRECTION('',(-0.,1.,0.));
#3286=DIRECTION('',(0.,0.,-1.));
#3287=AXIS2_PLACEMENT_3D('',#3284,#3285,#3286);
#3288=CIRCLE('',#3287,9.005074195);
#3289=EDGE_CURVE('',#3275,#3283,#3288,.T.);
#3290=ORIENTED_EDGE('',*,*,#3289,.T.);
#3291=CARTESIAN_POINT('',(5.000004163,22.771464793,18.471508046));
#3292=DIRECTION('',(0.,1.,0.));
#3293=VECTOR('',#3292,4.8);
#3294=LINE('',#3291,#3293);
#3295=EDGE_CURVE('',#3283,#3264,#3294,.T.);
#3296=ORIENTED_EDGE('',*,*,#3295,.T.);
#3297=EDGE_LOOP('',(#3273,#3281,#3290,#3296));
#3298=FACE_BOUND('',#3297,.T.);
#3299=ADVANCED_FACE('',(#3298),#3262,.T.);
#3300=CARTESIAN_POINT('',(0.,29.071464793,10.982094208));
#3301=DIRECTION('',(0.,1.,0.));
#3302=DIRECTION('',(0.,-0.,1.));
#3303=AXIS2_PLACEMENT_3D('',#3300,#3301,#3302);
#3304=CYLINDRICAL_SURFACE('',#3303,9.005074195);
#3305=CARTESIAN_POINT('',(5.633723063,27.571464793,18.007229488));
#3306=VERTEX_POINT('',#3305);
#3307=CARTESIAN_POINT('',(5.327644777,27.571464793,18.242091618));
#3308=VERTEX_POINT('',#3307);
#3309=CARTESIAN_POINT('',(0.,27.571464793,10.982094208));
#3310=DIRECTION('',(-0.,-1.,-0.));
#3311=DIRECTION('',(0.,-0.,1.));
#3312=AXIS2_PLACEMENT_3D('',#3309,#3310,#3311);
#3313=CIRCLE('',#3312,9.005074195);
#3314=EDGE_CURVE('',#3306,#3308,#3313,.T.);
#3315=ORIENTED_EDGE('',*,*,#3314,.T.);
#3316=CARTESIAN_POINT('',(5.327644777,22.771464793,18.242091618));
#3317=VERTEX_POINT('',#3316);
#3318=CARTESIAN_POINT('',(5.327644777,27.571464793,18.242091618));
#3319=DIRECTION('',(-0.,-1.,-0.));
#3320=VECTOR('',#3319,4.8);
#3321=LINE('',#3318,#3320);
#3322=EDGE_CURVE('',#3308,#3317,#3321,.T.);
#3323=ORIENTED_EDGE('',*,*,#3322,.T.);
#3324=CARTESIAN_POINT('',(5.633723063,22.771464793,18.007229488));
#3325=VERTEX_POINT('',#3324);
#3326=CARTESIAN_POINT('',(0.,22.771464793,10.982094208));
#3327=DIRECTION('',(-0.,1.,0.));
#3328=DIRECTION('',(0.,0.,-1.));
#3329=AXIS2_PLACEMENT_3D('',#3326,#3327,#3328);
#3330=CIRCLE('',#3329,9.005074195);
#3331=EDGE_CURVE('',#3317,#3325,#3330,.T.);
#3332=ORIENTED_EDGE('',*,*,#3331,.T.);
#3333=CARTESIAN_POINT('',(5.633723063,22.771464793,18.007229488));
#3334=DIRECTION('',(0.,1.,0.));
#3335=VECTOR('',#3334,4.8);
#3336=LINE('',#3333,#3335);
#3337=EDGE_CURVE('',#3325,#3306,#3336,.T.);
#3338=ORIENTED_EDGE('',*,*,#3337,.T.);
#3339=EDGE_LOOP('',(#3315,#3323,#3332,#3338));
#3340=FACE_BOUND('',#3339,.T.);
#3341=ADVANCED_FACE('',(#3340),#3304,.T.);
#3342=CARTESIAN_POINT('',(0.,29.071464793,10.982094208));
#3343=DIRECTION('',(0.,1.,0.));
#3344=DIRECTION('',(0.,-0.,1.));
#3345=AXIS2_PLACEMENT_3D('',#3342,#3343,#3344);
#3346=CYLINDRICAL_SURFACE('',#3345,9.005074195);
#3347=CARTESIAN_POINT('',(6.224565929,27.571464793,17.48948541));
#3348=VERTEX_POINT('',#3347);
#3349=CARTESIAN_POINT('',(5.940121947,27.571464793,17.750130298));
#3350=VERTEX_POINT('',#3349);
#3351=CARTESIAN_POINT('',(0.,27.571464793,10.982094208));
#3352=DIRECTION('',(-0.,-1.,-0.));
#3353=DIRECTION('',(0.,-0.,1.));
#3354=AXIS2_PLACEMENT_3D('',#3351,#3352,#3353);
#3355=CIRCLE('',#3354,9.005074195);
#3356=EDGE_CURVE('',#3348,#3350,#3355,.T.);
#3357=ORIENTED_EDGE('',*,*,#3356,.T.);
#3358=CARTESIAN_POINT('',(5.940121947,22.771464793,17.750130298));
#3359=VERTEX_POINT('',#3358);
#3360=CARTESIAN_POINT('',(5.940121947,27.571464793,17.750130298));
#3361=DIRECTION('',(-0.,-1.,-0.));
#3362=VECTOR('',#3361,4.8);
#3363=LINE('',#3360,#3362);
#3364=EDGE_CURVE('',#3350,#3359,#3363,.T.);
#3365=ORIENTED_EDGE('',*,*,#3364,.T.);
#3366=CARTESIAN_POINT('',(6.224565929,22.771464793,17.48948541));
#3367=VERTEX_POINT('',#3366);
#3368=CARTESIAN_POINT('',(0.,22.771464793,10.982094208));
#3369=DIRECTION('',(-0.,1.,0.));
#3370=DIRECTION('',(0.,0.,-1.));
#3371=AXIS2_PLACEMENT_3D('',#3368,#3369,#3370);
#3372=CIRCLE('',#3371,9.005074195);
#3373=EDGE_CURVE('',#3359,#3367,#3372,.T.);
#3374=ORIENTED_EDGE('',*,*,#3373,.T.);
#3375=CARTESIAN_POINT('',(6.224565929,22.771464793,17.48948541));
#3376=DIRECTION('',(0.,1.,0.));
#3377=VECTOR('',#3376,4.8);
#3378=LINE('',#3375,#3377);
#3379=EDGE_CURVE('',#3367,#3348,#3378,.T.);
#3380=ORIENTED_EDGE('',*,*,#3379,.T.);
#3381=EDGE_LOOP('',(#3357,#3365,#3374,#3380));
#3382=FACE_BOUND('',#3381,.T.);
#3383=ADVANCED_FACE('',(#3382),#3346,.T.);
#3384=CARTESIAN_POINT('',(0.,29.071464793,10.982094208));
#3385=DIRECTION('',(0.,1.,0.));
#3386=DIRECTION('',(0.,-0.,1.));
#3387=AXIS2_PLACEMENT_3D('',#3384,#3385,#3386);
#3388=CYLINDRICAL_SURFACE('',#3387,9.005074195);
#3389=CARTESIAN_POINT('',(6.76803609,27.571464793,16.922216155));
#3390=VERTEX_POINT('',#3389);
#3391=CARTESIAN_POINT('',(6.507391202,27.571464793,17.206660137));
#3392=VERTEX_POINT('',#3391);
#3393=CARTESIAN_POINT('',(0.,27.571464793,10.982094208));
#3394=DIRECTION('',(-0.,-1.,-0.));
#3395=DIRECTION('',(0.,-0.,1.));
#3396=AXIS2_PLACEMENT_3D('',#3393,#3394,#3395);
#3397=CIRCLE('',#3396,9.005074195);
#3398=EDGE_CURVE('',#3390,#3392,#3397,.T.);
#3399=ORIENTED_EDGE('',*,*,#3398,.T.);
#3400=CARTESIAN_POINT('',(6.507391202,22.771464793,17.206660137));
#3401=VERTEX_POINT('',#3400);
#3402=CARTESIAN_POINT('',(6.507391202,27.571464793,17.206660137));
#3403=DIRECTION('',(-0.,-1.,-0.));
#3404=VECTOR('',#3403,4.8);
#3405=LINE('',#3402,#3404);
#3406=EDGE_CURVE('',#3392,#3401,#3405,.T.);
#3407=ORIENTED_EDGE('',*,*,#3406,.T.);
#3408=CARTESIAN_POINT('',(6.76803609,22.771464793,16.922216155));
#3409=VERTEX_POINT('',#3408);
#3410=CARTESIAN_POINT('',(0.,22.771464793,10.982094208));
#3411=DIRECTION('',(-0.,1.,0.));
#3412=DIRECTION('',(0.,0.,-1.));
#3413=AXIS2_PLACEMENT_3D('',#3410,#3411,#3412);
#3414=CIRCLE('',#3413,9.005074195);
#3415=EDGE_CURVE('',#3401,#3409,#3414,.T.);
#3416=ORIENTED_EDGE('',*,*,#3415,.T.);
#3417=CARTESIAN_POINT('',(6.76803609,22.771464793,16.922216155));
#3418=DIRECTION('',(0.,1.,0.));
#3419=VECTOR('',#3418,4.8);
#3420=LINE('',#3417,#3419);
#3421=EDGE_CURVE('',#3409,#3390,#3420,.T.);
#3422=ORIENTED_EDGE('',*,*,#3421,.T.);
#3423=EDGE_LOOP('',(#3399,#3407,#3416,#3422));
#3424=FACE_BOUND('',#3423,.T.);
#3425=ADVANCED_FACE('',(#3424),#3388,.T.);
#3426=CARTESIAN_POINT('',(0.,29.071464793,10.982094208));
#3427=DIRECTION('',(0.,1.,0.));
#3428=DIRECTION('',(0.,-0.,1.));
#3429=AXIS2_PLACEMENT_3D('',#3426,#3427,#3428);
#3430=CYLINDRICAL_SURFACE('',#3429,9.005074195);
#3431=CARTESIAN_POINT('',(7.25999741,27.571464793,16.309738985));
#3432=VERTEX_POINT('',#3431);
#3433=CARTESIAN_POINT('',(7.02513528,27.571464793,16.615817271));
#3434=VERTEX_POINT('',#3433);
#3435=CARTESIAN_POINT('',(0.,27.571464793,10.982094208));
#3436=DIRECTION('',(-0.,-1.,-0.));
#3437=DIRECTION('',(0.,-0.,1.));
#3438=AXIS2_PLACEMENT_3D('',#3435,#3436,#3437);
#3439=CIRCLE('',#3438,9.005074195);
#3440=EDGE_CURVE('',#3432,#3434,#3439,.T.);
#3441=ORIENTED_EDGE('',*,*,#3440,.T.);
#3442=CARTESIAN_POINT('',(7.02513528,22.771464793,16.615817271));
#3443=VERTEX_POINT('',#3442);
#3444=CARTESIAN_POINT('',(7.02513528,27.571464793,16.615817271));
#3445=DIRECTION('',(-0.,-1.,-0.));
#3446=VECTOR('',#3445,4.8);
#3447=LINE('',#3444,#3446);
#3448=EDGE_CURVE('',#3434,#3443,#3447,.T.);
#3449=ORIENTED_EDGE('',*,*,#3448,.T.);
#3450=CARTESIAN_POINT('',(7.25999741,22.771464793,16.309738985));
#3451=VERTEX_POINT('',#3450);
#3452=CARTESIAN_POINT('',(0.,22.771464793,10.982094208));
#3453=DIRECTION('',(-0.,1.,0.));
#3454=DIRECTION('',(0.,0.,-1.));
#3455=AXIS2_PLACEMENT_3D('',#3452,#3453,#3454);
#3456=CIRCLE('',#3455,9.005074195);
#3457=EDGE_CURVE('',#3443,#3451,#3456,.T.);
#3458=ORIENTED_EDGE('',*,*,#3457,.T.);
#3459=CARTESIAN_POINT('',(7.25999741,22.771464793,16.309738985));
#3460=DIRECTION('',(0.,1.,0.));
#3461=VECTOR('',#3460,4.8);
#3462=LINE('',#3459,#3461);
#3463=EDGE_CURVE('',#3451,#3432,#3462,.T.);
#3464=ORIENTED_EDGE('',*,*,#3463,.T.);
#3465=EDGE_LOOP('',(#3441,#3449,#3458,#3464));
#3466=FACE_BOUND('',#3465,.T.);
#3467=ADVANCED_FACE('',(#3466),#3430,.T.);
#3468=CARTESIAN_POINT('',(0.,29.071464793,10.982094208));
#3469=DIRECTION('',(0.,1.,0.));
#3470=DIRECTION('',(0.,-0.,1.));
#3471=AXIS2_PLACEMENT_3D('',#3468,#3469,#3470);
#3472=CYLINDRICAL_SURFACE('',#3471,9.005074195);
#3473=CARTESIAN_POINT('',(7.696705766,27.571464793,15.656715221));
#3474=VERTEX_POINT('',#3473);
#3475=CARTESIAN_POINT('',(7.489413838,27.571464793,15.982098371));
#3476=VERTEX_POINT('',#3475);
#3477=CARTESIAN_POINT('',(0.,27.571464793,10.982094208));
#3478=DIRECTION('',(-0.,-1.,-0.));
#3479=DIRECTION('',(0.,-0.,1.));
#3480=AXIS2_PLACEMENT_3D('',#3477,#3478,#3479);
#3481=CIRCLE('',#3480,9.005074195);
#3482=EDGE_CURVE('',#3474,#3476,#3481,.T.);
#3483=ORIENTED_EDGE('',*,*,#3482,.T.);
#3484=CARTESIAN_POINT('',(7.489413838,22.771464793,15.982098371));
#3485=VERTEX_POINT('',#3484);
#3486=CARTESIAN_POINT('',(7.489413838,27.571464793,15.982098371));
#3487=DIRECTION('',(-0.,-1.,-0.));
#3488=VECTOR('',#3487,4.8);
#3489=LINE('',#3486,#3488);
#3490=EDGE_CURVE('',#3476,#3485,#3489,.T.);
#3491=ORIENTED_EDGE('',*,*,#3490,.T.);
#3492=CARTESIAN_POINT('',(7.696705766,22.771464793,15.656715221));
#3493=VERTEX_POINT('',#3492);
#3494=CARTESIAN_POINT('',(0.,22.771464793,10.982094208));
#3495=DIRECTION('',(-0.,1.,0.));
#3496=DIRECTION('',(0.,0.,-1.));
#3497=AXIS2_PLACEMENT_3D('',#3494,#3495,#3496);
#3498=CIRCLE('',#3497,9.005074195);
#3499=EDGE_CURVE('',#3485,#3493,#3498,.T.);
#3500=ORIENTED_EDGE('',*,*,#3499,.T.);
#3501=CARTESIAN_POINT('',(7.696705766,22.771464793,15.656715221));
#3502=DIRECTION('',(0.,1.,0.));
#3503=VECTOR('',#3502,4.8);
#3504=LINE('',#3501,#3503);
#3505=EDGE_CURVE('',#3493,#3474,#3504,.T.);
#3506=ORIENTED_EDGE('',*,*,#3505,.T.);
#3507=EDGE_LOOP('',(#3483,#3491,#3500,#3506));
#3508=FACE_BOUND('',#3507,.T.);
#3509=ADVANCED_FACE('',(#3508),#3472,.T.);
#3510=CARTESIAN_POINT('',(0.,29.071464793,10.982094208));
#3511=DIRECTION('',(0.,1.,0.));
#3512=DIRECTION('',(0.,-0.,1.));
#3513=AXIS2_PLACEMENT_3D('',#3510,#3511,#3512);
#3514=CYLINDRICAL_SURFACE('',#3513,9.005074195);
#3515=CARTESIAN_POINT('',(8.074837543,27.571464793,14.968114769));
#3516=VERTEX_POINT('',#3515);
#3517=CARTESIAN_POINT('',(7.896693433,27.571464793,15.31032642));
#3518=VERTEX_POINT('',#3517);
#3519=CARTESIAN_POINT('',(0.,27.571464793,10.982094208));
#3520=DIRECTION('',(-0.,-1.,-0.));
#3521=DIRECTION('',(0.,-0.,1.));
#3522=AXIS2_PLACEMENT_3D('',#3519,#3520,#3521);
#3523=CIRCLE('',#3522,9.005074195);
#3524=EDGE_CURVE('',#3516,#3518,#3523,.T.);
#3525=ORIENTED_EDGE('',*,*,#3524,.T.);
#3526=CARTESIAN_POINT('',(7.896693433,22.771464793,15.31032642));
#3527=VERTEX_POINT('',#3526);
#3528=CARTESIAN_POINT('',(7.896693433,27.571464793,15.31032642));
#3529=DIRECTION('',(-0.,-1.,-0.));
#3530=VECTOR('',#3529,4.8);
#3531=LINE('',#3528,#3530);
#3532=EDGE_CURVE('',#3518,#3527,#3531,.T.);
#3533=ORIENTED_EDGE('',*,*,#3532,.T.);
#3534=CARTESIAN_POINT('',(8.074837543,22.771464793,14.968114769));
#3535=VERTEX_POINT('',#3534);
#3536=CARTESIAN_POINT('',(0.,22.771464793,10.982094208));
#3537=DIRECTION('',(-0.,1.,0.));
#3538=DIRECTION('',(0.,0.,-1.));
#3539=AXIS2_PLACEMENT_3D('',#3536,#3537,#3538);
#3540=CIRCLE('',#3539,9.005074195);
#3541=EDGE_CURVE('',#3527,#3535,#3540,.T.);
#3542=ORIENTED_EDGE('',*,*,#3541,.T.);
#3543=CARTESIAN_POINT('',(8.074837543,22.771464793,14.968114769));
#3544=DIRECTION('',(0.,1.,0.));
#3545=VECTOR('',#3544,4.8);
#3546=LINE('',#3543,#3545);
#3547=EDGE_CURVE('',#3535,#3516,#3546,.T.);
#3548=ORIENTED_EDGE('',*,*,#3547,.T.);
#3549=EDGE_LOOP('',(#3525,#3533,#3542,#3548));
#3550=FACE_BOUND('',#3549,.T.);
#3551=ADVANCED_FACE('',(#3550),#3514,.T.);
#3552=CARTESIAN_POINT('',(0.,29.071464793,10.982094208));
#3553=DIRECTION('',(0.,1.,0.));
#3554=DIRECTION('',(0.,-0.,1.));
#3555=AXIS2_PLACEMENT_3D('',#3552,#3553,#3554);
#3556=CYLINDRICAL_SURFACE('',#3555,9.005074195);
#3557=CARTESIAN_POINT('',(8.391514931,27.571464793,14.249178294));
#3558=VERTEX_POINT('',#3557);
#3559=CARTESIAN_POINT('',(8.243874424,27.571464793,14.605614008));
#3560=VERTEX_POINT('',#3559);
#3561=CARTESIAN_POINT('',(0.,27.571464793,10.982094208));
#3562=DIRECTION('',(-0.,-1.,-0.));
#3563=DIRECTION('',(0.,-0.,1.));
#3564=AXIS2_PLACEMENT_3D('',#3561,#3562,#3563);
#3565=CIRCLE('',#3564,9.005074195);
#3566=EDGE_CURVE('',#3558,#3560,#3565,.T.);
#3567=ORIENTED_EDGE('',*,*,#3566,.T.);
#3568=CARTESIAN_POINT('',(8.243874424,22.771464793,14.605614008));
#3569=VERTEX_POINT('',#3568);
#3570=CARTESIAN_POINT('',(8.243874424,27.571464793,14.605614008));
#3571=DIRECTION('',(-0.,-1.,-0.));
#3572=VECTOR('',#3571,4.8);
#3573=LINE('',#3570,#3572);
#3574=EDGE_CURVE('',#3560,#3569,#3573,.T.);
#3575=ORIENTED_EDGE('',*,*,#3574,.T.);
#3576=CARTESIAN_POINT('',(8.391514931,22.771464793,14.249178294));
#3577=VERTEX_POINT('',#3576);
#3578=CARTESIAN_POINT('',(0.,22.771464793,10.982094208));
#3579=DIRECTION('',(-0.,1.,0.));
#3580=DIRECTION('',(0.,0.,-1.));
#3581=AXIS2_PLACEMENT_3D('',#3578,#3579,#3580);
#3582=CIRCLE('',#3581,9.005074195);
#3583=EDGE_CURVE('',#3569,#3577,#3582,.T.);
#3584=ORIENTED_EDGE('',*,*,#3583,.T.);
#3585=CARTESIAN_POINT('',(8.391514931,22.771464793,14.249178294));
#3586=DIRECTION('',(0.,1.,0.));
#3587=VECTOR('',#3586,4.8);
#3588=LINE('',#3585,#3587);
#3589=EDGE_CURVE('',#3577,#3558,#3588,.T.);
#3590=ORIENTED_EDGE('',*,*,#3589,.T.);
#3591=EDGE_LOOP('',(#3567,#3575,#3584,#3590));
#3592=FACE_BOUND('',#3591,.T.);
#3593=ADVANCED_FACE('',(#3592),#3556,.T.);
#3594=CARTESIAN_POINT('',(0.,29.071464793,10.982094208));
#3595=DIRECTION('',(0.,1.,0.));
#3596=DIRECTION('',(0.,-0.,1.));
#3597=AXIS2_PLACEMENT_3D('',#3594,#3595,#3596);
#3598=CYLINDRICAL_SURFACE('',#3597,9.005074195);
#3599=CARTESIAN_POINT('',(8.986024724,27.571464793,10.396670503));
#3600=VERTEX_POINT('',#3599);
#3601=CARTESIAN_POINT('',(9.002853225,27.571464793,10.78210654));
#3602=VERTEX_POINT('',#3601);
#3603=CARTESIAN_POINT('',(0.,27.571464793,10.982094208));
#3604=DIRECTION('',(-0.,-1.,-0.));
#3605=DIRECTION('',(0.,-0.,1.));
#3606=AXIS2_PLACEMENT_3D('',#3603,#3604,#3605);
#3607=CIRCLE('',#3606,9.005074195);
#3608=EDGE_CURVE('',#3600,#3602,#3607,.T.);
#3609=ORIENTED_EDGE('',*,*,#3608,.T.);
#3610=CARTESIAN_POINT('',(9.002853225,22.771464793,10.78210654));
#3611=VERTEX_POINT('',#3610);
#3612=CARTESIAN_POINT('',(9.002853225,27.571464793,10.78210654));
#3613=DIRECTION('',(-0.,-1.,-0.));
#3614=VECTOR('',#3613,4.8);
#3615=LINE('',#3612,#3614);
#3616=EDGE_CURVE('',#3602,#3611,#3615,.T.);
#3617=ORIENTED_EDGE('',*,*,#3616,.T.);
#3618=CARTESIAN_POINT('',(8.986024724,22.771464793,10.396670503));
#3619=VERTEX_POINT('',#3618);
#3620=CARTESIAN_POINT('',(0.,22.771464793,10.982094208));
#3621=DIRECTION('',(-0.,1.,0.));
#3622=DIRECTION('',(0.,0.,-1.));
#3623=AXIS2_PLACEMENT_3D('',#3620,#3621,#3622);
#3624=CIRCLE('',#3623,9.005074195);
#3625=EDGE_CURVE('',#3611,#3619,#3624,.T.);
#3626=ORIENTED_EDGE('',*,*,#3625,.T.);
#3627=CARTESIAN_POINT('',(8.986024724,22.771464793,10.396670503));
#3628=DIRECTION('',(0.,1.,0.));
#3629=VECTOR('',#3628,4.8);
#3630=LINE('',#3627,#3629);
#3631=EDGE_CURVE('',#3619,#3600,#3630,.T.);
#3632=ORIENTED_EDGE('',*,*,#3631,.T.);
#3633=EDGE_LOOP('',(#3609,#3617,#3626,#3632));
#3634=FACE_BOUND('',#3633,.T.);
#3635=ADVANCED_FACE('',(#3634),#3598,.T.);
#3636=CARTESIAN_POINT('',(0.,29.071464793,10.982094208));
#3637=DIRECTION('',(0.,1.,0.));
#3638=DIRECTION('',(0.,-0.,1.));
#3639=AXIS2_PLACEMENT_3D('',#3636,#3637,#3638);
#3640=CYLINDRICAL_SURFACE('',#3639,9.005074195);
#3641=CARTESIAN_POINT('',(8.986024724,22.771464793,11.567517913));
#3642=VERTEX_POINT('',#3641);
#3643=CARTESIAN_POINT('',(9.002853225,22.771464793,11.182081876));
#3644=VERTEX_POINT('',#3643);
#3645=CARTESIAN_POINT('',(0.,22.771464793,10.982094208));
#3646=DIRECTION('',(-0.,1.,0.));
#3647=DIRECTION('',(0.,0.,-1.));
#3648=AXIS2_PLACEMENT_3D('',#3645,#3646,#3647);
#3649=CIRCLE('',#3648,9.005074195);
#3650=EDGE_CURVE('',#3642,#3644,#3649,.T.);
#3651=ORIENTED_EDGE('',*,*,#3650,.T.);
#3652=CARTESIAN_POINT('',(9.002853225,27.571464793,11.182081876));
#3653=VERTEX_POINT('',#3652);
#3654=CARTESIAN_POINT('',(9.002853225,22.771464793,11.182081876));
#3655=DIRECTION('',(0.,1.,0.));
#3656=VECTOR('',#3655,4.8);
#3657=LINE('',#3654,#3656);
#3658=EDGE_CURVE('',#3644,#3653,#3657,.T.);
#3659=ORIENTED_EDGE('',*,*,#3658,.T.);
#3660=CARTESIAN_POINT('',(8.986024724,27.571464793,11.567517913));
#3661=VERTEX_POINT('',#3660);
#3662=CARTESIAN_POINT('',(0.,27.571464793,10.982094208));
#3663=DIRECTION('',(-0.,-1.,-0.));
#3664=DIRECTION('',(0.,-0.,1.));
#3665=AXIS2_PLACEMENT_3D('',#3662,#3663,#3664);
#3666=CIRCLE('',#3665,9.005074195);
#3667=EDGE_CURVE('',#3653,#3661,#3666,.T.);
#3668=ORIENTED_EDGE('',*,*,#3667,.T.);
#3669=CARTESIAN_POINT('',(8.986024724,27.571464793,11.567517913));
#3670=DIRECTION('',(-0.,-1.,-0.));
#3671=VECTOR('',#3670,4.8);
#3672=LINE('',#3669,#3671);
#3673=EDGE_CURVE('',#3661,#3642,#3672,.T.);
#3674=ORIENTED_EDGE('',*,*,#3673,.T.);
#3675=EDGE_LOOP('',(#3651,#3659,#3668,#3674));
#3676=FACE_BOUND('',#3675,.T.);
#3677=ADVANCED_FACE('',(#3676),#3640,.T.);
#3678=CARTESIAN_POINT('',(0.,29.071464793,10.982094208));
#3679=DIRECTION('',(0.,1.,0.));
#3680=DIRECTION('',(0.,-0.,1.));
#3681=AXIS2_PLACEMENT_3D('',#3678,#3679,#3680);
#3682=CYLINDRICAL_SURFACE('',#3681,9.005074195);
#3683=CARTESIAN_POINT('',(8.644327823,27.571464793,13.505377336));
#3684=VERTEX_POINT('',#3683);
#3685=CARTESIAN_POINT('',(8.528314552,27.571464793,13.873324423));
#3686=VERTEX_POINT('',#3685);
#3687=CARTESIAN_POINT('',(0.,27.571464793,10.982094208));
#3688=DIRECTION('',(-0.,-1.,-0.));
#3689=DIRECTION('',(0.,-0.,1.));
#3690=AXIS2_PLACEMENT_3D('',#3687,#3688,#3689);
#3691=CIRCLE('',#3690,9.005074195);
#3692=EDGE_CURVE('',#3684,#3686,#3691,.T.);
#3693=ORIENTED_EDGE('',*,*,#3692,.T.);
#3694=CARTESIAN_POINT('',(8.528314552,22.771464793,13.873324423));
#3695=VERTEX_POINT('',#3694);
#3696=CARTESIAN_POINT('',(8.528314552,27.571464793,13.873324423));
#3697=DIRECTION('',(-0.,-1.,-0.));
#3698=VECTOR('',#3697,4.8);
#3699=LINE('',#3696,#3698);
#3700=EDGE_CURVE('',#3686,#3695,#3699,.T.);
#3701=ORIENTED_EDGE('',*,*,#3700,.T.);
#3702=CARTESIAN_POINT('',(8.644327823,22.771464793,13.505377336));
#3703=VERTEX_POINT('',#3702);
#3704=CARTESIAN_POINT('',(0.,22.771464793,10.982094208));
#3705=DIRECTION('',(-0.,1.,0.));
#3706=DIRECTION('',(0.,0.,-1.));
#3707=AXIS2_PLACEMENT_3D('',#3704,#3705,#3706);
#3708=CIRCLE('',#3707,9.005074195);
#3709=EDGE_CURVE('',#3695,#3703,#3708,.T.);
#3710=ORIENTED_EDGE('',*,*,#3709,.T.);
#3711=CARTESIAN_POINT('',(8.644327823,22.771464793,13.505377336));
#3712=DIRECTION('',(0.,1.,0.));
#3713=VECTOR('',#3712,4.8);
#3714=LINE('',#3711,#3713);
#3715=EDGE_CURVE('',#3703,#3684,#3714,.T.);
#3716=ORIENTED_EDGE('',*,*,#3715,.T.);
#3717=EDGE_LOOP('',(#3693,#3701,#3710,#3716));
#3718=FACE_BOUND('',#3717,.T.);
#3719=ADVANCED_FACE('',(#3718),#3682,.T.);
#3720=CARTESIAN_POINT('',(0.,29.071464793,10.982094208));
#3721=DIRECTION('',(0.,1.,0.));
#3722=DIRECTION('',(0.,-0.,1.));
#3723=AXIS2_PLACEMENT_3D('',#3720,#3721,#3722);
#3724=CYLINDRICAL_SURFACE('',#3723,9.005074195);
#3725=CARTESIAN_POINT('',(8.831352161,27.571464793,12.74237267));
#3726=VERTEX_POINT('',#3725);
#3727=CARTESIAN_POINT('',(8.747849058,27.571464793,13.11903083));
#3728=VERTEX_POINT('',#3727);
#3729=CARTESIAN_POINT('',(0.,27.571464793,10.982094208));
#3730=DIRECTION('',(-0.,-1.,-0.));
#3731=DIRECTION('',(0.,-0.,1.));
#3732=AXIS2_PLACEMENT_3D('',#3729,#3730,#3731);
#3733=CIRCLE('',#3732,9.005074195);
#3734=EDGE_CURVE('',#3726,#3728,#3733,.T.);
#3735=ORIENTED_EDGE('',*,*,#3734,.T.);
#3736=CARTESIAN_POINT('',(8.747849058,22.771464793,13.11903083));
#3737=VERTEX_POINT('',#3736);
#3738=CARTESIAN_POINT('',(8.747849058,27.571464793,13.11903083));
#3739=DIRECTION('',(-0.,-1.,-0.));
#3740=VECTOR('',#3739,4.8);
#3741=LINE('',#3738,#3740);
#3742=EDGE_CURVE('',#3728,#3737,#3741,.T.);
#3743=ORIENTED_EDGE('',*,*,#3742,.T.);
#3744=CARTESIAN_POINT('',(8.831352161,22.771464793,12.74237267));
#3745=VERTEX_POINT('',#3744);
#3746=CARTESIAN_POINT('',(0.,22.771464793,10.982094208));
#3747=DIRECTION('',(-0.,1.,0.));
#3748=DIRECTION('',(0.,0.,-1.));
#3749=AXIS2_PLACEMENT_3D('',#3746,#3747,#3748);
#3750=CIRCLE('',#3749,9.005074195);
#3751=EDGE_CURVE('',#3737,#3745,#3750,.T.);
#3752=ORIENTED_EDGE('',*,*,#3751,.T.);
#3753=CARTESIAN_POINT('',(8.831352161,22.771464793,12.74237267));
#3754=DIRECTION('',(0.,1.,0.));
#3755=VECTOR('',#3754,4.8);
#3756=LINE('',#3753,#3755);
#3757=EDGE_CURVE('',#3745,#3726,#3756,.T.);
#3758=ORIENTED_EDGE('',*,*,#3757,.T.);
#3759=EDGE_LOOP('',(#3735,#3743,#3752,#3758));
#3760=FACE_BOUND('',#3759,.T.);
#3761=ADVANCED_FACE('',(#3760),#3724,.T.);
#3762=CARTESIAN_POINT('',(0.,29.071464793,10.982094208));
#3763=DIRECTION('',(0.,1.,0.));
#3764=DIRECTION('',(0.,-0.,1.));
#3765=AXIS2_PLACEMENT_3D('',#3762,#3763,#3764);
#3766=CYLINDRICAL_SURFACE('',#3765,9.005074195);
#3767=CARTESIAN_POINT('',(8.900807149,22.771464793,12.348473859));
#3768=VERTEX_POINT('',#3767);
#3769=CARTESIAN_POINT('',(8.951164577,22.771464793,11.965971222));
#3770=VERTEX_POINT('',#3769);
#3771=CARTESIAN_POINT('',(0.,22.771464793,10.982094208));
#3772=DIRECTION('',(-0.,1.,0.));
#3773=DIRECTION('',(0.,0.,-1.));
#3774=AXIS2_PLACEMENT_3D('',#3771,#3772,#3773);
#3775=CIRCLE('',#3774,9.005074195);
#3776=EDGE_CURVE('',#3768,#3770,#3775,.T.);
#3777=ORIENTED_EDGE('',*,*,#3776,.T.);
#3778=CARTESIAN_POINT('',(8.951164577,27.571464793,11.965971222));
#3779=VERTEX_POINT('',#3778);
#3780=CARTESIAN_POINT('',(8.951164577,22.771464793,11.965971222));
#3781=DIRECTION('',(0.,1.,0.));
#3782=VECTOR('',#3781,4.8);
#3783=LINE('',#3780,#3782);
#3784=EDGE_CURVE('',#3770,#3779,#3783,.T.);
#3785=ORIENTED_EDGE('',*,*,#3784,.T.);
#3786=CARTESIAN_POINT('',(8.900807149,27.571464793,12.348473859));
#3787=VERTEX_POINT('',#3786);
#3788=CARTESIAN_POINT('',(0.,27.571464793,10.982094208));
#3789=DIRECTION('',(-0.,-1.,-0.));
#3790=DIRECTION('',(0.,-0.,1.));
#3791=AXIS2_PLACEMENT_3D('',#3788,#3789,#3790);
#3792=CIRCLE('',#3791,9.005074195);
#3793=EDGE_CURVE('',#3779,#3787,#3792,.T.);
#3794=ORIENTED_EDGE('',*,*,#3793,.T.);
#3795=CARTESIAN_POINT('',(8.900807149,27.571464793,12.348473859));
#3796=DIRECTION('',(-0.,-1.,-0.));
#3797=VECTOR('',#3796,4.8);
#3798=LINE('',#3795,#3797);
#3799=EDGE_CURVE('',#3787,#3768,#3798,.T.);
#3800=ORIENTED_EDGE('',*,*,#3799,.T.);
#3801=EDGE_LOOP('',(#3777,#3785,#3794,#3800));
#3802=FACE_BOUND('',#3801,.T.);
#3803=ADVANCED_FACE('',(#3802),#3766,.T.);
#3804=CARTESIAN_POINT('',(0.,29.071464793,10.982094208));
#3805=DIRECTION('',(0.,1.,0.));
#3806=DIRECTION('',(0.,-0.,1.));
#3807=AXIS2_PLACEMENT_3D('',#3804,#3805,#3806);
#3808=CYLINDRICAL_SURFACE('',#3807,9.005074195);
#3809=CARTESIAN_POINT('',(-4.674621013,22.771464793,3.285388443));
#3810=VERTEX_POINT('',#3809);
#3811=CARTESIAN_POINT('',(-5.000004163,22.771464793,3.49268037));
#3812=VERTEX_POINT('',#3811);
#3813=CARTESIAN_POINT('',(0.,22.771464793,10.982094208));
#3814=DIRECTION('',(-0.,1.,0.));
#3815=DIRECTION('',(0.,0.,-1.));
#3816=AXIS2_PLACEMENT_3D('',#3813,#3814,#3815);
#3817=CIRCLE('',#3816,9.005074195);
#3818=EDGE_CURVE('',#3810,#3812,#3817,.T.);
#3819=ORIENTED_EDGE('',*,*,#3818,.T.);
#3820=CARTESIAN_POINT('',(-5.000004163,27.571464793,3.49268037));
#3821=VERTEX_POINT('',#3820);
#3822=CARTESIAN_POINT('',(-5.000004163,22.771464793,3.49268037));
#3823=DIRECTION('',(-0.,1.,0.));
#3824=VECTOR('',#3823,4.8);
#3825=LINE('',#3822,#3824);
#3826=EDGE_CURVE('',#3812,#3821,#3825,.T.);
#3827=ORIENTED_EDGE('',*,*,#3826,.T.);
#3828=CARTESIAN_POINT('',(-4.674621013,27.571464793,3.285388443));
#3829=VERTEX_POINT('',#3828);
#3830=CARTESIAN_POINT('',(0.,27.571464793,10.982094208));
#3831=DIRECTION('',(-0.,-1.,-0.));
#3832=DIRECTION('',(0.,-0.,1.));
#3833=AXIS2_PLACEMENT_3D('',#3830,#3831,#3832);
#3834=CIRCLE('',#3833,9.005074195);
#3835=EDGE_CURVE('',#3821,#3829,#3834,.T.);
#3836=ORIENTED_EDGE('',*,*,#3835,.T.);
#3837=CARTESIAN_POINT('',(-4.674621013,27.571464793,3.285388443));
#3838=DIRECTION('',(0.,-1.,-0.));
#3839=VECTOR('',#3838,4.8);
#3840=LINE('',#3837,#3839);
#3841=EDGE_CURVE('',#3829,#3810,#3840,.T.);
#3842=ORIENTED_EDGE('',*,*,#3841,.T.);
#3843=EDGE_LOOP('',(#3819,#3827,#3836,#3842));
#3844=FACE_BOUND('',#3843,.T.);
#3845=ADVANCED_FACE('',(#3844),#3808,.T.);
#3846=CARTESIAN_POINT('',(0.,29.071464793,10.982094208));
#3847=DIRECTION('',(0.,1.,0.));
#3848=DIRECTION('',(0.,-0.,1.));
#3849=AXIS2_PLACEMENT_3D('',#3846,#3847,#3848);
#3850=CYLINDRICAL_SURFACE('',#3849,9.005074195);
#3851=CARTESIAN_POINT('',(-3.986020561,22.771464793,2.907256665));
#3852=VERTEX_POINT('',#3851);
#3853=CARTESIAN_POINT('',(-4.328232212,22.771464793,3.085400775));
#3854=VERTEX_POINT('',#3853);
#3855=CARTESIAN_POINT('',(0.,22.771464793,10.982094208));
#3856=DIRECTION('',(-0.,1.,0.));
#3857=DIRECTION('',(0.,0.,-1.));
#3858=AXIS2_PLACEMENT_3D('',#3855,#3856,#3857);
#3859=CIRCLE('',#3858,9.005074195);
#3860=EDGE_CURVE('',#3852,#3854,#3859,.T.);
#3861=ORIENTED_EDGE('',*,*,#3860,.T.);
#3862=CARTESIAN_POINT('',(-4.328232212,27.571464793,3.085400775));
#3863=VERTEX_POINT('',#3862);
#3864=CARTESIAN_POINT('',(-4.328232212,22.771464793,3.085400775));
#3865=DIRECTION('',(-0.,1.,0.));
#3866=VECTOR('',#3865,4.8);
#3867=LINE('',#3864,#3866);
#3868=EDGE_CURVE('',#3854,#3863,#3867,.T.);
#3869=ORIENTED_EDGE('',*,*,#3868,.T.);
#3870=CARTESIAN_POINT('',(-3.986020561,27.571464793,2.907256665));
#3871=VERTEX_POINT('',#3870);
#3872=CARTESIAN_POINT('',(0.,27.571464793,10.982094208));
#3873=DIRECTION('',(-0.,-1.,-0.));
#3874=DIRECTION('',(0.,-0.,1.));
#3875=AXIS2_PLACEMENT_3D('',#3872,#3873,#3874);
#3876=CIRCLE('',#3875,9.005074195);
#3877=EDGE_CURVE('',#3863,#3871,#3876,.T.);
#3878=ORIENTED_EDGE('',*,*,#3877,.T.);
#3879=CARTESIAN_POINT('',(-3.986020561,27.571464793,2.907256665));
#3880=DIRECTION('',(0.,-1.,-0.));
#3881=VECTOR('',#3880,4.8);
#3882=LINE('',#3879,#3881);
#3883=EDGE_CURVE('',#3871,#3852,#3882,.T.);
#3884=ORIENTED_EDGE('',*,*,#3883,.T.);
#3885=EDGE_LOOP('',(#3861,#3869,#3878,#3884));
#3886=FACE_BOUND('',#3885,.T.);
#3887=ADVANCED_FACE('',(#3886),#3850,.T.);
#3888=CARTESIAN_POINT('',(0.,29.071464793,10.982094208));
#3889=DIRECTION('',(0.,1.,0.));
#3890=DIRECTION('',(0.,-0.,1.));
#3891=AXIS2_PLACEMENT_3D('',#3888,#3889,#3890);
#3892=CYLINDRICAL_SURFACE('',#3891,9.005074195);
#3893=CARTESIAN_POINT('',(8.900807149,27.571464793,9.615714558));
#3894=VERTEX_POINT('',#3893);
#3895=CARTESIAN_POINT('',(8.951164577,27.571464793,9.998217194));
#3896=VERTEX_POINT('',#3895);
#3897=CARTESIAN_POINT('',(0.,27.571464793,10.982094208));
#3898=DIRECTION('',(-0.,-1.,-0.));
#3899=DIRECTION('',(0.,-0.,1.));
#3900=AXIS2_PLACEMENT_3D('',#3897,#3898,#3899);
#3901=CIRCLE('',#3900,9.005074195);
#3902=EDGE_CURVE('',#3894,#3896,#3901,.T.);
#3903=ORIENTED_EDGE('',*,*,#3902,.T.);
#3904=CARTESIAN_POINT('',(8.951164577,22.771464793,9.998217194));
#3905=VERTEX_POINT('',#3904);
#3906=CARTESIAN_POINT('',(8.951164577,27.571464793,9.998217194));
#3907=DIRECTION('',(-0.,-1.,-0.));
#3908=VECTOR('',#3907,4.8);
#3909=LINE('',#3906,#3908);
#3910=EDGE_CURVE('',#3896,#3905,#3909,.T.);
#3911=ORIENTED_EDGE('',*,*,#3910,.T.);
#3912=CARTESIAN_POINT('',(8.900807149,22.771464793,9.615714558));
#3913=VERTEX_POINT('',#3912);
#3914=CARTESIAN_POINT('',(0.,22.771464793,10.982094208));
#3915=DIRECTION('',(-0.,1.,0.));
#3916=DIRECTION('',(0.,0.,-1.));
#3917=AXIS2_PLACEMENT_3D('',#3914,#3915,#3916);
#3918=CIRCLE('',#3917,9.005074195);
#3919=EDGE_CURVE('',#3905,#3913,#3918,.T.);
#3920=ORIENTED_EDGE('',*,*,#3919,.T.);
#3921=CARTESIAN_POINT('',(8.900807149,22.771464793,9.615714558));
#3922=DIRECTION('',(0.,1.,0.));
#3923=VECTOR('',#3922,4.8);
#3924=LINE('',#3921,#3923);
#3925=EDGE_CURVE('',#3913,#3894,#3924,.T.);
#3926=ORIENTED_EDGE('',*,*,#3925,.T.);
#3927=EDGE_LOOP('',(#3903,#3911,#3920,#3926));
#3928=FACE_BOUND('',#3927,.T.);
#3929=ADVANCED_FACE('',(#3928),#3892,.T.);
#3930=CARTESIAN_POINT('',(0.,29.071464793,10.982094208));
#3931=DIRECTION('',(0.,1.,0.));
#3932=DIRECTION('',(0.,-0.,1.));
#3933=AXIS2_PLACEMENT_3D('',#3930,#3931,#3932);
#3934=CYLINDRICAL_SURFACE('',#3933,9.005074195);
#3935=CARTESIAN_POINT('',(8.747849058,27.571464793,8.845157586));
#3936=VERTEX_POINT('',#3935);
#3937=CARTESIAN_POINT('',(8.831352161,27.571464793,9.221815746));
#3938=VERTEX_POINT('',#3937);
#3939=CARTESIAN_POINT('',(0.,27.571464793,10.982094208));
#3940=DIRECTION('',(-0.,-1.,-0.));
#3941=DIRECTION('',(0.,-0.,1.));
#3942=AXIS2_PLACEMENT_3D('',#3939,#3940,#3941);
#3943=CIRCLE('',#3942,9.005074195);
#3944=EDGE_CURVE('',#3936,#3938,#3943,.T.);
#3945=ORIENTED_EDGE('',*,*,#3944,.T.);
#3946=CARTESIAN_POINT('',(8.831352161,22.771464793,9.221815746));
#3947=VERTEX_POINT('',#3946);
#3948=CARTESIAN_POINT('',(8.831352161,27.571464793,9.221815746));
#3949=DIRECTION('',(-0.,-1.,-0.));
#3950=VECTOR('',#3949,4.8);
#3951=LINE('',#3948,#3950);
#3952=EDGE_CURVE('',#3938,#3947,#3951,.T.);
#3953=ORIENTED_EDGE('',*,*,#3952,.T.);
#3954=CARTESIAN_POINT('',(8.747849058,22.771464793,8.845157586));
#3955=VERTEX_POINT('',#3954);
#3956=CARTESIAN_POINT('',(0.,22.771464793,10.982094208));
#3957=DIRECTION('',(-0.,1.,0.));
#3958=DIRECTION('',(0.,0.,-1.));
#3959=AXIS2_PLACEMENT_3D('',#3956,#3957,#3958);
#3960=CIRCLE('',#3959,9.005074195);
#3961=EDGE_CURVE('',#3947,#3955,#3960,.T.);
#3962=ORIENTED_EDGE('',*,*,#3961,.T.);
#3963=CARTESIAN_POINT('',(8.747849058,22.771464793,8.845157586));
#3964=DIRECTION('',(0.,1.,0.));
#3965=VECTOR('',#3964,4.8);
#3966=LINE('',#3963,#3965);
#3967=EDGE_CURVE('',#3955,#3936,#3966,.T.);
#3968=ORIENTED_EDGE('',*,*,#3967,.T.);
#3969=EDGE_LOOP('',(#3945,#3953,#3962,#3968));
#3970=FACE_BOUND('',#3969,.T.);
#3971=ADVANCED_FACE('',(#3970),#3934,.T.);
#3972=CARTESIAN_POINT('',(0.,29.071464793,10.982094208));
#3973=DIRECTION('',(0.,1.,0.));
#3974=DIRECTION('',(0.,-0.,1.));
#3975=AXIS2_PLACEMENT_3D('',#3972,#3973,#3974);
#3976=CYLINDRICAL_SURFACE('',#3975,9.005074195);
#3977=CARTESIAN_POINT('',(8.528314552,27.571464793,8.090863993));
#3978=VERTEX_POINT('',#3977);
#3979=CARTESIAN_POINT('',(8.644327823,27.571464793,8.45881108));
#3980=VERTEX_POINT('',#3979);
#3981=CARTESIAN_POINT('',(0.,27.571464793,10.982094208));
#3982=DIRECTION('',(-0.,-1.,-0.));
#3983=DIRECTION('',(0.,-0.,1.));
#3984=AXIS2_PLACEMENT_3D('',#3981,#3982,#3983);
#3985=CIRCLE('',#3984,9.005074195);
#3986=EDGE_CURVE('',#3978,#3980,#3985,.T.);
#3987=ORIENTED_EDGE('',*,*,#3986,.T.);
#3988=CARTESIAN_POINT('',(8.644327823,22.771464793,8.45881108));
#3989=VERTEX_POINT('',#3988);
#3990=CARTESIAN_POINT('',(8.644327823,27.571464793,8.45881108));
#3991=DIRECTION('',(-0.,-1.,-0.));
#3992=VECTOR('',#3991,4.8);
#3993=LINE('',#3990,#3992);
#3994=EDGE_CURVE('',#3980,#3989,#3993,.T.);
#3995=ORIENTED_EDGE('',*,*,#3994,.T.);
#3996=CARTESIAN_POINT('',(8.528314552,22.771464793,8.090863993));
#3997=VERTEX_POINT('',#3996);
#3998=CARTESIAN_POINT('',(0.,22.771464793,10.982094208));
#3999=DIRECTION('',(-0.,1.,0.));
#4000=DIRECTION('',(0.,0.,-1.));
#4001=AXIS2_PLACEMENT_3D('',#3998,#3999,#4000);
#4002=CIRCLE('',#4001,9.005074195);
#4003=EDGE_CURVE('',#3989,#3997,#4002,.T.);
#4004=ORIENTED_EDGE('',*,*,#4003,.T.);
#4005=CARTESIAN_POINT('',(8.528314552,22.771464793,8.090863993));
#4006=DIRECTION('',(0.,1.,0.));
#4007=VECTOR('',#4006,4.8);
#4008=LINE('',#4005,#4007);
#4009=EDGE_CURVE('',#3997,#3978,#4008,.T.);
#4010=ORIENTED_EDGE('',*,*,#4009,.T.);
#4011=EDGE_LOOP('',(#3987,#3995,#4004,#4010));
#4012=FACE_BOUND('',#4011,.T.);
#4013=ADVANCED_FACE('',(#4012),#3976,.T.);
#4014=CARTESIAN_POINT('',(0.,29.071464793,10.982094208));
#4015=DIRECTION('',(0.,1.,0.));
#4016=DIRECTION('',(0.,-0.,1.));
#4017=AXIS2_PLACEMENT_3D('',#4014,#4015,#4016);
#4018=CYLINDRICAL_SURFACE('',#4017,9.005074195);
#4019=CARTESIAN_POINT('',(8.243874424,27.571464793,7.358574408));
#4020=VERTEX_POINT('',#4019);
#4021=CARTESIAN_POINT('',(8.391514931,27.571464793,7.715010122));
#4022=VERTEX_POINT('',#4021);
#4023=CARTESIAN_POINT('',(0.,27.571464793,10.982094208));
#4024=DIRECTION('',(-0.,-1.,-0.));
#4025=DIRECTION('',(0.,-0.,1.));
#4026=AXIS2_PLACEMENT_3D('',#4023,#4024,#4025);
#4027=CIRCLE('',#4026,9.005074195);
#4028=EDGE_CURVE('',#4020,#4022,#4027,.T.);
#4029=ORIENTED_EDGE('',*,*,#4028,.T.);
#4030=CARTESIAN_POINT('',(8.391514931,22.771464793,7.715010122));
#4031=VERTEX_POINT('',#4030);
#4032=CARTESIAN_POINT('',(8.391514931,27.571464793,7.715010122));
#4033=DIRECTION('',(-0.,-1.,-0.));
#4034=VECTOR('',#4033,4.8);
#4035=LINE('',#4032,#4034);
#4036=EDGE_CURVE('',#4022,#4031,#4035,.T.);
#4037=ORIENTED_EDGE('',*,*,#4036,.T.);
#4038=CARTESIAN_POINT('',(8.243874424,22.771464793,7.358574408));
#4039=VERTEX_POINT('',#4038);
#4040=CARTESIAN_POINT('',(0.,22.771464793,10.982094208));
#4041=DIRECTION('',(-0.,1.,0.));
#4042=DIRECTION('',(0.,0.,-1.));
#4043=AXIS2_PLACEMENT_3D('',#4040,#4041,#4042);
#4044=CIRCLE('',#4043,9.005074195);
#4045=EDGE_CURVE('',#4031,#4039,#4044,.T.);
#4046=ORIENTED_EDGE('',*,*,#4045,.T.);
#4047=CARTESIAN_POINT('',(8.243874424,22.771464793,7.358574408));
#4048=DIRECTION('',(0.,1.,0.));
#4049=VECTOR('',#4048,4.8);
#4050=LINE('',#4047,#4049);
#4051=EDGE_CURVE('',#4039,#4020,#4050,.T.);
#4052=ORIENTED_EDGE('',*,*,#4051,.T.);
#4053=EDGE_LOOP('',(#4029,#4037,#4046,#4052));
#4054=FACE_BOUND('',#4053,.T.);
#4055=ADVANCED_FACE('',(#4054),#4018,.T.);
#4056=CARTESIAN_POINT('',(0.,29.071464793,10.982094208));
#4057=DIRECTION('',(0.,1.,0.));
#4058=DIRECTION('',(0.,-0.,1.));
#4059=AXIS2_PLACEMENT_3D('',#4056,#4057,#4058);
#4060=CYLINDRICAL_SURFACE('',#4059,9.005074195);
#4061=CARTESIAN_POINT('',(7.896693433,27.571464793,6.653861996));
#4062=VERTEX_POINT('',#4061);
#4063=CARTESIAN_POINT('',(8.074837543,27.571464793,6.996073647));
#4064=VERTEX_POINT('',#4063);
#4065=CARTESIAN_POINT('',(0.,27.571464793,10.982094208));
#4066=DIRECTION('',(-0.,-1.,-0.));
#4067=DIRECTION('',(0.,-0.,1.));
#4068=AXIS2_PLACEMENT_3D('',#4065,#4066,#4067);
#4069=CIRCLE('',#4068,9.005074195);
#4070=EDGE_CURVE('',#4062,#4064,#4069,.T.);
#4071=ORIENTED_EDGE('',*,*,#4070,.T.);
#4072=CARTESIAN_POINT('',(8.074837543,22.771464793,6.996073647));
#4073=VERTEX_POINT('',#4072);
#4074=CARTESIAN_POINT('',(8.074837543,27.571464793,6.996073647));
#4075=DIRECTION('',(-0.,-1.,-0.));
#4076=VECTOR('',#4075,4.8);
#4077=LINE('',#4074,#4076);
#4078=EDGE_CURVE('',#4064,#4073,#4077,.T.);
#4079=ORIENTED_EDGE('',*,*,#4078,.T.);
#4080=CARTESIAN_POINT('',(7.896693433,22.771464793,6.653861996));
#4081=VERTEX_POINT('',#4080);
#4082=CARTESIAN_POINT('',(0.,22.771464793,10.982094208));
#4083=DIRECTION('',(-0.,1.,0.));
#4084=DIRECTION('',(0.,0.,-1.));
#4085=AXIS2_PLACEMENT_3D('',#4082,#4083,#4084);
#4086=CIRCLE('',#4085,9.005074195);
#4087=EDGE_CURVE('',#4073,#4081,#4086,.T.);
#4088=ORIENTED_EDGE('',*,*,#4087,.T.);
#4089=CARTESIAN_POINT('',(7.896693433,22.771464793,6.653861996));
#4090=DIRECTION('',(0.,1.,0.));
#4091=VECTOR('',#4090,4.8);
#4092=LINE('',#4089,#4091);
#4093=EDGE_CURVE('',#4081,#4062,#4092,.T.);
#4094=ORIENTED_EDGE('',*,*,#4093,.T.);
#4095=EDGE_LOOP('',(#4071,#4079,#4088,#4094));
#4096=FACE_BOUND('',#4095,.T.);
#4097=ADVANCED_FACE('',(#4096),#4060,.T.);
#4098=CARTESIAN_POINT('',(0.,29.071464793,10.982094208));
#4099=DIRECTION('',(0.,1.,0.));
#4100=DIRECTION('',(0.,-0.,1.));
#4101=AXIS2_PLACEMENT_3D('',#4098,#4099,#4100);
#4102=CYLINDRICAL_SURFACE('',#4101,9.005074195);
#4103=CARTESIAN_POINT('',(7.489413838,27.571464793,5.982090045));
#4104=VERTEX_POINT('',#4103);
#4105=CARTESIAN_POINT('',(7.696705766,27.571464793,6.307473195));
#4106=VERTEX_POINT('',#4105);
#4107=CARTESIAN_POINT('',(0.,27.571464793,10.982094208));
#4108=DIRECTION('',(-0.,-1.,-0.));
#4109=DIRECTION('',(0.,-0.,1.));
#4110=AXIS2_PLACEMENT_3D('',#4107,#4108,#4109);
#4111=CIRCLE('',#4110,9.005074195);
#4112=EDGE_CURVE('',#4104,#4106,#4111,.T.);
#4113=ORIENTED_EDGE('',*,*,#4112,.T.);
#4114=CARTESIAN_POINT('',(7.696705766,22.771464793,6.307473195));
#4115=VERTEX_POINT('',#4114);
#4116=CARTESIAN_POINT('',(7.696705766,27.571464793,6.307473195));
#4117=DIRECTION('',(-0.,-1.,-0.));
#4118=VECTOR('',#4117,4.8);
#4119=LINE('',#4116,#4118);
#4120=EDGE_CURVE('',#4106,#4115,#4119,.T.);
#4121=ORIENTED_EDGE('',*,*,#4120,.T.);
#4122=CARTESIAN_POINT('',(7.489413838,22.771464793,5.982090045));
#4123=VERTEX_POINT('',#4122);
#4124=CARTESIAN_POINT('',(0.,22.771464793,10.982094208));
#4125=DIRECTION('',(-0.,1.,0.));
#4126=DIRECTION('',(0.,0.,-1.));
#4127=AXIS2_PLACEMENT_3D('',#4124,#4125,#4126);
#4128=CIRCLE('',#4127,9.005074195);
#4129=EDGE_CURVE('',#4115,#4123,#4128,.T.);
#4130=ORIENTED_EDGE('',*,*,#4129,.T.);
#4131=CARTESIAN_POINT('',(7.489413838,22.771464793,5.982090045));
#4132=DIRECTION('',(0.,1.,0.));
#4133=VECTOR('',#4132,4.8);
#4134=LINE('',#4131,#4133);
#4135=EDGE_CURVE('',#4123,#4104,#4134,.T.);
#4136=ORIENTED_EDGE('',*,*,#4135,.T.);
#4137=EDGE_LOOP('',(#4113,#4121,#4130,#4136));
#4138=FACE_BOUND('',#4137,.T.);
#4139=ADVANCED_FACE('',(#4138),#4102,.T.);
#4140=CARTESIAN_POINT('',(0.,29.071464793,10.982094208));
#4141=DIRECTION('',(0.,1.,0.));
#4142=DIRECTION('',(0.,-0.,1.));
#4143=AXIS2_PLACEMENT_3D('',#4140,#4141,#4142);
#4144=CYLINDRICAL_SURFACE('',#4143,9.005074195);
#4145=CARTESIAN_POINT('',(7.02513528,27.571464793,5.348371145));
#4146=VERTEX_POINT('',#4145);
#4147=CARTESIAN_POINT('',(7.25999741,27.571464793,5.654449431));
#4148=VERTEX_POINT('',#4147);
#4149=CARTESIAN_POINT('',(0.,27.571464793,10.982094208));
#4150=DIRECTION('',(-0.,-1.,-0.));
#4151=DIRECTION('',(0.,-0.,1.));
#4152=AXIS2_PLACEMENT_3D('',#4149,#4150,#4151);
#4153=CIRCLE('',#4152,9.005074195);
#4154=EDGE_CURVE('',#4146,#4148,#4153,.T.);
#4155=ORIENTED_EDGE('',*,*,#4154,.T.);
#4156=CARTESIAN_POINT('',(7.25999741,22.771464793,5.654449431));
#4157=VERTEX_POINT('',#4156);
#4158=CARTESIAN_POINT('',(7.25999741,27.571464793,5.654449431));
#4159=DIRECTION('',(-0.,-1.,-0.));
#4160=VECTOR('',#4159,4.8);
#4161=LINE('',#4158,#4160);
#4162=EDGE_CURVE('',#4148,#4157,#4161,.T.);
#4163=ORIENTED_EDGE('',*,*,#4162,.T.);
#4164=CARTESIAN_POINT('',(7.02513528,22.771464793,5.348371145));
#4165=VERTEX_POINT('',#4164);
#4166=CARTESIAN_POINT('',(0.,22.771464793,10.982094208));
#4167=DIRECTION('',(-0.,1.,0.));
#4168=DIRECTION('',(0.,0.,-1.));
#4169=AXIS2_PLACEMENT_3D('',#4166,#4167,#4168);
#4170=CIRCLE('',#4169,9.005074195);
#4171=EDGE_CURVE('',#4157,#4165,#4170,.T.);
#4172=ORIENTED_EDGE('',*,*,#4171,.T.);
#4173=CARTESIAN_POINT('',(7.02513528,22.771464793,5.348371145));
#4174=DIRECTION('',(0.,1.,0.));
#4175=VECTOR('',#4174,4.8);
#4176=LINE('',#4173,#4175);
#4177=EDGE_CURVE('',#4165,#4146,#4176,.T.);
#4178=ORIENTED_EDGE('',*,*,#4177,.T.);
#4179=EDGE_LOOP('',(#4155,#4163,#4172,#4178));
#4180=FACE_BOUND('',#4179,.T.);
#4181=ADVANCED_FACE('',(#4180),#4144,.T.);
#4182=CARTESIAN_POINT('',(0.,29.071464793,10.982094208));
#4183=DIRECTION('',(0.,1.,0.));
#4184=DIRECTION('',(0.,-0.,1.));
#4185=AXIS2_PLACEMENT_3D('',#4182,#4183,#4184);
#4186=CYLINDRICAL_SURFACE('',#4185,9.005074195);
#4187=CARTESIAN_POINT('',(6.76803609,22.771464793,5.041972261));
#4188=VERTEX_POINT('',#4187);
#4189=CARTESIAN_POINT('',(6.507391202,22.771464793,4.757528279));
#4190=VERTEX_POINT('',#4189);
#4191=CARTESIAN_POINT('',(0.,22.771464793,10.982094208));
#4192=DIRECTION('',(-0.,1.,0.));
#4193=DIRECTION('',(0.,0.,-1.));
#4194=AXIS2_PLACEMENT_3D('',#4191,#4192,#4193);
#4195=CIRCLE('',#4194,9.005074195);
#4196=EDGE_CURVE('',#4188,#4190,#4195,.T.);
#4197=ORIENTED_EDGE('',*,*,#4196,.T.);
#4198=CARTESIAN_POINT('',(6.507391202,27.571464793,4.757528279));
#4199=VERTEX_POINT('',#4198);
#4200=CARTESIAN_POINT('',(6.507391202,22.771464793,4.757528279));
#4201=DIRECTION('',(0.,1.,0.));
#4202=VECTOR('',#4201,4.8);
#4203=LINE('',#4200,#4202);
#4204=EDGE_CURVE('',#4190,#4199,#4203,.T.);
#4205=ORIENTED_EDGE('',*,*,#4204,.T.);
#4206=CARTESIAN_POINT('',(6.76803609,27.571464793,5.041972261));
#4207=VERTEX_POINT('',#4206);
#4208=CARTESIAN_POINT('',(0.,27.571464793,10.982094208));
#4209=DIRECTION('',(-0.,-1.,-0.));
#4210=DIRECTION('',(0.,-0.,1.));
#4211=AXIS2_PLACEMENT_3D('',#4208,#4209,#4210);
#4212=CIRCLE('',#4211,9.005074195);
#4213=EDGE_CURVE('',#4199,#4207,#4212,.T.);
#4214=ORIENTED_EDGE('',*,*,#4213,.T.);
#4215=CARTESIAN_POINT('',(6.76803609,27.571464793,5.041972261));
#4216=DIRECTION('',(-0.,-1.,-0.));
#4217=VECTOR('',#4216,4.8);
#4218=LINE('',#4215,#4217);
#4219=EDGE_CURVE('',#4207,#4188,#4218,.T.);
#4220=ORIENTED_EDGE('',*,*,#4219,.T.);
#4221=EDGE_LOOP('',(#4197,#4205,#4214,#4220));
#4222=FACE_BOUND('',#4221,.T.);
#4223=ADVANCED_FACE('',(#4222),#4186,.T.);
#4224=CARTESIAN_POINT('',(0.,29.071464793,10.982094208));
#4225=DIRECTION('',(0.,1.,0.));
#4226=DIRECTION('',(0.,-0.,1.));
#4227=AXIS2_PLACEMENT_3D('',#4224,#4225,#4226);
#4228=CYLINDRICAL_SURFACE('',#4227,9.005074195);
#4229=CARTESIAN_POINT('',(-8.243874424,27.571464793,14.605614008));
#4230=VERTEX_POINT('',#4229);
#4231=CARTESIAN_POINT('',(-8.391514931,27.571464793,14.249178294));
#4232=VERTEX_POINT('',#4231);
#4233=CARTESIAN_POINT('',(0.,27.571464793,10.982094208));
#4234=DIRECTION('',(-0.,-1.,-0.));
#4235=DIRECTION('',(0.,-0.,1.));
#4236=AXIS2_PLACEMENT_3D('',#4233,#4234,#4235);
#4237=CIRCLE('',#4236,9.005074195);
#4238=EDGE_CURVE('',#4230,#4232,#4237,.T.);
#4239=ORIENTED_EDGE('',*,*,#4238,.T.);
#4240=CARTESIAN_POINT('',(-8.391514931,22.771464793,14.249178294));
#4241=VERTEX_POINT('',#4240);
#4242=CARTESIAN_POINT('',(-8.391514931,27.571464793,14.249178294));
#4243=DIRECTION('',(0.,-1.,-0.));
#4244=VECTOR('',#4243,4.8);
#4245=LINE('',#4242,#4244);
#4246=EDGE_CURVE('',#4232,#4241,#4245,.T.);
#4247=ORIENTED_EDGE('',*,*,#4246,.T.);
#4248=CARTESIAN_POINT('',(-8.243874424,22.771464793,14.605614008));
#4249=VERTEX_POINT('',#4248);
#4250=CARTESIAN_POINT('',(0.,22.771464793,10.982094208));
#4251=DIRECTION('',(-0.,1.,0.));
#4252=DIRECTION('',(0.,0.,-1.));
#4253=AXIS2_PLACEMENT_3D('',#4250,#4251,#4252);
#4254=CIRCLE('',#4253,9.005074195);
#4255=EDGE_CURVE('',#4241,#4249,#4254,.T.);
#4256=ORIENTED_EDGE('',*,*,#4255,.T.);
#4257=CARTESIAN_POINT('',(-8.243874424,22.771464793,14.605614008));
#4258=DIRECTION('',(-0.,1.,0.));
#4259=VECTOR('',#4258,4.8);
#4260=LINE('',#4257,#4259);
#4261=EDGE_CURVE('',#4249,#4230,#4260,.T.);
#4262=ORIENTED_EDGE('',*,*,#4261,.T.);
#4263=EDGE_LOOP('',(#4239,#4247,#4256,#4262));
#4264=FACE_BOUND('',#4263,.T.);
#4265=ADVANCED_FACE('',(#4264),#4228,.T.);
#4266=CARTESIAN_POINT('',(0.,29.071464793,10.982094208));
#4267=DIRECTION('',(0.,1.,0.));
#4268=DIRECTION('',(0.,-0.,1.));
#4269=AXIS2_PLACEMENT_3D('',#4266,#4267,#4268);
#4270=CYLINDRICAL_SURFACE('',#4269,9.005074195);
#4271=CARTESIAN_POINT('',(-7.896693433,27.571464793,15.31032642));
#4272=VERTEX_POINT('',#4271);
#4273=CARTESIAN_POINT('',(-8.074837543,27.571464793,14.968114769));
#4274=VERTEX_POINT('',#4273);
#4275=CARTESIAN_POINT('',(0.,27.571464793,10.982094208));
#4276=DIRECTION('',(-0.,-1.,-0.));
#4277=DIRECTION('',(0.,-0.,1.));
#4278=AXIS2_PLACEMENT_3D('',#4275,#4276,#4277);
#4279=CIRCLE('',#4278,9.005074195);
#4280=EDGE_CURVE('',#4272,#4274,#4279,.T.);
#4281=ORIENTED_EDGE('',*,*,#4280,.T.);
#4282=CARTESIAN_POINT('',(-8.074837543,22.771464793,14.968114769));
#4283=VERTEX_POINT('',#4282);
#4284=CARTESIAN_POINT('',(-8.074837543,27.571464793,14.968114769));
#4285=DIRECTION('',(0.,-1.,-0.));
#4286=VECTOR('',#4285,4.8);
#4287=LINE('',#4284,#4286);
#4288=EDGE_CURVE('',#4274,#4283,#4287,.T.);
#4289=ORIENTED_EDGE('',*,*,#4288,.T.);
#4290=CARTESIAN_POINT('',(-7.896693433,22.771464793,15.31032642));
#4291=VERTEX_POINT('',#4290);
#4292=CARTESIAN_POINT('',(0.,22.771464793,10.982094208));
#4293=DIRECTION('',(-0.,1.,0.));
#4294=DIRECTION('',(0.,0.,-1.));
#4295=AXIS2_PLACEMENT_3D('',#4292,#4293,#4294);
#4296=CIRCLE('',#4295,9.005074195);
#4297=EDGE_CURVE('',#4283,#4291,#4296,.T.);
#4298=ORIENTED_EDGE('',*,*,#4297,.T.);
#4299=CARTESIAN_POINT('',(-7.896693433,22.771464793,15.31032642));
#4300=DIRECTION('',(-0.,1.,0.));
#4301=VECTOR('',#4300,4.8);
#4302=LINE('',#4299,#4301);
#4303=EDGE_CURVE('',#4291,#4272,#4302,.T.);
#4304=ORIENTED_EDGE('',*,*,#4303,.T.);
#4305=EDGE_LOOP('',(#4281,#4289,#4298,#4304));
#4306=FACE_BOUND('',#4305,.T.);
#4307=ADVANCED_FACE('',(#4306),#4270,.T.);
#4308=CARTESIAN_POINT('',(0.,29.071464793,10.982094208));
#4309=DIRECTION('',(0.,1.,0.));
#4310=DIRECTION('',(0.,-0.,1.));
#4311=AXIS2_PLACEMENT_3D('',#4308,#4309,#4310);
#4312=CYLINDRICAL_SURFACE('',#4311,9.005074195);
#4313=CARTESIAN_POINT('',(-7.489413838,27.571464793,15.982098371));
#4314=VERTEX_POINT('',#4313);
#4315=CARTESIAN_POINT('',(-7.696705766,27.571464793,15.656715221));
#4316=VERTEX_POINT('',#4315);
#4317=CARTESIAN_POINT('',(0.,27.571464793,10.982094208));
#4318=DIRECTION('',(-0.,-1.,-0.));
#4319=DIRECTION('',(0.,-0.,1.));
#4320=AXIS2_PLACEMENT_3D('',#4317,#4318,#4319);
#4321=CIRCLE('',#4320,9.005074195);
#4322=EDGE_CURVE('',#4314,#4316,#4321,.T.);
#4323=ORIENTED_EDGE('',*,*,#4322,.T.);
#4324=CARTESIAN_POINT('',(-7.696705766,22.771464793,15.656715221));
#4325=VERTEX_POINT('',#4324);
#4326=CARTESIAN_POINT('',(-7.696705766,27.571464793,15.656715221));
#4327=DIRECTION('',(0.,-1.,-0.));
#4328=VECTOR('',#4327,4.8);
#4329=LINE('',#4326,#4328);
#4330=EDGE_CURVE('',#4316,#4325,#4329,.T.);
#4331=ORIENTED_EDGE('',*,*,#4330,.T.);
#4332=CARTESIAN_POINT('',(-7.489413838,22.771464793,15.982098371));
#4333=VERTEX_POINT('',#4332);
#4334=CARTESIAN_POINT('',(0.,22.771464793,10.982094208));
#4335=DIRECTION('',(-0.,1.,0.));
#4336=DIRECTION('',(0.,0.,-1.));
#4337=AXIS2_PLACEMENT_3D('',#4334,#4335,#4336);
#4338=CIRCLE('',#4337,9.005074195);
#4339=EDGE_CURVE('',#4325,#4333,#4338,.T.);
#4340=ORIENTED_EDGE('',*,*,#4339,.T.);
#4341=CARTESIAN_POINT('',(-7.489413838,22.771464793,15.982098371));
#4342=DIRECTION('',(-0.,1.,0.));
#4343=VECTOR('',#4342,4.8);
#4344=LINE('',#4341,#4343);
#4345=EDGE_CURVE('',#4333,#4314,#4344,.T.);
#4346=ORIENTED_EDGE('',*,*,#4345,.T.);
#4347=EDGE_LOOP('',(#4323,#4331,#4340,#4346));
#4348=FACE_BOUND('',#4347,.T.);
#4349=ADVANCED_FACE('',(#4348),#4312,.T.);
#4350=CARTESIAN_POINT('',(0.,29.071464793,10.982094208));
#4351=DIRECTION('',(0.,1.,0.));
#4352=DIRECTION('',(0.,-0.,1.));
#4353=AXIS2_PLACEMENT_3D('',#4350,#4351,#4352);
#4354=CYLINDRICAL_SURFACE('',#4353,9.005074195);
#4355=CARTESIAN_POINT('',(-7.25999741,22.771464793,16.309738985));
#4356=VERTEX_POINT('',#4355);
#4357=CARTESIAN_POINT('',(-7.02513528,22.771464793,16.615817271));
#4358=VERTEX_POINT('',#4357);
#4359=CARTESIAN_POINT('',(0.,22.771464793,10.982094208));
#4360=DIRECTION('',(-0.,1.,0.));
#4361=DIRECTION('',(0.,0.,-1.));
#4362=AXIS2_PLACEMENT_3D('',#4359,#4360,#4361);
#4363=CIRCLE('',#4362,9.005074195);
#4364=EDGE_CURVE('',#4356,#4358,#4363,.T.);
#4365=ORIENTED_EDGE('',*,*,#4364,.T.);
#4366=CARTESIAN_POINT('',(-7.02513528,27.571464793,16.615817271));
#4367=VERTEX_POINT('',#4366);
#4368=CARTESIAN_POINT('',(-7.02513528,22.771464793,16.615817271));
#4369=DIRECTION('',(-0.,1.,0.));
#4370=VECTOR('',#4369,4.8);
#4371=LINE('',#4368,#4370);
#4372=EDGE_CURVE('',#4358,#4367,#4371,.T.);
#4373=ORIENTED_EDGE('',*,*,#4372,.T.);
#4374=CARTESIAN_POINT('',(-7.25999741,27.571464793,16.309738985));
#4375=VERTEX_POINT('',#4374);
#4376=CARTESIAN_POINT('',(0.,27.571464793,10.982094208));
#4377=DIRECTION('',(-0.,-1.,-0.));
#4378=DIRECTION('',(0.,-0.,1.));
#4379=AXIS2_PLACEMENT_3D('',#4376,#4377,#4378);
#4380=CIRCLE('',#4379,9.005074195);
#4381=EDGE_CURVE('',#4367,#4375,#4380,.T.);
#4382=ORIENTED_EDGE('',*,*,#4381,.T.);
#4383=CARTESIAN_POINT('',(-7.25999741,27.571464793,16.309738985));
#4384=DIRECTION('',(0.,-1.,-0.));
#4385=VECTOR('',#4384,4.8);
#4386=LINE('',#4383,#4385);
#4387=EDGE_CURVE('',#4375,#4356,#4386,.T.);
#4388=ORIENTED_EDGE('',*,*,#4387,.T.);
#4389=EDGE_LOOP('',(#4365,#4373,#4382,#4388));
#4390=FACE_BOUND('',#4389,.T.);
#4391=ADVANCED_FACE('',(#4390),#4354,.T.);
#4392=CARTESIAN_POINT('',(0.,29.071464793,10.982094208));
#4393=DIRECTION('',(0.,1.,0.));
#4394=DIRECTION('',(0.,-0.,1.));
#4395=AXIS2_PLACEMENT_3D('',#4392,#4393,#4394);
#4396=CYLINDRICAL_SURFACE('',#4395,9.005074195);
#4397=CARTESIAN_POINT('',(-3.986020561,27.571464793,19.056931751));
#4398=VERTEX_POINT('',#4397);
#4399=CARTESIAN_POINT('',(-4.328232212,27.571464793,18.878787641));
#4400=VERTEX_POINT('',#4399);
#4401=CARTESIAN_POINT('',(0.,27.571464793,10.982094208));
#4402=DIRECTION('',(-0.,-1.,-0.));
#4403=DIRECTION('',(0.,-0.,1.));
#4404=AXIS2_PLACEMENT_3D('',#4401,#4402,#4403);
#4405=CIRCLE('',#4404,9.005074195);
#4406=EDGE_CURVE('',#4398,#4400,#4405,.T.);
#4407=ORIENTED_EDGE('',*,*,#4406,.T.);
#4408=CARTESIAN_POINT('',(-4.328232212,22.771464793,18.878787641));
#4409=VERTEX_POINT('',#4408);
#4410=CARTESIAN_POINT('',(-4.328232212,27.571464793,18.878787641));
#4411=DIRECTION('',(0.,-1.,-0.));
#4412=VECTOR('',#4411,4.8);
#4413=LINE('',#4410,#4412);
#4414=EDGE_CURVE('',#4400,#4409,#4413,.T.);
#4415=ORIENTED_EDGE('',*,*,#4414,.T.);
#4416=CARTESIAN_POINT('',(-3.986020561,22.771464793,19.056931751));
#4417=VERTEX_POINT('',#4416);
#4418=CARTESIAN_POINT('',(0.,22.771464793,10.982094208));
#4419=DIRECTION('',(-0.,1.,0.));
#4420=DIRECTION('',(0.,0.,-1.));
#4421=AXIS2_PLACEMENT_3D('',#4418,#4419,#4420);
#4422=CIRCLE('',#4421,9.005074195);
#4423=EDGE_CURVE('',#4409,#4417,#4422,.T.);
#4424=ORIENTED_EDGE('',*,*,#4423,.T.);
#4425=CARTESIAN_POINT('',(-3.986020561,22.771464793,19.056931751));
#4426=DIRECTION('',(-0.,1.,0.));
#4427=VECTOR('',#4426,4.8);
#4428=LINE('',#4425,#4427);
#4429=EDGE_CURVE('',#4417,#4398,#4428,.T.);
#4430=ORIENTED_EDGE('',*,*,#4429,.T.);
#4431=EDGE_LOOP('',(#4407,#4415,#4424,#4430));
#4432=FACE_BOUND('',#4431,.T.);
#4433=ADVANCED_FACE('',(#4432),#4396,.T.);
#4434=CARTESIAN_POINT('',(0.,29.071464793,10.982094208));
#4435=DIRECTION('',(0.,1.,0.));
#4436=DIRECTION('',(0.,-0.,1.));
#4437=AXIS2_PLACEMENT_3D('',#4434,#4435,#4436);
#4438=CYLINDRICAL_SURFACE('',#4437,9.005074195);
#4439=CARTESIAN_POINT('',(-3.267084086,27.571464793,19.373609139));
#4440=VERTEX_POINT('',#4439);
#4441=CARTESIAN_POINT('',(-3.6235198,27.571464793,19.225968632));
#4442=VERTEX_POINT('',#4441);
#4443=CARTESIAN_POINT('',(0.,27.571464793,10.982094208));
#4444=DIRECTION('',(-0.,-1.,-0.));
#4445=DIRECTION('',(0.,-0.,1.));
#4446=AXIS2_PLACEMENT_3D('',#4443,#4444,#4445);
#4447=CIRCLE('',#4446,9.005074195);
#4448=EDGE_CURVE('',#4440,#4442,#4447,.T.);
#4449=ORIENTED_EDGE('',*,*,#4448,.T.);
#4450=CARTESIAN_POINT('',(-3.6235198,22.771464793,19.225968632));
#4451=VERTEX_POINT('',#4450);
#4452=CARTESIAN_POINT('',(-3.6235198,27.571464793,19.225968632));
#4453=DIRECTION('',(0.,-1.,-0.));
#4454=VECTOR('',#4453,4.8);
#4455=LINE('',#4452,#4454);
#4456=EDGE_CURVE('',#4442,#4451,#4455,.T.);
#4457=ORIENTED_EDGE('',*,*,#4456,.T.);
#4458=CARTESIAN_POINT('',(-3.267084086,22.771464793,19.373609139));
#4459=VERTEX_POINT('',#4458);
#4460=CARTESIAN_POINT('',(0.,22.771464793,10.982094208));
#4461=DIRECTION('',(-0.,1.,0.));
#4462=DIRECTION('',(0.,0.,-1.));
#4463=AXIS2_PLACEMENT_3D('',#4460,#4461,#4462);
#4464=CIRCLE('',#4463,9.005074195);
#4465=EDGE_CURVE('',#4451,#4459,#4464,.T.);
#4466=ORIENTED_EDGE('',*,*,#4465,.T.);
#4467=CARTESIAN_POINT('',(-3.267084086,22.771464793,19.373609139));
#4468=DIRECTION('',(-0.,1.,0.));
#4469=VECTOR('',#4468,4.8);
#4470=LINE('',#4467,#4469);
#4471=EDGE_CURVE('',#4459,#4440,#4470,.T.);
#4472=ORIENTED_EDGE('',*,*,#4471,.T.);
#4473=EDGE_LOOP('',(#4449,#4457,#4466,#4472));
#4474=FACE_BOUND('',#4473,.T.);
#4475=ADVANCED_FACE('',(#4474),#4438,.T.);
#4476=CARTESIAN_POINT('',(0.,29.071464793,10.982094208));
#4477=DIRECTION('',(0.,1.,0.));
#4478=DIRECTION('',(0.,-0.,1.));
#4479=AXIS2_PLACEMENT_3D('',#4476,#4477,#4478);
#4480=CYLINDRICAL_SURFACE('',#4479,9.005074195);
#4481=CARTESIAN_POINT('',(-2.523283128,27.571464793,19.626422031));
#4482=VERTEX_POINT('',#4481);
#4483=CARTESIAN_POINT('',(-2.891230215,27.571464793,19.510408761));
#4484=VERTEX_POINT('',#4483);
#4485=CARTESIAN_POINT('',(0.,27.571464793,10.982094208));
#4486=DIRECTION('',(-0.,-1.,-0.));
#4487=DIRECTION('',(0.,-0.,1.));
#4488=AXIS2_PLACEMENT_3D('',#4485,#4486,#4487);
#4489=CIRCLE('',#4488,9.005074195);
#4490=EDGE_CURVE('',#4482,#4484,#4489,.T.);
#4491=ORIENTED_EDGE('',*,*,#4490,.T.);
#4492=CARTESIAN_POINT('',(-2.891230215,22.771464793,19.510408761));
#4493=VERTEX_POINT('',#4492);
#4494=CARTESIAN_POINT('',(-2.891230215,27.571464793,19.510408761));
#4495=DIRECTION('',(0.,-1.,-0.));
#4496=VECTOR('',#4495,4.8);
#4497=LINE('',#4494,#4496);
#4498=EDGE_CURVE('',#4484,#4493,#4497,.T.);
#4499=ORIENTED_EDGE('',*,*,#4498,.T.);
#4500=CARTESIAN_POINT('',(-2.523283128,22.771464793,19.626422031));
#4501=VERTEX_POINT('',#4500);
#4502=CARTESIAN_POINT('',(0.,22.771464793,10.982094208));
#4503=DIRECTION('',(-0.,1.,0.));
#4504=DIRECTION('',(0.,0.,-1.));
#4505=AXIS2_PLACEMENT_3D('',#4502,#4503,#4504);
#4506=CIRCLE('',#4505,9.005074195);
#4507=EDGE_CURVE('',#4493,#4501,#4506,.T.);
#4508=ORIENTED_EDGE('',*,*,#4507,.T.);
#4509=CARTESIAN_POINT('',(-2.523283128,22.771464793,19.626422031));
#4510=DIRECTION('',(-0.,1.,0.));
#4511=VECTOR('',#4510,4.8);
#4512=LINE('',#4509,#4511);
#4513=EDGE_CURVE('',#4501,#4482,#4512,.T.);
#4514=ORIENTED_EDGE('',*,*,#4513,.T.);
#4515=EDGE_LOOP('',(#4491,#4499,#4508,#4514));
#4516=FACE_BOUND('',#4515,.T.);
#4517=ADVANCED_FACE('',(#4516),#4480,.T.);
#4518=CARTESIAN_POINT('',(0.,29.071464793,10.982094208));
#4519=DIRECTION('',(0.,1.,0.));
#4520=DIRECTION('',(0.,-0.,1.));
#4521=AXIS2_PLACEMENT_3D('',#4518,#4519,#4520);
#4522=CYLINDRICAL_SURFACE('',#4521,9.005074195);
#4523=CARTESIAN_POINT('',(-1.366379651,22.771464793,19.882901357));
#4524=VERTEX_POINT('',#4523);
#4525=CARTESIAN_POINT('',(-0.983877014,22.771464793,19.933258785));
#4526=VERTEX_POINT('',#4525);
#4527=CARTESIAN_POINT('',(0.,22.771464793,10.982094208));
#4528=DIRECTION('',(-0.,1.,0.));
#4529=DIRECTION('',(0.,0.,-1.));
#4530=AXIS2_PLACEMENT_3D('',#4527,#4528,#4529);
#4531=CIRCLE('',#4530,9.005074195);
#4532=EDGE_CURVE('',#4524,#4526,#4531,.T.);
#4533=ORIENTED_EDGE('',*,*,#4532,.T.);
#4534=CARTESIAN_POINT('',(-0.983877014,27.571464793,19.933258785));
#4535=VERTEX_POINT('',#4534);
#4536=CARTESIAN_POINT('',(-0.983877014,22.771464793,19.933258785));
#4537=DIRECTION('',(-0.,1.,0.));
#4538=VECTOR('',#4537,4.8);
#4539=LINE('',#4536,#4538);
#4540=EDGE_CURVE('',#4526,#4535,#4539,.T.);
#4541=ORIENTED_EDGE('',*,*,#4540,.T.);
#4542=CARTESIAN_POINT('',(-1.366379651,27.571464793,19.882901357));
#4543=VERTEX_POINT('',#4542);
#4544=CARTESIAN_POINT('',(0.,27.571464793,10.982094208));
#4545=DIRECTION('',(-0.,-1.,-0.));
#4546=DIRECTION('',(0.,-0.,1.));
#4547=AXIS2_PLACEMENT_3D('',#4544,#4545,#4546);
#4548=CIRCLE('',#4547,9.005074195);
#4549=EDGE_CURVE('',#4535,#4543,#4548,.T.);
#4550=ORIENTED_EDGE('',*,*,#4549,.T.);
#4551=CARTESIAN_POINT('',(-1.366379651,27.571464793,19.882901357));
#4552=DIRECTION('',(0.,-1.,-0.));
#4553=VECTOR('',#4552,4.8);
#4554=LINE('',#4551,#4553);
#4555=EDGE_CURVE('',#4543,#4524,#4554,.T.);
#4556=ORIENTED_EDGE('',*,*,#4555,.T.);
#4557=EDGE_LOOP('',(#4533,#4541,#4550,#4556));
#4558=FACE_BOUND('',#4557,.T.);
#4559=ADVANCED_FACE('',(#4558),#4522,.T.);
#4560=CARTESIAN_POINT('',(0.,29.071464793,10.982094208));
#4561=DIRECTION('',(0.,1.,0.));
#4562=DIRECTION('',(0.,-0.,1.));
#4563=AXIS2_PLACEMENT_3D('',#4560,#4561,#4562);
#4564=CYLINDRICAL_SURFACE('',#4563,9.005074195);
#4565=CARTESIAN_POINT('',(-2.136936622,22.771464793,19.729943266));
#4566=VERTEX_POINT('',#4565);
#4567=CARTESIAN_POINT('',(-1.760278462,22.771464793,19.813446369));
#4568=VERTEX_POINT('',#4567);
#4569=CARTESIAN_POINT('',(0.,22.771464793,10.982094208));
#4570=DIRECTION('',(-0.,1.,0.));
#4571=DIRECTION('',(0.,0.,-1.));
#4572=AXIS2_PLACEMENT_3D('',#4569,#4570,#4571);
#4573=CIRCLE('',#4572,9.005074195);
#4574=EDGE_CURVE('',#4566,#4568,#4573,.T.);
#4575=ORIENTED_EDGE('',*,*,#4574,.T.);
#4576=CARTESIAN_POINT('',(-1.760278462,27.571464793,19.813446369));
#4577=VERTEX_POINT('',#4576);
#4578=CARTESIAN_POINT('',(-1.760278462,22.771464793,19.813446369));
#4579=DIRECTION('',(-0.,1.,0.));
#4580=VECTOR('',#4579,4.8);
#4581=LINE('',#4578,#4580);
#4582=EDGE_CURVE('',#4568,#4577,#4581,.T.);
#4583=ORIENTED_EDGE('',*,*,#4582,.T.);
#4584=CARTESIAN_POINT('',(-2.136936622,27.571464793,19.729943266));
#4585=VERTEX_POINT('',#4584);
#4586=CARTESIAN_POINT('',(0.,27.571464793,10.982094208));
#4587=DIRECTION('',(-0.,-1.,-0.));
#4588=DIRECTION('',(0.,-0.,1.));
#4589=AXIS2_PLACEMENT_3D('',#4586,#4587,#4588);
#4590=CIRCLE('',#4589,9.005074195);
#4591=EDGE_CURVE('',#4577,#4585,#4590,.T.);
#4592=ORIENTED_EDGE('',*,*,#4591,.T.);
#4593=CARTESIAN_POINT('',(-2.136936622,27.571464793,19.729943266));
#4594=DIRECTION('',(0.,-1.,-0.));
#4595=VECTOR('',#4594,4.8);
#4596=LINE('',#4593,#4595);
#4597=EDGE_CURVE('',#4585,#4566,#4596,.T.);
#4598=ORIENTED_EDGE('',*,*,#4597,.T.);
#4599=EDGE_LOOP('',(#4575,#4583,#4592,#4598));
#4600=FACE_BOUND('',#4599,.T.);
#4601=ADVANCED_FACE('',(#4600),#4564,.T.);
#4602=CARTESIAN_POINT('',(0.,28.171464793,19.987168403));
#4603=DIRECTION('',(0.,-1.,0.));
#4604=DIRECTION('',(0.,0.,-1.));
#4605=AXIS2_PLACEMENT_3D('',#4602,#4603,#4604);
#4606=PLANE('',#4605);
#4607=CARTESIAN_POINT('',(-0.,28.171464793,2.377020013));
#4608=VERTEX_POINT('',#4607);
#4609=CARTESIAN_POINT('',(0.,28.171464793,10.982094208));
#4610=DIRECTION('',(-0.,1.,-0.));
#4611=DIRECTION('',(0.,0.,-1.));
#4612=AXIS2_PLACEMENT_3D('',#4609,#4610,#4611);
#4613=CIRCLE('',#4612,8.605074195);
#4614=EDGE_CURVE('',#4608,#4608,#4613,.T.);
#4615=ORIENTED_EDGE('',*,*,#4614,.T.);
#4616=EDGE_LOOP('',(#4615));
#4617=FACE_BOUND('',#4616,.T.);
#4618=CARTESIAN_POINT('',(0.,28.171464793,18.387168403));
#4619=VERTEX_POINT('',#4618);
#4620=CARTESIAN_POINT('',(0.,28.171464793,10.982094208));
#4621=DIRECTION('',(0.,1.,0.));
#4622=DIRECTION('',(0.,-0.,1.));
#4623=AXIS2_PLACEMENT_3D('',#4620,#4621,#4622);
#4624=CIRCLE('',#4623,7.405074195);
#4625=EDGE_CURVE('',#4619,#4619,#4624,.T.);
#4626=ORIENTED_EDGE('',*,*,#4625,.F.);
#4627=EDGE_LOOP('',(#4626));
#4628=FACE_BOUND('',#4627,.T.);
#4629=ADVANCED_FACE('',(#4617,#4628),#4606,.F.);
#4630=CARTESIAN_POINT('',(0.,29.071464793,10.982094208));
#4631=DIRECTION('',(0.,1.,0.));
#4632=DIRECTION('',(0.,-0.,1.));
#4633=AXIS2_PLACEMENT_3D('',#4630,#4631,#4632);
#4634=CYLINDRICAL_SURFACE('',#4633,7.405074195);
#4635=CARTESIAN_POINT('',(0.,23.771464793,18.387168403));
#4636=VERTEX_POINT('',#4635);
#4637=CARTESIAN_POINT('',(0.,28.171464793,18.387168403));
#4638=DIRECTION('',(-0.,-1.,-0.));
#4639=VECTOR('',#4638,4.4);
#4640=LINE('',#4637,#4639);
#4641=EDGE_CURVE('',#4619,#4636,#4640,.T.);
#4642=ORIENTED_EDGE('',*,*,#4641,.F.);
#4643=ORIENTED_EDGE('',*,*,#4625,.T.);
#4644=ORIENTED_EDGE('',*,*,#4641,.T.);
#4645=CARTESIAN_POINT('',(0.,23.771464793,10.982094208));
#4646=DIRECTION('',(0.,1.,0.));
#4647=DIRECTION('',(0.,-0.,1.));
#4648=AXIS2_PLACEMENT_3D('',#4645,#4646,#4647);
#4649=CIRCLE('',#4648,7.405074195);
#4650=EDGE_CURVE('',#4636,#4636,#4649,.T.);
#4651=ORIENTED_EDGE('',*,*,#4650,.F.);
#4652=EDGE_LOOP('',(#4642,#4643,#4644,#4651));
#4653=FACE_BOUND('',#4652,.T.);
#4654=ADVANCED_FACE('',(#4653),#4634,.F.);
#4655=CARTESIAN_POINT('',(0.,23.771464793,10.982094208));
#4656=DIRECTION('',(0.,1.,0.));
#4657=DIRECTION('',(0.,-0.,1.));
#4658=AXIS2_PLACEMENT_3D('',#4655,#4656,#4657);
#4659=CONICAL_SURFACE('',#4658,7.405074195,89.957865496);
#4660=CARTESIAN_POINT('',(-0.,23.769327838,15.481272213));
#4661=VERTEX_POINT('',#4660);
#4662=CARTESIAN_POINT('',(0.,23.771464793,18.387168403));
#4663=DIRECTION('',(-0.,-0.000735386,-0.99999973));
#4664=VECTOR('',#4663,2.905896976);
#4665=LINE('',#4662,#4664);
#4666=EDGE_CURVE('',#4636,#4661,#4665,.T.);
#4667=ORIENTED_EDGE('',*,*,#4666,.F.);
#4668=ORIENTED_EDGE('',*,*,#4650,.T.);
#4669=ORIENTED_EDGE('',*,*,#4666,.T.);
#4670=CARTESIAN_POINT('',(-1.004735894,23.769327838,15.367651015));
#4671=VERTEX_POINT('',#4670);
#4672=CARTESIAN_POINT('',(0.,23.769327838,10.982094208));
#4673=DIRECTION('',(-0.,-1.,-0.));
#4674=DIRECTION('',(0.,-0.,1.));
#4675=AXIS2_PLACEMENT_3D('',#4672,#4673,#4674);
#4676=CIRCLE('',#4675,4.499178005);
#4677=EDGE_CURVE('',#4661,#4671,#4676,.T.);
#4678=ORIENTED_EDGE('',*,*,#4677,.T.);
#4679=CARTESIAN_POINT('',(-1.,23.769376305,15.436305698));
#4680=VERTEX_POINT('',#4679);
#4681=CARTESIAN_POINT('',(-1.004735894,23.769327838,15.367651015));
#4682=CARTESIAN_POINT('',(-1.001578631,23.769343646,15.390427013));
#4683=CARTESIAN_POINT('',(-1.,23.769359806,15.413311908));
#4684=CARTESIAN_POINT('',(-1.,23.769376305,15.436305698));
#4685=B_SPLINE_CURVE_WITH_KNOTS('',3,(#4681,#4682,#4683,#4684),.UNSPECIFIED.,.F.,.F.,(4,4),(0.,0.000068818),.UNSPECIFIED.);
#4686=EDGE_CURVE('',#4671,#4680,#4685,.T.);
#4687=ORIENTED_EDGE('',*,*,#4686,.T.);
#4688=CARTESIAN_POINT('',(-1.,23.770437226,16.906040675));
#4689=VERTEX_POINT('',#4688);
#4690=CARTESIAN_POINT('',(-1.,23.769376305,15.436305698));
#4691=CARTESIAN_POINT('',(-1.,23.769727829,15.926217359));
#4692=CARTESIAN_POINT('',(-1.,23.770081977,16.416129017));
#4693=CARTESIAN_POINT('',(-1.,23.770437226,16.906040675));
#4694=B_SPLINE_CURVE_WITH_KNOTS('',3,(#4690,#4691,#4692,#4693),.UNSPECIFIED.,.F.,.F.,(4,4),(0.,0.001469735),.UNSPECIFIED.);
#4695=EDGE_CURVE('',#4680,#4689,#4694,.T.);
#4696=ORIENTED_EDGE('',*,*,#4695,.T.);
#4697=CARTESIAN_POINT('',(-1.499999998,23.770870386,17.406066034));
#4698=VERTEX_POINT('',#4697);
#4699=CARTESIAN_POINT('',(-1.,23.770437226,16.906040675));
#4700=CARTESIAN_POINT('',(-1.,23.770464949,16.944273356));
#4701=CARTESIAN_POINT('',(-1.004328128,23.770492672,16.981768944));
#4702=CARTESIAN_POINT('',(-1.012823874,23.770520385,17.018554775));
#4703=CARTESIAN_POINT('',(-1.02131962,23.770548097,17.055340606));
#4704=CARTESIAN_POINT('',(-1.034219998,23.770576042,17.091710509));
#4705=CARTESIAN_POINT('',(-1.050793522,23.770602674,17.125616494));
#4706=CARTESIAN_POINT('',(-1.08394057,23.770655938,17.193428464));
#4707=CARTESIAN_POINT('',(-1.133000588,23.770705926,17.25391679));
#4708=CARTESIAN_POINT('',(-1.192575136,23.770747615,17.300362819));
#4709=CARTESIAN_POINT('',(-1.252149684,23.770789303,17.346808847));
#4710=CARTESIAN_POINT('',(-1.322393273,23.770823038,17.379618838));
#4711=CARTESIAN_POINT('',(-1.397050296,23.770846011,17.395327256));
#4712=CARTESIAN_POINT('',(-1.47170732,23.770868984,17.411035675));
#4713=CARTESIAN_POINT('',(-1.548605442,23.770880771,17.409513083));
#4714=CARTESIAN_POINT('',(-1.622731442,23.770880771,17.39074367));
#4715=B_SPLINE_CURVE_WITH_KNOTS('',3,(#4699,#4700,#4701,#4702,#4703,#4704,#4705,#4706,#4707,#4708,#4709,#4710,#4711,#4712,#4713,#4714),.UNSPECIFIED.,.F.,.F.,(4,3,3,3,3,4),(0.,0.00011307,0.00022614,0.00045228,0.000678421,0.000904561),.UNSPECIFIED.);
#4716=EDGE_CURVE('',#4689,#4698,#4715,.T.);
#4717=ORIENTED_EDGE('',*,*,#4716,.T.);
#4718=CARTESIAN_POINT('',(-1.622731442,23.770880771,17.39074367));
#4719=VERTEX_POINT('',#4718);
#4720=CARTESIAN_POINT('',(-1.,23.770437226,16.906040675));
#4721=CARTESIAN_POINT('',(-1.,23.770464949,16.944273356));
#4722=CARTESIAN_POINT('',(-1.004328128,23.770492672,16.981768944));
#4723=CARTESIAN_POINT('',(-1.012823874,23.770520385,17.018554775));
#4724=CARTESIAN_POINT('',(-1.02131962,23.770548097,17.055340606));
#4725=CARTESIAN_POINT('',(-1.034219998,23.770576042,17.091710509));
#4726=CARTESIAN_POINT('',(-1.050793522,23.770602674,17.125616494));
#4727=CARTESIAN_POINT('',(-1.08394057,23.770655938,17.193428464));
#4728=CARTESIAN_POINT('',(-1.133000588,23.770705926,17.25391679));
#4729=CARTESIAN_POINT('',(-1.192575136,23.770747615,17.300362819));
#4730=CARTESIAN_POINT('',(-1.252149684,23.770789303,17.346808847));
#4731=CARTESIAN_POINT('',(-1.322393273,23.770823038,17.379618838));
#4732=CARTESIAN_POINT('',(-1.397050296,23.770846011,17.395327256));
#4733=CARTESIAN_POINT('',(-1.47170732,23.770868984,17.411035675));
#4734=CARTESIAN_POINT('',(-1.548605442,23.770880771,17.409513083));
#4735=CARTESIAN_POINT('',(-1.622731442,23.770880771,17.39074367));
#4736=B_SPLINE_CURVE_WITH_KNOTS('',3,(#4720,#4721,#4722,#4723,#4724,#4725,#4726,#4727,#4728,#4729,#4730,#4731,#4732,#4733,#4734,#4735),.UNSPECIFIED.,.F.,.F.,(4,3,3,3,3,4),(0.,0.00011307,0.00022614,0.00045228,0.000678421,0.000904561),.UNSPECIFIED.);
#4737=EDGE_CURVE('',#4698,#4719,#4736,.T.);
#4738=ORIENTED_EDGE('',*,*,#4737,.T.);
#4739=CARTESIAN_POINT('',(-4.738687517,23.770880771,15.591745591));
#4740=VERTEX_POINT('',#4739);
#4741=CARTESIAN_POINT('',(0.,23.770880771,10.982094208));
#4742=DIRECTION('',(-0.,-1.,-0.));
#4743=DIRECTION('',(0.,-0.,1.));
#4744=AXIS2_PLACEMENT_3D('',#4741,#4742,#4743);
#4745=CIRCLE('',#4744,6.610903513);
#4746=EDGE_CURVE('',#4719,#4740,#4745,.T.);
#4747=ORIENTED_EDGE('',*,*,#4746,.T.);
#4748=CARTESIAN_POINT('',(-4.738687517,23.770880771,15.591745591));
#4749=CARTESIAN_POINT('',(-4.765346323,23.770880771,15.564340536));
#4750=CARTESIAN_POINT('',(-4.788388794,23.770877832,15.534445924));
#4751=CARTESIAN_POINT('',(-4.807949043,23.770872046,15.502154084));
#4752=CARTESIAN_POINT('',(-4.827509292,23.770866261,15.469862245));
#4753=CARTESIAN_POINT('',(-4.843622313,23.770857467,15.434797291));
#4754=CARTESIAN_POINT('',(-4.855384414,23.77084612,15.398937259));
#4755=CARTESIAN_POINT('',(-4.878908614,23.770823426,15.327217195));
#4756=CARTESIAN_POINT('',(-4.885919893,23.770789687,15.249650929));
#4757=CARTESIAN_POINT('',(-4.875603068,23.770748054,15.174818556));
#4758=CARTESIAN_POINT('',(-4.865286243,23.770706421,15.099986183));
#4759=CARTESIAN_POINT('',(-4.837813865,23.770656757,15.02748877));
#4760=CARTESIAN_POINT('',(-4.795253373,23.770602932,14.964172136));
#4761=CARTESIAN_POINT('',(-4.752692881,23.770549107,14.900855501));
#4762=CARTESIAN_POINT('',(-4.696511238,23.770492675,14.848327306));
#4763=CARTESIAN_POINT('',(-4.630290741,23.770437228,14.810094352));
#4764=B_SPLINE_CURVE_WITH_KNOTS('',3,(#4748,#4749,#4750,#4751,#4752,#4753,#4754,#4755,#4756,#4757,#4758,#4759,#4760,#4761,#4762,#4763),.UNSPECIFIED.,.F.,.F.,(4,3,3,3,3,4),(0.,0.00011307,0.000226139,0.000452279,0.000678418,0.000904558),.UNSPECIFIED.);
#4765=EDGE_CURVE('',#4740,#1539,#4764,.T.);
#4766=ORIENTED_EDGE('',*,*,#4765,.T.);
#4767=ORIENTED_EDGE('',*,*,#1545,.F.);
#4768=CARTESIAN_POINT('',(-3.295635657,23.769327838,14.04499942));
#4769=VERTEX_POINT('',#4768);
#4770=CARTESIAN_POINT('',(-3.357460304,23.769376305,14.075225357));
#4771=CARTESIAN_POINT('',(-3.337440941,23.769359718,14.063667172));
#4772=CARTESIAN_POINT('',(-3.316784707,23.769343531,14.053590521));
#4773=CARTESIAN_POINT('',(-3.295635657,23.769327838,14.04499942));
#4774=B_SPLINE_CURVE_WITH_KNOTS('',3,(#4770,#4771,#4772,#4773),.UNSPECIFIED.,.F.,.F.,(4,4),(0.000606138,0.000674573),.UNSPECIFIED.);
#4775=EDGE_CURVE('',#1531,#4769,#4774,.T.);
#4776=ORIENTED_EDGE('',*,*,#4775,.T.);
#4777=CARTESIAN_POINT('',(-4.300371551,23.769327838,12.304745803));
#4778=VERTEX_POINT('',#4777);
#4779=CARTESIAN_POINT('',(0.,23.769327838,10.982094208));
#4780=DIRECTION('',(-0.,-1.,-0.));
#4781=DIRECTION('',(0.,-0.,1.));
#4782=AXIS2_PLACEMENT_3D('',#4779,#4780,#4781);
#4783=CIRCLE('',#4782,4.499178005);
#4784=EDGE_CURVE('',#4769,#4778,#4783,.T.);
#4785=ORIENTED_EDGE('',*,*,#4784,.T.);
#4786=CARTESIAN_POINT('',(-4.357460304,23.769376305,12.343174549));
#4787=VERTEX_POINT('',#4786);
#4788=CARTESIAN_POINT('',(-4.300371551,23.769327838,12.304745803));
#4789=CARTESIAN_POINT('',(-4.318517513,23.769343646,12.318868072));
#4790=CARTESIAN_POINT('',(-4.337547098,23.769359806,12.331677654));
#4791=CARTESIAN_POINT('',(-4.357460304,23.769376305,12.343174549));
#4792=B_SPLINE_CURVE_WITH_KNOTS('',3,(#4788,#4789,#4790,#4791),.UNSPECIFIED.,.F.,.F.,(4,4),(0.,0.000068818),.UNSPECIFIED.);
#4793=EDGE_CURVE('',#4778,#4787,#4792,.T.);
#4794=ORIENTED_EDGE('',*,*,#4793,.T.);
#4795=CARTESIAN_POINT('',(-5.630288131,23.770437226,13.078042038));
#4796=VERTEX_POINT('',#4795);
#4797=CARTESIAN_POINT('',(-4.357460304,23.769376305,12.343174549));
#4798=CARTESIAN_POINT('',(-4.781736248,23.769727829,12.58813038));
#4799=CARTESIAN_POINT('',(-5.20601219,23.770081977,12.833086209));
#4800=CARTESIAN_POINT('',(-5.630288131,23.770437226,13.078042038));
#4801=B_SPLINE_CURVE_WITH_KNOTS('',3,(#4797,#4798,#4799,#4800),.UNSPECIFIED.,.F.,.F.,(4,4),(0.,0.001469735),.UNSPECIFIED.);
#4802=EDGE_CURVE('',#4787,#4796,#4801,.T.);
#4803=ORIENTED_EDGE('',*,*,#4802,.T.);
#4804=CARTESIAN_POINT('',(-5.88028811,23.770626736,13.145008171));
#4805=VERTEX_POINT('',#4804);
#4806=CARTESIAN_POINT('',(-5.630288131,23.770437226,13.078042038));
#4807=CARTESIAN_POINT('',(-5.663398604,23.770464949,13.097158378));
#4808=CARTESIAN_POINT('',(-5.6980348,23.770492672,13.112157903));
#4809=CARTESIAN_POINT('',(-5.734140137,23.770520385,13.123193287));
#4810=CARTESIAN_POINT('',(-5.770245474,23.770548097,13.13422867));
#4811=CARTESIAN_POINT('',(-5.808192923,23.770576042,13.141241567));
#4812=CARTESIAN_POINT('',(-5.845843129,23.770602674,13.143841467));
#4813=CARTESIAN_POINT('',(-5.921143542,23.770655938,13.149041266));
#4814=CARTESIAN_POINT('',(-5.998057978,23.770705926,13.136798208));
#4815=CARTESIAN_POINT('',(-6.068068693,23.770747615,13.10842815));
#4816=CARTESIAN_POINT('',(-6.138079407,23.770789303,13.080058092));
#4817=CARTESIAN_POINT('',(-6.201615487,23.770823038,13.035630355));
#4818=CARTESIAN_POINT('',(-6.252547888,23.770846011,12.978829685));
#4819=CARTESIAN_POINT('',(-6.30348029,23.770868984,12.922029015));
#4820=CARTESIAN_POINT('',(-6.340610748,23.770880771,12.854671993));
#4821=CARTESIAN_POINT('',(-6.361418959,23.770880771,12.781092287));
#4822=B_SPLINE_CURVE_WITH_KNOTS('',3,(#4806,#4807,#4808,#4809,#4810,#4811,#4812,#4813,#4814,#4815,#4816,#4817,#4818,#4819,#4820,#4821),.UNSPECIFIED.,.F.,.F.,(4,3,3,3,3,4),(0.,0.00011307,0.00022614,0.00045228,0.000678421,0.000904561),.UNSPECIFIED.);
#4823=EDGE_CURVE('',#4796,#4805,#4822,.T.);
#4824=ORIENTED_EDGE('',*,*,#4823,.T.);
#4825=CARTESIAN_POINT('',(-6.361418959,23.770880771,12.781092287));
#4826=VERTEX_POINT('',#4825);
#4827=CARTESIAN_POINT('',(-5.630288131,23.770437226,13.078042038));
#4828=CARTESIAN_POINT('',(-5.663398604,23.770464949,13.097158378));
#4829=CARTESIAN_POINT('',(-5.6980348,23.770492672,13.112157903));
#4830=CARTESIAN_POINT('',(-5.734140137,23.770520385,13.123193287));
#4831=CARTESIAN_POINT('',(-5.770245474,23.770548097,13.13422867));
#4832=CARTESIAN_POINT('',(-5.808192923,23.770576042,13.141241567));
#4833=CARTESIAN_POINT('',(-5.845843129,23.770602674,13.143841467));
#4834=CARTESIAN_POINT('',(-5.921143542,23.770655938,13.149041266));
#4835=CARTESIAN_POINT('',(-5.998057978,23.770705926,13.136798208));
#4836=CARTESIAN_POINT('',(-6.068068693,23.770747615,13.10842815));
#4837=CARTESIAN_POINT('',(-6.138079407,23.770789303,13.080058092));
#4838=CARTESIAN_POINT('',(-6.201615487,23.770823038,13.035630355));
#4839=CARTESIAN_POINT('',(-6.252547888,23.770846011,12.978829685));
#4840=CARTESIAN_POINT('',(-6.30348029,23.770868984,12.922029015));
#4841=CARTESIAN_POINT('',(-6.340610748,23.770880771,12.854671993));
#4842=CARTESIAN_POINT('',(-6.361418959,23.770880771,12.781092287));
#4843=B_SPLINE_CURVE_WITH_KNOTS('',3,(#4827,#4828,#4829,#4830,#4831,#4832,#4833,#4834,#4835,#4836,#4837,#4838,#4839,#4840,#4841,#4842),.UNSPECIFIED.,.F.,.F.,(4,3,3,3,3,4),(0.,0.00011307,0.00022614,0.00045228,0.000678421,0.000904561),.UNSPECIFIED.);
#4844=EDGE_CURVE('',#4805,#4826,#4843,.T.);
#4845=ORIENTED_EDGE('',*,*,#4844,.T.);
#4846=CARTESIAN_POINT('',(-6.361418959,23.770880771,9.183096129));
#4847=VERTEX_POINT('',#4846);
#4848=CARTESIAN_POINT('',(0.,23.770880771,10.982094208));
#4849=DIRECTION('',(-0.,-1.,-0.));
#4850=DIRECTION('',(0.,-0.,1.));
#4851=AXIS2_PLACEMENT_3D('',#4848,#4849,#4850);
#4852=CIRCLE('',#4851,6.610903513);
#4853=EDGE_CURVE('',#4826,#4847,#4852,.T.);
#4854=ORIENTED_EDGE('',*,*,#4853,.T.);
#4855=CARTESIAN_POINT('',(-6.361418959,23.770880771,9.183096129));
#4856=CARTESIAN_POINT('',(-6.351014853,23.770880771,9.146306277));
#4857=CARTESIAN_POINT('',(-6.336646536,23.770877832,9.111403497));
#4858=CARTESIAN_POINT('',(-6.318461021,23.770872046,9.078317808));
#4859=CARTESIAN_POINT('',(-6.300275506,23.770866261,9.045232118));
#4860=CARTESIAN_POINT('',(-6.277964767,23.770857467,9.013745276));
#4861=CARTESIAN_POINT('',(-6.252789995,23.77084612,8.98562893));
#4862=CARTESIAN_POINT('',(-6.202440452,23.770823426,8.929396237));
#4863=CARTESIAN_POINT('',(-6.138771424,23.770789687,8.884541147));
#4864=CARTESIAN_POINT('',(-6.068805946,23.770748053,8.856059703));
#4865=CARTESIAN_POINT('',(-5.998840467,23.77070642,8.827578258));
#4866=CARTESIAN_POINT('',(-5.922319305,23.770656756,8.815121579));
#4867=CARTESIAN_POINT('',(-5.846205072,23.77060293,8.820322088));
#4868=CARTESIAN_POINT('',(-5.770090838,23.770549105,8.825522596));
#4869=CARTESIAN_POINT('',(-5.696509077,23.770492673,8.847913698));
#4870=CARTESIAN_POINT('',(-5.630288131,23.770437226,8.886146378));
#4871=B_SPLINE_CURVE_WITH_KNOTS('',3,(#4855,#4856,#4857,#4858,#4859,#4860,#4861,#4862,#4863,#4864,#4865,#4866,#4867,#4868,#4869,#4870),.UNSPECIFIED.,.F.,.F.,(4,3,3,3,3,4),(0.,0.00011307,0.00022614,0.00045228,0.000678421,0.000904561),.UNSPECIFIED.);
#4872=EDGE_CURVE('',#4847,#1475,#4871,.T.);
#4873=ORIENTED_EDGE('',*,*,#4872,.T.);
#4874=ORIENTED_EDGE('',*,*,#1481,.F.);
#4875=CARTESIAN_POINT('',(-4.300371551,23.769327838,9.659442613));
#4876=VERTEX_POINT('',#4875);
#4877=CARTESIAN_POINT('',(-4.357460304,23.769376305,9.621013867));
#4878=CARTESIAN_POINT('',(-4.337440941,23.769359718,9.632572052));
#4879=CARTESIAN_POINT('',(-4.318386188,23.769343531,9.645422549));
#4880=CARTESIAN_POINT('',(-4.300371551,23.769327838,9.659442613));
#4881=B_SPLINE_CURVE_WITH_KNOTS('',3,(#4877,#4878,#4879,#4880),.UNSPECIFIED.,.F.,.F.,(4,4),(0.000500627,0.000569062),.UNSPECIFIED.);
#4882=EDGE_CURVE('',#1467,#4876,#4881,.T.);
#4883=ORIENTED_EDGE('',*,*,#4882,.T.);
#4884=CARTESIAN_POINT('',(-3.295635657,23.769327838,7.919188996));
#4885=VERTEX_POINT('',#4884);
#4886=CARTESIAN_POINT('',(0.,23.769327838,10.982094208));
#4887=DIRECTION('',(-0.,-1.,-0.));
#4888=DIRECTION('',(0.,-0.,1.));
#4889=AXIS2_PLACEMENT_3D('',#4886,#4887,#4888);
#4890=CIRCLE('',#4889,4.499178005);
#4891=EDGE_CURVE('',#4876,#4885,#4890,.T.);
#4892=ORIENTED_EDGE('',*,*,#4891,.T.);
#4893=CARTESIAN_POINT('',(-3.357460304,23.769376305,7.888963059));
#4894=VERTEX_POINT('',#4893);
#4895=CARTESIAN_POINT('',(-3.295635657,23.769327838,7.919188996));
#4896=CARTESIAN_POINT('',(-3.316938882,23.769343646,7.910535267));
#4897=CARTESIAN_POINT('',(-3.337547098,23.769359806,7.900459954));
#4898=CARTESIAN_POINT('',(-3.357460304,23.769376305,7.888963059));
#4899=B_SPLINE_CURVE_WITH_KNOTS('',3,(#4895,#4896,#4897,#4898),.UNSPECIFIED.,.F.,.F.,(4,4),(0.,0.000068818),.UNSPECIFIED.);
#4900=EDGE_CURVE('',#4885,#4894,#4899,.T.);
#4901=ORIENTED_EDGE('',*,*,#4900,.T.);
#4902=CARTESIAN_POINT('',(-4.630288131,23.770437226,7.154095571));
#4903=VERTEX_POINT('',#4902);
#4904=CARTESIAN_POINT('',(-3.357460304,23.769376305,7.888963059));
#4905=CARTESIAN_POINT('',(-3.781736248,23.769727829,7.644007229));
#4906=CARTESIAN_POINT('',(-4.20601219,23.770081977,7.3990514));
#4907=CARTESIAN_POINT('',(-4.630288131,23.770437226,7.154095571));
#4908=B_SPLINE_CURVE_WITH_KNOTS('',3,(#4904,#4905,#4906,#4907),.UNSPECIFIED.,.F.,.F.,(4,4),(0.,0.001469735),.UNSPECIFIED.);
#4909=EDGE_CURVE('',#4894,#4903,#4908,.T.);
#4910=ORIENTED_EDGE('',*,*,#4909,.T.);
#4911=CARTESIAN_POINT('',(-4.880261828,23.770783532,6.72108288));
#4912=VERTEX_POINT('',#4911);
#4913=CARTESIAN_POINT('',(-4.630288131,23.770437226,7.154095571));
#4914=CARTESIAN_POINT('',(-4.663398604,23.770464949,7.13497923));
#4915=CARTESIAN_POINT('',(-4.693706672,23.770492672,7.112483167));
#4916=CARTESIAN_POINT('',(-4.721316263,23.770520385,7.08673272));
#4917=CARTESIAN_POINT('',(-4.748925854,23.770548097,7.060982273));
#4918=CARTESIAN_POINT('',(-4.773972925,23.770576042,7.031625267));
#4919=CARTESIAN_POINT('',(-4.795049607,23.770602674,7.000319181));
#4920=CARTESIAN_POINT('',(-4.837202972,23.770655938,6.93770701));
#4921=CARTESIAN_POINT('',(-4.86505739,23.770705926,6.864975625));
#4922=CARTESIAN_POINT('',(-4.875493557,23.770747615,6.790159539));
#4923=CARTESIAN_POINT('',(-4.885929723,23.770789303,6.715343453));
#4924=CARTESIAN_POINT('',(-4.879222214,23.770823038,6.638105725));
#4925=CARTESIAN_POINT('',(-4.855497592,23.770846011,6.565596637));
#4926=CARTESIAN_POINT('',(-4.83177297,23.770868984,6.493087549));
#4927=CARTESIAN_POINT('',(-4.792005306,23.770880771,6.427253117));
#4928=CARTESIAN_POINT('',(-4.738687517,23.770880771,6.372442825));
#4929=B_SPLINE_CURVE_WITH_KNOTS('',3,(#4913,#4914,#4915,#4916,#4917,#4918,#4919,#4920,#4921,#4922,#4923,#4924,#4925,#4926,#4927,#4928),.UNSPECIFIED.,.F.,.F.,(4,3,3,3,3,4),(0.,0.00011307,0.00022614,0.00045228,0.000678421,0.000904561),.UNSPECIFIED.);
#4930=EDGE_CURVE('',#4903,#4912,#4929,.T.);
#4931=ORIENTED_EDGE('',*,*,#4930,.T.);
#4932=CARTESIAN_POINT('',(-4.738687517,23.770880771,6.372442825));
#4933=VERTEX_POINT('',#4932);
#4934=CARTESIAN_POINT('',(-4.630288131,23.770437226,7.154095571));
#4935=CARTESIAN_POINT('',(-4.663398604,23.770464949,7.13497923));
#4936=CARTESIAN_POINT('',(-4.693706672,23.770492672,7.112483167));
#4937=CARTESIAN_POINT('',(-4.721316263,23.770520385,7.08673272));
#4938=CARTESIAN_POINT('',(-4.748925854,23.770548097,7.060982273));
#4939=CARTESIAN_POINT('',(-4.773972925,23.770576042,7.031625267));
#4940=CARTESIAN_POINT('',(-4.795049607,23.770602674,7.000319181));
#4941=CARTESIAN_POINT('',(-4.837202972,23.770655938,6.93770701));
#4942=CARTESIAN_POINT('',(-4.86505739,23.770705926,6.864975625));
#4943=CARTESIAN_POINT('',(-4.875493557,23.770747615,6.790159539));
#4944=CARTESIAN_POINT('',(-4.885929723,23.770789303,6.715343453));
#4945=CARTESIAN_POINT('',(-4.879222214,23.770823038,6.638105725));
#4946=CARTESIAN_POINT('',(-4.855497592,23.770846011,6.565596637));
#4947=CARTESIAN_POINT('',(-4.83177297,23.770868984,6.493087549));
#4948=CARTESIAN_POINT('',(-4.792005306,23.770880771,6.427253117));
#4949=CARTESIAN_POINT('',(-4.738687517,23.770880771,6.372442825));
#4950=B_SPLINE_CURVE_WITH_KNOTS('',3,(#4934,#4935,#4936,#4937,#4938,#4939,#4940,#4941,#4942,#4943,#4944,#4945,#4946,#4947,#4948,#4949),.UNSPECIFIED.,.F.,.F.,(4,3,3,3,3,4),(0.,0.00011307,0.00022614,0.00045228,0.000678421,0.000904561),.UNSPECIFIED.);
#4951=EDGE_CURVE('',#4912,#4933,#4950,.T.);
#4952=ORIENTED_EDGE('',*,*,#4951,.T.);
#4953=CARTESIAN_POINT('',(-1.622731442,23.770880771,4.573444746));
#4954=VERTEX_POINT('',#4953);
#4955=CARTESIAN_POINT('',(0.,23.770880771,10.982094208));
#4956=DIRECTION('',(-0.,-1.,-0.));
#4957=DIRECTION('',(0.,-0.,1.));
#4958=AXIS2_PLACEMENT_3D('',#4955,#4956,#4957);
#4959=CIRCLE('',#4958,6.610903513);
#4960=EDGE_CURVE('',#4933,#4954,#4959,.T.);
#4961=ORIENTED_EDGE('',*,*,#4960,.T.);
#4962=CARTESIAN_POINT('',(-1.622731442,23.770880771,4.573444746));
#4963=CARTESIAN_POINT('',(-1.585668442,23.770880771,4.56406004));
#4964=CARTESIAN_POINT('',(-1.54825759,23.770877832,4.559051978));
#4965=CARTESIAN_POINT('',(-1.510511785,23.770872046,4.558258251));
#4966=CARTESIAN_POINT('',(-1.47276598,23.770866261,4.557464524));
#4967=CARTESIAN_POINT('',(-1.434342205,23.770857467,4.56104277));
#4968=CARTESIAN_POINT('',(-1.397405349,23.77084612,4.568786589));
#4969=CARTESIAN_POINT('',(-1.323531637,23.770823426,4.584274225));
#4970=CARTESIAN_POINT('',(-1.252851475,23.770789687,4.616985676));
#4971=CARTESIAN_POINT('',(-1.193203082,23.770748053,4.663336836));
#4972=CARTESIAN_POINT('',(-1.133554688,23.77070642,4.709687995));
#4973=CARTESIAN_POINT('',(-1.084506307,23.770656756,4.769728926));
#4974=CARTESIAN_POINT('',(-1.050952963,23.77060293,4.83824604));
#4975=CARTESIAN_POINT('',(-1.017399618,23.770549105,4.906763154));
#4976=CARTESIAN_POINT('',(-1.,23.770492673,4.981682379));
#4977=CARTESIAN_POINT('',(-1.,23.770437226,5.058147741));
#4978=B_SPLINE_CURVE_WITH_KNOTS('',3,(#4962,#4963,#4964,#4965,#4966,#4967,#4968,#4969,#4970,#4971,#4972,#4973,#4974,#4975,#4976,#4977),.UNSPECIFIED.,.F.,.F.,(4,3,3,3,3,4),(0.,0.00011307,0.00022614,0.00045228,0.000678421,0.000904561),.UNSPECIFIED.);
#4979=EDGE_CURVE('',#4954,#1571,#4978,.T.);
#4980=ORIENTED_EDGE('',*,*,#4979,.T.);
#4981=ORIENTED_EDGE('',*,*,#1577,.F.);
#4982=CARTESIAN_POINT('',(-1.004735894,23.769327838,6.596537401));
#4983=VERTEX_POINT('',#4982);
#4984=CARTESIAN_POINT('',(-1.,23.769376305,6.527882718));
#4985=CARTESIAN_POINT('',(-1.,23.769359718,6.550999088));
#4986=CARTESIAN_POINT('',(-1.001601481,23.769343531,6.573926236));
#4987=CARTESIAN_POINT('',(-1.004735894,23.769327838,6.596537401));
#4988=B_SPLINE_CURVE_WITH_KNOTS('',3,(#4984,#4985,#4986,#4987),.UNSPECIFIED.,.F.,.F.,(4,4),(0.000668513,0.000736948),.UNSPECIFIED.);
#4989=EDGE_CURVE('',#1563,#4983,#4988,.T.);
#4990=ORIENTED_EDGE('',*,*,#4989,.T.);
#4991=CARTESIAN_POINT('',(-0.,23.769327838,6.482916203));
#4992=VERTEX_POINT('',#4991);
#4993=CARTESIAN_POINT('',(0.,23.769327838,10.982094208));
#4994=DIRECTION('',(-0.,-1.,-0.));
#4995=DIRECTION('',(0.,-0.,1.));
#4996=AXIS2_PLACEMENT_3D('',#4993,#4994,#4995);
#4997=CIRCLE('',#4996,4.499178005);
#4998=EDGE_CURVE('',#4983,#4992,#4997,.T.);
#4999=ORIENTED_EDGE('',*,*,#4998,.T.);
#5000=CARTESIAN_POINT('',(1.004735894,23.769327838,6.596537401));
#5001=VERTEX_POINT('',#5000);
#5002=CARTESIAN_POINT('',(0.,23.769327838,10.982094208));
#5003=DIRECTION('',(-0.,-1.,-0.));
#5004=DIRECTION('',(0.,-0.,1.));
#5005=AXIS2_PLACEMENT_3D('',#5002,#5003,#5004);
#5006=CIRCLE('',#5005,4.499178005);
#5007=EDGE_CURVE('',#4992,#5001,#5006,.T.);
#5008=ORIENTED_EDGE('',*,*,#5007,.T.);
#5009=CARTESIAN_POINT('',(1.,23.769376305,6.527882718));
#5010=VERTEX_POINT('',#5009);
#5011=CARTESIAN_POINT('',(1.004735894,23.769327838,6.596537401));
#5012=CARTESIAN_POINT('',(1.001578631,23.769343646,6.573761403));
#5013=CARTESIAN_POINT('',(1.,23.769359806,6.550876508));
#5014=CARTESIAN_POINT('',(1.,23.769376305,6.527882718));
#5015=B_SPLINE_CURVE_WITH_KNOTS('',3,(#5011,#5012,#5013,#5014),.UNSPECIFIED.,.F.,.F.,(4,4),(0.,0.000068818),.UNSPECIFIED.);
#5016=EDGE_CURVE('',#5001,#5010,#5015,.T.);
#5017=ORIENTED_EDGE('',*,*,#5016,.T.);
#5018=CARTESIAN_POINT('',(1.,23.770437226,5.058147741));
#5019=VERTEX_POINT('',#5018);
#5020=CARTESIAN_POINT('',(1.,23.769376305,6.527882718));
#5021=CARTESIAN_POINT('',(1.,23.769727829,6.037971057));
#5022=CARTESIAN_POINT('',(1.,23.770081977,5.548059399));
#5023=CARTESIAN_POINT('',(1.,23.770437226,5.058147741));
#5024=B_SPLINE_CURVE_WITH_KNOTS('',3,(#5020,#5021,#5022,#5023),.UNSPECIFIED.,.F.,.F.,(4,4),(0.,0.001469735),.UNSPECIFIED.);
#5025=EDGE_CURVE('',#5010,#5019,#5024,.T.);
#5026=ORIENTED_EDGE('',*,*,#5025,.T.);
#5027=CARTESIAN_POINT('',(1.622731442,23.770880771,4.573444746));
#5028=VERTEX_POINT('',#5027);
#5029=CARTESIAN_POINT('',(1.,23.770437226,5.058147741));
#5030=CARTESIAN_POINT('',(1.,23.770464949,5.01991506));
#5031=CARTESIAN_POINT('',(1.004328128,23.770492672,4.982419472));
#5032=CARTESIAN_POINT('',(1.012823874,23.770520385,4.945633641));
#5033=CARTESIAN_POINT('',(1.02131962,23.770548097,4.908847811));
#5034=CARTESIAN_POINT('',(1.034219998,23.770576042,4.872477907));
#5035=CARTESIAN_POINT('',(1.050793522,23.770602674,4.838571922));
#5036=CARTESIAN_POINT('',(1.08394057,23.770655938,4.770759952));
#5037=CARTESIAN_POINT('',(1.133000588,23.770705926,4.710271626));
#5038=CARTESIAN_POINT('',(1.192575136,23.770747615,4.663825597));
#5039=CARTESIAN_POINT('',(1.252149684,23.770789303,4.617379569));
#5040=CARTESIAN_POINT('',(1.322393273,23.770823038,4.584569578));
#5041=CARTESIAN_POINT('',(1.397050296,23.770846011,4.56886116));
#5042=CARTESIAN_POINT('',(1.47170732,23.770868984,4.553152741));
#5043=CARTESIAN_POINT('',(1.548605442,23.770880771,4.554675333));
#5044=CARTESIAN_POINT('',(1.622731442,23.770880771,4.573444746));
#5045=B_SPLINE_CURVE_WITH_KNOTS('',3,(#5029,#5030,#5031,#5032,#5033,#5034,#5035,#5036,#5037,#5038,#5039,#5040,#5041,#5042,#5043,#5044),.UNSPECIFIED.,.F.,.F.,(4,3,3,3,3,4),(0.,0.00011307,0.00022614,0.00045228,0.000678421,0.000904561),.UNSPECIFIED.);
#5046=EDGE_CURVE('',#5019,#5028,#5045,.T.);
#5047=ORIENTED_EDGE('',*,*,#5046,.T.);
#5048=CARTESIAN_POINT('',(4.738687517,23.770880771,6.372442825));
#5049=VERTEX_POINT('',#5048);
#5050=CARTESIAN_POINT('',(0.,23.770880771,10.982094208));
#5051=DIRECTION('',(-0.,-1.,-0.));
#5052=DIRECTION('',(0.,-0.,1.));
#5053=AXIS2_PLACEMENT_3D('',#5050,#5051,#5052);
#5054=CIRCLE('',#5053,6.610903513);
#5055=EDGE_CURVE('',#5028,#5049,#5054,.T.);
#5056=ORIENTED_EDGE('',*,*,#5055,.T.);
#5057=CARTESIAN_POINT('',(4.738687517,23.770880771,6.372442825));
#5058=CARTESIAN_POINT('',(4.765346323,23.770880771,6.399847881));
#5059=CARTESIAN_POINT('',(4.788388794,23.770877832,6.429742492));
#5060=CARTESIAN_POINT('',(4.807949043,23.770872046,6.462034332));
#5061=CARTESIAN_POINT('',(4.827509292,23.770866261,6.494326172));
#5062=CARTESIAN_POINT('',(4.843622313,23.770857467,6.529391125));
#5063=CARTESIAN_POINT('',(4.855384414,23.77084612,6.565251157));
#5064=CARTESIAN_POINT('',(4.878908614,23.770823426,6.636971221));
#5065=CARTESIAN_POINT('',(4.885919893,23.770789687,6.714537487));
#5066=CARTESIAN_POINT('',(4.875603068,23.770748054,6.78936986));
#5067=CARTESIAN_POINT('',(4.865286243,23.770706421,6.864202233));
#5068=CARTESIAN_POINT('',(4.837813865,23.770656757,6.936699646));
#5069=CARTESIAN_POINT('',(4.795253373,23.770602932,7.000016281));
#5070=CARTESIAN_POINT('',(4.752692881,23.770549107,7.063332915));
#5071=CARTESIAN_POINT('',(4.696511238,23.770492675,7.11586111));
#5072=CARTESIAN_POINT('',(4.630290741,23.770437228,7.154094064));
#5073=B_SPLINE_CURVE_WITH_KNOTS('',3,(#5057,#5058,#5059,#5060,#5061,#5062,#5063,#5064,#5065,#5066,#5067,#5068,#5069,#5070,#5071,#5072),.UNSPECIFIED.,.F.,.F.,(4,3,3,3,3,4),(0.,0.00011307,0.000226139,0.000452279,0.000678418,0.000904558),.UNSPECIFIED.);
#5074=EDGE_CURVE('',#5049,#1603,#5073,.T.);
#5075=ORIENTED_EDGE('',*,*,#5074,.T.);
#5076=ORIENTED_EDGE('',*,*,#1609,.F.);
#5077=CARTESIAN_POINT('',(3.295635657,23.769327838,7.919188996));
#5078=VERTEX_POINT('',#5077);
#5079=CARTESIAN_POINT('',(3.357460304,23.769376305,7.888963059));
#5080=CARTESIAN_POINT('',(3.337440941,23.769359718,7.900521244));
#5081=CARTESIAN_POINT('',(3.316784707,23.769343531,7.910597895));
#5082=CARTESIAN_POINT('',(3.295635657,23.769327838,7.919188996));
#5083=B_SPLINE_CURVE_WITH_KNOTS('',3,(#5079,#5080,#5081,#5082),.UNSPECIFIED.,.F.,.F.,(4,4),(0.000606138,0.000674573),.UNSPECIFIED.);
#5084=EDGE_CURVE('',#1595,#5078,#5083,.T.);
#5085=ORIENTED_EDGE('',*,*,#5084,.T.);
#5086=CARTESIAN_POINT('',(4.300371551,23.769327838,9.659442613));
#5087=VERTEX_POINT('',#5086);
#5088=CARTESIAN_POINT('',(0.,23.769327838,10.982094208));
#5089=DIRECTION('',(-0.,-1.,-0.));
#5090=DIRECTION('',(0.,-0.,1.));
#5091=AXIS2_PLACEMENT_3D('',#5088,#5089,#5090);
#5092=CIRCLE('',#5091,4.499178005);
#5093=EDGE_CURVE('',#5078,#5087,#5092,.T.);
#5094=ORIENTED_EDGE('',*,*,#5093,.T.);
#5095=CARTESIAN_POINT('',(4.357463757,23.769376308,9.621011873));
#5096=VERTEX_POINT('',#5095);
#5097=CARTESIAN_POINT('',(4.300371551,23.769327838,9.659442613));
#5098=CARTESIAN_POINT('',(4.318518567,23.769343647,9.645319524));
#5099=CARTESIAN_POINT('',(4.337549302,23.769359808,9.632509277));
#5100=CARTESIAN_POINT('',(4.357463757,23.769376308,9.621011873));
#5101=B_SPLINE_CURVE_WITH_KNOTS('',3,(#5097,#5098,#5099,#5100),.UNSPECIFIED.,.F.,.F.,(4,4),(0.,0.000068822),.UNSPECIFIED.);
#5102=EDGE_CURVE('',#5087,#5096,#5101,.T.);
#5103=ORIENTED_EDGE('',*,*,#5102,.T.);
#5104=CARTESIAN_POINT('',(5.630290741,23.770437228,8.886144872));
#5105=VERTEX_POINT('',#5104);
#5106=CARTESIAN_POINT('',(4.357463757,23.769376308,9.621011873));
#5107=CARTESIAN_POINT('',(4.78173942,23.769727832,9.376056205));
#5108=CARTESIAN_POINT('',(5.206015081,23.77008198,9.131100538));
#5109=CARTESIAN_POINT('',(5.630290741,23.770437228,8.886144872));
#5110=B_SPLINE_CURVE_WITH_KNOTS('',3,(#5106,#5107,#5108,#5109),.UNSPECIFIED.,.F.,.F.,(4,4),(0.,0.001469734),.UNSPECIFIED.);
#5111=EDGE_CURVE('',#5096,#5105,#5110,.T.);
#5112=ORIENTED_EDGE('',*,*,#5111,.T.);
#5113=CARTESIAN_POINT('',(6.361418959,23.770880771,9.183096129));
#5114=VERTEX_POINT('',#5113);
#5115=CARTESIAN_POINT('',(5.630290741,23.770437228,8.886144872));
#5116=CARTESIAN_POINT('',(5.66340122,23.770464951,8.867028794));
#5117=CARTESIAN_POINT('',(5.698037387,23.770492674,8.852029514));
#5118=CARTESIAN_POINT('',(5.734142662,23.770520387,8.840994358));
#5119=CARTESIAN_POINT('',(5.770247936,23.770548099,8.829959202));
#5120=CARTESIAN_POINT('',(5.808195293,23.770576044,8.822946514));
#5121=CARTESIAN_POINT('',(5.84584539,23.770602676,8.820346793));
#5122=CARTESIAN_POINT('',(5.921145584,23.770655939,8.815147352));
#5123=CARTESIAN_POINT('',(5.998059716,23.770705927,8.827390665));
#5124=CARTESIAN_POINT('',(6.0680701,23.770747615,8.855760837));
#5125=CARTESIAN_POINT('',(6.138080484,23.770789304,8.884131008));
#5126=CARTESIAN_POINT('',(6.201616204,23.770823038,8.92855869));
#5127=CARTESIAN_POINT('',(6.252548388,23.770846011,8.985359288));
#5128=CARTESIAN_POINT('',(6.303480572,23.770868984,9.042159887));
#5129=CARTESIAN_POINT('',(6.340610816,23.770880771,9.109516666));
#5130=CARTESIAN_POINT('',(6.361418959,23.770880771,9.183096129));
#5131=B_SPLINE_CURVE_WITH_KNOTS('',3,(#5115,#5116,#5117,#5118,#5119,#5120,#5121,#5122,#5123,#5124,#5125,#5126,#5127,#5128,#5129,#5130),.UNSPECIFIED.,.F.,.F.,(4,3,3,3,3,4),(0.,0.00011307,0.000226139,0.000452279,0.000678418,0.000904558),.UNSPECIFIED.);
#5132=EDGE_CURVE('',#5105,#5114,#5131,.T.);
#5133=ORIENTED_EDGE('',*,*,#5132,.T.);
#5134=CARTESIAN_POINT('',(6.361418959,23.770880771,12.781092287));
#5135=VERTEX_POINT('',#5134);
#5136=CARTESIAN_POINT('',(0.,23.770880771,10.982094208));
#5137=DIRECTION('',(-0.,-1.,-0.));
#5138=DIRECTION('',(0.,-0.,1.));
#5139=AXIS2_PLACEMENT_3D('',#5136,#5137,#5138);
#5140=CIRCLE('',#5139,6.610903513);
#5141=EDGE_CURVE('',#5114,#5135,#5140,.T.);
#5142=ORIENTED_EDGE('',*,*,#5141,.T.);
#5143=CARTESIAN_POINT('',(5.880288127,23.770626739,13.145020315));
#5144=VERTEX_POINT('',#5143);
#5145=CARTESIAN_POINT('',(6.361418959,23.770880771,12.781092287));
#5146=CARTESIAN_POINT('',(6.351014888,23.770880771,12.817882018));
#5147=CARTESIAN_POINT('',(6.33664663,23.770877832,12.852784688));
#5148=CARTESIAN_POINT('',(6.318461201,23.770872046,12.885870281));
#5149=CARTESIAN_POINT('',(6.300275772,23.770866261,12.918955873));
#5150=CARTESIAN_POINT('',(6.277965142,23.770857467,12.950442636));
#5151=CARTESIAN_POINT('',(6.252790494,23.77084612,12.97855893));
#5152=CARTESIAN_POINT('',(6.202441197,23.770823426,13.034791517));
#5153=CARTESIAN_POINT('',(6.138772479,23.770789687,13.079646596));
#5154=CARTESIAN_POINT('',(6.06880733,23.770748054,13.10812815));
#5155=CARTESIAN_POINT('',(5.998842182,23.770706421,13.136609704));
#5156=CARTESIAN_POINT('',(5.922321391,23.770656757,13.149066633));
#5157=CARTESIAN_POINT('',(5.846207332,23.770602932,13.143866483));
#5158=CARTESIAN_POINT('',(5.770093272,23.770549107,13.138666333));
#5159=CARTESIAN_POINT('',(5.696511699,23.770492675,13.1162757));
#5160=CARTESIAN_POINT('',(5.630290741,23.770437228,13.078043545));
#5161=B_SPLINE_CURVE_WITH_KNOTS('',3,(#5145,#5146,#5147,#5148,#5149,#5150,#5151,#5152,#5153,#5154,#5155,#5156,#5157,#5158,#5159,#5160),.UNSPECIFIED.,.F.,.F.,(4,3,3,3,3,4),(0.,0.00011307,0.000226139,0.000452279,0.000678418,0.000904558),.UNSPECIFIED.);
#5162=EDGE_CURVE('',#5135,#5144,#5161,.T.);
#5163=ORIENTED_EDGE('',*,*,#5162,.T.);
#5164=CARTESIAN_POINT('',(6.361418959,23.770880771,12.781092287));
#5165=CARTESIAN_POINT('',(6.351014888,23.770880771,12.817882018));
#5166=CARTESIAN_POINT('',(6.33664663,23.770877832,12.852784688));
#5167=CARTESIAN_POINT('',(6.318461201,23.770872046,12.885870281));
#5168=CARTESIAN_POINT('',(6.300275772,23.770866261,12.918955873));
#5169=CARTESIAN_POINT('',(6.277965142,23.770857467,12.950442636));
#5170=CARTESIAN_POINT('',(6.252790494,23.77084612,12.97855893));
#5171=CARTESIAN_POINT('',(6.202441197,23.770823426,13.034791517));
#5172=CARTESIAN_POINT('',(6.138772479,23.770789687,13.079646596));
#5173=CARTESIAN_POINT('',(6.06880733,23.770748054,13.10812815));
#5174=CARTESIAN_POINT('',(5.998842182,23.770706421,13.136609704));
#5175=CARTESIAN_POINT('',(5.922321391,23.770656757,13.149066633));
#5176=CARTESIAN_POINT('',(5.846207332,23.770602932,13.143866483));
#5177=CARTESIAN_POINT('',(5.770093272,23.770549107,13.138666333));
#5178=CARTESIAN_POINT('',(5.696511699,23.770492675,13.1162757));
#5179=CARTESIAN_POINT('',(5.630290741,23.770437228,13.078043545));
#5180=B_SPLINE_CURVE_WITH_KNOTS('',3,(#5164,#5165,#5166,#5167,#5168,#5169,#5170,#5171,#5172,#5173,#5174,#5175,#5176,#5177,#5178,#5179),.UNSPECIFIED.,.F.,.F.,(4,3,3,3,3,4),(0.,0.00011307,0.000226139,0.000452279,0.000678418,0.000904558),.UNSPECIFIED.);
#5181=EDGE_CURVE('',#5144,#1443,#5180,.T.);
#5182=ORIENTED_EDGE('',*,*,#5181,.T.);
#5183=ORIENTED_EDGE('',*,*,#1449,.F.);
#5184=CARTESIAN_POINT('',(4.300371551,23.769327838,12.304745803));
#5185=VERTEX_POINT('',#5184);
#5186=CARTESIAN_POINT('',(4.357463757,23.769376308,12.343176543));
#5187=CARTESIAN_POINT('',(4.337443177,23.76935972,12.331617868));
#5188=CARTESIAN_POINT('',(4.318387224,23.769343532,12.318766673));
#5189=CARTESIAN_POINT('',(4.300371551,23.769327838,12.304745803));
#5190=B_SPLINE_CURVE_WITH_KNOTS('',3,(#5186,#5187,#5188,#5189),.UNSPECIFIED.,.F.,.F.,(4,4),(0.000500623,0.000569062),.UNSPECIFIED.);
#5191=EDGE_CURVE('',#1435,#5185,#5190,.T.);
#5192=ORIENTED_EDGE('',*,*,#5191,.T.);
#5193=CARTESIAN_POINT('',(3.295635657,23.769327838,14.04499942));
#5194=VERTEX_POINT('',#5193);
#5195=CARTESIAN_POINT('',(0.,23.769327838,10.982094208));
#5196=DIRECTION('',(-0.,-1.,-0.));
#5197=DIRECTION('',(0.,-0.,1.));
#5198=AXIS2_PLACEMENT_3D('',#5195,#5196,#5197);
#5199=CIRCLE('',#5198,4.499178005);
#5200=EDGE_CURVE('',#5185,#5194,#5199,.T.);
#5201=ORIENTED_EDGE('',*,*,#5200,.T.);
#5202=CARTESIAN_POINT('',(3.357460304,23.769376305,14.075225357));
#5203=VERTEX_POINT('',#5202);
#5204=CARTESIAN_POINT('',(3.295635657,23.769327838,14.04499942));
#5205=CARTESIAN_POINT('',(3.316938882,23.769343646,14.053653149));
#5206=CARTESIAN_POINT('',(3.337547098,23.769359806,14.063728462));
#5207=CARTESIAN_POINT('',(3.357460304,23.769376305,14.075225357));
#5208=B_SPLINE_CURVE_WITH_KNOTS('',3,(#5204,#5205,#5206,#5207),.UNSPECIFIED.,.F.,.F.,(4,4),(0.,0.000068818),.UNSPECIFIED.);
#5209=EDGE_CURVE('',#5194,#5203,#5208,.T.);
#5210=ORIENTED_EDGE('',*,*,#5209,.T.);
#5211=CARTESIAN_POINT('',(4.630288131,23.770437226,14.810092845));
#5212=VERTEX_POINT('',#5211);
#5213=CARTESIAN_POINT('',(3.357460304,23.769376305,14.075225357));
#5214=CARTESIAN_POINT('',(3.781736248,23.769727829,14.320181187));
#5215=CARTESIAN_POINT('',(4.20601219,23.770081977,14.565137016));
#5216=CARTESIAN_POINT('',(4.630288131,23.770437226,14.810092845));
#5217=B_SPLINE_CURVE_WITH_KNOTS('',3,(#5213,#5214,#5215,#5216),.UNSPECIFIED.,.F.,.F.,(4,4),(0.,0.001469735),.UNSPECIFIED.);
#5218=EDGE_CURVE('',#5203,#5212,#5217,.T.);
#5219=ORIENTED_EDGE('',*,*,#5218,.T.);
#5220=CARTESIAN_POINT('',(4.738687517,23.770880771,15.591745591));
#5221=VERTEX_POINT('',#5220);
#5222=CARTESIAN_POINT('',(4.630288131,23.770437226,14.810092845));
#5223=CARTESIAN_POINT('',(4.663398604,23.770464949,14.829209186));
#5224=CARTESIAN_POINT('',(4.693706672,23.770492672,14.851705249));
#5225=CARTESIAN_POINT('',(4.721316263,23.770520385,14.877455696));
#5226=CARTESIAN_POINT('',(4.748925854,23.770548097,14.903206143));
#5227=CARTESIAN_POINT('',(4.773972925,23.770576042,14.93256315));
#5228=CARTESIAN_POINT('',(4.795049607,23.770602674,14.963869235));
#5229=CARTESIAN_POINT('',(4.837202972,23.770655938,15.026481406));
#5230=CARTESIAN_POINT('',(4.86505739,23.770705926,15.099212791));
#5231=CARTESIAN_POINT('',(4.875493557,23.770747615,15.174028877));
#5232=CARTESIAN_POINT('',(4.885929723,23.770789303,15.248844963));
#5233=CARTESIAN_POINT('',(4.879222214,23.770823038,15.326082691));
#5234=CARTESIAN_POINT('',(4.855497592,23.770846011,15.398591779));
#5235=CARTESIAN_POINT('',(4.83177297,23.770868984,15.471100867));
#5236=CARTESIAN_POINT('',(4.792005306,23.770880771,15.536935299));
#5237=CARTESIAN_POINT('',(4.738687517,23.770880771,15.591745591));
#5238=B_SPLINE_CURVE_WITH_KNOTS('',3,(#5222,#5223,#5224,#5225,#5226,#5227,#5228,#5229,#5230,#5231,#5232,#5233,#5234,#5235,#5236,#5237),.UNSPECIFIED.,.F.,.F.,(4,3,3,3,3,4),(0.,0.00011307,0.00022614,0.00045228,0.000678421,0.000904561),.UNSPECIFIED.);
#5239=EDGE_CURVE('',#5212,#5221,#5238,.T.);
#5240=ORIENTED_EDGE('',*,*,#5239,.T.);
#5241=CARTESIAN_POINT('',(1.622731442,23.770880771,17.39074367));
#5242=VERTEX_POINT('',#5241);
#5243=CARTESIAN_POINT('',(0.,23.770880771,10.982094208));
#5244=DIRECTION('',(-0.,-1.,-0.));
#5245=DIRECTION('',(0.,-0.,1.));
#5246=AXIS2_PLACEMENT_3D('',#5243,#5244,#5245);
#5247=CIRCLE('',#5246,6.610903513);
#5248=EDGE_CURVE('',#5221,#5242,#5247,.T.);
#5249=ORIENTED_EDGE('',*,*,#5248,.T.);
#5250=CARTESIAN_POINT('',(1.500000001,23.77087036,17.406038357));
#5251=VERTEX_POINT('',#5250);
#5252=CARTESIAN_POINT('',(1.622731442,23.770880771,17.39074367));
#5253=CARTESIAN_POINT('',(1.585668564,23.770880771,17.400128346));
#5254=CARTESIAN_POINT('',(1.548257836,23.770877832,17.405136405));
#5255=CARTESIAN_POINT('',(1.510512158,23.770872046,17.405930157));
#5256=CARTESIAN_POINT('',(1.47276648,23.770866261,17.40672391));
#5257=CARTESIAN_POINT('',(1.434342829,23.770857467,17.403145719));
#5258=CARTESIAN_POINT('',(1.39740608,23.77084612,17.395401981));
#5259=CARTESIAN_POINT('',(1.323532582,23.770823426,17.379914504));
#5260=CARTESIAN_POINT('',(1.252852586,23.770789687,17.347203317));
#5261=CARTESIAN_POINT('',(1.193204262,23.770748054,17.300852498));
#5262=CARTESIAN_POINT('',(1.133555939,23.770706421,17.254501679));
#5263=CARTESIAN_POINT('',(1.084507526,23.770656757,17.194461195));
#5264=CARTESIAN_POINT('',(1.050953959,23.770602932,17.12594441));
#5265=CARTESIAN_POINT('',(1.017400391,23.770549107,17.057427626));
#5266=CARTESIAN_POINT('',(1.000000461,23.770492675,16.982508798));
#5267=CARTESIAN_POINT('',(1.,23.770437228,16.906043689));
#5268=B_SPLINE_CURVE_WITH_KNOTS('',3,(#5252,#5253,#5254,#5255,#5256,#5257,#5258,#5259,#5260,#5261,#5262,#5263,#5264,#5265,#5266,#5267),.UNSPECIFIED.,.F.,.F.,(4,3,3,3,3,4),(0.,0.00011307,0.000226139,0.000452279,0.000678418,0.000904558),.UNSPECIFIED.);
#5269=EDGE_CURVE('',#5242,#5251,#5268,.T.);
#5270=ORIENTED_EDGE('',*,*,#5269,.T.);
#5271=CARTESIAN_POINT('',(1.622731442,23.770880771,17.39074367));
#5272=CARTESIAN_POINT('',(1.585668564,23.770880771,17.400128346));
#5273=CARTESIAN_POINT('',(1.548257836,23.770877832,17.405136405));
#5274=CARTESIAN_POINT('',(1.510512158,23.770872046,17.405930157));
#5275=CARTESIAN_POINT('',(1.47276648,23.770866261,17.40672391));
#5276=CARTESIAN_POINT('',(1.434342829,23.770857467,17.403145719));
#5277=CARTESIAN_POINT('',(1.39740608,23.77084612,17.395401981));
#5278=CARTESIAN_POINT('',(1.323532582,23.770823426,17.379914504));
#5279=CARTESIAN_POINT('',(1.252852586,23.770789687,17.347203317));
#5280=CARTESIAN_POINT('',(1.193204262,23.770748054,17.300852498));
#5281=CARTESIAN_POINT('',(1.133555939,23.770706421,17.254501679));
#5282=CARTESIAN_POINT('',(1.084507526,23.770656757,17.194461195));
#5283=CARTESIAN_POINT('',(1.050953959,23.770602932,17.12594441));
#5284=CARTESIAN_POINT('',(1.017400391,23.770549107,17.057427626));
#5285=CARTESIAN_POINT('',(1.000000461,23.770492675,16.982508798));
#5286=CARTESIAN_POINT('',(1.,23.770437228,16.906043689));
#5287=B_SPLINE_CURVE_WITH_KNOTS('',3,(#5271,#5272,#5273,#5274,#5275,#5276,#5277,#5278,#5279,#5280,#5281,#5282,#5283,#5284,#5285,#5286),.UNSPECIFIED.,.F.,.F.,(4,3,3,3,3,4),(0.,0.00011307,0.000226139,0.000452279,0.000678418,0.000904558),.UNSPECIFIED.);
#5288=EDGE_CURVE('',#5251,#1411,#5287,.T.);
#5289=ORIENTED_EDGE('',*,*,#5288,.T.);
#5290=ORIENTED_EDGE('',*,*,#1417,.F.);
#5291=CARTESIAN_POINT('',(1.004735894,23.769327838,15.367651015));
#5292=VERTEX_POINT('',#5291);
#5293=CARTESIAN_POINT('',(1.,23.769376308,15.436309685));
#5294=CARTESIAN_POINT('',(0.999999816,23.76935972,15.413192016));
#5295=CARTESIAN_POINT('',(1.001601301,23.769343532,15.39026348));
#5296=CARTESIAN_POINT('',(1.004735894,23.769327838,15.367651015));
#5297=B_SPLINE_CURVE_WITH_KNOTS('',3,(#5293,#5294,#5295,#5296),.UNSPECIFIED.,.F.,.F.,(4,4),(0.000668509,0.000736948),.UNSPECIFIED.);
#5298=EDGE_CURVE('',#1403,#5292,#5297,.T.);
#5299=ORIENTED_EDGE('',*,*,#5298,.T.);
#5300=CARTESIAN_POINT('',(0.,23.769327838,10.982094208));
#5301=DIRECTION('',(-0.,-1.,-0.));
#5302=DIRECTION('',(0.,-0.,1.));
#5303=AXIS2_PLACEMENT_3D('',#5300,#5301,#5302);
#5304=CIRCLE('',#5303,4.499178005);
#5305=EDGE_CURVE('',#5292,#4661,#5304,.T.);
#5306=ORIENTED_EDGE('',*,*,#5305,.T.);
#5307=EDGE_LOOP('',(#4667,#4668,#4669,#4678,#4687,#4696,#4717,#4738,#4747,#4766,#4767,#4776,#4785,#4794,#4803,#4824,#4845,#4854,#4873,#4874,#4883,#4892,#4901,#4910,#4931,#4952,
#4961,#4980,#4981,#4990,#4999,#5008,#5017,#5026,#5047,#5056,#5075,#5076,#5085,#5094,#5103,#5112,#5133,#5142,#5163,#5182,#5183,#5192,#5201,#5210,#5219,
#5240,#5249,#5270,#5289,#5290,#5299,#5306));
#5308=FACE_BOUND('',#5307,.T.);
#5309=ADVANCED_FACE('',(#5308),#4659,.F.);
#5310=CARTESIAN_POINT('',(0.,28.171464793,10.982094208));
#5311=DIRECTION('',(0.,-1.,0.));
#5312=DIRECTION('',(0.,0.,-1.));
#5313=AXIS2_PLACEMENT_3D('',#5310,#5311,#5312);
#5314=CONICAL_SURFACE('',#5313,8.605074195,45.);
#5315=CARTESIAN_POINT('',(-0.,27.912886149,2.118441369));
#5316=VERTEX_POINT('',#5315);
#5317=CARTESIAN_POINT('',(0.,27.912886149,2.118441369));
#5318=DIRECTION('',(-0.,0.707106781,0.707106781));
#5319=VECTOR('',#5318,0.365685425);
#5320=LINE('',#5317,#5319);
#5321=EDGE_CURVE('',#5316,#4608,#5320,.T.);
#5322=ORIENTED_EDGE('',*,*,#5321,.T.);
#5323=ORIENTED_EDGE('',*,*,#4614,.F.);
#5324=ORIENTED_EDGE('',*,*,#5321,.F.);
#5325=CARTESIAN_POINT('',(-8.863652839,27.912886149,10.982094208));
#5326=VERTEX_POINT('',#5325);
#5327=CARTESIAN_POINT('',(0.,27.912886149,10.982094208));
#5328=DIRECTION('',(0.,-1.,0.));
#5329=DIRECTION('',(0.,0.,-1.));
#5330=AXIS2_PLACEMENT_3D('',#5327,#5328,#5329);
#5331=CIRCLE('',#5330,8.863652839);
#5332=EDGE_CURVE('',#5326,#5316,#5331,.T.);
#5333=ORIENTED_EDGE('',*,*,#5332,.F.);
#5334=CARTESIAN_POINT('',(0.,27.912886149,10.982094208));
#5335=DIRECTION('',(0.,-1.,0.));
#5336=DIRECTION('',(0.,0.,-1.));
#5337=AXIS2_PLACEMENT_3D('',#5334,#5335,#5336);
#5338=CIRCLE('',#5337,8.863652839);
#5339=EDGE_CURVE('',#5316,#5326,#5338,.T.);
#5340=ORIENTED_EDGE('',*,*,#5339,.F.);
#5341=EDGE_LOOP('',(#5322,#5323,#5324,#5333,#5340));
#5342=FACE_BOUND('',#5341,.T.);
#5343=ADVANCED_FACE('',(#5342),#5314,.T.);
#5344=CARTESIAN_POINT('',(0.,27.771464793,10.982094208));
#5345=DIRECTION('',(0.,-1.,-0.));
#5346=DIRECTION('',(0.,0.,-1.));
#5347=AXIS2_PLACEMENT_3D('',#5344,#5345,#5346);
#5348=TOROIDAL_SURFACE('',#5347,9.005074195,0.2);
#5349=CARTESIAN_POINT('',(-0.,27.771464793,2.177020013));
#5350=VERTEX_POINT('',#5349);
#5351=CARTESIAN_POINT('',(0.,27.771464793,1.977020013));
#5352=DIRECTION('',(1.,-0.,-0.));
#5353=DIRECTION('',(0.,0.,-1.));
#5354=AXIS2_PLACEMENT_3D('',#5351,#5352,#5353);
#5355=CIRCLE('',#5354,0.2);
#5356=EDGE_CURVE('',#5316,#5350,#5355,.T.);
#5357=ORIENTED_EDGE('',*,*,#5356,.F.);
#5358=ORIENTED_EDGE('',*,*,#5339,.T.);
#5359=CARTESIAN_POINT('',(-8.805074195,27.771464793,10.982094208));
#5360=VERTEX_POINT('',#5359);
#5361=CARTESIAN_POINT('',(-9.005074195,27.771464793,10.982094208));
#5362=DIRECTION('',(0.,0.,-1.));
#5363=DIRECTION('',(1.,0.,0.));
#5364=AXIS2_PLACEMENT_3D('',#5361,#5362,#5363);
#5365=CIRCLE('',#5364,0.2);
#5366=EDGE_CURVE('',#5326,#5360,#5365,.T.);
#5367=ORIENTED_EDGE('',*,*,#5366,.T.);
#5368=CARTESIAN_POINT('',(-8.805074195,27.771464793,10.982094208));
#5369=CARTESIAN_POINT('',(-8.805074195,27.748498679,11.004803867));
#5370=CARTESIAN_POINT('',(-8.808728336,27.726611739,11.02644651));
#5371=CARTESIAN_POINT('',(-8.816229062,27.704903813,11.047954026));
#5372=CARTESIAN_POINT('',(-8.823729788,27.683195887,11.069461541));
#5373=CARTESIAN_POINT('',(-8.835269578,27.661820735,11.090684254));
#5374=CARTESIAN_POINT('',(-8.851253204,27.642537743,11.109918708));
#5375=CARTESIAN_POINT('',(-8.867236831,27.623254751,11.129153161));
#5376=CARTESIAN_POINT('',(-8.8879595,27.605655077,11.146810387));
#5377=CARTESIAN_POINT('',(-8.91386431,27.592574502,11.160085098));
#5378=CARTESIAN_POINT('',(-8.93976912,27.579493927,11.173359808));
#5379=CARTESIAN_POINT('',(-8.970788595,27.571464794,11.181725781));
#5380=CARTESIAN_POINT('',(-9.002853225,27.571464793,11.182081876));
#5381=B_SPLINE_CURVE_WITH_KNOTS('',3,(#5368,#5369,#5370,#5371,#5372,#5373,#5374,#5375,#5376,#5377,#5378,#5379,#5380),.UNSPECIFIED.,.F.,.F.,(4,3,3,3,4),(-0.000002828,0.000091363,0.000185554,0.000279745,0.000373937),.UNSPECIFIED.);
#5382=EDGE_CURVE('',#5360,#2317,#5381,.T.);
#5383=ORIENTED_EDGE('',*,*,#5382,.T.);
#5384=ORIENTED_EDGE('',*,*,#2323,.F.);
#5385=CARTESIAN_POINT('',(-8.77156823,27.771464793,11.749506989));
#5386=VERTEX_POINT('',#5385);
#5387=CARTESIAN_POINT('',(-8.986024724,27.571464793,11.567517913));
#5388=CARTESIAN_POINT('',(-8.954428638,27.571464814,11.565106848));
#5389=CARTESIAN_POINT('',(-8.922351756,27.579531323,11.570740622));
#5390=CARTESIAN_POINT('',(-8.895481244,27.592562885,11.581665353));
#5391=CARTESIAN_POINT('',(-8.868610733,27.605594446,11.592590083));
#5392=CARTESIAN_POINT('',(-8.846317404,27.6232514,11.60842261));
#5393=CARTESIAN_POINT('',(-8.828725098,27.64252356,11.626180598));
#5394=CARTESIAN_POINT('',(-8.811132792,27.66179572,11.643938585));
#5395=CARTESIAN_POINT('',(-8.797761779,27.68321186,11.664113458));
#5396=CARTESIAN_POINT('',(-8.78842505,27.704893733,11.684860353));
#5397=CARTESIAN_POINT('',(-8.779088322,27.726575606,11.705607248));
#5398=CARTESIAN_POINT('',(-8.773520816,27.748807239,11.727188829));
#5399=CARTESIAN_POINT('',(-8.77156823,27.771464793,11.749506989));
#5400=B_SPLINE_CURVE_WITH_KNOTS('',3,(#5387,#5388,#5389,#5390,#5391,#5392,#5393,#5394,#5395,#5396,#5397,#5398,#5399),.UNSPECIFIED.,.F.,.F.,(4,3,3,3,4),(0.000019303,0.000114281,0.000209258,0.000304236,0.000399214),.UNSPECIFIED.);
#5401=EDGE_CURVE('',#2309,#5386,#5400,.T.);
#5402=ORIENTED_EDGE('',*,*,#5401,.T.);
#5403=CARTESIAN_POINT('',(-8.77156823,27.771464793,11.749506989));
#5404=CARTESIAN_POINT('',(-8.769587705,27.748484204,11.772144491));
#5405=CARTESIAN_POINT('',(-8.771344944,27.72658372,11.794036986));
#5406=CARTESIAN_POINT('',(-8.776951177,27.704862765,11.816130152));
#5407=CARTESIAN_POINT('',(-8.78255741,27.683141811,11.838223317));
#5408=CARTESIAN_POINT('',(-8.792217308,27.661755321,11.860383646));
#5409=CARTESIAN_POINT('',(-8.806484775,27.642464827,11.880947571));
#5410=CARTESIAN_POINT('',(-8.820752242,27.623174332,11.901511497));
#5411=CARTESIAN_POINT('',(-8.83988354,27.605572726,11.920912309));
#5412=CARTESIAN_POINT('',(-8.864571332,27.592500346,11.93639004));
#5413=CARTESIAN_POINT('',(-8.889259124,27.579427965,11.95186777));
#5414=CARTESIAN_POINT('',(-8.919653803,27.571464815,11.962861421));
#5415=CARTESIAN_POINT('',(-8.951164577,27.571464793,11.965971222));
#5416=B_SPLINE_CURVE_WITH_KNOTS('',3,(#5403,#5404,#5405,#5406,#5407,#5408,#5409,#5410,#5411,#5412,#5413,#5414,#5415),.UNSPECIFIED.,.F.,.F.,(4,3,3,3,4),(-0.000002828,0.000091422,0.000185673,0.000279924,0.000374174),.UNSPECIFIED.);
#5417=EDGE_CURVE('',#5386,#1796,#5416,.T.);
#5418=ORIENTED_EDGE('',*,*,#5417,.T.);
#5419=ORIENTED_EDGE('',*,*,#1802,.F.);
#5420=CARTESIAN_POINT('',(-8.671305333,27.771464793,12.511079296));
#5421=VERTEX_POINT('',#5420);
#5422=CARTESIAN_POINT('',(-8.900807149,27.571464793,12.348473859));
#5423=CARTESIAN_POINT('',(-8.869411039,27.571464802,12.343296686));
#5424=CARTESIAN_POINT('',(-8.837276989,27.579457975,12.346090866));
#5425=CARTESIAN_POINT('',(-8.809449653,27.592527893,12.354653149));
#5426=CARTESIAN_POINT('',(-8.781622317,27.60559781,12.363215432));
#5427=CARTESIAN_POINT('',(-8.758143761,27.623188423,12.37699621));
#5428=CARTESIAN_POINT('',(-8.739063833,27.642452326,12.393144032));
#5429=CARTESIAN_POINT('',(-8.719983906,27.661716228,12.409291854));
#5430=CARTESIAN_POINT('',(-8.704948165,27.683029312,12.428128563));
#5431=CARTESIAN_POINT('',(-8.693784616,27.704791756,12.448054453));
#5432=CARTESIAN_POINT('',(-8.682621066,27.726554201,12.467980344));
#5433=CARTESIAN_POINT('',(-8.675193735,27.748818365,12.489027076));
#5434=CARTESIAN_POINT('',(-8.671305333,27.771464793,12.511079296));
#5435=B_SPLINE_CURVE_WITH_KNOTS('',3,(#5422,#5423,#5424,#5425,#5426,#5427,#5428,#5429,#5430,#5431,#5432,#5433,#5434),.UNSPECIFIED.,.F.,.F.,(4,3,3,3,4),(0.000123913,0.000218935,0.000313956,0.000408977,0.000503998),.UNSPECIFIED.);
#5436=EDGE_CURVE('',#1794,#5421,#5435,.T.);
#5437=ORIENTED_EDGE('',*,*,#5436,.T.);
#5438=CARTESIAN_POINT('',(-8.671305333,27.771464793,12.511079296));
#5439=CARTESIAN_POINT('',(-8.667359357,27.748484204,12.533458042));
#5440=CARTESIAN_POINT('',(-8.667201852,27.72658372,12.555420382));
#5441=CARTESIAN_POINT('',(-8.670861206,27.704862765,12.577918092));
#5442=CARTESIAN_POINT('',(-8.674520559,27.683141811,12.600415802));
#5443=CARTESIAN_POINT('',(-8.682212299,27.661755321,12.623333719));
#5444=CARTESIAN_POINT('',(-8.694633209,27.642464827,12.645062885));
#5445=CARTESIAN_POINT('',(-8.70705412,27.623174332,12.66679205));
#5446=CARTESIAN_POINT('',(-8.724421725,27.605572726,12.687786438));
#5447=CARTESIAN_POINT('',(-8.7476666,27.592500346,12.705356954));
#5448=CARTESIAN_POINT('',(-8.770911475,27.579427965,12.722927471));
#5449=CARTESIAN_POINT('',(-8.800232332,27.571464815,12.736528358));
#5450=CARTESIAN_POINT('',(-8.831352161,27.571464793,12.74237267));
#5451=B_SPLINE_CURVE_WITH_KNOTS('',3,(#5438,#5439,#5440,#5441,#5442,#5443,#5444,#5445,#5446,#5447,#5448,#5449,#5450),.UNSPECIFIED.,.F.,.F.,(4,3,3,3,4),(-0.000002828,0.000091422,0.000185673,0.000279924,0.000374174),.UNSPECIFIED.);
#5452=EDGE_CURVE('',#5421,#1838,#5451,.T.);
#5453=ORIENTED_EDGE('',*,*,#5452,.T.);
#5454=ORIENTED_EDGE('',*,*,#1844,.F.);
#5455=CARTESIAN_POINT('',(-8.505048567,27.771464793,13.261015103));
#5456=VERTEX_POINT('',#5455);
#5457=CARTESIAN_POINT('',(-8.747849058,27.571464793,13.11903083));
#5458=CARTESIAN_POINT('',(-8.717241543,27.571464812,13.111192807));
#5459=CARTESIAN_POINT('',(-8.684701704,27.579502339,13.111148206));
#5460=CARTESIAN_POINT('',(-8.656393166,27.592485436,13.117204458));
#5461=CARTESIAN_POINT('',(-8.628084628,27.605468534,13.12326071));
#5462=CARTESIAN_POINT('',(-8.60358011,27.622893505,13.134796114));
#5463=CARTESIAN_POINT('',(-8.58295282,27.642334577,13.149346017));
#5464=CARTESIAN_POINT('',(-8.541698239,27.681216722,13.178445825));
#5465=CARTESIAN_POINT('',(-8.516626085,27.726225264,13.217807219));
#5466=CARTESIAN_POINT('',(-8.505048567,27.771464793,13.261015103));
#5467=B_SPLINE_CURVE_WITH_KNOTS('',3,(#5457,#5458,#5459,#5460,#5461,#5462,#5463,#5464,#5465,#5466),.UNSPECIFIED.,.F.,.F.,(4,3,3,4),(0.000377691,0.000471712,0.000565734,0.000753776),.UNSPECIFIED.);
#5468=EDGE_CURVE('',#1836,#5456,#5467,.T.);
#5469=ORIENTED_EDGE('',*,*,#5468,.T.);
#5470=CARTESIAN_POINT('',(-8.505048567,27.771464793,13.261015103));
#5471=CARTESIAN_POINT('',(-8.49916717,27.748484204,13.282964776));
#5472=CARTESIAN_POINT('',(-8.497096121,27.72658372,13.304829816));
#5473=CARTESIAN_POINT('',(-8.498780745,27.704862765,13.327560849));
#5474=CARTESIAN_POINT('',(-8.500465369,27.683141811,13.350291882));
#5475=CARTESIAN_POINT('',(-8.506130411,27.661755321,13.373792969));
#5476=CARTESIAN_POINT('',(-8.516610235,27.642464827,13.396522002));
#5477=CARTESIAN_POINT('',(-8.527090059,27.623174332,13.419251035));
#5478=CARTESIAN_POINT('',(-8.542561793,27.605572726,13.44167922));
#5479=CARTESIAN_POINT('',(-8.564186843,27.592500346,13.461208799));
#5480=CARTESIAN_POINT('',(-8.585811892,27.579427965,13.480738379));
#5481=CARTESIAN_POINT('',(-8.61383578,27.571464815,13.496842991));
#5482=CARTESIAN_POINT('',(-8.644327823,27.571464793,13.505377336));
#5483=B_SPLINE_CURVE_WITH_KNOTS('',3,(#5470,#5471,#5472,#5473,#5474,#5475,#5476,#5477,#5478,#5479,#5480,#5481,#5482),.UNSPECIFIED.,.F.,.F.,(4,3,3,3,4),(-0.000002828,0.000091422,0.000185673,0.000279924,0.000374174),.UNSPECIFIED.);
#5484=EDGE_CURVE('',#5456,#1880,#5483,.T.);
#5485=ORIENTED_EDGE('',*,*,#5484,.T.);
#5486=ORIENTED_EDGE('',*,*,#1886,.F.);
#5487=CARTESIAN_POINT('',(-8.274063247,27.771464793,13.993606946));
#5488=VERTEX_POINT('',#5487);
#5489=CARTESIAN_POINT('',(-8.528314552,27.571464793,13.873324423));
#5490=CARTESIAN_POINT('',(-8.498506637,27.571464812,13.862848605));
#5491=CARTESIAN_POINT('',(-8.46609451,27.579502339,13.859968141));
#5492=CARTESIAN_POINT('',(-8.437365857,27.592485436,13.863534095));
#5493=CARTESIAN_POINT('',(-8.408637205,27.605468534,13.86710005));
#5494=CARTESIAN_POINT('',(-8.383220557,27.622893505,13.876455848));
#5495=CARTESIAN_POINT('',(-8.361403652,27.642334577,13.889152598));
#5496=CARTESIAN_POINT('',(-8.317769842,27.681216722,13.914546099));
#5497=CARTESIAN_POINT('',(-8.289362524,27.726225264,13.951572528));
#5498=CARTESIAN_POINT('',(-8.274063247,27.771464793,13.993606946));
#5499=B_SPLINE_CURVE_WITH_KNOTS('',3,(#5489,#5490,#5491,#5492,#5493,#5494,#5495,#5496,#5497,#5498),.UNSPECIFIED.,.F.,.F.,(4,3,3,4),(0.000377691,0.000471712,0.000565734,0.000753776),.UNSPECIFIED.);
#5500=EDGE_CURVE('',#1878,#5488,#5499,.T.);
#5501=ORIENTED_EDGE('',*,*,#5500,.T.);
#5502=CARTESIAN_POINT('',(-8.274063247,27.771464793,13.993606946));
#5503=CARTESIAN_POINT('',(-8.26629119,27.748484204,14.014960496));
#5504=CARTESIAN_POINT('',(-8.262322358,27.72658372,14.03656183));
#5505=CARTESIAN_POINT('',(-8.262019431,27.704862765,14.059353189));
#5506=CARTESIAN_POINT('',(-8.261716505,27.683141811,14.082144548));
#5507=CARTESIAN_POINT('',(-8.265311735,27.661755321,14.106049947));
#5508=CARTESIAN_POINT('',(-8.273770714,27.642464827,14.129605866));
#5509=CARTESIAN_POINT('',(-8.282229693,27.623174332,14.153161785));
#5510=CARTESIAN_POINT('',(-8.295687808,27.605572726,14.176853074));
#5511=CARTESIAN_POINT('',(-8.315528453,27.592500346,14.198193085));
#5512=CARTESIAN_POINT('',(-8.335369097,27.579427965,14.219533096));
#5513=CARTESIAN_POINT('',(-8.361882736,27.571464815,14.238018868));
#5514=CARTESIAN_POINT('',(-8.391514931,27.571464793,14.249178294));
#5515=B_SPLINE_CURVE_WITH_KNOTS('',3,(#5502,#5503,#5504,#5505,#5506,#5507,#5508,#5509,#5510,#5511,#5512,#5513,#5514),.UNSPECIFIED.,.F.,.F.,(4,3,3,3,4),(-0.000002828,0.000091422,0.000185673,0.000279924,0.000374174),.UNSPECIFIED.);
#5516=EDGE_CURVE('',#5488,#4232,#5515,.T.);
#5517=ORIENTED_EDGE('',*,*,#5516,.T.);
#5518=ORIENTED_EDGE('',*,*,#4238,.F.);
#5519=CARTESIAN_POINT('',(-7.980107308,27.771464793,14.703279359));
#5520=VERTEX_POINT('',#5519);
#5521=CARTESIAN_POINT('',(-8.243874424,27.571464793,14.605614008));
#5522=CARTESIAN_POINT('',(-8.215092964,27.571464812,14.592580123));
#5523=CARTESIAN_POINT('',(-8.183055224,27.579502339,14.586885717));
#5524=CARTESIAN_POINT('',(-8.154125099,27.592485436,14.587934235));
#5525=CARTESIAN_POINT('',(-8.125194975,27.605468534,14.588982753));
#5526=CARTESIAN_POINT('',(-8.099059633,27.622893505,14.596087742));
#5527=CARTESIAN_POINT('',(-8.076219154,27.642334577,14.606834709));
#5528=CARTESIAN_POINT('',(-8.030538194,27.681216722,14.628328642));
#5529=CARTESIAN_POINT('',(-7.999011908,27.726225264,14.662738314));
#5530=CARTESIAN_POINT('',(-7.980107308,27.771464793,14.703279359));
#5531=B_SPLINE_CURVE_WITH_KNOTS('',3,(#5521,#5522,#5523,#5524,#5525,#5526,#5527,#5528,#5529,#5530),.UNSPECIFIED.,.F.,.F.,(4,3,3,4),(0.000377691,0.000471712,0.000565734,0.000753776),.UNSPECIFIED.);
#5532=EDGE_CURVE('',#4230,#5520,#5531,.T.);
#5533=ORIENTED_EDGE('',*,*,#5532,.T.);
#5534=CARTESIAN_POINT('',(-7.980107308,27.771464793,14.703279359));
#5535=CARTESIAN_POINT('',(-7.970503742,27.748484204,14.723874273));
#5536=CARTESIAN_POINT('',(-7.964667332,27.72658372,14.7450475));
#5537=CARTESIAN_POINT('',(-7.962379161,27.704862765,14.767725729));
#5538=CARTESIAN_POINT('',(-7.960090989,27.683141811,14.790403958));
#5539=CARTESIAN_POINT('',(-7.961589046,27.661755321,14.814531736));
#5540=CARTESIAN_POINT('',(-7.967962802,27.642464827,14.838735266));
#5541=CARTESIAN_POINT('',(-7.974336559,27.623174332,14.862938796));
#5542=CARTESIAN_POINT('',(-7.98567863,27.605572726,14.887712885));
#5543=CARTESIAN_POINT('',(-8.00358387,27.592500346,14.910700916));
#5544=CARTESIAN_POINT('',(-8.021489111,27.579427965,14.933688948));
#5545=CARTESIAN_POINT('',(-8.046290716,27.571464815,14.954415193));
#5546=CARTESIAN_POINT('',(-8.074837543,27.571464793,14.968114769));
#5547=B_SPLINE_CURVE_WITH_KNOTS('',3,(#5534,#5535,#5536,#5537,#5538,#5539,#5540,#5541,#5542,#5543,#5544,#5545,#5546),.UNSPECIFIED.,.F.,.F.,(4,3,3,3,4),(-0.000002828,0.000091422,0.000185673,0.000279924,0.000374174),.UNSPECIFIED.);
#5548=EDGE_CURVE('',#5520,#4274,#5547,.T.);
#5549=ORIENTED_EDGE('',*,*,#5548,.T.);
#5550=ORIENTED_EDGE('',*,*,#4280,.F.);
#5551=CARTESIAN_POINT('',(-7.625417935,27.771464793,15.384631306));
#5552=VERTEX_POINT('',#5551);
#5553=CARTESIAN_POINT('',(-7.896693433,27.571464793,15.31032642));
#5554=CARTESIAN_POINT('',(-7.869157474,27.571464812,15.294833663));
#5555=CARTESIAN_POINT('',(-7.837737947,27.579502339,15.286368653));
#5556=CARTESIAN_POINT('',(-7.808826526,27.592485436,15.284891754));
#5557=CARTESIAN_POINT('',(-7.779915105,27.605468534,15.283414856));
#5558=CARTESIAN_POINT('',(-7.753259975,27.622893505,15.288214963));
#5559=CARTESIAN_POINT('',(-7.729569751,27.642334577,15.296930356));
#5560=CARTESIAN_POINT('',(-7.682189302,27.681216722,15.31436114));
#5561=CARTESIAN_POINT('',(-7.647783982,27.726225264,15.345892176));
#5562=CARTESIAN_POINT('',(-7.625417935,27.771464793,15.384631306));
#5563=B_SPLINE_CURVE_WITH_KNOTS('',3,(#5553,#5554,#5555,#5556,#5557,#5558,#5559,#5560,#5561,#5562),.UNSPECIFIED.,.F.,.F.,(4,3,3,4),(0.000377691,0.000471712,0.000565734,0.000753776),.UNSPECIFIED.);
#5564=EDGE_CURVE('',#4272,#5552,#5563,.T.);
#5565=ORIENTED_EDGE('',*,*,#5564,.T.);
#5566=CARTESIAN_POINT('',(-7.625417935,27.771464793,15.384631306));
#5567=CARTESIAN_POINT('',(-7.614055948,27.748484204,15.404310844));
#5568=CARTESIAN_POINT('',(-7.60639638,27.72658372,15.424894824));
#5569=CARTESIAN_POINT('',(-7.602140377,27.704862765,15.447287328));
#5570=CARTESIAN_POINT('',(-7.597884375,27.683141811,15.469679833));
#5571=CARTESIAN_POINT('',(-7.597273856,27.661755321,15.49384636));
#5572=CARTESIAN_POINT('',(-7.601513882,27.642464827,15.518513298));
#5573=CARTESIAN_POINT('',(-7.605753908,27.623174332,15.543180236));
#5574=CARTESIAN_POINT('',(-7.614893615,27.605572726,15.568848579));
#5575=CARTESIAN_POINT('',(-7.630727182,27.592500346,15.593309679));
#5576=CARTESIAN_POINT('',(-7.646560748,27.579427965,15.617770779));
#5577=CARTESIAN_POINT('',(-7.669461565,27.571464815,15.640579756));
#5578=CARTESIAN_POINT('',(-7.696705766,27.571464793,15.656715221));
#5579=B_SPLINE_CURVE_WITH_KNOTS('',3,(#5566,#5567,#5568,#5569,#5570,#5571,#5572,#5573,#5574,#5575,#5576,#5577,#5578),.UNSPECIFIED.,.F.,.F.,(4,3,3,3,4),(-0.000002828,0.000091422,0.000185673,0.000279924,0.000374174),.UNSPECIFIED.);
#5580=EDGE_CURVE('',#5552,#4316,#5579,.T.);
#5581=ORIENTED_EDGE('',*,*,#5580,.T.);
#5582=ORIENTED_EDGE('',*,*,#4322,.F.);
#5583=CARTESIAN_POINT('',(-7.212694527,27.771464793,16.032477287));
#5584=VERTEX_POINT('',#5583);
#5585=CARTESIAN_POINT('',(-7.489413838,27.571464793,15.982098371));
#5586=CARTESIAN_POINT('',(-7.463332943,27.571464812,15.964264652));
#5587=CARTESIAN_POINT('',(-7.432770751,27.579502339,15.953093461));
#5588=CARTESIAN_POINT('',(-7.404098067,27.592485436,15.949102386));
#5589=CARTESIAN_POINT('',(-7.375425383,27.605468534,15.945111312));
#5590=CARTESIAN_POINT('',(-7.348453328,27.622893505,15.947570006));
#5591=CARTESIAN_POINT('',(-7.324093655,27.642334577,15.954187494));
#5592=CARTESIAN_POINT('',(-7.27537431,27.681216722,15.967422471));
#5593=CARTESIAN_POINT('',(-7.238351802,27.726225264,15.995834901));
#5594=CARTESIAN_POINT('',(-7.212694527,27.771464793,16.032477287));
#5595=B_SPLINE_CURVE_WITH_KNOTS('',3,(#5585,#5586,#5587,#5588,#5589,#5590,#5591,#5592,#5593,#5594),.UNSPECIFIED.,.F.,.F.,(4,3,3,4),(0.000377691,0.000471712,0.000565734,0.000753776),.UNSPECIFIED.);
#5596=EDGE_CURVE('',#4314,#5584,#5595,.T.);
#5597=ORIENTED_EDGE('',*,*,#5596,.T.);
#5598=CARTESIAN_POINT('',(-7.212694527,27.771464793,16.032477287));
#5599=CARTESIAN_POINT('',(-7.199660591,27.748484204,16.051091676));
#5600=CARTESIAN_POINT('',(-7.190236157,27.72658372,16.070929752));
#5601=CARTESIAN_POINT('',(-7.184044715,27.704862765,16.092866111));
#5602=CARTESIAN_POINT('',(-7.177853273,27.683141811,16.11480247));
#5603=CARTESIAN_POINT('',(-7.175138826,27.661755321,16.138823827));
#5604=CARTESIAN_POINT('',(-7.177212852,27.642464827,16.163766443));
#5605=CARTESIAN_POINT('',(-7.179286878,27.623174332,16.188709058));
#5606=CARTESIAN_POINT('',(-7.186154662,27.605572726,16.215076303));
#5607=CARTESIAN_POINT('',(-7.199796052,27.592500346,16.240824307));
#5608=CARTESIAN_POINT('',(-7.213437441,27.579427965,16.266572311));
#5609=CARTESIAN_POINT('',(-7.23426318,27.571464815,16.291290431));
#5610=CARTESIAN_POINT('',(-7.25999741,27.571464793,16.309738985));
#5611=B_SPLINE_CURVE_WITH_KNOTS('',3,(#5598,#5599,#5600,#5601,#5602,#5603,#5604,#5605,#5606,#5607,#5608,#5609,#5610),.UNSPECIFIED.,.F.,.F.,(4,3,3,3,4),(-0.000002828,0.000091422,0.000185673,0.000279924,0.000374174),.UNSPECIFIED.);
#5612=EDGE_CURVE('',#5584,#4375,#5611,.T.);
#5613=ORIENTED_EDGE('',*,*,#5612,.T.);
#5614=ORIENTED_EDGE('',*,*,#4381,.F.);
#5615=CARTESIAN_POINT('',(-6.745078158,27.771464793,16.641886803));
#5616=VERTEX_POINT('',#5615);
#5617=CARTESIAN_POINT('',(-7.02513528,27.571464793,16.615817271));
#5618=CARTESIAN_POINT('',(-7.000707943,27.571464812,16.595778315));
#5619=CARTESIAN_POINT('',(-6.971235683,27.579502339,16.581985964));
#5620=CARTESIAN_POINT('',(-6.943019952,27.592485436,16.575511087));
#5621=CARTESIAN_POINT('',(-6.914804221,27.605468534,16.56903621));
#5622=CARTESIAN_POINT('',(-6.887720513,27.622893505,16.569134779));
#5623=CARTESIAN_POINT('',(-6.862876784,27.642334577,16.573604001));
#5624=CARTESIAN_POINT('',(-6.813189326,27.681216722,16.582542444));
#5625=CARTESIAN_POINT('',(-6.773831394,27.726225264,16.607620031));
#5626=CARTESIAN_POINT('',(-6.745078158,27.771464793,16.641886803));
#5627=B_SPLINE_CURVE_WITH_KNOTS('',3,(#5617,#5618,#5619,#5620,#5621,#5622,#5623,#5624,#5625,#5626),.UNSPECIFIED.,.F.,.F.,(4,3,3,4),(0.000377691,0.000471712,0.000565734,0.000753776),.UNSPECIFIED.);
#5628=EDGE_CURVE('',#4367,#5616,#5627,.T.);
#5629=ORIENTED_EDGE('',*,*,#5628,.T.);
#5630=CARTESIAN_POINT('',(-6.745078158,27.771464793,16.641886803));
#5631=CARTESIAN_POINT('',(-6.73047147,27.748484204,16.659294377));
#5632=CARTESIAN_POINT('',(-6.719353896,27.72658372,16.67823557));
#5633=CARTESIAN_POINT('',(-6.711274135,27.704862765,16.699548834));
#5634=CARTESIAN_POINT('',(-6.703194373,27.683141811,16.720862099));
#5635=CARTESIAN_POINT('',(-6.698396656,27.661755321,16.744555468));
#5636=CARTESIAN_POINT('',(-6.698288898,27.642464827,16.769583932));
#5637=CARTESIAN_POINT('',(-6.698181139,27.623174332,16.794612397));
#5638=CARTESIAN_POINT('',(-6.702724732,27.605572726,16.821477873));
#5639=CARTESIAN_POINT('',(-6.714070126,27.592500346,16.848316824));
#5640=CARTESIAN_POINT('',(-6.72541552,27.579427965,16.875155775));
#5641=CARTESIAN_POINT('',(-6.744007684,27.571464815,16.901594917));
#5642=CARTESIAN_POINT('',(-6.76803609,27.571464793,16.922216155));
#5643=B_SPLINE_CURVE_WITH_KNOTS('',3,(#5630,#5631,#5632,#5633,#5634,#5635,#5636,#5637,#5638,#5639,#5640,#5641,#5642),.UNSPECIFIED.,.F.,.F.,(4,3,3,3,4),(-0.000002828,0.000091422,0.000185673,0.000279924,0.000374174),.UNSPECIFIED.);
#5644=EDGE_CURVE('',#5616,#2947,#5643,.T.);
#5645=ORIENTED_EDGE('',*,*,#5644,.T.);
#5646=ORIENTED_EDGE('',*,*,#2953,.F.);
#5647=CARTESIAN_POINT('',(-6.226127672,27.771464793,17.20822188));
#5648=VERTEX_POINT('',#5647);
#5649=CARTESIAN_POINT('',(-6.507391202,27.571464793,17.206660137));
#5650=CARTESIAN_POINT('',(-6.484803328,27.571464812,17.184568453));
#5651=CARTESIAN_POINT('',(-6.456645301,27.579502339,17.168259909));
#5652=CARTESIAN_POINT('',(-6.429101262,27.592485436,17.159350508));
#5653=CARTESIAN_POINT('',(-6.401557223,27.605468534,17.150441107));
#5654=CARTESIAN_POINT('',(-6.374567986,27.622893505,17.1481788));
#5655=CARTESIAN_POINT('',(-6.349429277,27.642334577,17.150465741));
#5656=CARTESIAN_POINT('',(-6.299151858,27.681216722,17.155039624));
#5657=CARTESIAN_POINT('',(-6.257758039,27.726225264,17.176591513));
#5658=CARTESIAN_POINT('',(-6.226127672,27.771464793,17.20822188));
#5659=B_SPLINE_CURVE_WITH_KNOTS('',3,(#5649,#5650,#5651,#5652,#5653,#5654,#5655,#5656,#5657,#5658),.UNSPECIFIED.,.F.,.F.,(4,3,3,4),(0.000377691,0.000471712,0.000565734,0.000753776),.UNSPECIFIED.);
#5660=EDGE_CURVE('',#2939,#5648,#5659,.T.);
#5661=ORIENTED_EDGE('',*,*,#5660,.T.);
#5662=CARTESIAN_POINT('',(-6.226127672,27.771464793,17.20822188));
#5663=CARTESIAN_POINT('',(-6.210059396,27.748484204,17.224290156));
#5664=CARTESIAN_POINT('',(-6.197333295,27.72658372,17.242190312));
#5665=CARTESIAN_POINT('',(-6.187426706,27.704862765,17.262718275));
#5666=CARTESIAN_POINT('',(-6.177520117,27.683141811,17.283246239));
#5667=CARTESIAN_POINT('',(-6.170675643,27.661755321,17.306431299));
#5668=CARTESIAN_POINT('',(-6.168386921,27.642464827,17.331355131));
#5669=CARTESIAN_POINT('',(-6.166098198,27.623174332,17.356278963));
#5670=CARTESIAN_POINT('',(-6.168283021,27.605572726,17.383438208));
#5671=CARTESIAN_POINT('',(-6.177246073,27.592500346,17.411163844));
#5672=CARTESIAN_POINT('',(-6.186209126,27.579427965,17.438889481));
#5673=CARTESIAN_POINT('',(-6.202426218,27.571464815,17.466848429));
#5674=CARTESIAN_POINT('',(-6.224565929,27.571464793,17.48948541));
#5675=B_SPLINE_CURVE_WITH_KNOTS('',3,(#5662,#5663,#5664,#5665,#5666,#5667,#5668,#5669,#5670,#5671,#5672,#5673,#5674),.UNSPECIFIED.,.F.,.F.,(4,3,3,3,4),(-0.000002828,0.000091422,0.000185673,0.000279924,0.000374174),.UNSPECIFIED.);
#5676=EDGE_CURVE('',#5648,#2905,#5675,.T.);
#5677=ORIENTED_EDGE('',*,*,#5676,.T.);
#5678=ORIENTED_EDGE('',*,*,#2911,.F.);
#5679=CARTESIAN_POINT('',(-5.659792595,27.771464793,17.727172366));
#5680=VERTEX_POINT('',#5679);
#5681=CARTESIAN_POINT('',(-5.940121947,27.571464793,17.750130298));
#5682=CARTESIAN_POINT('',(-5.919545443,27.571464812,17.726154016));
#5683=CARTESIAN_POINT('',(-5.89291595,27.579502339,17.707453397));
#5684=CARTESIAN_POINT('',(-5.86625323,27.592485436,17.696177278));
#5685=CARTESIAN_POINT('',(-5.83959051,27.605468534,17.684901159));
#5686=CARTESIAN_POINT('',(-5.812901148,27.622893505,17.680295194));
#5687=CARTESIAN_POINT('',(-5.787658779,27.642334577,17.68038245));
#5688=CARTESIAN_POINT('',(-5.737174041,27.681216722,17.680556962));
#5689=CARTESIAN_POINT('',(-5.694059367,27.726225264,17.698419131));
#5690=CARTESIAN_POINT('',(-5.659792595,27.771464793,17.727172366));
#5691=B_SPLINE_CURVE_WITH_KNOTS('',3,(#5681,#5682,#5683,#5684,#5685,#5686,#5687,#5688,#5689,#5690),.UNSPECIFIED.,.F.,.F.,(4,3,3,4),(0.000377691,0.000471712,0.000565734,0.000753776),.UNSPECIFIED.);
#5692=EDGE_CURVE('',#2897,#5680,#5691,.T.);
#5693=ORIENTED_EDGE('',*,*,#5692,.T.);
#5694=CARTESIAN_POINT('',(-5.659792595,27.771464793,17.727172366));
#5695=CARTESIAN_POINT('',(-5.642385021,27.748484204,17.741779055));
#5696=CARTESIAN_POINT('',(-5.628147245,27.72658372,17.758501942));
#5697=CARTESIAN_POINT('',(-5.616489224,27.704862765,17.778088375));
#5698=CARTESIAN_POINT('',(-5.604831202,27.683141811,17.797674807));
#5699=CARTESIAN_POINT('',(-5.595992063,27.661755321,17.820175106));
#5700=CARTESIAN_POINT('',(-5.591539795,27.642464827,17.84480462));
#5701=CARTESIAN_POINT('',(-5.587087526,27.623174332,17.869434133));
#5702=CARTESIAN_POINT('',(-5.586896951,27.605572726,17.896680449));
#5703=CARTESIAN_POINT('',(-5.593409448,27.592500346,17.925081763));
#5704=CARTESIAN_POINT('',(-5.599921944,27.579427965,17.953483077));
#5705=CARTESIAN_POINT('',(-5.613640543,27.571464815,17.982749045));
#5706=CARTESIAN_POINT('',(-5.633723063,27.571464793,18.007229488));
#5707=B_SPLINE_CURVE_WITH_KNOTS('',3,(#5694,#5695,#5696,#5697,#5698,#5699,#5700,#5701,#5702,#5703,#5704,#5705,#5706),.UNSPECIFIED.,.F.,.F.,(4,3,3,3,4),(-0.000002828,0.000091422,0.000185673,0.000279924,0.000374174),.UNSPECIFIED.);
#5708=EDGE_CURVE('',#5680,#2863,#5707,.T.);
#5709=ORIENTED_EDGE('',*,*,#5708,.T.);
#5710=ORIENTED_EDGE('',*,*,#2869,.F.);
#5711=CARTESIAN_POINT('',(-5.050383079,27.771464793,18.194788735));
#5712=VERTEX_POINT('',#5711);
#5713=CARTESIAN_POINT('',(-5.327644777,27.571464793,18.242091618));
#5714=CARTESIAN_POINT('',(-5.309236244,27.571464812,18.216413213));
#5715=CARTESIAN_POINT('',(-5.28433795,27.579502339,18.195462842));
#5716=CARTESIAN_POINT('',(-5.258759468,27.592485436,18.181905823));
#5717=CARTESIAN_POINT('',(-5.233180986,27.605468534,18.168348804));
#5718=CARTESIAN_POINT('',(-5.206994622,27.622893505,18.161434234));
#5719=CARTESIAN_POINT('',(-5.181840703,27.642334577,18.159321141));
#5720=CARTESIAN_POINT('',(-5.131532865,27.681216722,18.155094953));
#5721=CARTESIAN_POINT('',(-5.087025465,27.726225264,18.16913146));
#5722=CARTESIAN_POINT('',(-5.050383079,27.771464793,18.194788735));
#5723=B_SPLINE_CURVE_WITH_KNOTS('',3,(#5713,#5714,#5715,#5716,#5717,#5718,#5719,#5720,#5721,#5722),.UNSPECIFIED.,.F.,.F.,(4,3,3,4),(0.000377691,0.000471712,0.000565734,0.000753776),.UNSPECIFIED.);
#5724=EDGE_CURVE('',#2855,#5712,#5723,.T.);
#5725=ORIENTED_EDGE('',*,*,#5724,.T.);
#5726=CARTESIAN_POINT('',(-5.050383079,27.771464793,18.194788735));
#5727=CARTESIAN_POINT('',(-5.031768689,27.748484204,18.207822671));
#5728=CARTESIAN_POINT('',(-5.016127597,27.72658372,18.223241018));
#5729=CARTESIAN_POINT('',(-5.002806867,27.704862765,18.241736855));
#5730=CARTESIAN_POINT('',(-4.989486138,27.683141811,18.260232692));
#5731=CARTESIAN_POINT('',(-4.978719604,27.661755321,18.281876988));
#5732=CARTESIAN_POINT('',(-4.972137674,27.642464827,18.306024738));
#5733=CARTESIAN_POINT('',(-4.965555744,27.623174332,18.330172489));
#5734=CARTESIAN_POINT('',(-4.962991221,27.605572726,18.357298514));
#5735=CARTESIAN_POINT('',(-4.967003599,27.592500346,18.386159354));
#5736=CARTESIAN_POINT('',(-4.971015976,27.579427965,18.415020194));
#5737=CARTESIAN_POINT('',(-4.982131674,27.571464815,18.445370451));
#5738=CARTESIAN_POINT('',(-5.000004163,27.571464793,18.471508046));
#5739=B_SPLINE_CURVE_WITH_KNOTS('',3,(#5726,#5727,#5728,#5729,#5730,#5731,#5732,#5733,#5734,#5735,#5736,#5737,#5738),.UNSPECIFIED.,.F.,.F.,(4,3,3,3,4),(-0.000002828,0.000091422,0.000185673,0.000279924,0.000374174),.UNSPECIFIED.);
#5740=EDGE_CURVE('',#5712,#2804,#5739,.T.);
#5741=ORIENTED_EDGE('',*,*,#5740,.T.);
#5742=ORIENTED_EDGE('',*,*,#2810,.F.);
#5743=CARTESIAN_POINT('',(-4.402537098,27.771464793,18.607512143));
#5744=VERTEX_POINT('',#5743);
#5745=CARTESIAN_POINT('',(-4.674621013,27.571464793,18.678799974));
#5746=CARTESIAN_POINT('',(-4.658520551,27.571464812,18.651614873));
#5747=CARTESIAN_POINT('',(-4.635542948,27.579502339,18.628574195));
#5748=CARTESIAN_POINT('',(-4.611243372,27.592485436,18.612839453));
#5749=CARTESIAN_POINT('',(-4.586943796,27.605468534,18.597104711));
#5750=CARTESIAN_POINT('',(-4.561459723,27.622893505,18.587934162));
#5751=CARTESIAN_POINT('',(-4.536585691,27.642334577,18.583636801));
#5752=CARTESIAN_POINT('',(-4.486837626,27.681216722,18.575042078));
#5753=CARTESIAN_POINT('',(-4.441276227,27.726225264,18.585146096));
#5754=CARTESIAN_POINT('',(-4.402537098,27.771464793,18.607512143));
#5755=B_SPLINE_CURVE_WITH_KNOTS('',3,(#5745,#5746,#5747,#5748,#5749,#5750,#5751,#5752,#5753,#5754),.UNSPECIFIED.,.F.,.F.,(4,3,3,4),(0.000377691,0.000471712,0.000565734,0.000753776),.UNSPECIFIED.);
#5756=EDGE_CURVE('',#2802,#5744,#5755,.T.);
#5757=ORIENTED_EDGE('',*,*,#5756,.T.);
#5758=CARTESIAN_POINT('',(-4.402537098,27.771464793,18.607512143));
#5759=CARTESIAN_POINT('',(-4.382857559,27.748484204,18.61887413));
#5760=CARTESIAN_POINT('',(-4.365932188,27.72658372,18.632870595));
#5761=CARTESIAN_POINT('',(-4.35105013,27.704862765,18.650135072));
#5762=CARTESIAN_POINT('',(-4.336168071,27.683141811,18.667399548));
#5763=CARTESIAN_POINT('',(-4.323556083,27.661755321,18.688023116));
#5764=CARTESIAN_POINT('',(-4.314894584,27.642464827,18.711505324));
#5765=CARTESIAN_POINT('',(-4.306233085,27.623174332,18.734987532));
#5766=CARTESIAN_POINT('',(-4.301314132,27.605572726,18.761786822));
#5767=CARTESIAN_POINT('',(-4.302795853,27.592500346,18.790887539));
#5768=CARTESIAN_POINT('',(-4.304277574,27.579427965,18.819988256));
#5769=CARTESIAN_POINT('',(-4.312705774,27.571464815,18.851191818));
#5770=CARTESIAN_POINT('',(-4.328232212,27.571464793,18.878787641));
#5771=B_SPLINE_CURVE_WITH_KNOTS('',3,(#5758,#5759,#5760,#5761,#5762,#5763,#5764,#5765,#5766,#5767,#5768,#5769,#5770),.UNSPECIFIED.,.F.,.F.,(4,3,3,3,4),(-0.000002828,0.000091422,0.000185673,0.000279924,0.000374174),.UNSPECIFIED.);
#5772=EDGE_CURVE('',#5744,#4400,#5771,.T.);
#5773=ORIENTED_EDGE('',*,*,#5772,.T.);
#5774=ORIENTED_EDGE('',*,*,#4406,.F.);
#5775=CARTESIAN_POINT('',(-3.721185151,27.771464793,18.962201517));
#5776=VERTEX_POINT('',#5775);
#5777=CARTESIAN_POINT('',(-3.986020561,27.571464793,19.056931751));
#5778=CARTESIAN_POINT('',(-3.972350704,27.571464812,19.02844685));
#5779=CARTESIAN_POINT('',(-3.951468665,27.579502339,19.003491219));
#5780=CARTESIAN_POINT('',(-3.928632929,27.592485436,18.985698505));
#5781=CARTESIAN_POINT('',(-3.905797194,27.605468534,18.967905791));
#5782=CARTESIAN_POINT('',(-3.881209361,27.622893505,18.956549055));
#5783=CARTESIAN_POINT('',(-3.856804522,27.642334577,18.950100131));
#5784=CARTESIAN_POINT('',(-3.807994843,27.681216722,18.937202285));
#5785=CARTESIAN_POINT('',(-3.761726196,27.726225264,18.943296917));
#5786=CARTESIAN_POINT('',(-3.721185151,27.771464793,18.962201517));
#5787=B_SPLINE_CURVE_WITH_KNOTS('',3,(#5777,#5778,#5779,#5780,#5781,#5782,#5783,#5784,#5785,#5786),.UNSPECIFIED.,.F.,.F.,(4,3,3,4),(0.000377691,0.000471712,0.000565734,0.000753776),.UNSPECIFIED.);
#5788=EDGE_CURVE('',#4398,#5776,#5787,.T.);
#5789=ORIENTED_EDGE('',*,*,#5788,.T.);
#5790=CARTESIAN_POINT('',(-3.721185151,27.771464793,18.962201517));
#5791=CARTESIAN_POINT('',(-3.700590237,27.748484204,18.971805083));
#5792=CARTESIAN_POINT('',(-3.682509399,27.72658372,18.984273144));
#5793=CARTESIAN_POINT('',(-3.666179273,27.704862765,19.000174867));
#5794=CARTESIAN_POINT('',(-3.649849147,27.683141811,19.01607659));
#5795=CARTESIAN_POINT('',(-3.635487689,27.661755321,19.035522472));
#5796=CARTESIAN_POINT('',(-3.624812541,27.642464827,19.058160423));
#5797=CARTESIAN_POINT('',(-3.614137392,27.623174332,19.080798375));
#5798=CARTESIAN_POINT('',(-3.606901445,27.605572726,19.10706697));
#5799=CARTESIAN_POINT('',(-3.605841233,27.592500346,19.136186091));
#5800=CARTESIAN_POINT('',(-3.604781021,27.579427965,19.165305212));
#5801=CARTESIAN_POINT('',(-3.61045758,27.571464815,19.197124601));
#5802=CARTESIAN_POINT('',(-3.6235198,27.571464793,19.225968632));
#5803=B_SPLINE_CURVE_WITH_KNOTS('',3,(#5790,#5791,#5792,#5793,#5794,#5795,#5796,#5797,#5798,#5799,#5800,#5801,#5802),.UNSPECIFIED.,.F.,.F.,(4,3,3,3,4),(-0.000002828,0.000091422,0.000185673,0.000279924,0.000374174),.UNSPECIFIED.);
#5804=EDGE_CURVE('',#5776,#4442,#5803,.T.);
#5805=ORIENTED_EDGE('',*,*,#5804,.T.);
#5806=ORIENTED_EDGE('',*,*,#4448,.F.);
#5807=CARTESIAN_POINT('',(-3.011512738,27.771464793,19.256157455));
#5808=VERTEX_POINT('',#5807);
#5809=CARTESIAN_POINT('',(-3.267084086,27.571464793,19.373609139));
#5810=CARTESIAN_POINT('',(-3.255948869,27.571464812,19.344041225));
#5811=CARTESIAN_POINT('',(-3.237321319,27.579502339,19.317360568));
#5812=CARTESIAN_POINT('',(-3.216123218,27.592485436,19.297645295));
#5813=CARTESIAN_POINT('',(-3.194925116,27.605468534,19.277930022));
#5814=CARTESIAN_POINT('',(-3.171420653,27.622893505,19.264473531));
#5815=CARTESIAN_POINT('',(-3.147670742,27.642334577,19.255922126));
#5816=CARTESIAN_POINT('',(-3.100170919,27.681216722,19.238819316));
#5817=CARTESIAN_POINT('',(-3.053547157,27.726225264,19.240858178));
#5818=CARTESIAN_POINT('',(-3.011512738,27.771464793,19.256157455));
#5819=B_SPLINE_CURVE_WITH_KNOTS('',3,(#5809,#5810,#5811,#5812,#5813,#5814,#5815,#5816,#5817,#5818),.UNSPECIFIED.,.F.,.F.,(4,3,3,4),(0.000377691,0.000471712,0.000565734,0.000753776),.UNSPECIFIED.);
#5820=EDGE_CURVE('',#4440,#5808,#5819,.T.);
#5821=ORIENTED_EDGE('',*,*,#5820,.T.);
#5822=CARTESIAN_POINT('',(-3.011512738,27.771464793,19.256157455));
#5823=CARTESIAN_POINT('',(-2.990159188,27.748484204,19.263929511));
#5824=CARTESIAN_POINT('',(-2.971060491,27.72658372,19.274774279));
#5825=CARTESIAN_POINT('',(-2.953406579,27.704862765,19.289192227));
#5826=CARTESIAN_POINT('',(-2.935752668,27.683141811,19.303610175));
#5827=CARTESIAN_POINT('',(-2.919751039,27.661755321,19.321730375));
#5828=CARTESIAN_POINT('',(-2.907143485,27.642464827,19.343351782));
#5829=CARTESIAN_POINT('',(-2.894535931,27.623174332,19.364973189));
#5830=CARTESIAN_POINT('',(-2.88503806,27.605572726,19.39051117));
#5831=CARTESIAN_POINT('',(-2.881443984,27.592500346,19.419427081));
#5832=CARTESIAN_POINT('',(-2.877849908,27.579427965,19.448342991));
#5833=CARTESIAN_POINT('',(-2.880731623,27.571464815,19.480536042));
#5834=CARTESIAN_POINT('',(-2.891230215,27.571464793,19.510408761));
#5835=B_SPLINE_CURVE_WITH_KNOTS('',3,(#5822,#5823,#5824,#5825,#5826,#5827,#5828,#5829,#5830,#5831,#5832,#5833,#5834),.UNSPECIFIED.,.F.,.F.,(4,3,3,3,4),(-0.000002828,0.000091422,0.000185673,0.000279924,0.000374174),.UNSPECIFIED.);
#5836=EDGE_CURVE('',#5808,#4484,#5835,.T.);
#5837=ORIENTED_EDGE('',*,*,#5836,.T.);
#5838=ORIENTED_EDGE('',*,*,#4490,.F.);
#5839=CARTESIAN_POINT('',(-2.278920895,27.771464793,19.487142776));
#5840=VERTEX_POINT('',#5839);
#5841=CARTESIAN_POINT('',(-2.523283128,27.571464793,19.626422031));
#5842=CARTESIAN_POINT('',(-2.514767298,27.571464812,19.595996134));
#5843=CARTESIAN_POINT('',(-2.498536003,27.579502339,19.567793507));
#5844=CARTESIAN_POINT('',(-2.479136866,27.592485436,19.54630572));
#5845=CARTESIAN_POINT('',(-2.459737729,27.605468534,19.524817934));
#5846=CARTESIAN_POINT('',(-2.437495518,27.622893505,19.5093641));
#5847=CARTESIAN_POINT('',(-2.414581287,27.642334577,19.498775294));
#5848=CARTESIAN_POINT('',(-2.368752824,27.681216722,19.477597683));
#5849=CARTESIAN_POINT('',(-2.32212878,27.726225264,19.475565258));
#5850=CARTESIAN_POINT('',(-2.278920895,27.771464793,19.487142776));
#5851=B_SPLINE_CURVE_WITH_KNOTS('',3,(#5841,#5842,#5843,#5844,#5845,#5846,#5847,#5848,#5849,#5850),.UNSPECIFIED.,.F.,.F.,(4,3,3,4),(0.000377691,0.000471712,0.000565734,0.000753776),.UNSPECIFIED.);
#5852=EDGE_CURVE('',#4482,#5840,#5851,.T.);
#5853=ORIENTED_EDGE('',*,*,#5852,.T.);
#5854=CARTESIAN_POINT('',(-2.278920895,27.771464793,19.487142776));
#5855=CARTESIAN_POINT('',(-2.256971222,27.748484204,19.493024173));
#5856=CARTESIAN_POINT('',(-2.237000017,27.72658372,19.502163111));
#5857=CARTESIAN_POINT('',(-2.218156678,27.704862765,19.514987555));
#5858=CARTESIAN_POINT('',(-2.199313338,27.683141811,19.527811998));
#5859=CARTESIAN_POINT('',(-2.18179332,27.661755321,19.544468612));
#5860=CARTESIAN_POINT('',(-2.167349312,27.642464827,19.564908923));
#5861=CARTESIAN_POINT('',(-2.152905304,27.623174332,19.585349233));
#5862=CARTESIAN_POINT('',(-2.141217794,27.605572726,19.60996224));
#5863=CARTESIAN_POINT('',(-2.135117207,27.592500346,19.638454872));
#5864=CARTESIAN_POINT('',(-2.129016619,27.579427965,19.666947504));
#5865=CARTESIAN_POINT('',(-2.12908156,27.571464815,19.699269209));
#5866=CARTESIAN_POINT('',(-2.136936622,27.571464793,19.729943266));
#5867=B_SPLINE_CURVE_WITH_KNOTS('',3,(#5854,#5855,#5856,#5857,#5858,#5859,#5860,#5861,#5862,#5863,#5864,#5865,#5866),.UNSPECIFIED.,.F.,.F.,(4,3,3,3,4),(-0.000002828,0.000091422,0.000185673,0.000279924,0.000374174),.UNSPECIFIED.);
#5868=EDGE_CURVE('',#5840,#4585,#5867,.T.);
#5869=ORIENTED_EDGE('',*,*,#5868,.T.);
#5870=ORIENTED_EDGE('',*,*,#4591,.F.);
#5871=CARTESIAN_POINT('',(-1.528985088,27.771464793,19.653399541));
#5872=VERTEX_POINT('',#5871);
#5873=CARTESIAN_POINT('',(-1.760278462,27.571464793,19.813446369));
#5874=CARTESIAN_POINT('',(-1.754423826,27.571464811,19.782271568));
#5875=CARTESIAN_POINT('',(-1.740675092,27.579538476,19.752758713));
#5876=CARTESIAN_POINT('',(-1.723168003,27.592570854,19.729635569));
#5877=CARTESIAN_POINT('',(-1.705660914,27.605603231,19.706512426));
#5878=CARTESIAN_POINT('',(-1.684598949,27.62325974,19.689079447));
#5879=CARTESIAN_POINT('',(-1.662894124,27.642531016,19.676684823));
#5880=CARTESIAN_POINT('',(-1.641189299,27.661802291,19.664290198));
#5881=CARTESIAN_POINT('',(-1.618242918,27.683216961,19.656597736));
#5882=CARTESIAN_POINT('',(-1.595787654,27.704897745,19.652949524));
#5883=CARTESIAN_POINT('',(-1.573332391,27.726578529,19.649301312));
#5884=CARTESIAN_POINT('',(-1.55104661,27.748808813,19.6495095));
#5885=CARTESIAN_POINT('',(-1.528985088,27.771464793,19.653399541));
#5886=B_SPLINE_CURVE_WITH_KNOTS('',3,(#5873,#5874,#5875,#5876,#5877,#5878,#5879,#5880,#5881,#5882,#5883,#5884,#5885),.UNSPECIFIED.,.F.,.F.,(4,3,3,3,4),(0.000207579,0.000302353,0.000397127,0.000491901,0.000586674),.UNSPECIFIED.);
#5887=EDGE_CURVE('',#4577,#5872,#5886,.T.);
#5888=ORIENTED_EDGE('',*,*,#5887,.T.);
#5889=CARTESIAN_POINT('',(-1.528985088,27.771464793,19.653399541));
#5890=CARTESIAN_POINT('',(-1.506606343,27.748484204,19.657345518));
#5891=CARTESIAN_POINT('',(-1.485914624,27.72658372,19.664709075));
#5892=CARTESIAN_POINT('',(-1.466025264,27.704862765,19.675842412));
#5893=CARTESIAN_POINT('',(-1.446135905,27.683141811,19.68697575));
#5894=CARTESIAN_POINT('',(-1.427230837,27.661755321,19.70204201));
#5895=CARTESIAN_POINT('',(-1.411060303,27.642464827,19.721145661));
#5896=CARTESIAN_POINT('',(-1.394889768,27.623174332,19.740249311));
#5897=CARTESIAN_POINT('',(-1.381101567,27.605572726,19.763750025));
#5898=CARTESIAN_POINT('',(-1.372540898,27.592500346,19.791602533));
#5899=CARTESIAN_POINT('',(-1.363980229,27.579427965,19.81945504));
#5900=CARTESIAN_POINT('',(-1.3612279,27.571464815,19.851659411));
#5901=CARTESIAN_POINT('',(-1.366379651,27.571464793,19.882901357));
#5902=B_SPLINE_CURVE_WITH_KNOTS('',3,(#5889,#5890,#5891,#5892,#5893,#5894,#5895,#5896,#5897,#5898,#5899,#5900,#5901),.UNSPECIFIED.,.F.,.F.,(4,3,3,3,4),(-0.000002828,0.000091422,0.000185673,0.000279924,0.000374174),.UNSPECIFIED.);
#5903=EDGE_CURVE('',#5872,#4543,#5902,.T.);
#5904=ORIENTED_EDGE('',*,*,#5903,.T.);
#5905=ORIENTED_EDGE('',*,*,#4549,.F.);
#5906=CARTESIAN_POINT('',(-0.767412781,27.771464793,19.753662438));
#5907=VERTEX_POINT('',#5906);
#5908=CARTESIAN_POINT('',(-0.983877014,27.571464793,19.933258785));
#5909=CARTESIAN_POINT('',(-0.980740853,27.571464797,19.901480918));
#5910=CARTESIAN_POINT('',(-0.969768015,27.579431168,19.871329994));
#5911=CARTESIAN_POINT('',(-0.954267736,27.592524076,19.846620739));
#5912=CARTESIAN_POINT('',(-0.938767456,27.605616984,19.821911485));
#5913=CARTESIAN_POINT('',(-0.919419245,27.623172953,19.802852152));
#5914=CARTESIAN_POINT('',(-0.898876885,27.642442762,19.788595306));
#5915=CARTESIAN_POINT('',(-0.857792164,27.68098238,19.760081614));
#5916=CARTESIAN_POINT('',(-0.812015544,27.726183754,19.749760201));
#5917=CARTESIAN_POINT('',(-0.767412781,27.771464793,19.753662438));
#5918=B_SPLINE_CURVE_WITH_KNOTS('',3,(#5908,#5909,#5910,#5911,#5912,#5913,#5914,#5915,#5916,#5917),.UNSPECIFIED.,.F.,.F.,(4,3,3,4),(0.000054666,0.000149653,0.000244641,0.000434616),.UNSPECIFIED.);
#5919=EDGE_CURVE('',#4535,#5907,#5918,.T.);
#5920=ORIENTED_EDGE('',*,*,#5919,.T.);
#5921=CARTESIAN_POINT('',(-0.767412781,27.771464793,19.753662438));
#5922=CARTESIAN_POINT('',(-0.744773103,27.748481994,19.755643153));
#5923=CARTESIAN_POINT('',(-0.723516368,27.726579443,19.761176145));
#5924=CARTESIAN_POINT('',(-0.702730518,27.7048565,19.770535296));
#5925=CARTESIAN_POINT('',(-0.681944668,27.683133556,19.779894447));
#5926=CARTESIAN_POINT('',(-0.661796896,27.661745337,19.793258085));
#5927=CARTESIAN_POINT('',(-0.644022018,27.642453697,19.810883107));
#5928=CARTESIAN_POINT('',(-0.62624714,27.623162058,19.828508129));
#5929=CARTESIAN_POINT('',(-0.610463184,27.60556016,19.85072179));
#5930=CARTESIAN_POINT('',(-0.599509244,27.592489034,19.877727883));
#5931=CARTESIAN_POINT('',(-0.588555304,27.579417907,19.904733976));
#5932=CARTESIAN_POINT('',(-0.58301908,27.57146482,19.936607239));
#5933=CARTESIAN_POINT('',(-0.585423705,27.571464793,19.968118932));
#5934=B_SPLINE_CURVE_WITH_KNOTS('',3,(#5921,#5922,#5923,#5924,#5925,#5926,#5927,#5928,#5929,#5930,#5931,#5932,#5933),.UNSPECIFIED.,.F.,.F.,(4,3,3,3,4),(-0.000002828,0.000091431,0.000185691,0.000279951,0.00037421),.UNSPECIFIED.);
#5935=EDGE_CURVE('',#5907,#3098,#5934,.T.);
#5936=ORIENTED_EDGE('',*,*,#5935,.T.);
#5937=ORIENTED_EDGE('',*,*,#3104,.F.);
#5938=CARTESIAN_POINT('',(0.,27.771464793,19.787168403));
#5939=VERTEX_POINT('',#5938);
#5940=CARTESIAN_POINT('',(-0.199987668,27.571464793,19.984947433));
#5941=CARTESIAN_POINT('',(-0.199632047,27.571464794,19.952925467));
#5942=CARTESIAN_POINT('',(-0.191344955,27.579417055,19.922112072));
#5943=CARTESIAN_POINT('',(-0.178124322,27.592443028,19.896219374));
#5944=CARTESIAN_POINT('',(-0.164903689,27.605469001,19.870326675));
#5945=CARTESIAN_POINT('',(-0.147312553,27.623001174,19.849581578));
#5946=CARTESIAN_POINT('',(-0.128010656,27.64235112,19.833502298));
#5947=CARTESIAN_POINT('',(-0.089406864,27.681051012,19.801343739));
#5948=CARTESIAN_POINT('',(-0.044763279,27.726193725,19.787168403));
#5949=CARTESIAN_POINT('',(0.,27.771464793,19.787168403));
#5950=B_SPLINE_CURVE_WITH_KNOTS('',3,(#5940,#5941,#5942,#5943,#5944,#5945,#5946,#5947,#5948,#5949),.UNSPECIFIED.,.F.,.F.,(4,3,3,4),(0.000002383,0.000097101,0.000191819,0.000381254),.UNSPECIFIED.);
#5951=EDGE_CURVE('',#3096,#5939,#5950,.T.);
#5952=ORIENTED_EDGE('',*,*,#5951,.T.);
#5953=CARTESIAN_POINT('',(0.199987668,27.571464793,19.984947433));
#5954=VERTEX_POINT('',#5953);
#5955=CARTESIAN_POINT('',(0.,27.771464793,19.787168403));
#5956=CARTESIAN_POINT('',(0.022709659,27.748498679,19.787168403));
#5957=CARTESIAN_POINT('',(0.044352302,27.726611739,19.790822544));
#5958=CARTESIAN_POINT('',(0.065859818,27.704903813,19.79832327));
#5959=CARTESIAN_POINT('',(0.087367333,27.683195887,19.805823996));
#5960=CARTESIAN_POINT('',(0.108590046,27.661820735,19.817363786));
#5961=CARTESIAN_POINT('',(0.1278245,27.642537743,19.833347412));
#5962=CARTESIAN_POINT('',(0.147058953,27.623254751,19.849331039));
#5963=CARTESIAN_POINT('',(0.164716179,27.605655077,19.870053708));
#5964=CARTESIAN_POINT('',(0.17799089,27.592574502,19.895958518));
#5965=CARTESIAN_POINT('',(0.1912656,27.579493927,19.921863328));
#5966=CARTESIAN_POINT('',(0.199631573,27.571464794,19.952882803));
#5967=CARTESIAN_POINT('',(0.199987668,27.571464793,19.984947433));
#5968=B_SPLINE_CURVE_WITH_KNOTS('',3,(#5955,#5956,#5957,#5958,#5959,#5960,#5961,#5962,#5963,#5964,#5965,#5966,#5967),.UNSPECIFIED.,.F.,.F.,(4,3,3,3,4),(-0.000002828,0.000091363,0.000185554,0.000279745,0.000373937),.UNSPECIFIED.);
#5969=EDGE_CURVE('',#5939,#5954,#5968,.T.);
#5970=ORIENTED_EDGE('',*,*,#5969,.T.);
#5971=CARTESIAN_POINT('',(0.585423705,27.571464793,19.968118932));
#5972=VERTEX_POINT('',#5971);
#5973=CARTESIAN_POINT('',(0.,27.571464793,10.982094208));
#5974=DIRECTION('',(-0.,-1.,-0.));
#5975=DIRECTION('',(0.,-0.,1.));
#5976=AXIS2_PLACEMENT_3D('',#5973,#5974,#5975);
#5977=CIRCLE('',#5976,9.005074195);
#5978=EDGE_CURVE('',#5972,#5954,#5977,.T.);
#5979=ORIENTED_EDGE('',*,*,#5978,.F.);
#5980=CARTESIAN_POINT('',(0.767412781,27.771464793,19.753662438));
#5981=VERTEX_POINT('',#5980);
#5982=CARTESIAN_POINT('',(0.585423705,27.571464793,19.968118932));
#5983=CARTESIAN_POINT('',(0.58301264,27.571464814,19.936522846));
#5984=CARTESIAN_POINT('',(0.588646414,27.579531323,19.904445964));
#5985=CARTESIAN_POINT('',(0.599571145,27.592562885,19.877575452));
#5986=CARTESIAN_POINT('',(0.610495875,27.605594446,19.850704941));
#5987=CARTESIAN_POINT('',(0.626328402,27.6232514,19.828411612));
#5988=CARTESIAN_POINT('',(0.64408639,27.64252356,19.810819306));
#5989=CARTESIAN_POINT('',(0.661844377,27.66179572,19.793227));
#5990=CARTESIAN_POINT('',(0.68201925,27.68321186,19.779855987));
#5991=CARTESIAN_POINT('',(0.702766145,27.704893733,19.770519258));
#5992=CARTESIAN_POINT('',(0.72351304,27.726575606,19.76118253));
#5993=CARTESIAN_POINT('',(0.745094621,27.748807239,19.755615024));
#5994=CARTESIAN_POINT('',(0.767412781,27.771464793,19.753662438));
#5995=B_SPLINE_CURVE_WITH_KNOTS('',3,(#5982,#5983,#5984,#5985,#5986,#5987,#5988,#5989,#5990,#5991,#5992,#5993,#5994),.UNSPECIFIED.,.F.,.F.,(4,3,3,3,4),(0.000019303,0.000114281,0.000209258,0.000304236,0.000399214),.UNSPECIFIED.);
#5996=EDGE_CURVE('',#5972,#5981,#5995,.T.);
#5997=ORIENTED_EDGE('',*,*,#5996,.T.);
#5998=CARTESIAN_POINT('',(0.767412781,27.771464793,19.753662438));
#5999=CARTESIAN_POINT('',(0.790050283,27.748484204,19.751681913));
#6000=CARTESIAN_POINT('',(0.811942778,27.72658372,19.753439152));
#6001=CARTESIAN_POINT('',(0.834035944,27.704862765,19.759045385));
#6002=CARTESIAN_POINT('',(0.856129109,27.683141811,19.764651618));
#6003=CARTESIAN_POINT('',(0.878289438,27.661755321,19.774311516));
#6004=CARTESIAN_POINT('',(0.898853363,27.642464827,19.788578983));
#6005=CARTESIAN_POINT('',(0.919417289,27.623174332,19.80284645));
#6006=CARTESIAN_POINT('',(0.938818101,27.605572726,19.821977748));
#6007=CARTESIAN_POINT('',(0.954295832,27.592500346,19.84666554));
#6008=CARTESIAN_POINT('',(0.969773562,27.579427965,19.871353332));
#6009=CARTESIAN_POINT('',(0.980767213,27.571464815,19.901748011));
#6010=CARTESIAN_POINT('',(0.983877014,27.571464793,19.933258785));
#6011=B_SPLINE_CURVE_WITH_KNOTS('',3,(#5998,#5999,#6000,#6001,#6002,#6003,#6004,#6005,#6006,#6007,#6008,#6009,#6010),.UNSPECIFIED.,.F.,.F.,(4,3,3,3,4),(-0.000002828,0.000091422,0.000185673,0.000279924,0.000374174),.UNSPECIFIED.);
#6012=EDGE_CURVE('',#5981,#3140,#6011,.T.);
#6013=ORIENTED_EDGE('',*,*,#6012,.T.);
#6014=ORIENTED_EDGE('',*,*,#3146,.F.);
#6015=CARTESIAN_POINT('',(1.528985088,27.771464793,19.653399541));
#6016=VERTEX_POINT('',#6015);
#6017=CARTESIAN_POINT('',(1.366379651,27.571464793,19.882901357));
#6018=CARTESIAN_POINT('',(1.361202478,27.571464802,19.851505247));
#6019=CARTESIAN_POINT('',(1.363996658,27.579457975,19.819371197));
#6020=CARTESIAN_POINT('',(1.372558941,27.592527893,19.791543861));
#6021=CARTESIAN_POINT('',(1.381121224,27.60559781,19.763716525));
#6022=CARTESIAN_POINT('',(1.394902002,27.623188423,19.740237969));
#6023=CARTESIAN_POINT('',(1.411049824,27.642452326,19.721158041));
#6024=CARTESIAN_POINT('',(1.427197646,27.661716228,19.702078114));
#6025=CARTESIAN_POINT('',(1.446034355,27.683029312,19.687042373));
#6026=CARTESIAN_POINT('',(1.465960245,27.704791756,19.675878824));
#6027=CARTESIAN_POINT('',(1.485886136,27.726554201,19.664715274));
#6028=CARTESIAN_POINT('',(1.506932868,27.748818365,19.657287943));
#6029=CARTESIAN_POINT('',(1.528985088,27.771464793,19.653399541));
#6030=B_SPLINE_CURVE_WITH_KNOTS('',3,(#6017,#6018,#6019,#6020,#6021,#6022,#6023,#6024,#6025,#6026,#6027,#6028,#6029),.UNSPECIFIED.,.F.,.F.,(4,3,3,3,4),(0.000123913,0.000218935,0.000313956,0.000408977,0.000503998),.UNSPECIFIED.);
#6031=EDGE_CURVE('',#3138,#6016,#6030,.T.);
#6032=ORIENTED_EDGE('',*,*,#6031,.T.);
#6033=CARTESIAN_POINT('',(1.528985088,27.771464793,19.653399541));
#6034=CARTESIAN_POINT('',(1.551363833,27.748484204,19.649453565));
#6035=CARTESIAN_POINT('',(1.573326174,27.72658372,19.64929606));
#6036=CARTESIAN_POINT('',(1.595823884,27.704862765,19.652955414));
#6037=CARTESIAN_POINT('',(1.618321594,27.683141811,19.656614767));
#6038=CARTESIAN_POINT('',(1.641239511,27.661755321,19.664306507));
#6039=CARTESIAN_POINT('',(1.662968677,27.642464827,19.676727418));
#6040=CARTESIAN_POINT('',(1.684697842,27.623174332,19.689148328));
#6041=CARTESIAN_POINT('',(1.70569223,27.605572726,19.706515933));
#6042=CARTESIAN_POINT('',(1.723262746,27.592500346,19.729760808));
#6043=CARTESIAN_POINT('',(1.740833263,27.579427965,19.753005683));
#6044=CARTESIAN_POINT('',(1.75443415,27.571464815,19.782326541));
#6045=CARTESIAN_POINT('',(1.760278462,27.571464793,19.813446369));
#6046=B_SPLINE_CURVE_WITH_KNOTS('',3,(#6033,#6034,#6035,#6036,#6037,#6038,#6039,#6040,#6041,#6042,#6043,#6044,#6045),.UNSPECIFIED.,.F.,.F.,(4,3,3,3,4),(-0.000002828,0.000091422,0.000185673,0.000279924,0.000374174),.UNSPECIFIED.);
#6047=EDGE_CURVE('',#6016,#3199,#6046,.T.);
#6048=ORIENTED_EDGE('',*,*,#6047,.T.);
#6049=ORIENTED_EDGE('',*,*,#3205,.F.);
#6050=CARTESIAN_POINT('',(2.278920895,27.771464793,19.487142776));
#6051=VERTEX_POINT('',#6050);
#6052=CARTESIAN_POINT('',(2.136936622,27.571464793,19.729943266));
#6053=CARTESIAN_POINT('',(2.129098599,27.571464812,19.699335751));
#6054=CARTESIAN_POINT('',(2.129053998,27.579502339,19.666795912));
#6055=CARTESIAN_POINT('',(2.13511025,27.592485436,19.638487374));
#6056=CARTESIAN_POINT('',(2.141166502,27.605468534,19.610178837));
#6057=CARTESIAN_POINT('',(2.152701906,27.622893505,19.585674318));
#6058=CARTESIAN_POINT('',(2.167251809,27.642334577,19.565047028));
#6059=CARTESIAN_POINT('',(2.196351617,27.681216722,19.523792447));
#6060=CARTESIAN_POINT('',(2.235713011,27.726225264,19.498720293));
#6061=CARTESIAN_POINT('',(2.278920895,27.771464793,19.487142776));
#6062=B_SPLINE_CURVE_WITH_KNOTS('',3,(#6052,#6053,#6054,#6055,#6056,#6057,#6058,#6059,#6060,#6061),.UNSPECIFIED.,.F.,.F.,(4,3,3,4),(0.000377691,0.000471712,0.000565734,0.000753776),.UNSPECIFIED.);
#6063=EDGE_CURVE('',#3191,#6051,#6062,.T.);
#6064=ORIENTED_EDGE('',*,*,#6063,.T.);
#6065=CARTESIAN_POINT('',(2.278920895,27.771464793,19.487142776));
#6066=CARTESIAN_POINT('',(2.300870568,27.748484204,19.481261378));
#6067=CARTESIAN_POINT('',(2.322735608,27.72658372,19.479190329));
#6068=CARTESIAN_POINT('',(2.345466641,27.704862765,19.480874953));
#6069=CARTESIAN_POINT('',(2.368197674,27.683141811,19.482559577));
#6070=CARTESIAN_POINT('',(2.391698761,27.661755321,19.488224619));
#6071=CARTESIAN_POINT('',(2.414427794,27.642464827,19.498704443));
#6072=CARTESIAN_POINT('',(2.437156827,27.623174332,19.509184267));
#6073=CARTESIAN_POINT('',(2.459585012,27.605572726,19.524656001));
#6074=CARTESIAN_POINT('',(2.479114591,27.592500346,19.546281051));
#6075=CARTESIAN_POINT('',(2.498644171,27.579427965,19.5679061));
#6076=CARTESIAN_POINT('',(2.514748783,27.571464815,19.595929988));
#6077=CARTESIAN_POINT('',(2.523283128,27.571464793,19.626422031));
#6078=B_SPLINE_CURVE_WITH_KNOTS('',3,(#6065,#6066,#6067,#6068,#6069,#6070,#6071,#6072,#6073,#6074,#6075,#6076,#6077),.UNSPECIFIED.,.F.,.F.,(4,3,3,3,4),(-0.000002828,0.000091422,0.000185673,0.000279924,0.000374174),.UNSPECIFIED.);
#6079=EDGE_CURVE('',#6051,#3073,#6078,.T.);
#6080=ORIENTED_EDGE('',*,*,#6079,.T.);
#6081=ORIENTED_EDGE('',*,*,#3079,.F.);
#6082=CARTESIAN_POINT('',(3.011512738,27.771464793,19.256157455));
#6083=VERTEX_POINT('',#6082);
#6084=CARTESIAN_POINT('',(2.891230215,27.571464793,19.510408761));
#6085=CARTESIAN_POINT('',(2.880754397,27.571464812,19.480600845));
#6086=CARTESIAN_POINT('',(2.877873933,27.579502339,19.448188718));
#6087=CARTESIAN_POINT('',(2.881439887,27.592485436,19.419460065));
#6088=CARTESIAN_POINT('',(2.885005842,27.605468534,19.390731413));
#6089=CARTESIAN_POINT('',(2.89436164,27.622893505,19.365314765));
#6090=CARTESIAN_POINT('',(2.90705839,27.642334577,19.34349786));
#6091=CARTESIAN_POINT('',(2.93245189,27.681216722,19.29986405));
#6092=CARTESIAN_POINT('',(2.96947832,27.726225264,19.271456732));
#6093=CARTESIAN_POINT('',(3.011512738,27.771464793,19.256157455));
#6094=B_SPLINE_CURVE_WITH_KNOTS('',3,(#6084,#6085,#6086,#6087,#6088,#6089,#6090,#6091,#6092,#6093),.UNSPECIFIED.,.F.,.F.,(4,3,3,4),(0.000377691,0.000471712,0.000565734,0.000753776),.UNSPECIFIED.);
#6095=EDGE_CURVE('',#3065,#6083,#6094,.T.);
#6096=ORIENTED_EDGE('',*,*,#6095,.T.);
#6097=CARTESIAN_POINT('',(3.011512738,27.771464793,19.256157455));
#6098=CARTESIAN_POINT('',(3.032866288,27.748484204,19.248385398));
#6099=CARTESIAN_POINT('',(3.054467622,27.72658372,19.244416566));
#6100=CARTESIAN_POINT('',(3.077258981,27.704862765,19.244113639));
#6101=CARTESIAN_POINT('',(3.10005034,27.683141811,19.243810713));
#6102=CARTESIAN_POINT('',(3.123955739,27.661755321,19.247405943));
#6103=CARTESIAN_POINT('',(3.147511658,27.642464827,19.255864922));
#6104=CARTESIAN_POINT('',(3.171067577,27.623174332,19.264323901));
#6105=CARTESIAN_POINT('',(3.194758866,27.605572726,19.277782016));
#6106=CARTESIAN_POINT('',(3.216098877,27.592500346,19.297622661));
#6107=CARTESIAN_POINT('',(3.237438888,27.579427965,19.317463306));
#6108=CARTESIAN_POINT('',(3.25592466,27.571464815,19.343976944));
#6109=CARTESIAN_POINT('',(3.267084086,27.571464793,19.373609139));
#6110=B_SPLINE_CURVE_WITH_KNOTS('',3,(#6097,#6098,#6099,#6100,#6101,#6102,#6103,#6104,#6105,#6106,#6107,#6108,#6109),.UNSPECIFIED.,.F.,.F.,(4,3,3,3,4),(-0.000002828,0.000091422,0.000185673,0.000279924,0.000374174),.UNSPECIFIED.);
#6111=EDGE_CURVE('',#6083,#3031,#6110,.T.);
#6112=ORIENTED_EDGE('',*,*,#6111,.T.);
#6113=ORIENTED_EDGE('',*,*,#3037,.F.);
#6114=CARTESIAN_POINT('',(3.721185151,27.771464793,18.962201517));
#6115=VERTEX_POINT('',#6114);
#6116=CARTESIAN_POINT('',(3.6235198,27.571464793,19.225968632));
#6117=CARTESIAN_POINT('',(3.610485915,27.571464812,19.197187172));
#6118=CARTESIAN_POINT('',(3.604791509,27.579502339,19.165149432));
#6119=CARTESIAN_POINT('',(3.605840027,27.592485436,19.136219307));
#6120=CARTESIAN_POINT('',(3.606888545,27.605468534,19.107289183));
#6121=CARTESIAN_POINT('',(3.613993534,27.622893505,19.081153841));
#6122=CARTESIAN_POINT('',(3.624740501,27.642334577,19.058313362));
#6123=CARTESIAN_POINT('',(3.646234434,27.681216722,19.012632402));
#6124=CARTESIAN_POINT('',(3.680644106,27.726225264,18.981106116));
#6125=CARTESIAN_POINT('',(3.721185151,27.771464793,18.962201517));
#6126=B_SPLINE_CURVE_WITH_KNOTS('',3,(#6116,#6117,#6118,#6119,#6120,#6121,#6122,#6123,#6124,#6125),.UNSPECIFIED.,.F.,.F.,(4,3,3,4),(0.000377691,0.000471712,0.000565734,0.000753776),.UNSPECIFIED.);
#6127=EDGE_CURVE('',#3023,#6115,#6126,.T.);
#6128=ORIENTED_EDGE('',*,*,#6127,.T.);
#6129=CARTESIAN_POINT('',(3.721185151,27.771464793,18.962201517));
#6130=CARTESIAN_POINT('',(3.741780065,27.748484204,18.95259795));
#6131=CARTESIAN_POINT('',(3.762953292,27.72658372,18.946761541));
#6132=CARTESIAN_POINT('',(3.785631521,27.704862765,18.944473369));
#6133=CARTESIAN_POINT('',(3.80830975,27.683141811,18.942185197));
#6134=CARTESIAN_POINT('',(3.832437528,27.661755321,18.943683254));
#6135=CARTESIAN_POINT('',(3.856641058,27.642464827,18.95005701));
#6136=CARTESIAN_POINT('',(3.880844588,27.623174332,18.956430767));
#6137=CARTESIAN_POINT('',(3.905618677,27.605572726,18.967772838));
#6138=CARTESIAN_POINT('',(3.928606708,27.592500346,18.985678078));
#6139=CARTESIAN_POINT('',(3.95159474,27.579427965,19.003583319));
#6140=CARTESIAN_POINT('',(3.972320985,27.571464815,19.028384924));
#6141=CARTESIAN_POINT('',(3.986020561,27.571464793,19.056931751));
#6142=B_SPLINE_CURVE_WITH_KNOTS('',3,(#6129,#6130,#6131,#6132,#6133,#6134,#6135,#6136,#6137,#6138,#6139,#6140,#6141),.UNSPECIFIED.,.F.,.F.,(4,3,3,3,4),(-0.000002828,0.000091422,0.000185673,0.000279924,0.000374174),.UNSPECIFIED.);
#6143=EDGE_CURVE('',#6115,#2972,#6142,.T.);
#6144=ORIENTED_EDGE('',*,*,#6143,.T.);
#6145=ORIENTED_EDGE('',*,*,#2978,.F.);
#6146=CARTESIAN_POINT('',(4.402537098,27.771464793,18.607512143));
#6147=VERTEX_POINT('',#6146);
#6148=CARTESIAN_POINT('',(4.328232212,27.571464793,18.878787641));
#6149=CARTESIAN_POINT('',(4.312739455,27.571464812,18.851251682));
#6150=CARTESIAN_POINT('',(4.304274445,27.579502339,18.819832155));
#6151=CARTESIAN_POINT('',(4.302797546,27.592485436,18.790920734));
#6152=CARTESIAN_POINT('',(4.301320648,27.605468534,18.762009313));
#6153=CARTESIAN_POINT('',(4.306120755,27.622893505,18.735354183));
#6154=CARTESIAN_POINT('',(4.314836148,27.642334577,18.711663959));
#6155=CARTESIAN_POINT('',(4.332266932,27.681216722,18.66428351));
#6156=CARTESIAN_POINT('',(4.363797968,27.726225264,18.62987819));
#6157=CARTESIAN_POINT('',(4.402537098,27.771464793,18.607512143));
#6158=B_SPLINE_CURVE_WITH_KNOTS('',3,(#6148,#6149,#6150,#6151,#6152,#6153,#6154,#6155,#6156,#6157),.UNSPECIFIED.,.F.,.F.,(4,3,3,4),(0.000377691,0.000471712,0.000565734,0.000753776),.UNSPECIFIED.);
#6159=EDGE_CURVE('',#2970,#6147,#6158,.T.);
#6160=ORIENTED_EDGE('',*,*,#6159,.T.);
#6161=CARTESIAN_POINT('',(4.402537098,27.771464793,18.607512143));
#6162=CARTESIAN_POINT('',(4.422216636,27.748484204,18.596150157));
#6163=CARTESIAN_POINT('',(4.442800616,27.72658372,18.588490588));
#6164=CARTESIAN_POINT('',(4.46519312,27.704862765,18.584234585));
#6165=CARTESIAN_POINT('',(4.487585625,27.683141811,18.579978583));
#6166=CARTESIAN_POINT('',(4.511752152,27.661755321,18.579368064));
#6167=CARTESIAN_POINT('',(4.53641909,27.642464827,18.58360809));
#6168=CARTESIAN_POINT('',(4.561086028,27.623174332,18.587848116));
#6169=CARTESIAN_POINT('',(4.586754371,27.605572726,18.596987823));
#6170=CARTESIAN_POINT('',(4.611215471,27.592500346,18.61282139));
#6171=CARTESIAN_POINT('',(4.635676571,27.579427965,18.628654956));
#6172=CARTESIAN_POINT('',(4.658485548,27.571464815,18.651555773));
#6173=CARTESIAN_POINT('',(4.674621013,27.571464793,18.678799974));
#6174=B_SPLINE_CURVE_WITH_KNOTS('',3,(#6161,#6162,#6163,#6164,#6165,#6166,#6167,#6168,#6169,#6170,#6171,#6172,#6173),.UNSPECIFIED.,.F.,.F.,(4,3,3,3,4),(-0.000002828,0.000091422,0.000185673,0.000279924,0.000374174),.UNSPECIFIED.);
#6175=EDGE_CURVE('',#6147,#3266,#6174,.T.);
#6176=ORIENTED_EDGE('',*,*,#6175,.T.);
#6177=ORIENTED_EDGE('',*,*,#3272,.F.);
#6178=CARTESIAN_POINT('',(5.050383079,27.771464793,18.194788735));
#6179=VERTEX_POINT('',#6178);
#6180=CARTESIAN_POINT('',(5.000004163,27.571464793,18.471508046));
#6181=CARTESIAN_POINT('',(4.982170444,27.571464812,18.445427151));
#6182=CARTESIAN_POINT('',(4.970999253,27.579502339,18.414864959));
#6183=CARTESIAN_POINT('',(4.967008178,27.592485436,18.386192275));
#6184=CARTESIAN_POINT('',(4.963017103,27.605468534,18.357519591));
#6185=CARTESIAN_POINT('',(4.965475798,27.622893505,18.330547536));
#6186=CARTESIAN_POINT('',(4.972093286,27.642334577,18.306187863));
#6187=CARTESIAN_POINT('',(4.985328263,27.681216722,18.257468518));
#6188=CARTESIAN_POINT('',(5.013740693,27.726225264,18.22044601));
#6189=CARTESIAN_POINT('',(5.050383079,27.771464793,18.194788735));
#6190=B_SPLINE_CURVE_WITH_KNOTS('',3,(#6180,#6181,#6182,#6183,#6184,#6185,#6186,#6187,#6188,#6189),.UNSPECIFIED.,.F.,.F.,(4,3,3,4),(0.000377691,0.000471712,0.000565734,0.000753776),.UNSPECIFIED.);
#6191=EDGE_CURVE('',#3264,#6179,#6190,.T.);
#6192=ORIENTED_EDGE('',*,*,#6191,.T.);
#6193=CARTESIAN_POINT('',(5.050383079,27.771464793,18.194788735));
#6194=CARTESIAN_POINT('',(5.068997468,27.748484204,18.181754799));
#6195=CARTESIAN_POINT('',(5.088835544,27.72658372,18.172330365));
#6196=CARTESIAN_POINT('',(5.110771903,27.704862765,18.166138923));
#6197=CARTESIAN_POINT('',(5.132708262,27.683141811,18.159947481));
#6198=CARTESIAN_POINT('',(5.156729619,27.661755321,18.157233034));
#6199=CARTESIAN_POINT('',(5.181672235,27.642464827,18.15930706));
#6200=CARTESIAN_POINT('',(5.20661485,27.623174332,18.161381086));
#6201=CARTESIAN_POINT('',(5.232982095,27.605572726,18.16824887));
#6202=CARTESIAN_POINT('',(5.258730099,27.592500346,18.18189026));
#6203=CARTESIAN_POINT('',(5.284478103,27.579427965,18.195531649));
#6204=CARTESIAN_POINT('',(5.309196223,27.571464815,18.216357388));
#6205=CARTESIAN_POINT('',(5.327644777,27.571464793,18.242091618));
#6206=B_SPLINE_CURVE_WITH_KNOTS('',3,(#6193,#6194,#6195,#6196,#6197,#6198,#6199,#6200,#6201,#6202,#6203,#6204,#6205),.UNSPECIFIED.,.F.,.F.,(4,3,3,3,4),(-0.000002828,0.000091422,0.000185673,0.000279924,0.000374174),.UNSPECIFIED.);
#6207=EDGE_CURVE('',#6179,#3308,#6206,.T.);
#6208=ORIENTED_EDGE('',*,*,#6207,.T.);
#6209=ORIENTED_EDGE('',*,*,#3314,.F.);
#6210=CARTESIAN_POINT('',(5.659792595,27.771464793,17.727172366));
#6211=VERTEX_POINT('',#6210);
#6212=CARTESIAN_POINT('',(5.633723063,27.571464793,18.007229488));
#6213=CARTESIAN_POINT('',(5.613684107,27.571464812,17.982802151));
#6214=CARTESIAN_POINT('',(5.599891756,27.579502339,17.953329891));
#6215=CARTESIAN_POINT('',(5.593416879,27.592485436,17.92511416));
#6216=CARTESIAN_POINT('',(5.586942002,27.605468534,17.896898429));
#6217=CARTESIAN_POINT('',(5.587040571,27.622893505,17.869814721));
#6218=CARTESIAN_POINT('',(5.591509793,27.642334577,17.844970992));
#6219=CARTESIAN_POINT('',(5.600448236,27.681216722,17.795283534));
#6220=CARTESIAN_POINT('',(5.625525823,27.726225264,17.755925602));
#6221=CARTESIAN_POINT('',(5.659792595,27.771464793,17.727172366));
#6222=B_SPLINE_CURVE_WITH_KNOTS('',3,(#6212,#6213,#6214,#6215,#6216,#6217,#6218,#6219,#6220,#6221),.UNSPECIFIED.,.F.,.F.,(4,3,3,4),(0.000377691,0.000471712,0.000565734,0.000753776),.UNSPECIFIED.);
#6223=EDGE_CURVE('',#3306,#6211,#6222,.T.);
#6224=ORIENTED_EDGE('',*,*,#6223,.T.);
#6225=CARTESIAN_POINT('',(5.659792595,27.771464793,17.727172366));
#6226=CARTESIAN_POINT('',(5.677200169,27.748484204,17.712565678));
#6227=CARTESIAN_POINT('',(5.696141361,27.72658372,17.701448104));
#6228=CARTESIAN_POINT('',(5.717454626,27.704862765,17.693368343));
#6229=CARTESIAN_POINT('',(5.738767891,27.683141811,17.685288581));
#6230=CARTESIAN_POINT('',(5.76246126,27.661755321,17.680490864));
#6231=CARTESIAN_POINT('',(5.787489724,27.642464827,17.680383106));
#6232=CARTESIAN_POINT('',(5.812518189,27.623174332,17.680275347));
#6233=CARTESIAN_POINT('',(5.839383665,27.605572726,17.68481894));
#6234=CARTESIAN_POINT('',(5.866222616,27.592500346,17.696164334));
#6235=CARTESIAN_POINT('',(5.893061566,27.579427965,17.707509728));
#6236=CARTESIAN_POINT('',(5.919500709,27.571464815,17.726101892));
#6237=CARTESIAN_POINT('',(5.940121947,27.571464793,17.750130298));
#6238=B_SPLINE_CURVE_WITH_KNOTS('',3,(#6225,#6226,#6227,#6228,#6229,#6230,#6231,#6232,#6233,#6234,#6235,#6236,#6237),.UNSPECIFIED.,.F.,.F.,(4,3,3,3,4),(-0.000002828,0.000091422,0.000185673,0.000279924,0.000374174),.UNSPECIFIED.);
#6239=EDGE_CURVE('',#6211,#3350,#6238,.T.);
#6240=ORIENTED_EDGE('',*,*,#6239,.T.);
#6241=ORIENTED_EDGE('',*,*,#3356,.F.);
#6242=CARTESIAN_POINT('',(6.226127672,27.771464793,17.20822188));
#6243=VERTEX_POINT('',#6242);
#6244=CARTESIAN_POINT('',(6.224565929,27.571464793,17.48948541));
#6245=CARTESIAN_POINT('',(6.202474245,27.571464812,17.466897536));
#6246=CARTESIAN_POINT('',(6.186165701,27.579502339,17.438739509));
#6247=CARTESIAN_POINT('',(6.1772563,27.592485436,17.41119547));
#6248=CARTESIAN_POINT('',(6.168346899,27.605468534,17.383651431));
#6249=CARTESIAN_POINT('',(6.166084592,27.622893505,17.356662194));
#6250=CARTESIAN_POINT('',(6.168371533,27.642334577,17.331523485));
#6251=CARTESIAN_POINT('',(6.172945416,27.681216722,17.281246066));
#6252=CARTESIAN_POINT('',(6.194497305,27.726225264,17.239852247));
#6253=CARTESIAN_POINT('',(6.226127672,27.771464793,17.20822188));
#6254=B_SPLINE_CURVE_WITH_KNOTS('',3,(#6244,#6245,#6246,#6247,#6248,#6249,#6250,#6251,#6252,#6253),.UNSPECIFIED.,.F.,.F.,(4,3,3,4),(0.000377691,0.000471712,0.000565734,0.000753776),.UNSPECIFIED.);
#6255=EDGE_CURVE('',#3348,#6243,#6254,.T.);
#6256=ORIENTED_EDGE('',*,*,#6255,.T.);
#6257=CARTESIAN_POINT('',(6.226127672,27.771464793,17.20822188));
#6258=CARTESIAN_POINT('',(6.242195948,27.748484204,17.192153605));
#6259=CARTESIAN_POINT('',(6.260096104,27.72658372,17.179427503));
#6260=CARTESIAN_POINT('',(6.280624067,27.704862765,17.169520914));
#6261=CARTESIAN_POINT('',(6.301152031,27.683141811,17.159614325));
#6262=CARTESIAN_POINT('',(6.324337091,27.661755321,17.152769851));
#6263=CARTESIAN_POINT('',(6.349260923,27.642464827,17.150481129));
#6264=CARTESIAN_POINT('',(6.374184755,27.623174332,17.148192406));
#6265=CARTESIAN_POINT('',(6.401344,27.605572726,17.150377229));
#6266=CARTESIAN_POINT('',(6.429069636,27.592500346,17.159340281));
#6267=CARTESIAN_POINT('',(6.456795273,27.579427965,17.168303334));
#6268=CARTESIAN_POINT('',(6.484754221,27.571464815,17.184520426));
#6269=CARTESIAN_POINT('',(6.507391202,27.571464793,17.206660137));
#6270=B_SPLINE_CURVE_WITH_KNOTS('',3,(#6257,#6258,#6259,#6260,#6261,#6262,#6263,#6264,#6265,#6266,#6267,#6268,#6269),.UNSPECIFIED.,.F.,.F.,(4,3,3,3,4),(-0.000002828,0.000091422,0.000185673,0.000279924,0.000374174),.UNSPECIFIED.);
#6271=EDGE_CURVE('',#6243,#3392,#6270,.T.);
#6272=ORIENTED_EDGE('',*,*,#6271,.T.);
#6273=ORIENTED_EDGE('',*,*,#3398,.F.);
#6274=CARTESIAN_POINT('',(6.745078158,27.771464793,16.641886803));
#6275=VERTEX_POINT('',#6274);
#6276=CARTESIAN_POINT('',(6.76803609,27.571464793,16.922216155));
#6277=CARTESIAN_POINT('',(6.744059808,27.571464812,16.901639651));
#6278=CARTESIAN_POINT('',(6.725359189,27.579502339,16.875010158));
#6279=CARTESIAN_POINT('',(6.71408307,27.592485436,16.848347438));
#6280=CARTESIAN_POINT('',(6.702806951,27.605468534,16.821684718));
#6281=CARTESIAN_POINT('',(6.698200986,27.622893505,16.794995356));
#6282=CARTESIAN_POINT('',(6.698288242,27.642334577,16.769752987));
#6283=CARTESIAN_POINT('',(6.698462754,27.681216722,16.719268249));
#6284=CARTESIAN_POINT('',(6.716324923,27.726225264,16.676153575));
#6285=CARTESIAN_POINT('',(6.745078158,27.771464793,16.641886803));
#6286=B_SPLINE_CURVE_WITH_KNOTS('',3,(#6276,#6277,#6278,#6279,#6280,#6281,#6282,#6283,#6284,#6285),.UNSPECIFIED.,.F.,.F.,(4,3,3,4),(0.000377691,0.000471712,0.000565734,0.000753776),.UNSPECIFIED.);
#6287=EDGE_CURVE('',#3390,#6275,#6286,.T.);
#6288=ORIENTED_EDGE('',*,*,#6287,.T.);
#6289=CARTESIAN_POINT('',(6.745078158,27.771464793,16.641886803));
#6290=CARTESIAN_POINT('',(6.759684847,27.748484204,16.624479229));
#6291=CARTESIAN_POINT('',(6.776407734,27.72658372,16.610241453));
#6292=CARTESIAN_POINT('',(6.795994167,27.704862765,16.598583432));
#6293=CARTESIAN_POINT('',(6.815580599,27.683141811,16.58692541));
#6294=CARTESIAN_POINT('',(6.838080898,27.661755321,16.578086271));
#6295=CARTESIAN_POINT('',(6.862710412,27.642464827,16.573634003));
#6296=CARTESIAN_POINT('',(6.887339925,27.623174332,16.569181734));
#6297=CARTESIAN_POINT('',(6.914586241,27.605572726,16.568991159));
#6298=CARTESIAN_POINT('',(6.942987555,27.592500346,16.575503656));
#6299=CARTESIAN_POINT('',(6.971388869,27.579427965,16.582016152));
#6300=CARTESIAN_POINT('',(7.000654837,27.571464815,16.595734751));
#6301=CARTESIAN_POINT('',(7.02513528,27.571464793,16.615817271));
#6302=B_SPLINE_CURVE_WITH_KNOTS('',3,(#6289,#6290,#6291,#6292,#6293,#6294,#6295,#6296,#6297,#6298,#6299,#6300,#6301),.UNSPECIFIED.,.F.,.F.,(4,3,3,3,4),(-0.000002828,0.000091422,0.000185673,0.000279924,0.000374174),.UNSPECIFIED.);
#6303=EDGE_CURVE('',#6275,#3434,#6302,.T.);
#6304=ORIENTED_EDGE('',*,*,#6303,.T.);
#6305=ORIENTED_EDGE('',*,*,#3440,.F.);
#6306=CARTESIAN_POINT('',(7.212694527,27.771464793,16.032477287));
#6307=VERTEX_POINT('',#6306);
#6308=CARTESIAN_POINT('',(7.25999741,27.571464793,16.309738985));
#6309=CARTESIAN_POINT('',(7.234319004,27.571464812,16.291330452));
#6310=CARTESIAN_POINT('',(7.213368634,27.579502339,16.266432158));
#6311=CARTESIAN_POINT('',(7.199811615,27.592485436,16.240853676));
#6312=CARTESIAN_POINT('',(7.186254595,27.605468534,16.215275194));
#6313=CARTESIAN_POINT('',(7.179340026,27.622893505,16.18908883));
#6314=CARTESIAN_POINT('',(7.177226933,27.642334577,16.163934911));
#6315=CARTESIAN_POINT('',(7.173000745,27.681216722,16.113627073));
#6316=CARTESIAN_POINT('',(7.187037252,27.726225264,16.069119673));
#6317=CARTESIAN_POINT('',(7.212694527,27.771464793,16.032477287));
#6318=B_SPLINE_CURVE_WITH_KNOTS('',3,(#6308,#6309,#6310,#6311,#6312,#6313,#6314,#6315,#6316,#6317),.UNSPECIFIED.,.F.,.F.,(4,3,3,4),(0.000377691,0.000471712,0.000565734,0.000753776),.UNSPECIFIED.);
#6319=EDGE_CURVE('',#3432,#6307,#6318,.T.);
#6320=ORIENTED_EDGE('',*,*,#6319,.T.);
#6321=CARTESIAN_POINT('',(7.212694527,27.771464793,16.032477287));
#6322=CARTESIAN_POINT('',(7.225728463,27.748484204,16.013862897));
#6323=CARTESIAN_POINT('',(7.24114681,27.72658372,15.998221805));
#6324=CARTESIAN_POINT('',(7.259642647,27.704862765,15.984901075));
#6325=CARTESIAN_POINT('',(7.278138484,27.683141811,15.971580346));
#6326=CARTESIAN_POINT('',(7.29978278,27.661755321,15.960813812));
#6327=CARTESIAN_POINT('',(7.32393053,27.642464827,15.954231882));
#6328=CARTESIAN_POINT('',(7.348078281,27.623174332,15.947649952));
#6329=CARTESIAN_POINT('',(7.375204306,27.605572726,15.945085429));
#6330=CARTESIAN_POINT('',(7.404065146,27.592500346,15.949097807));
#6331=CARTESIAN_POINT('',(7.432925986,27.579427965,15.953110184));
#6332=CARTESIAN_POINT('',(7.463276243,27.571464815,15.964225882));
#6333=CARTESIAN_POINT('',(7.489413838,27.571464793,15.982098371));
#6334=B_SPLINE_CURVE_WITH_KNOTS('',3,(#6321,#6322,#6323,#6324,#6325,#6326,#6327,#6328,#6329,#6330,#6331,#6332,#6333),.UNSPECIFIED.,.F.,.F.,(4,3,3,3,4),(-0.000002828,0.000091422,0.000185673,0.000279924,0.000374174),.UNSPECIFIED.);
#6335=EDGE_CURVE('',#6307,#3476,#6334,.T.);
#6336=ORIENTED_EDGE('',*,*,#6335,.T.);
#6337=ORIENTED_EDGE('',*,*,#3482,.F.);
#6338=CARTESIAN_POINT('',(7.625417935,27.771464793,15.384631306));
#6339=VERTEX_POINT('',#6338);
#6340=CARTESIAN_POINT('',(7.696705766,27.571464793,15.656715221));
#6341=CARTESIAN_POINT('',(7.669520665,27.571464812,15.640614759));
#6342=CARTESIAN_POINT('',(7.646479987,27.579502339,15.617637156));
#6343=CARTESIAN_POINT('',(7.630745245,27.592485436,15.59333758));
#6344=CARTESIAN_POINT('',(7.615010503,27.605468534,15.569038004));
#6345=CARTESIAN_POINT('',(7.605839954,27.622893505,15.543553931));
#6346=CARTESIAN_POINT('',(7.601542592,27.642334577,15.518679899));
#6347=CARTESIAN_POINT('',(7.59294787,27.681216722,15.468931834));
#6348=CARTESIAN_POINT('',(7.603051888,27.726225264,15.423370435));
#6349=CARTESIAN_POINT('',(7.625417935,27.771464793,15.384631306));
#6350=B_SPLINE_CURVE_WITH_KNOTS('',3,(#6340,#6341,#6342,#6343,#6344,#6345,#6346,#6347,#6348,#6349),.UNSPECIFIED.,.F.,.F.,(4,3,3,4),(0.000377691,0.000471712,0.000565734,0.000753776),.UNSPECIFIED.);
#6351=EDGE_CURVE('',#3474,#6339,#6350,.T.);
#6352=ORIENTED_EDGE('',*,*,#6351,.T.);
#6353=CARTESIAN_POINT('',(7.625417935,27.771464793,15.384631306));
#6354=CARTESIAN_POINT('',(7.636779922,27.748484204,15.364951767));
#6355=CARTESIAN_POINT('',(7.650776387,27.72658372,15.348026396));
#6356=CARTESIAN_POINT('',(7.668040863,27.704862765,15.333144338));
#6357=CARTESIAN_POINT('',(7.68530534,27.683141811,15.318262279));
#6358=CARTESIAN_POINT('',(7.705928908,27.661755321,15.305650291));
#6359=CARTESIAN_POINT('',(7.729411116,27.642464827,15.296988792));
#6360=CARTESIAN_POINT('',(7.752893324,27.623174332,15.288327293));
#6361=CARTESIAN_POINT('',(7.779692613,27.605572726,15.28340834));
#6362=CARTESIAN_POINT('',(7.808793331,27.592500346,15.284890061));
#6363=CARTESIAN_POINT('',(7.837894048,27.579427965,15.286371782));
#6364=CARTESIAN_POINT('',(7.86909761,27.571464815,15.294799983));
#6365=CARTESIAN_POINT('',(7.896693433,27.571464793,15.31032642));
#6366=B_SPLINE_CURVE_WITH_KNOTS('',3,(#6353,#6354,#6355,#6356,#6357,#6358,#6359,#6360,#6361,#6362,#6363,#6364,#6365),.UNSPECIFIED.,.F.,.F.,(4,3,3,3,4),(-0.000002828,0.000091422,0.000185673,0.000279924,0.000374174),.UNSPECIFIED.);
#6367=EDGE_CURVE('',#6339,#3518,#6366,.T.);
#6368=ORIENTED_EDGE('',*,*,#6367,.T.);
#6369=ORIENTED_EDGE('',*,*,#3524,.F.);
#6370=CARTESIAN_POINT('',(7.980107308,27.771464793,14.703279359));
#6371=VERTEX_POINT('',#6370);
#6372=CARTESIAN_POINT('',(8.074837543,27.571464793,14.968114769));
#6373=CARTESIAN_POINT('',(8.046352642,27.571464812,14.954444912));
#6374=CARTESIAN_POINT('',(8.021397011,27.579502339,14.933562873));
#6375=CARTESIAN_POINT('',(8.003604297,27.592485436,14.910727137));
#6376=CARTESIAN_POINT('',(7.985811582,27.605468534,14.887891402));
#6377=CARTESIAN_POINT('',(7.974454847,27.622893505,14.863303569));
#6378=CARTESIAN_POINT('',(7.968005923,27.642334577,14.83889873));
#6379=CARTESIAN_POINT('',(7.955108077,27.681216722,14.790089051));
#6380=CARTESIAN_POINT('',(7.961202709,27.726225264,14.743820404));
#6381=CARTESIAN_POINT('',(7.980107308,27.771464793,14.703279359));
#6382=B_SPLINE_CURVE_WITH_KNOTS('',3,(#6372,#6373,#6374,#6375,#6376,#6377,#6378,#6379,#6380,#6381),.UNSPECIFIED.,.F.,.F.,(4,3,3,4),(0.000377691,0.000471712,0.000565734,0.000753776),.UNSPECIFIED.);
#6383=EDGE_CURVE('',#3516,#6371,#6382,.T.);
#6384=ORIENTED_EDGE('',*,*,#6383,.T.);
#6385=CARTESIAN_POINT('',(7.980107308,27.771464793,14.703279359));
#6386=CARTESIAN_POINT('',(7.989710875,27.748484204,14.682684445));
#6387=CARTESIAN_POINT('',(8.002178936,27.72658372,14.664603607));
#6388=CARTESIAN_POINT('',(8.018080659,27.704862765,14.648273481));
#6389=CARTESIAN_POINT('',(8.033982382,27.683141811,14.631943356));
#6390=CARTESIAN_POINT('',(8.053428263,27.661755321,14.617581897));
#6391=CARTESIAN_POINT('',(8.076066215,27.642464827,14.606906749));
#6392=CARTESIAN_POINT('',(8.098704167,27.623174332,14.5962316));
#6393=CARTESIAN_POINT('',(8.124972762,27.605572726,14.588995653));
#6394=CARTESIAN_POINT('',(8.154091883,27.592500346,14.587935441));
#6395=CARTESIAN_POINT('',(8.183211004,27.579427965,14.586875229));
#6396=CARTESIAN_POINT('',(8.215030393,27.571464815,14.592551788));
#6397=CARTESIAN_POINT('',(8.243874424,27.571464793,14.605614008));
#6398=B_SPLINE_CURVE_WITH_KNOTS('',3,(#6385,#6386,#6387,#6388,#6389,#6390,#6391,#6392,#6393,#6394,#6395,#6396,#6397),.UNSPECIFIED.,.F.,.F.,(4,3,3,3,4),(-0.000002828,0.000091422,0.000185673,0.000279924,0.000374174),.UNSPECIFIED.);
#6399=EDGE_CURVE('',#6371,#3560,#6398,.T.);
#6400=ORIENTED_EDGE('',*,*,#6399,.T.);
#6401=ORIENTED_EDGE('',*,*,#3566,.F.);
#6402=CARTESIAN_POINT('',(8.274063247,27.771464793,13.993606946));
#6403=VERTEX_POINT('',#6402);
#6404=CARTESIAN_POINT('',(8.391514931,27.571464793,14.249178294));
#6405=CARTESIAN_POINT('',(8.361947017,27.571464812,14.238043077));
#6406=CARTESIAN_POINT('',(8.33526636,27.579502339,14.219415527));
#6407=CARTESIAN_POINT('',(8.315551087,27.592485436,14.198217426));
#6408=CARTESIAN_POINT('',(8.295835814,27.605468534,14.177019324));
#6409=CARTESIAN_POINT('',(8.282379323,27.622893505,14.153514861));
#6410=CARTESIAN_POINT('',(8.273827918,27.642334577,14.12976495));
#6411=CARTESIAN_POINT('',(8.256725108,27.681216722,14.082265127));
#6412=CARTESIAN_POINT('',(8.258763969,27.726225264,14.035641365));
#6413=CARTESIAN_POINT('',(8.274063247,27.771464793,13.993606946));
#6414=B_SPLINE_CURVE_WITH_KNOTS('',3,(#6404,#6405,#6406,#6407,#6408,#6409,#6410,#6411,#6412,#6413),.UNSPECIFIED.,.F.,.F.,(4,3,3,4),(0.000377691,0.000471712,0.000565734,0.000753776),.UNSPECIFIED.);
#6415=EDGE_CURVE('',#3558,#6403,#6414,.T.);
#6416=ORIENTED_EDGE('',*,*,#6415,.T.);
#6417=CARTESIAN_POINT('',(8.274063247,27.771464793,13.993606946));
#6418=CARTESIAN_POINT('',(8.281835303,27.748484204,13.972253396));
#6419=CARTESIAN_POINT('',(8.292680071,27.72658372,13.953154699));
#6420=CARTESIAN_POINT('',(8.307098019,27.704862765,13.935500787));
#6421=CARTESIAN_POINT('',(8.321515967,27.683141811,13.917846876));
#6422=CARTESIAN_POINT('',(8.339636167,27.661755321,13.901845247));
#6423=CARTESIAN_POINT('',(8.361257574,27.642464827,13.889237693));
#6424=CARTESIAN_POINT('',(8.382878981,27.623174332,13.87663014));
#6425=CARTESIAN_POINT('',(8.408416962,27.605572726,13.867132268));
#6426=CARTESIAN_POINT('',(8.437332873,27.592500346,13.863538192));
#6427=CARTESIAN_POINT('',(8.466248783,27.579427965,13.859944116));
#6428=CARTESIAN_POINT('',(8.498441834,27.571464815,13.862825831));
#6429=CARTESIAN_POINT('',(8.528314552,27.571464793,13.873324423));
#6430=B_SPLINE_CURVE_WITH_KNOTS('',3,(#6417,#6418,#6419,#6420,#6421,#6422,#6423,#6424,#6425,#6426,#6427,#6428,#6429),.UNSPECIFIED.,.F.,.F.,(4,3,3,3,4),(-0.000002828,0.000091422,0.000185673,0.000279924,0.000374174),.UNSPECIFIED.);
#6431=EDGE_CURVE('',#6403,#3686,#6430,.T.);
#6432=ORIENTED_EDGE('',*,*,#6431,.T.);
#6433=ORIENTED_EDGE('',*,*,#3692,.F.);
#6434=CARTESIAN_POINT('',(8.505048567,27.771464793,13.261015103));
#6435=VERTEX_POINT('',#6434);
#6436=CARTESIAN_POINT('',(8.644327823,27.571464793,13.505377336));
#6437=CARTESIAN_POINT('',(8.613901926,27.571464812,13.496861506));
#6438=CARTESIAN_POINT('',(8.585699299,27.579502339,13.480630211));
#6439=CARTESIAN_POINT('',(8.564211512,27.592485436,13.461231074));
#6440=CARTESIAN_POINT('',(8.542723725,27.605468534,13.441831937));
#6441=CARTESIAN_POINT('',(8.527269892,27.622893505,13.419589726));
#6442=CARTESIAN_POINT('',(8.516681086,27.642334577,13.396675495));
#6443=CARTESIAN_POINT('',(8.495503475,27.681216722,13.350847032));
#6444=CARTESIAN_POINT('',(8.49347105,27.726225264,13.304222988));
#6445=CARTESIAN_POINT('',(8.505048567,27.771464793,13.261015103));
#6446=B_SPLINE_CURVE_WITH_KNOTS('',3,(#6436,#6437,#6438,#6439,#6440,#6441,#6442,#6443,#6444,#6445),.UNSPECIFIED.,.F.,.F.,(4,3,3,4),(0.000377691,0.000471712,0.000565734,0.000753776),.UNSPECIFIED.);
#6447=EDGE_CURVE('',#3684,#6435,#6446,.T.);
#6448=ORIENTED_EDGE('',*,*,#6447,.T.);
#6449=CARTESIAN_POINT('',(8.505048567,27.771464793,13.261015103));
#6450=CARTESIAN_POINT('',(8.510929965,27.748484204,13.23906543));
#6451=CARTESIAN_POINT('',(8.520068903,27.72658372,13.219094226));
#6452=CARTESIAN_POINT('',(8.532893347,27.704862765,13.200250886));
#6453=CARTESIAN_POINT('',(8.54571779,27.683141811,13.181407546));
#6454=CARTESIAN_POINT('',(8.562374404,27.661755321,13.163887528));
#6455=CARTESIAN_POINT('',(8.582814715,27.642464827,13.14944352));
#6456=CARTESIAN_POINT('',(8.603255025,27.623174332,13.134999512));
#6457=CARTESIAN_POINT('',(8.627868032,27.605572726,13.123312002));
#6458=CARTESIAN_POINT('',(8.656360664,27.592500346,13.117211415));
#6459=CARTESIAN_POINT('',(8.684853296,27.579427965,13.111110827));
#6460=CARTESIAN_POINT('',(8.717175001,27.571464815,13.111175768));
#6461=CARTESIAN_POINT('',(8.747849058,27.571464793,13.11903083));
#6462=B_SPLINE_CURVE_WITH_KNOTS('',3,(#6449,#6450,#6451,#6452,#6453,#6454,#6455,#6456,#6457,#6458,#6459,#6460,#6461),.UNSPECIFIED.,.F.,.F.,(4,3,3,3,4),(-0.000002828,0.000091422,0.000185673,0.000279924,0.000374174),.UNSPECIFIED.);
#6463=EDGE_CURVE('',#6435,#3728,#6462,.T.);
#6464=ORIENTED_EDGE('',*,*,#6463,.T.);
#6465=ORIENTED_EDGE('',*,*,#3734,.F.);
#6466=CARTESIAN_POINT('',(8.671305333,27.771464793,12.511079296));
#6467=VERTEX_POINT('',#6466);
#6468=CARTESIAN_POINT('',(8.831352161,27.571464793,12.74237267));
#6469=CARTESIAN_POINT('',(8.80017736,27.571464811,12.736518034));
#6470=CARTESIAN_POINT('',(8.770664505,27.579538476,12.7227693));
#6471=CARTESIAN_POINT('',(8.747541361,27.592570854,12.705262211));
#6472=CARTESIAN_POINT('',(8.724418217,27.605603231,12.687755122));
#6473=CARTESIAN_POINT('',(8.706985239,27.62325974,12.666693157));
#6474=CARTESIAN_POINT('',(8.694590615,27.642531016,12.644988332));
#6475=CARTESIAN_POINT('',(8.68219599,27.661802291,12.623283507));
#6476=CARTESIAN_POINT('',(8.674503528,27.683216961,12.600337126));
#6477=CARTESIAN_POINT('',(8.670855316,27.704897745,12.577881862));
#6478=CARTESIAN_POINT('',(8.667207104,27.726578529,12.555426599));
#6479=CARTESIAN_POINT('',(8.667415292,27.748808813,12.533140818));
#6480=CARTESIAN_POINT('',(8.671305333,27.771464793,12.511079296));
#6481=B_SPLINE_CURVE_WITH_KNOTS('',3,(#6468,#6469,#6470,#6471,#6472,#6473,#6474,#6475,#6476,#6477,#6478,#6479,#6480),.UNSPECIFIED.,.F.,.F.,(4,3,3,3,4),(0.000207579,0.000302353,0.000397127,0.000491901,0.000586674),.UNSPECIFIED.);
#6482=EDGE_CURVE('',#3726,#6467,#6481,.T.);
#6483=ORIENTED_EDGE('',*,*,#6482,.T.);
#6484=CARTESIAN_POINT('',(8.671305333,27.771464793,12.511079296));
#6485=CARTESIAN_POINT('',(8.67525131,27.748484204,12.488700551));
#6486=CARTESIAN_POINT('',(8.682614867,27.72658372,12.468008832));
#6487=CARTESIAN_POINT('',(8.693748204,27.704862765,12.448119472));
#6488=CARTESIAN_POINT('',(8.704881542,27.683141811,12.428230113));
#6489=CARTESIAN_POINT('',(8.719947802,27.661755321,12.409325045));
#6490=CARTESIAN_POINT('',(8.739051452,27.642464827,12.393154511));
#6491=CARTESIAN_POINT('',(8.758155103,27.623174332,12.376983976));
#6492=CARTESIAN_POINT('',(8.781655817,27.605572726,12.363195775));
#6493=CARTESIAN_POINT('',(8.809508325,27.592500346,12.354635106));
#6494=CARTESIAN_POINT('',(8.837360832,27.579427965,12.346074437));
#6495=CARTESIAN_POINT('',(8.869565203,27.571464815,12.343322108));
#6496=CARTESIAN_POINT('',(8.900807149,27.571464793,12.348473859));
#6497=B_SPLINE_CURVE_WITH_KNOTS('',3,(#6484,#6485,#6486,#6487,#6488,#6489,#6490,#6491,#6492,#6493,#6494,#6495,#6496),.UNSPECIFIED.,.F.,.F.,(4,3,3,3,4),(-0.000002828,0.000091422,0.000185673,0.000279924,0.000374174),.UNSPECIFIED.);
#6498=EDGE_CURVE('',#6467,#3787,#6497,.T.);
#6499=ORIENTED_EDGE('',*,*,#6498,.T.);
#6500=ORIENTED_EDGE('',*,*,#3793,.F.);
#6501=CARTESIAN_POINT('',(8.77156823,27.771464793,11.749506989));
#6502=VERTEX_POINT('',#6501);
#6503=CARTESIAN_POINT('',(8.951164577,27.571464793,11.965971222));
#6504=CARTESIAN_POINT('',(8.91938671,27.571464797,11.962835061));
#6505=CARTESIAN_POINT('',(8.889235786,27.579431168,11.951862223));
#6506=CARTESIAN_POINT('',(8.864526531,27.592524076,11.936361944));
#6507=CARTESIAN_POINT('',(8.839817277,27.605616984,11.920861664));
#6508=CARTESIAN_POINT('',(8.820757943,27.623172953,11.901513453));
#6509=CARTESIAN_POINT('',(8.806501097,27.642442762,11.880971093));
#6510=CARTESIAN_POINT('',(8.777987405,27.68098238,11.839886372));
#6511=CARTESIAN_POINT('',(8.767665993,27.726183754,11.794109753));
#6512=CARTESIAN_POINT('',(8.77156823,27.771464793,11.749506989));
#6513=B_SPLINE_CURVE_WITH_KNOTS('',3,(#6503,#6504,#6505,#6506,#6507,#6508,#6509,#6510,#6511,#6512),.UNSPECIFIED.,.F.,.F.,(4,3,3,4),(0.000054666,0.000149653,0.000244641,0.000434616),.UNSPECIFIED.);
#6514=EDGE_CURVE('',#3779,#6502,#6513,.T.);
#6515=ORIENTED_EDGE('',*,*,#6514,.T.);
#6516=CARTESIAN_POINT('',(8.77156823,27.771464793,11.749506989));
#6517=CARTESIAN_POINT('',(8.773548945,27.748481994,11.726867311));
#6518=CARTESIAN_POINT('',(8.779081937,27.726579443,11.705610577));
#6519=CARTESIAN_POINT('',(8.788441088,27.7048565,11.684824726));
#6520=CARTESIAN_POINT('',(8.797800239,27.683133556,11.664038876));
#6521=CARTESIAN_POINT('',(8.811163877,27.661745337,11.643891104));
#6522=CARTESIAN_POINT('',(8.828788899,27.642453697,11.626116226));
#6523=CARTESIAN_POINT('',(8.846413921,27.623162058,11.608341348));
#6524=CARTESIAN_POINT('',(8.868627581,27.60556016,11.592557392));
#6525=CARTESIAN_POINT('',(8.895633675,27.592489034,11.581603452));
#6526=CARTESIAN_POINT('',(8.922639768,27.579417907,11.570649512));
#6527=CARTESIAN_POINT('',(8.95451303,27.57146482,11.565113288));
#6528=CARTESIAN_POINT('',(8.986024724,27.571464793,11.567517913));
#6529=B_SPLINE_CURVE_WITH_KNOTS('',3,(#6516,#6517,#6518,#6519,#6520,#6521,#6522,#6523,#6524,#6525,#6526,#6527,#6528),.UNSPECIFIED.,.F.,.F.,(4,3,3,3,4),(-0.000002828,0.000091431,0.000185691,0.000279951,0.00037421),.UNSPECIFIED.);
#6530=EDGE_CURVE('',#6502,#3661,#6529,.T.);
#6531=ORIENTED_EDGE('',*,*,#6530,.T.);
#6532=ORIENTED_EDGE('',*,*,#3667,.F.);
#6533=CARTESIAN_POINT('',(8.805074195,27.771464793,10.982094208));
#6534=VERTEX_POINT('',#6533);
#6535=CARTESIAN_POINT('',(9.002853225,27.571464793,11.182081876));
#6536=CARTESIAN_POINT('',(8.970831259,27.571464794,11.181726255));
#6537=CARTESIAN_POINT('',(8.940017864,27.579417055,11.173439163));
#6538=CARTESIAN_POINT('',(8.914125166,27.592443028,11.16021853));
#6539=CARTESIAN_POINT('',(8.888232467,27.605469001,11.146997897));
#6540=CARTESIAN_POINT('',(8.86748737,27.623001174,11.129406761));
#6541=CARTESIAN_POINT('',(8.85140809,27.64235112,11.110104864));
#6542=CARTESIAN_POINT('',(8.819249531,27.681051012,11.071501072));
#6543=CARTESIAN_POINT('',(8.805074195,27.726193725,11.026857487));
#6544=CARTESIAN_POINT('',(8.805074195,27.771464793,10.982094208));
#6545=B_SPLINE_CURVE_WITH_KNOTS('',3,(#6535,#6536,#6537,#6538,#6539,#6540,#6541,#6542,#6543,#6544),.UNSPECIFIED.,.F.,.F.,(4,3,3,4),(0.000002383,0.000097101,0.000191819,0.000381254),.UNSPECIFIED.);
#6546=EDGE_CURVE('',#3653,#6534,#6545,.T.);
#6547=ORIENTED_EDGE('',*,*,#6546,.T.);
#6548=CARTESIAN_POINT('',(8.805074195,27.771464793,10.982094208));
#6549=CARTESIAN_POINT('',(8.805074195,27.748498679,10.959384549));
#6550=CARTESIAN_POINT('',(8.808728336,27.726611739,10.937741906));
#6551=CARTESIAN_POINT('',(8.816229062,27.704903813,10.91623439));
#6552=CARTESIAN_POINT('',(8.823729788,27.683195887,10.894726875));
#6553=CARTESIAN_POINT('',(8.835269578,27.661820735,10.873504162));
#6554=CARTESIAN_POINT('',(8.851253204,27.642537743,10.854269708));
#6555=CARTESIAN_POINT('',(8.867236831,27.623254751,10.835035255));
#6556=CARTESIAN_POINT('',(8.8879595,27.605655077,10.817378029));
#6557=CARTESIAN_POINT('',(8.91386431,27.592574502,10.804103318));
#6558=CARTESIAN_POINT('',(8.93976912,27.579493927,10.790828608));
#6559=CARTESIAN_POINT('',(8.970788595,27.571464794,10.782462635));
#6560=CARTESIAN_POINT('',(9.002853225,27.571464793,10.78210654));
#6561=B_SPLINE_CURVE_WITH_KNOTS('',3,(#6548,#6549,#6550,#6551,#6552,#6553,#6554,#6555,#6556,#6557,#6558,#6559,#6560),.UNSPECIFIED.,.F.,.F.,(4,3,3,3,4),(-0.000002828,0.000091363,0.000185554,0.000279745,0.000373937),.UNSPECIFIED.);
#6562=EDGE_CURVE('',#6534,#3602,#6561,.T.);
#6563=ORIENTED_EDGE('',*,*,#6562,.T.);
#6564=ORIENTED_EDGE('',*,*,#3608,.F.);
#6565=CARTESIAN_POINT('',(8.77156823,27.771464793,10.214681427));
#6566=VERTEX_POINT('',#6565);
#6567=CARTESIAN_POINT('',(8.986024724,27.571464793,10.396670503));
#6568=CARTESIAN_POINT('',(8.954428638,27.571464814,10.399081568));
#6569=CARTESIAN_POINT('',(8.922351756,27.579531323,10.393447794));
#6570=CARTESIAN_POINT('',(8.895481244,27.592562885,10.382523064));
#6571=CARTESIAN_POINT('',(8.868610733,27.605594446,10.371598333));
#6572=CARTESIAN_POINT('',(8.846317404,27.6232514,10.355765806));
#6573=CARTESIAN_POINT('',(8.828725098,27.64252356,10.338007818));
#6574=CARTESIAN_POINT('',(8.811132792,27.66179572,10.320249831));
#6575=CARTESIAN_POINT('',(8.797761779,27.68321186,10.300074958));
#6576=CARTESIAN_POINT('',(8.78842505,27.704893733,10.279328063));
#6577=CARTESIAN_POINT('',(8.779088322,27.726575606,10.258581168));
#6578=CARTESIAN_POINT('',(8.773520816,27.748807239,10.236999587));
#6579=CARTESIAN_POINT('',(8.77156823,27.771464793,10.214681427));
#6580=B_SPLINE_CURVE_WITH_KNOTS('',3,(#6567,#6568,#6569,#6570,#6571,#6572,#6573,#6574,#6575,#6576,#6577,#6578,#6579),.UNSPECIFIED.,.F.,.F.,(4,3,3,3,4),(0.000019303,0.000114281,0.000209258,0.000304236,0.000399214),.UNSPECIFIED.);
#6581=EDGE_CURVE('',#3600,#6566,#6580,.T.);
#6582=ORIENTED_EDGE('',*,*,#6581,.T.);
#6583=CARTESIAN_POINT('',(8.77156823,27.771464793,10.214681427));
#6584=CARTESIAN_POINT('',(8.769587705,27.748484204,10.192043925));
#6585=CARTESIAN_POINT('',(8.771344944,27.72658372,10.17015143));
#6586=CARTESIAN_POINT('',(8.776951177,27.704862765,10.148058264));
#6587=CARTESIAN_POINT('',(8.78255741,27.683141811,10.125965099));
#6588=CARTESIAN_POINT('',(8.792217308,27.661755321,10.10380477));
#6589=CARTESIAN_POINT('',(8.806484775,27.642464827,10.083240845));
#6590=CARTESIAN_POINT('',(8.820752242,27.623174332,10.062676919));
#6591=CARTESIAN_POINT('',(8.83988354,27.605572726,10.043276107));
#6592=CARTESIAN_POINT('',(8.864571332,27.592500346,10.027798377));
#6593=CARTESIAN_POINT('',(8.889259124,27.579427965,10.012320646));
#6594=CARTESIAN_POINT('',(8.919653803,27.571464815,10.001326995));
#6595=CARTESIAN_POINT('',(8.951164577,27.571464793,9.998217194));
#6596=B_SPLINE_CURVE_WITH_KNOTS('',3,(#6583,#6584,#6585,#6586,#6587,#6588,#6589,#6590,#6591,#6592,#6593,#6594,#6595),.UNSPECIFIED.,.F.,.F.,(4,3,3,3,4),(-0.000002828,0.000091422,0.000185673,0.000279924,0.000374174),.UNSPECIFIED.);
#6597=EDGE_CURVE('',#6566,#3896,#6596,.T.);
#6598=ORIENTED_EDGE('',*,*,#6597,.T.);
#6599=ORIENTED_EDGE('',*,*,#3902,.F.);
#6600=CARTESIAN_POINT('',(8.671305333,27.771464793,9.45310912));
#6601=VERTEX_POINT('',#6600);
#6602=CARTESIAN_POINT('',(8.900807149,27.571464793,9.615714558));
#6603=CARTESIAN_POINT('',(8.869411039,27.571464802,9.62089173));
#6604=CARTESIAN_POINT('',(8.837276989,27.579457975,9.61809755));
#6605=CARTESIAN_POINT('',(8.809449653,27.592527893,9.609535267));
#6606=CARTESIAN_POINT('',(8.781622317,27.60559781,9.600972984));
#6607=CARTESIAN_POINT('',(8.758143761,27.623188423,9.587192206));
#6608=CARTESIAN_POINT('',(8.739063833,27.642452326,9.571044384));
#6609=CARTESIAN_POINT('',(8.719983906,27.661716228,9.554896563));
#6610=CARTESIAN_POINT('',(8.704948165,27.683029312,9.536059853));
#6611=CARTESIAN_POINT('',(8.693784616,27.704791756,9.516133963));
#6612=CARTESIAN_POINT('',(8.682621066,27.726554201,9.496208072));
#6613=CARTESIAN_POINT('',(8.675193735,27.748818365,9.47516134));
#6614=CARTESIAN_POINT('',(8.671305333,27.771464793,9.45310912));
#6615=B_SPLINE_CURVE_WITH_KNOTS('',3,(#6602,#6603,#6604,#6605,#6606,#6607,#6608,#6609,#6610,#6611,#6612,#6613,#6614),.UNSPECIFIED.,.F.,.F.,(4,3,3,3,4),(0.000123913,0.000218935,0.000313956,0.000408977,0.000503998),.UNSPECIFIED.);
#6616=EDGE_CURVE('',#3894,#6601,#6615,.T.);
#6617=ORIENTED_EDGE('',*,*,#6616,.T.);
#6618=CARTESIAN_POINT('',(8.671305333,27.771464793,9.45310912));
#6619=CARTESIAN_POINT('',(8.667359357,27.748484204,9.430730375));
#6620=CARTESIAN_POINT('',(8.667201852,27.72658372,9.408768034));
#6621=CARTESIAN_POINT('',(8.670861206,27.704862765,9.386270324));
#6622=CARTESIAN_POINT('',(8.674520559,27.683141811,9.363772614));
#6623=CARTESIAN_POINT('',(8.682212299,27.661755321,9.340854697));
#6624=CARTESIAN_POINT('',(8.694633209,27.642464827,9.319125532));
#6625=CARTESIAN_POINT('',(8.70705412,27.623174332,9.297396366));
#6626=CARTESIAN_POINT('',(8.724421725,27.605572726,9.276401978));
#6627=CARTESIAN_POINT('',(8.7476666,27.592500346,9.258831462));
#6628=CARTESIAN_POINT('',(8.770911475,27.579427965,9.241260945));
#6629=CARTESIAN_POINT('',(8.800232332,27.571464815,9.227660058));
#6630=CARTESIAN_POINT('',(8.831352161,27.571464793,9.221815746));
#6631=B_SPLINE_CURVE_WITH_KNOTS('',3,(#6618,#6619,#6620,#6621,#6622,#6623,#6624,#6625,#6626,#6627,#6628,#6629,#6630),.UNSPECIFIED.,.F.,.F.,(4,3,3,3,4),(-0.000002828,0.000091422,0.000185673,0.000279924,0.000374174),.UNSPECIFIED.);
#6632=EDGE_CURVE('',#6601,#3938,#6631,.T.);
#6633=ORIENTED_EDGE('',*,*,#6632,.T.);
#6634=ORIENTED_EDGE('',*,*,#3944,.F.);
#6635=CARTESIAN_POINT('',(8.505048567,27.771464793,8.703173313));
#6636=VERTEX_POINT('',#6635);
#6637=CARTESIAN_POINT('',(8.747849058,27.571464793,8.845157586));
#6638=CARTESIAN_POINT('',(8.717241543,27.571464812,8.852995609));
#6639=CARTESIAN_POINT('',(8.684701704,27.579502339,8.85304021));
#6640=CARTESIAN_POINT('',(8.656393166,27.592485436,8.846983958));
#6641=CARTESIAN_POINT('',(8.628084628,27.605468534,8.840927706));
#6642=CARTESIAN_POINT('',(8.60358011,27.622893505,8.829392303));
#6643=CARTESIAN_POINT('',(8.58295282,27.642334577,8.814842399));
#6644=CARTESIAN_POINT('',(8.541698239,27.681216722,8.785742591));
#6645=CARTESIAN_POINT('',(8.516626085,27.726225264,8.746381198));
#6646=CARTESIAN_POINT('',(8.505048567,27.771464793,8.703173313));
#6647=B_SPLINE_CURVE_WITH_KNOTS('',3,(#6637,#6638,#6639,#6640,#6641,#6642,#6643,#6644,#6645,#6646),.UNSPECIFIED.,.F.,.F.,(4,3,3,4),(0.000377691,0.000471712,0.000565734,0.000753776),.UNSPECIFIED.);
#6648=EDGE_CURVE('',#3936,#6636,#6647,.T.);
#6649=ORIENTED_EDGE('',*,*,#6648,.T.);
#6650=CARTESIAN_POINT('',(8.505048567,27.771464793,8.703173313));
#6651=CARTESIAN_POINT('',(8.49916717,27.748484204,8.68122364));
#6652=CARTESIAN_POINT('',(8.497096121,27.72658372,8.6593586));
#6653=CARTESIAN_POINT('',(8.498780745,27.704862765,8.636627567));
#6654=CARTESIAN_POINT('',(8.500465369,27.683141811,8.613896534));
#6655=CARTESIAN_POINT('',(8.506130411,27.661755321,8.590395447));
#6656=CARTESIAN_POINT('',(8.516610235,27.642464827,8.567666414));
#6657=CARTESIAN_POINT('',(8.527090059,27.623174332,8.544937381));
#6658=CARTESIAN_POINT('',(8.542561793,27.605572726,8.522509196));
#6659=CARTESIAN_POINT('',(8.564186843,27.592500346,8.502979617));
#6660=CARTESIAN_POINT('',(8.585811892,27.579427965,8.483450037));
#6661=CARTESIAN_POINT('',(8.61383578,27.571464815,8.467345425));
#6662=CARTESIAN_POINT('',(8.644327823,27.571464793,8.45881108));
#6663=B_SPLINE_CURVE_WITH_KNOTS('',3,(#6650,#6651,#6652,#6653,#6654,#6655,#6656,#6657,#6658,#6659,#6660,#6661,#6662),.UNSPECIFIED.,.F.,.F.,(4,3,3,3,4),(-0.000002828,0.000091422,0.000185673,0.000279924,0.000374174),.UNSPECIFIED.);
#6664=EDGE_CURVE('',#6636,#3980,#6663,.T.);
#6665=ORIENTED_EDGE('',*,*,#6664,.T.);
#6666=ORIENTED_EDGE('',*,*,#3986,.F.);
#6667=CARTESIAN_POINT('',(8.274063247,27.771464793,7.97058147));
#6668=VERTEX_POINT('',#6667);
#6669=CARTESIAN_POINT('',(8.528314552,27.571464793,8.090863993));
#6670=CARTESIAN_POINT('',(8.498506637,27.571464812,8.101339811));
#6671=CARTESIAN_POINT('',(8.46609451,27.579502339,8.104220275));
#6672=CARTESIAN_POINT('',(8.437365857,27.592485436,8.100654321));
#6673=CARTESIAN_POINT('',(8.408637205,27.605468534,8.097088366));
#6674=CARTESIAN_POINT('',(8.383220557,27.622893505,8.087732568));
#6675=CARTESIAN_POINT('',(8.361403652,27.642334577,8.075035818));
#6676=CARTESIAN_POINT('',(8.317769842,27.681216722,8.049642318));
#6677=CARTESIAN_POINT('',(8.289362524,27.726225264,8.012615888));
#6678=CARTESIAN_POINT('',(8.274063247,27.771464793,7.97058147));
#6679=B_SPLINE_CURVE_WITH_KNOTS('',3,(#6669,#6670,#6671,#6672,#6673,#6674,#6675,#6676,#6677,#6678),.UNSPECIFIED.,.F.,.F.,(4,3,3,4),(0.000377691,0.000471712,0.000565734,0.000753776),.UNSPECIFIED.);
#6680=EDGE_CURVE('',#3978,#6668,#6679,.T.);
#6681=ORIENTED_EDGE('',*,*,#6680,.T.);
#6682=CARTESIAN_POINT('',(8.274063247,27.771464793,7.97058147));
#6683=CARTESIAN_POINT('',(8.26629119,27.748484204,7.94922792));
#6684=CARTESIAN_POINT('',(8.262322358,27.72658372,7.927626586));
#6685=CARTESIAN_POINT('',(8.262019431,27.704862765,7.904835227));
#6686=CARTESIAN_POINT('',(8.261716505,27.683141811,7.882043869));
#6687=CARTESIAN_POINT('',(8.265311735,27.661755321,7.858138469));
#6688=CARTESIAN_POINT('',(8.273770714,27.642464827,7.83458255));
#6689=CARTESIAN_POINT('',(8.282229693,27.623174332,7.811026631));
#6690=CARTESIAN_POINT('',(8.295687808,27.605572726,7.787335342));
#6691=CARTESIAN_POINT('',(8.315528453,27.592500346,7.765995331));
#6692=CARTESIAN_POINT('',(8.335369097,27.579427965,7.74465532));
#6693=CARTESIAN_POINT('',(8.361882736,27.571464815,7.726169548));
#6694=CARTESIAN_POINT('',(8.391514931,27.571464793,7.715010122));
#6695=B_SPLINE_CURVE_WITH_KNOTS('',3,(#6682,#6683,#6684,#6685,#6686,#6687,#6688,#6689,#6690,#6691,#6692,#6693,#6694),.UNSPECIFIED.,.F.,.F.,(4,3,3,3,4),(-0.000002828,0.000091422,0.000185673,0.000279924,0.000374174),.UNSPECIFIED.);
#6696=EDGE_CURVE('',#6668,#4022,#6695,.T.);
#6697=ORIENTED_EDGE('',*,*,#6696,.T.);
#6698=ORIENTED_EDGE('',*,*,#4028,.F.);
#6699=CARTESIAN_POINT('',(7.980107308,27.771464793,7.260909057));
#6700=VERTEX_POINT('',#6699);
#6701=CARTESIAN_POINT('',(8.243874424,27.571464793,7.358574408));
#6702=CARTESIAN_POINT('',(8.215092964,27.571464812,7.371608293));
#6703=CARTESIAN_POINT('',(8.183055224,27.579502339,7.377302699));
#6704=CARTESIAN_POINT('',(8.154125099,27.592485436,7.376254181));
#6705=CARTESIAN_POINT('',(8.125194975,27.605468534,7.375205663));
#6706=CARTESIAN_POINT('',(8.099059633,27.622893505,7.368100674));
#6707=CARTESIAN_POINT('',(8.076219154,27.642334577,7.357353707));
#6708=CARTESIAN_POINT('',(8.030538194,27.681216722,7.335859774));
#6709=CARTESIAN_POINT('',(7.999011908,27.726225264,7.301450102));
#6710=CARTESIAN_POINT('',(7.980107308,27.771464793,7.260909057));
#6711=B_SPLINE_CURVE_WITH_KNOTS('',3,(#6701,#6702,#6703,#6704,#6705,#6706,#6707,#6708,#6709,#6710),.UNSPECIFIED.,.F.,.F.,(4,3,3,4),(0.000377691,0.000471712,0.000565734,0.000753776),.UNSPECIFIED.);
#6712=EDGE_CURVE('',#4020,#6700,#6711,.T.);
#6713=ORIENTED_EDGE('',*,*,#6712,.T.);
#6714=CARTESIAN_POINT('',(7.980107308,27.771464793,7.260909057));
#6715=CARTESIAN_POINT('',(7.970503742,27.748484204,7.240314143));
#6716=CARTESIAN_POINT('',(7.964667332,27.72658372,7.219140916));
#6717=CARTESIAN_POINT('',(7.962379161,27.704862765,7.196462687));
#6718=CARTESIAN_POINT('',(7.960090989,27.683141811,7.173784458));
#6719=CARTESIAN_POINT('',(7.961589046,27.661755321,7.149656681));
#6720=CARTESIAN_POINT('',(7.967962802,27.642464827,7.12545315));
#6721=CARTESIAN_POINT('',(7.974336559,27.623174332,7.10124962));
#6722=CARTESIAN_POINT('',(7.98567863,27.605572726,7.076475531));
#6723=CARTESIAN_POINT('',(8.00358387,27.592500346,7.0534875));
#6724=CARTESIAN_POINT('',(8.021489111,27.579427965,7.030499468));
#6725=CARTESIAN_POINT('',(8.046290716,27.571464815,7.009773223));
#6726=CARTESIAN_POINT('',(8.074837543,27.571464793,6.996073647));
#6727=B_SPLINE_CURVE_WITH_KNOTS('',3,(#6714,#6715,#6716,#6717,#6718,#6719,#6720,#6721,#6722,#6723,#6724,#6725,#6726),.UNSPECIFIED.,.F.,.F.,(4,3,3,3,4),(-0.000002828,0.000091422,0.000185673,0.000279924,0.000374174),.UNSPECIFIED.);
#6728=EDGE_CURVE('',#6700,#4064,#6727,.T.);
#6729=ORIENTED_EDGE('',*,*,#6728,.T.);
#6730=ORIENTED_EDGE('',*,*,#4070,.F.);
#6731=CARTESIAN_POINT('',(7.625417935,27.771464793,6.57955711));
#6732=VERTEX_POINT('',#6731);
#6733=CARTESIAN_POINT('',(7.896693433,27.571464793,6.653861996));
#6734=CARTESIAN_POINT('',(7.869157474,27.571464812,6.669354753));
#6735=CARTESIAN_POINT('',(7.837737947,27.579502339,6.677819763));
#6736=CARTESIAN_POINT('',(7.808826526,27.592485436,6.679296662));
#6737=CARTESIAN_POINT('',(7.779915105,27.605468534,6.68077356));
#6738=CARTESIAN_POINT('',(7.753259975,27.622893505,6.675973453));
#6739=CARTESIAN_POINT('',(7.729569751,27.642334577,6.66725806));
#6740=CARTESIAN_POINT('',(7.682189302,27.681216722,6.649827276));
#6741=CARTESIAN_POINT('',(7.647783982,27.726225264,6.61829624));
#6742=CARTESIAN_POINT('',(7.625417935,27.771464793,6.57955711));
#6743=B_SPLINE_CURVE_WITH_KNOTS('',3,(#6733,#6734,#6735,#6736,#6737,#6738,#6739,#6740,#6741,#6742),.UNSPECIFIED.,.F.,.F.,(4,3,3,4),(0.000377691,0.000471712,0.000565734,0.000753776),.UNSPECIFIED.);
#6744=EDGE_CURVE('',#4062,#6732,#6743,.T.);
#6745=ORIENTED_EDGE('',*,*,#6744,.T.);
#6746=CARTESIAN_POINT('',(7.625417935,27.771464793,6.57955711));
#6747=CARTESIAN_POINT('',(7.614055948,27.748484204,6.559877572));
#6748=CARTESIAN_POINT('',(7.60639638,27.72658372,6.539293592));
#6749=CARTESIAN_POINT('',(7.602140377,27.704862765,6.516901088));
#6750=CARTESIAN_POINT('',(7.597884375,27.683141811,6.494508584));
#6751=CARTESIAN_POINT('',(7.597273856,27.661755321,6.470342056));
#6752=CARTESIAN_POINT('',(7.601513882,27.642464827,6.445675118));
#6753=CARTESIAN_POINT('',(7.605753908,27.623174332,6.42100818));
#6754=CARTESIAN_POINT('',(7.614893615,27.605572726,6.395339837));
#6755=CARTESIAN_POINT('',(7.630727182,27.592500346,6.370878737));
#6756=CARTESIAN_POINT('',(7.646560748,27.579427965,6.346417638));
#6757=CARTESIAN_POINT('',(7.669461565,27.571464815,6.32360866));
#6758=CARTESIAN_POINT('',(7.696705766,27.571464793,6.307473195));
#6759=B_SPLINE_CURVE_WITH_KNOTS('',3,(#6746,#6747,#6748,#6749,#6750,#6751,#6752,#6753,#6754,#6755,#6756,#6757,#6758),.UNSPECIFIED.,.F.,.F.,(4,3,3,3,4),(-0.000002828,0.000091422,0.000185673,0.000279924,0.000374174),.UNSPECIFIED.);
#6760=EDGE_CURVE('',#6732,#4106,#6759,.T.);
#6761=ORIENTED_EDGE('',*,*,#6760,.T.);
#6762=ORIENTED_EDGE('',*,*,#4112,.F.);
#6763=CARTESIAN_POINT('',(7.212694527,27.771464793,5.931711129));
#6764=VERTEX_POINT('',#6763);
#6765=CARTESIAN_POINT('',(7.489413838,27.571464793,5.982090045));
#6766=CARTESIAN_POINT('',(7.463332943,27.571464812,5.999923764));
#6767=CARTESIAN_POINT('',(7.432770751,27.579502339,6.011094955));
#6768=CARTESIAN_POINT('',(7.404098067,27.592485436,6.01508603));
#6769=CARTESIAN_POINT('',(7.375425383,27.605468534,6.019077105));
#6770=CARTESIAN_POINT('',(7.348453328,27.622893505,6.01661841));
#6771=CARTESIAN_POINT('',(7.324093655,27.642334577,6.010000922));
#6772=CARTESIAN_POINT('',(7.27537431,27.681216722,5.996765945));
#6773=CARTESIAN_POINT('',(7.238351802,27.726225264,5.968353516));
#6774=CARTESIAN_POINT('',(7.212694527,27.771464793,5.931711129));
#6775=B_SPLINE_CURVE_WITH_KNOTS('',3,(#6765,#6766,#6767,#6768,#6769,#6770,#6771,#6772,#6773,#6774),.UNSPECIFIED.,.F.,.F.,(4,3,3,4),(0.000377691,0.000471712,0.000565734,0.000753776),.UNSPECIFIED.);
#6776=EDGE_CURVE('',#4104,#6764,#6775,.T.);
#6777=ORIENTED_EDGE('',*,*,#6776,.T.);
#6778=CARTESIAN_POINT('',(7.212694527,27.771464793,5.931711129));
#6779=CARTESIAN_POINT('',(7.199660591,27.748484204,5.91309674));
#6780=CARTESIAN_POINT('',(7.190236157,27.72658372,5.893258664));
#6781=CARTESIAN_POINT('',(7.184044715,27.704862765,5.871322305));
#6782=CARTESIAN_POINT('',(7.177853273,27.683141811,5.849385946));
#6783=CARTESIAN_POINT('',(7.175138826,27.661755321,5.825364589));
#6784=CARTESIAN_POINT('',(7.177212852,27.642464827,5.800421973));
#6785=CARTESIAN_POINT('',(7.179286878,27.623174332,5.775479358));
#6786=CARTESIAN_POINT('',(7.186154662,27.605572726,5.749112113));
#6787=CARTESIAN_POINT('',(7.199796052,27.592500346,5.723364109));
#6788=CARTESIAN_POINT('',(7.213437441,27.579427965,5.697616105));
#6789=CARTESIAN_POINT('',(7.23426318,27.571464815,5.672897985));
#6790=CARTESIAN_POINT('',(7.25999741,27.571464793,5.654449431));
#6791=B_SPLINE_CURVE_WITH_KNOTS('',3,(#6778,#6779,#6780,#6781,#6782,#6783,#6784,#6785,#6786,#6787,#6788,#6789,#6790),.UNSPECIFIED.,.F.,.F.,(4,3,3,3,4),(-0.000002828,0.000091422,0.000185673,0.000279924,0.000374174),.UNSPECIFIED.);
#6792=EDGE_CURVE('',#6764,#4148,#6791,.T.);
#6793=ORIENTED_EDGE('',*,*,#6792,.T.);
#6794=ORIENTED_EDGE('',*,*,#4154,.F.);
#6795=CARTESIAN_POINT('',(6.745078158,27.771464793,5.322301613));
#6796=VERTEX_POINT('',#6795);
#6797=CARTESIAN_POINT('',(7.02513528,27.571464793,5.348371145));
#6798=CARTESIAN_POINT('',(7.000707943,27.571464812,5.368410101));
#6799=CARTESIAN_POINT('',(6.971235683,27.579502339,5.382202452));
#6800=CARTESIAN_POINT('',(6.943019952,27.592485436,5.388677329));
#6801=CARTESIAN_POINT('',(6.914804221,27.605468534,5.395152206));
#6802=CARTESIAN_POINT('',(6.887720513,27.622893505,5.395053637));
#6803=CARTESIAN_POINT('',(6.862876784,27.642334577,5.390584415));
#6804=CARTESIAN_POINT('',(6.813189326,27.681216722,5.381645972));
#6805=CARTESIAN_POINT('',(6.773831394,27.726225264,5.356568385));
#6806=CARTESIAN_POINT('',(6.745078158,27.771464793,5.322301613));
#6807=B_SPLINE_CURVE_WITH_KNOTS('',3,(#6797,#6798,#6799,#6800,#6801,#6802,#6803,#6804,#6805,#6806),.UNSPECIFIED.,.F.,.F.,(4,3,3,4),(0.000377691,0.000471712,0.000565734,0.000753776),.UNSPECIFIED.);
#6808=EDGE_CURVE('',#4146,#6796,#6807,.T.);
#6809=ORIENTED_EDGE('',*,*,#6808,.T.);
#6810=CARTESIAN_POINT('',(6.745078158,27.771464793,5.322301613));
#6811=CARTESIAN_POINT('',(6.73047147,27.748484204,5.304894039));
#6812=CARTESIAN_POINT('',(6.719353896,27.72658372,5.285952847));
#6813=CARTESIAN_POINT('',(6.711274135,27.704862765,5.264639582));
#6814=CARTESIAN_POINT('',(6.703194373,27.683141811,5.243326317));
#6815=CARTESIAN_POINT('',(6.698396656,27.661755321,5.219632948));
#6816=CARTESIAN_POINT('',(6.698288898,27.642464827,5.194604484));
#6817=CARTESIAN_POINT('',(6.698181139,27.623174332,5.169576019));
#6818=CARTESIAN_POINT('',(6.702724732,27.605572726,5.142710543));
#6819=CARTESIAN_POINT('',(6.714070126,27.592500346,5.115871592));
#6820=CARTESIAN_POINT('',(6.72541552,27.579427965,5.089032642));
#6821=CARTESIAN_POINT('',(6.744007684,27.571464815,5.062593499));
#6822=CARTESIAN_POINT('',(6.76803609,27.571464793,5.041972261));
#6823=B_SPLINE_CURVE_WITH_KNOTS('',3,(#6810,#6811,#6812,#6813,#6814,#6815,#6816,#6817,#6818,#6819,#6820,#6821,#6822),.UNSPECIFIED.,.F.,.F.,(4,3,3,3,4),(-0.000002828,0.000091422,0.000185673,0.000279924,0.000374174),.UNSPECIFIED.);
#6824=EDGE_CURVE('',#6796,#4207,#6823,.T.);
#6825=ORIENTED_EDGE('',*,*,#6824,.T.);
#6826=ORIENTED_EDGE('',*,*,#4213,.F.);
#6827=CARTESIAN_POINT('',(6.226127672,27.771464793,4.755966536));
#6828=VERTEX_POINT('',#6827);
#6829=CARTESIAN_POINT('',(6.507391202,27.571464793,4.757528279));
#6830=CARTESIAN_POINT('',(6.484803328,27.571464812,4.779619963));
#6831=CARTESIAN_POINT('',(6.456645301,27.579502339,4.795928507));
#6832=CARTESIAN_POINT('',(6.429101262,27.592485436,4.804837908));
#6833=CARTESIAN_POINT('',(6.401557223,27.605468534,4.813747309));
#6834=CARTESIAN_POINT('',(6.374567986,27.622893505,4.816009616));
#6835=CARTESIAN_POINT('',(6.349429277,27.642334577,4.813722675));
#6836=CARTESIAN_POINT('',(6.299151858,27.681216722,4.809148792));
#6837=CARTESIAN_POINT('',(6.257758039,27.726225264,4.787596903));
#6838=CARTESIAN_POINT('',(6.226127672,27.771464793,4.755966536));
#6839=B_SPLINE_CURVE_WITH_KNOTS('',3,(#6829,#6830,#6831,#6832,#6833,#6834,#6835,#6836,#6837,#6838),.UNSPECIFIED.,.F.,.F.,(4,3,3,4),(0.000377691,0.000471712,0.000565734,0.000753776),.UNSPECIFIED.);
#6840=EDGE_CURVE('',#4199,#6828,#6839,.T.);
#6841=ORIENTED_EDGE('',*,*,#6840,.T.);
#6842=CARTESIAN_POINT('',(6.226127672,27.771464793,4.755966536));
#6843=CARTESIAN_POINT('',(6.210059396,27.748484204,4.73989826));
#6844=CARTESIAN_POINT('',(6.197333295,27.72658372,4.721998105));
#6845=CARTESIAN_POINT('',(6.187426706,27.704862765,4.701470141));
#6846=CARTESIAN_POINT('',(6.177520117,27.683141811,4.680942177));
#6847=CARTESIAN_POINT('',(6.170675643,27.661755321,4.657757117));
#6848=CARTESIAN_POINT('',(6.168386921,27.642464827,4.632833285));
#6849=CARTESIAN_POINT('',(6.166098198,27.623174332,4.607909454));
#6850=CARTESIAN_POINT('',(6.168283021,27.605572726,4.580750209));
#6851=CARTESIAN_POINT('',(6.177246073,27.592500346,4.553024572));
#6852=CARTESIAN_POINT('',(6.186209126,27.579427965,4.525298935));
#6853=CARTESIAN_POINT('',(6.202426218,27.571464815,4.497339987));
#6854=CARTESIAN_POINT('',(6.224565929,27.571464793,4.474703006));
#6855=B_SPLINE_CURVE_WITH_KNOTS('',3,(#6842,#6843,#6844,#6845,#6846,#6847,#6848,#6849,#6850,#6851,#6852,#6853,#6854),.UNSPECIFIED.,.F.,.F.,(4,3,3,3,4),(-0.000002828,0.000091422,0.000185673,0.000279924,0.000374174),.UNSPECIFIED.);
#6856=EDGE_CURVE('',#6828,#3241,#6855,.T.);
#6857=ORIENTED_EDGE('',*,*,#6856,.T.);
#6858=ORIENTED_EDGE('',*,*,#3247,.F.);
#6859=CARTESIAN_POINT('',(5.659792595,27.771464793,4.23701605));
#6860=VERTEX_POINT('',#6859);
#6861=CARTESIAN_POINT('',(5.940121947,27.571464793,4.214058118));
#6862=CARTESIAN_POINT('',(5.919545443,27.571464812,4.2380344));
#6863=CARTESIAN_POINT('',(5.89291595,27.579502339,4.256735019));
#6864=CARTESIAN_POINT('',(5.86625323,27.592485436,4.268011138));
#6865=CARTESIAN_POINT('',(5.83959051,27.605468534,4.279287257));
#6866=CARTESIAN_POINT('',(5.812901148,27.622893505,4.283893222));
#6867=CARTESIAN_POINT('',(5.787658779,27.642334577,4.283805966));
#6868=CARTESIAN_POINT('',(5.737174041,27.681216722,4.283631454));
#6869=CARTESIAN_POINT('',(5.694059367,27.726225264,4.265769285));
#6870=CARTESIAN_POINT('',(5.659792595,27.771464793,4.23701605));
#6871=B_SPLINE_CURVE_WITH_KNOTS('',3,(#6861,#6862,#6863,#6864,#6865,#6866,#6867,#6868,#6869,#6870),.UNSPECIFIED.,.F.,.F.,(4,3,3,4),(0.000377691,0.000471712,0.000565734,0.000753776),.UNSPECIFIED.);
#6872=EDGE_CURVE('',#3233,#6860,#6871,.T.);
#6873=ORIENTED_EDGE('',*,*,#6872,.T.);
#6874=CARTESIAN_POINT('',(5.659792595,27.771464793,4.23701605));
#6875=CARTESIAN_POINT('',(5.642385021,27.748484204,4.222409361));
#6876=CARTESIAN_POINT('',(5.628147245,27.72658372,4.205686474));
#6877=CARTESIAN_POINT('',(5.616489224,27.704862765,4.186100041));
#6878=CARTESIAN_POINT('',(5.604831202,27.683141811,4.166513609));
#6879=CARTESIAN_POINT('',(5.595992063,27.661755321,4.14401331));
#6880=CARTESIAN_POINT('',(5.591539795,27.642464827,4.119383797));
#6881=CARTESIAN_POINT('',(5.587087526,27.623174332,4.094754283));
#6882=CARTESIAN_POINT('',(5.586896951,27.605572726,4.067507967));
#6883=CARTESIAN_POINT('',(5.593409448,27.592500346,4.039106653));
#6884=CARTESIAN_POINT('',(5.599921944,27.579427965,4.010705339));
#6885=CARTESIAN_POINT('',(5.613640543,27.571464815,3.981439371));
#6886=CARTESIAN_POINT('',(5.633723063,27.571464793,3.956958928));
#6887=B_SPLINE_CURVE_WITH_KNOTS('',3,(#6874,#6875,#6876,#6877,#6878,#6879,#6880,#6881,#6882,#6883,#6884,#6885,#6886),.UNSPECIFIED.,.F.,.F.,(4,3,3,3,4),(-0.000002828,0.000091422,0.000185673,0.000279924,0.000374174),.UNSPECIFIED.);
#6888=EDGE_CURVE('',#6860,#1729,#6887,.T.);
#6889=ORIENTED_EDGE('',*,*,#6888,.T.);
#6890=ORIENTED_EDGE('',*,*,#1735,.F.);
#6891=CARTESIAN_POINT('',(5.050383079,27.771464793,3.769399681));
#6892=VERTEX_POINT('',#6891);
#6893=CARTESIAN_POINT('',(5.327644777,27.571464793,3.722096798));
#6894=CARTESIAN_POINT('',(5.309236244,27.571464812,3.747775204));
#6895=CARTESIAN_POINT('',(5.28433795,27.579502339,3.768725574));
#6896=CARTESIAN_POINT('',(5.258759468,27.592485436,3.782282593));
#6897=CARTESIAN_POINT('',(5.233180986,27.605468534,3.795839613));
#6898=CARTESIAN_POINT('',(5.206994622,27.622893505,3.802754182));
#6899=CARTESIAN_POINT('',(5.181840703,27.642334577,3.804867276));
#6900=CARTESIAN_POINT('',(5.131532865,27.681216722,3.809093463));
#6901=CARTESIAN_POINT('',(5.087025465,27.726225264,3.795056956));
#6902=CARTESIAN_POINT('',(5.050383079,27.771464793,3.769399681));
#6903=B_SPLINE_CURVE_WITH_KNOTS('',3,(#6893,#6894,#6895,#6896,#6897,#6898,#6899,#6900,#6901,#6902),.UNSPECIFIED.,.F.,.F.,(4,3,3,4),(0.000377691,0.000471712,0.000565734,0.000753776),.UNSPECIFIED.);
#6904=EDGE_CURVE('',#1721,#6892,#6903,.T.);
#6905=ORIENTED_EDGE('',*,*,#6904,.T.);
#6906=CARTESIAN_POINT('',(5.050383079,27.771464793,3.769399681));
#6907=CARTESIAN_POINT('',(5.031768689,27.748484204,3.756365745));
#6908=CARTESIAN_POINT('',(5.016127597,27.72658372,3.740947398));
#6909=CARTESIAN_POINT('',(5.002806867,27.704862765,3.722451561));
#6910=CARTESIAN_POINT('',(4.989486138,27.683141811,3.703955724));
#6911=CARTESIAN_POINT('',(4.978719604,27.661755321,3.682311428));
#6912=CARTESIAN_POINT('',(4.972137674,27.642464827,3.658163678));
#6913=CARTESIAN_POINT('',(4.965555744,27.623174332,3.634015927));
#6914=CARTESIAN_POINT('',(4.962991221,27.605572726,3.606889902));
#6915=CARTESIAN_POINT('',(4.967003599,27.592500346,3.578029062));
#6916=CARTESIAN_POINT('',(4.971015976,27.579427965,3.549168222));
#6917=CARTESIAN_POINT('',(4.982131674,27.571464815,3.518817965));
#6918=CARTESIAN_POINT('',(5.000004163,27.571464793,3.49268037));
#6919=B_SPLINE_CURVE_WITH_KNOTS('',3,(#6906,#6907,#6908,#6909,#6910,#6911,#6912,#6913,#6914,#6915,#6916,#6917,#6918),.UNSPECIFIED.,.F.,.F.,(4,3,3,3,4),(-0.000002828,0.000091422,0.000185673,0.000279924,0.000374174),.UNSPECIFIED.);
#6920=EDGE_CURVE('',#6892,#1687,#6919,.T.);
#6921=ORIENTED_EDGE('',*,*,#6920,.T.);
#6922=ORIENTED_EDGE('',*,*,#1693,.F.);
#6923=CARTESIAN_POINT('',(4.402537098,27.771464793,3.356676273));
#6924=VERTEX_POINT('',#6923);
#6925=CARTESIAN_POINT('',(4.674621013,27.571464793,3.285388443));
#6926=CARTESIAN_POINT('',(4.658520551,27.571464812,3.312573543));
#6927=CARTESIAN_POINT('',(4.635542948,27.579502339,3.335614221));
#6928=CARTESIAN_POINT('',(4.611243372,27.592485436,3.351348963));
#6929=CARTESIAN_POINT('',(4.586943796,27.605468534,3.367083705));
#6930=CARTESIAN_POINT('',(4.561459723,27.622893505,3.376254254));
#6931=CARTESIAN_POINT('',(4.536585691,27.642334577,3.380551616));
#6932=CARTESIAN_POINT('',(4.486837626,27.681216722,3.389146338));
#6933=CARTESIAN_POINT('',(4.441276227,27.726225264,3.37904232));
#6934=CARTESIAN_POINT('',(4.402537098,27.771464793,3.356676273));
#6935=B_SPLINE_CURVE_WITH_KNOTS('',3,(#6925,#6926,#6927,#6928,#6929,#6930,#6931,#6932,#6933,#6934),.UNSPECIFIED.,.F.,.F.,(4,3,3,4),(0.000377691,0.000471712,0.000565734,0.000753776),.UNSPECIFIED.);
#6936=EDGE_CURVE('',#1679,#6924,#6935,.T.);
#6937=ORIENTED_EDGE('',*,*,#6936,.T.);
#6938=CARTESIAN_POINT('',(4.402537098,27.771464793,3.356676273));
#6939=CARTESIAN_POINT('',(4.382857559,27.748484204,3.345314286));
#6940=CARTESIAN_POINT('',(4.365932188,27.72658372,3.331317821));
#6941=CARTESIAN_POINT('',(4.35105013,27.704862765,3.314053345));
#6942=CARTESIAN_POINT('',(4.336168071,27.683141811,3.296788868));
#6943=CARTESIAN_POINT('',(4.323556083,27.661755321,3.2761653));
#6944=CARTESIAN_POINT('',(4.314894584,27.642464827,3.252683092));
#6945=CARTESIAN_POINT('',(4.306233085,27.623174332,3.229200885));
#6946=CARTESIAN_POINT('',(4.301314132,27.605572726,3.202401595));
#6947=CARTESIAN_POINT('',(4.302795853,27.592500346,3.173300877));
#6948=CARTESIAN_POINT('',(4.304277574,27.579427965,3.14420016));
#6949=CARTESIAN_POINT('',(4.312705774,27.571464815,3.112996598));
#6950=CARTESIAN_POINT('',(4.328232212,27.571464793,3.085400775));
#6951=B_SPLINE_CURVE_WITH_KNOTS('',3,(#6938,#6939,#6940,#6941,#6942,#6943,#6944,#6945,#6946,#6947,#6948,#6949,#6950),.UNSPECIFIED.,.F.,.F.,(4,3,3,3,4),(-0.000002828,0.000091422,0.000185673,0.000279924,0.000374174),.UNSPECIFIED.);
#6952=EDGE_CURVE('',#6924,#1628,#6951,.T.);
#6953=ORIENTED_EDGE('',*,*,#6952,.T.);
#6954=ORIENTED_EDGE('',*,*,#1634,.F.);
#6955=CARTESIAN_POINT('',(3.721185151,27.771464793,3.0019869));
#6956=VERTEX_POINT('',#6955);
#6957=CARTESIAN_POINT('',(3.986020561,27.571464793,2.907256665));
#6958=CARTESIAN_POINT('',(3.972350704,27.571464812,2.935741566));
#6959=CARTESIAN_POINT('',(3.951468665,27.579502339,2.960697197));
#6960=CARTESIAN_POINT('',(3.928632929,27.592485436,2.978489911));
#6961=CARTESIAN_POINT('',(3.905797194,27.605468534,2.996282626));
#6962=CARTESIAN_POINT('',(3.881209361,27.622893505,3.007639362));
#6963=CARTESIAN_POINT('',(3.856804522,27.642334577,3.014088285));
#6964=CARTESIAN_POINT('',(3.807994843,27.681216722,3.026986131));
#6965=CARTESIAN_POINT('',(3.761726196,27.726225264,3.020891499));
#6966=CARTESIAN_POINT('',(3.721185151,27.771464793,3.0019869));
#6967=B_SPLINE_CURVE_WITH_KNOTS('',3,(#6957,#6958,#6959,#6960,#6961,#6962,#6963,#6964,#6965,#6966),.UNSPECIFIED.,.F.,.F.,(4,3,3,4),(0.000377691,0.000471712,0.000565734,0.000753776),.UNSPECIFIED.);
#6968=EDGE_CURVE('',#1626,#6956,#6967,.T.);
#6969=ORIENTED_EDGE('',*,*,#6968,.T.);
#6970=CARTESIAN_POINT('',(3.721185151,27.771464793,3.0019869));
#6971=CARTESIAN_POINT('',(3.700590237,27.748484204,2.992383333));
#6972=CARTESIAN_POINT('',(3.682509399,27.72658372,2.979915272));
#6973=CARTESIAN_POINT('',(3.666179273,27.704862765,2.964013549));
#6974=CARTESIAN_POINT('',(3.649849147,27.683141811,2.948111826));
#6975=CARTESIAN_POINT('',(3.635487689,27.661755321,2.928665945));
#6976=CARTESIAN_POINT('',(3.624812541,27.642464827,2.906027993));
#6977=CARTESIAN_POINT('',(3.614137392,27.623174332,2.883390041));
#6978=CARTESIAN_POINT('',(3.606901445,27.605572726,2.857121446));
#6979=CARTESIAN_POINT('',(3.605841233,27.592500346,2.828002325));
#6980=CARTESIAN_POINT('',(3.604781021,27.579427965,2.798883204));
#6981=CARTESIAN_POINT('',(3.61045758,27.571464815,2.767063815));
#6982=CARTESIAN_POINT('',(3.6235198,27.571464793,2.738219784));
#6983=B_SPLINE_CURVE_WITH_KNOTS('',3,(#6970,#6971,#6972,#6973,#6974,#6975,#6976,#6977,#6978,#6979,#6980,#6981,#6982),.UNSPECIFIED.,.F.,.F.,(4,3,3,3,4),(-0.000002828,0.000091422,0.000185673,0.000279924,0.000374174),.UNSPECIFIED.);
#6984=EDGE_CURVE('',#6956,#1939,#6983,.T.);
#6985=ORIENTED_EDGE('',*,*,#6984,.T.);
#6986=ORIENTED_EDGE('',*,*,#1945,.F.);
#6987=CARTESIAN_POINT('',(3.011512738,27.771464793,2.708030961));
#6988=VERTEX_POINT('',#6987);
#6989=CARTESIAN_POINT('',(3.267084086,27.571464793,2.590579277));
#6990=CARTESIAN_POINT('',(3.255948869,27.571464812,2.620147191));
#6991=CARTESIAN_POINT('',(3.237321319,27.579502339,2.646827848));
#6992=CARTESIAN_POINT('',(3.216123218,27.592485436,2.666543121));
#6993=CARTESIAN_POINT('',(3.194925116,27.605468534,2.686258394));
#6994=CARTESIAN_POINT('',(3.171420653,27.622893505,2.699714885));
#6995=CARTESIAN_POINT('',(3.147670742,27.642334577,2.70826629));
#6996=CARTESIAN_POINT('',(3.100170919,27.681216722,2.7253691));
#6997=CARTESIAN_POINT('',(3.053547157,27.726225264,2.723330239));
#6998=CARTESIAN_POINT('',(3.011512738,27.771464793,2.708030961));
#6999=B_SPLINE_CURVE_WITH_KNOTS('',3,(#6989,#6990,#6991,#6992,#6993,#6994,#6995,#6996,#6997,#6998),.UNSPECIFIED.,.F.,.F.,(4,3,3,4),(0.000377691,0.000471712,0.000565734,0.000753776),.UNSPECIFIED.);
#7000=EDGE_CURVE('',#1931,#6988,#6999,.T.);
#7001=ORIENTED_EDGE('',*,*,#7000,.T.);
#7002=CARTESIAN_POINT('',(3.011512738,27.771464793,2.708030961));
#7003=CARTESIAN_POINT('',(2.990159188,27.748484204,2.700258905));
#7004=CARTESIAN_POINT('',(2.971060491,27.72658372,2.689414137));
#7005=CARTESIAN_POINT('',(2.953406579,27.704862765,2.674996189));
#7006=CARTESIAN_POINT('',(2.935752668,27.683141811,2.660578241));
#7007=CARTESIAN_POINT('',(2.919751039,27.661755321,2.642458041));
#7008=CARTESIAN_POINT('',(2.907143485,27.642464827,2.620836634));
#7009=CARTESIAN_POINT('',(2.894535931,27.623174332,2.599215227));
#7010=CARTESIAN_POINT('',(2.88503806,27.605572726,2.573677246));
#7011=CARTESIAN_POINT('',(2.881443984,27.592500346,2.544761336));
#7012=CARTESIAN_POINT('',(2.877849908,27.579427965,2.515845425));
#7013=CARTESIAN_POINT('',(2.880731623,27.571464815,2.483652374));
#7014=CARTESIAN_POINT('',(2.891230215,27.571464793,2.453779656));
#7015=B_SPLINE_CURVE_WITH_KNOTS('',3,(#7002,#7003,#7004,#7005,#7006,#7007,#7008,#7009,#7010,#7011,#7012,#7013,#7014),.UNSPECIFIED.,.F.,.F.,(4,3,3,3,4),(-0.000002828,0.000091422,0.000185673,0.000279924,0.000374174),.UNSPECIFIED.);
#7016=EDGE_CURVE('',#6988,#1754,#7015,.T.);
#7017=ORIENTED_EDGE('',*,*,#7016,.T.);
#7018=ORIENTED_EDGE('',*,*,#1760,.F.);
#7019=CARTESIAN_POINT('',(2.278920895,27.771464793,2.477045641));
#7020=VERTEX_POINT('',#7019);
#7021=CARTESIAN_POINT('',(2.523283128,27.571464793,2.337766385));
#7022=CARTESIAN_POINT('',(2.514767298,27.571464812,2.368192282));
#7023=CARTESIAN_POINT('',(2.498536003,27.579502339,2.396394909));
#7024=CARTESIAN_POINT('',(2.479136866,27.592485436,2.417882696));
#7025=CARTESIAN_POINT('',(2.459737729,27.605468534,2.439370483));
#7026=CARTESIAN_POINT('',(2.437495518,27.622893505,2.454824316));
#7027=CARTESIAN_POINT('',(2.414581287,27.642334577,2.465413122));
#7028=CARTESIAN_POINT('',(2.368752824,27.681216722,2.486590733));
#7029=CARTESIAN_POINT('',(2.32212878,27.726225264,2.488623158));
#7030=CARTESIAN_POINT('',(2.278920895,27.771464793,2.477045641));
#7031=B_SPLINE_CURVE_WITH_KNOTS('',3,(#7021,#7022,#7023,#7024,#7025,#7026,#7027,#7028,#7029,#7030),.UNSPECIFIED.,.F.,.F.,(4,3,3,4),(0.000377691,0.000471712,0.000565734,0.000753776),.UNSPECIFIED.);
#7032=EDGE_CURVE('',#1752,#7020,#7031,.T.);
#7033=ORIENTED_EDGE('',*,*,#7032,.T.);
#7034=CARTESIAN_POINT('',(2.278920895,27.771464793,2.477045641));
#7035=CARTESIAN_POINT('',(2.256971222,27.748484204,2.471164243));
#7036=CARTESIAN_POINT('',(2.237000017,27.72658372,2.462025305));
#7037=CARTESIAN_POINT('',(2.218156678,27.704862765,2.449200861));
#7038=CARTESIAN_POINT('',(2.199313338,27.683141811,2.436376418));
#7039=CARTESIAN_POINT('',(2.18179332,27.661755321,2.419719804));
#7040=CARTESIAN_POINT('',(2.167349312,27.642464827,2.399279493));
#7041=CARTESIAN_POINT('',(2.152905304,27.623174332,2.378839183));
#7042=CARTESIAN_POINT('',(2.141217794,27.605572726,2.354226176));
#7043=CARTESIAN_POINT('',(2.135117207,27.592500346,2.325733544));
#7044=CARTESIAN_POINT('',(2.129016619,27.579427965,2.297240912));
#7045=CARTESIAN_POINT('',(2.12908156,27.571464815,2.264919207));
#7046=CARTESIAN_POINT('',(2.136936622,27.571464793,2.23424515));
#7047=B_SPLINE_CURVE_WITH_KNOTS('',3,(#7034,#7035,#7036,#7037,#7038,#7039,#7040,#7041,#7042,#7043,#7044,#7045,#7046),.UNSPECIFIED.,.F.,.F.,(4,3,3,3,4),(-0.000002828,0.000091422,0.000185673,0.000279924,0.000374174),.UNSPECIFIED.);
#7048=EDGE_CURVE('',#7020,#1964,#7047,.T.);
#7049=ORIENTED_EDGE('',*,*,#7048,.T.);
#7050=ORIENTED_EDGE('',*,*,#1970,.F.);
#7051=CARTESIAN_POINT('',(1.528985088,27.771464793,2.310788875));
#7052=VERTEX_POINT('',#7051);
#7053=CARTESIAN_POINT('',(1.760278462,27.571464793,2.150742047));
#7054=CARTESIAN_POINT('',(1.754423826,27.571464811,2.181916848));
#7055=CARTESIAN_POINT('',(1.740675092,27.579538476,2.211429703));
#7056=CARTESIAN_POINT('',(1.723168003,27.592570854,2.234552847));
#7057=CARTESIAN_POINT('',(1.705660914,27.605603231,2.257675991));
#7058=CARTESIAN_POINT('',(1.684598949,27.62325974,2.275108969));
#7059=CARTESIAN_POINT('',(1.662894124,27.642531016,2.287503594));
#7060=CARTESIAN_POINT('',(1.641189299,27.661802291,2.299898218));
#7061=CARTESIAN_POINT('',(1.618242918,27.683216961,2.30759068));
#7062=CARTESIAN_POINT('',(1.595787654,27.704897745,2.311238892));
#7063=CARTESIAN_POINT('',(1.573332391,27.726578529,2.314887104));
#7064=CARTESIAN_POINT('',(1.55104661,27.748808813,2.314678916));
#7065=CARTESIAN_POINT('',(1.528985088,27.771464793,2.310788875));
#7066=B_SPLINE_CURVE_WITH_KNOTS('',3,(#7053,#7054,#7055,#7056,#7057,#7058,#7059,#7060,#7061,#7062,#7063,#7064,#7065),.UNSPECIFIED.,.F.,.F.,(4,3,3,3,4),(0.000207579,0.000302353,0.000397127,0.000491901,0.000586674),.UNSPECIFIED.);
#7067=EDGE_CURVE('',#1962,#7052,#7066,.T.);
#7068=ORIENTED_EDGE('',*,*,#7067,.T.);
#7069=CARTESIAN_POINT('',(1.528985088,27.771464793,2.310788875));
#7070=CARTESIAN_POINT('',(1.506606343,27.748484204,2.306842898));
#7071=CARTESIAN_POINT('',(1.485914624,27.72658372,2.299479341));
#7072=CARTESIAN_POINT('',(1.466025264,27.704862765,2.288346004));
#7073=CARTESIAN_POINT('',(1.446135905,27.683141811,2.277212666));
#7074=CARTESIAN_POINT('',(1.427230837,27.661755321,2.262146406));
#7075=CARTESIAN_POINT('',(1.411060303,27.642464827,2.243042756));
#7076=CARTESIAN_POINT('',(1.394889768,27.623174332,2.223939105));
#7077=CARTESIAN_POINT('',(1.381101567,27.605572726,2.200438391));
#7078=CARTESIAN_POINT('',(1.372540898,27.592500346,2.172585884));
#7079=CARTESIAN_POINT('',(1.363980229,27.579427965,2.144733376));
#7080=CARTESIAN_POINT('',(1.3612279,27.571464815,2.112529005));
#7081=CARTESIAN_POINT('',(1.366379651,27.571464793,2.081287059));
#7082=B_SPLINE_CURVE_WITH_KNOTS('',3,(#7069,#7070,#7071,#7072,#7073,#7074,#7075,#7076,#7077,#7078,#7079,#7080,#7081),.UNSPECIFIED.,.F.,.F.,(4,3,3,3,4),(-0.000002828,0.000091422,0.000185673,0.000279924,0.000374174),.UNSPECIFIED.);
#7083=EDGE_CURVE('',#7052,#2006,#7082,.T.);
#7084=ORIENTED_EDGE('',*,*,#7083,.T.);
#7085=ORIENTED_EDGE('',*,*,#2012,.F.);
#7086=CARTESIAN_POINT('',(0.767412781,27.771464793,2.210525979));
#7087=VERTEX_POINT('',#7086);
#7088=CARTESIAN_POINT('',(0.983877014,27.571464793,2.030929631));
#7089=CARTESIAN_POINT('',(0.980740853,27.571464797,2.062707498));
#7090=CARTESIAN_POINT('',(0.969768015,27.579431168,2.092858422));
#7091=CARTESIAN_POINT('',(0.954267736,27.592524076,2.117567677));
#7092=CARTESIAN_POINT('',(0.938767456,27.605616984,2.142276931));
#7093=CARTESIAN_POINT('',(0.919419245,27.623172953,2.161336265));
#7094=CARTESIAN_POINT('',(0.898876885,27.642442762,2.175593111));
#7095=CARTESIAN_POINT('',(0.857792164,27.68098238,2.204106803));
#7096=CARTESIAN_POINT('',(0.812015544,27.726183754,2.214428215));
#7097=CARTESIAN_POINT('',(0.767412781,27.771464793,2.210525979));
#7098=B_SPLINE_CURVE_WITH_KNOTS('',3,(#7088,#7089,#7090,#7091,#7092,#7093,#7094,#7095,#7096,#7097),.UNSPECIFIED.,.F.,.F.,(4,3,3,4),(0.000054666,0.000149653,0.000244641,0.000434616),.UNSPECIFIED.);
#7099=EDGE_CURVE('',#2004,#7087,#7098,.T.);
#7100=ORIENTED_EDGE('',*,*,#7099,.T.);
#7101=CARTESIAN_POINT('',(0.767412781,27.771464793,2.210525979));
#7102=CARTESIAN_POINT('',(0.744773103,27.748481994,2.208545263));
#7103=CARTESIAN_POINT('',(0.723516368,27.726579443,2.203012271));
#7104=CARTESIAN_POINT('',(0.702730518,27.7048565,2.19365312));
#7105=CARTESIAN_POINT('',(0.681944668,27.683133556,2.184293969));
#7106=CARTESIAN_POINT('',(0.661796896,27.661745337,2.170930331));
#7107=CARTESIAN_POINT('',(0.644022018,27.642453697,2.153305309));
#7108=CARTESIAN_POINT('',(0.62624714,27.623162058,2.135680287));
#7109=CARTESIAN_POINT('',(0.610463184,27.60556016,2.113466627));
#7110=CARTESIAN_POINT('',(0.599509244,27.592489034,2.086460533));
#7111=CARTESIAN_POINT('',(0.588555304,27.579417907,2.05945444));
#7112=CARTESIAN_POINT('',(0.58301908,27.57146482,2.027581178));
#7113=CARTESIAN_POINT('',(0.585423705,27.571464793,1.996069484));
#7114=B_SPLINE_CURVE_WITH_KNOTS('',3,(#7101,#7102,#7103,#7104,#7105,#7106,#7107,#7108,#7109,#7110,#7111,#7112,#7113),.UNSPECIFIED.,.F.,.F.,(4,3,3,3,4),(-0.000002828,0.000091431,0.000185691,0.000279951,0.00037421),.UNSPECIFIED.);
#7115=EDGE_CURVE('',#7087,#2048,#7114,.T.);
#7116=ORIENTED_EDGE('',*,*,#7115,.T.);
#7117=ORIENTED_EDGE('',*,*,#2054,.F.);
#7118=CARTESIAN_POINT('',(0.199987668,27.571464793,1.979240983));
#7119=CARTESIAN_POINT('',(0.199632047,27.571464794,2.011262949));
#7120=CARTESIAN_POINT('',(0.191344955,27.579417055,2.042076344));
#7121=CARTESIAN_POINT('',(0.178124322,27.592443028,2.067969043));
#7122=CARTESIAN_POINT('',(0.164903689,27.605469001,2.093861741));
#7123=CARTESIAN_POINT('',(0.147312553,27.623001174,2.114606838));
#7124=CARTESIAN_POINT('',(0.128010656,27.64235112,2.130686118));
#7125=CARTESIAN_POINT('',(0.089406864,27.681051012,2.162844677));
#7126=CARTESIAN_POINT('',(0.044763279,27.726193725,2.177020013));
#7127=CARTESIAN_POINT('',(-0.,27.771464793,2.177020013));
#7128=B_SPLINE_CURVE_WITH_KNOTS('',3,(#7118,#7119,#7120,#7121,#7122,#7123,#7124,#7125,#7126,#7127),.UNSPECIFIED.,.F.,.F.,(4,3,3,4),(0.000002383,0.000097101,0.000191819,0.000381254),.UNSPECIFIED.);
#7129=EDGE_CURVE('',#2046,#5350,#7128,.T.);
#7130=ORIENTED_EDGE('',*,*,#7129,.T.);
#7131=EDGE_LOOP('',(#5357,#5358,#5367,#5383,#5384,#5402,#5418,#5419,#5437,#5453,#5454,#5469,#5485,#5486,#5501,#5517,#5518,#5533,#5549,#5550,#5565,#5581,#5582,#5597,#5613,#5614,
#5629,#5645,#5646,#5661,#5677,#5678,#5693,#5709,#5710,#5725,#5741,#5742,#5757,#5773,#5774,#5789,#5805,#5806,#5821,#5837,#5838,#5853,#5869,#5870,#5888,
#5904,#5905,#5920,#5936,#5937,#5952,#5970,#5979,#5997,#6013,#6014,#6032,#6048,#6049,#6064,#6080,#6081,#6096,#6112,#6113,#6128,#6144,#6145,#6160,#6176,
#6177,#6192,#6208,#6209,#6224,#6240,#6241,#6256,#6272,#6273,#6288,#6304,#6305,#6320,#6336,#6337,#6352,#6368,#6369,#6384,#6400,#6401,#6416,#6432,#6433,
#6448,#6464,#6465,#6483,#6499,#6500,#6515,#6531,#6532,#6547,#6563,#6564,#6582,#6598,#6599,#6617,#6633,#6634,#6649,#6665,#6666,#6681,#6697,#6698,#6713,
#6729,#6730,#6745,#6761,#6762,#6777,#6793,#6794,#6809,#6825,#6826,#6841,#6857,#6858,#6873,#6889,#6890,#6905,#6921,#6922,#6937,#6953,#6954,#6969,#6985,
#6986,#7001,#7017,#7018,#7033,#7049,#7050,#7068,#7084,#7085,#7100,#7116,#7117,#7130));
#7132=FACE_BOUND('',#7131,.T.);
#7133=ADVANCED_FACE('',(#7132),#5348,.F.);
#7134=CARTESIAN_POINT('',(0.,29.071464793,10.982094208));
#7135=DIRECTION('',(0.,1.,0.));
#7136=DIRECTION('',(0.,-0.,1.));
#7137=AXIS2_PLACEMENT_3D('',#7134,#7135,#7136);
#7138=CYLINDRICAL_SURFACE('',#7137,9.005074195);
#7139=ORIENTED_EDGE('',*,*,#5978,.T.);
#7140=CARTESIAN_POINT('',(0.199987668,22.771464793,19.984947433));
#7141=VERTEX_POINT('',#7140);
#7142=CARTESIAN_POINT('',(0.199987668,27.571464793,19.984947433));
#7143=DIRECTION('',(-0.,-1.,-0.));
#7144=VECTOR('',#7143,4.8);
#7145=LINE('',#7142,#7144);
#7146=EDGE_CURVE('',#5954,#7141,#7145,.T.);
#7147=ORIENTED_EDGE('',*,*,#7146,.T.);
#7148=CARTESIAN_POINT('',(0.585423705,22.771464793,19.968118932));
#7149=VERTEX_POINT('',#7148);
#7150=CARTESIAN_POINT('',(0.,22.771464793,10.982094208));
#7151=DIRECTION('',(-0.,1.,0.));
#7152=DIRECTION('',(0.,0.,-1.));
#7153=AXIS2_PLACEMENT_3D('',#7150,#7151,#7152);
#7154=CIRCLE('',#7153,9.005074195);
#7155=EDGE_CURVE('',#7141,#7149,#7154,.T.);
#7156=ORIENTED_EDGE('',*,*,#7155,.T.);
#7157=CARTESIAN_POINT('',(0.585423705,22.771464793,19.968118932));
#7158=DIRECTION('',(0.,1.,0.));
#7159=VECTOR('',#7158,4.8);
#7160=LINE('',#7157,#7159);
#7161=EDGE_CURVE('',#7149,#5972,#7160,.T.);
#7162=ORIENTED_EDGE('',*,*,#7161,.T.);
#7163=EDGE_LOOP('',(#7139,#7147,#7156,#7162));
#7164=FACE_BOUND('',#7163,.T.);
#7165=ADVANCED_FACE('',(#7164),#7138,.T.);
#7166=CARTESIAN_POINT('',(0.,22.571464793,10.982094208));
#7167=DIRECTION('',(0.,-1.,-0.));
#7168=DIRECTION('',(0.,0.,-1.));
#7169=AXIS2_PLACEMENT_3D('',#7166,#7167,#7168);
#7170=TOROIDAL_SURFACE('',#7169,9.005074195,0.2);
#7171=CARTESIAN_POINT('',(-0.,22.571464793,2.177020013));
#7172=VERTEX_POINT('',#7171);
#7173=CARTESIAN_POINT('',(0.,22.430043437,2.118441369));
#7174=VERTEX_POINT('',#7173);
#7175=CARTESIAN_POINT('',(0.,22.571464793,1.977020013));
#7176=DIRECTION('',(1.,-0.,-0.));
#7177=DIRECTION('',(0.,0.,-1.));
#7178=AXIS2_PLACEMENT_3D('',#7175,#7176,#7177);
#7179=CIRCLE('',#7178,0.2);
#7180=EDGE_CURVE('',#7172,#7174,#7179,.T.);
#7181=ORIENTED_EDGE('',*,*,#7180,.F.);
#7182=CARTESIAN_POINT('',(-0.,22.571464793,2.177020013));
#7183=CARTESIAN_POINT('',(0.022709659,22.594430907,2.177020013));
#7184=CARTESIAN_POINT('',(0.044352302,22.616317848,2.173365873));
#7185=CARTESIAN_POINT('',(0.065859818,22.638025774,2.165865146));
#7186=CARTESIAN_POINT('',(0.087367333,22.659733699,2.15836442));
#7187=CARTESIAN_POINT('',(0.108590046,22.681108851,2.14682463));
#7188=CARTESIAN_POINT('',(0.1278245,22.700391843,2.130841004));
#7189=CARTESIAN_POINT('',(0.147058953,22.719674836,2.114857377));
#7190=CARTESIAN_POINT('',(0.164716179,22.737274509,2.094134708));
#7191=CARTESIAN_POINT('',(0.17799089,22.750355084,2.068229898));
#7192=CARTESIAN_POINT('',(0.1912656,22.763435659,2.042325088));
#7193=CARTESIAN_POINT('',(0.199631573,22.771464793,2.011305613));
#7194=CARTESIAN_POINT('',(0.199987668,22.771464793,1.979240983));
#7195=B_SPLINE_CURVE_WITH_KNOTS('',3,(#7182,#7183,#7184,#7185,#7186,#7187,#7188,#7189,#7190,#7191,#7192,#7193,#7194),.UNSPECIFIED.,.F.,.F.,(4,3,3,3,4),(-0.000002828,0.000091363,0.000185554,0.000279745,0.000373937),.UNSPECIFIED.);
#7196=EDGE_CURVE('',#7172,#2065,#7195,.T.);
#7197=ORIENTED_EDGE('',*,*,#7196,.T.);
#7198=ORIENTED_EDGE('',*,*,#2071,.F.);
#7199=CARTESIAN_POINT('',(0.767412781,22.571464793,2.210525979));
#7200=VERTEX_POINT('',#7199);
#7201=CARTESIAN_POINT('',(0.585423705,22.771464793,1.996069484));
#7202=CARTESIAN_POINT('',(0.58301264,22.771464773,2.02766557));
#7203=CARTESIAN_POINT('',(0.588646414,22.763398263,2.059742452));
#7204=CARTESIAN_POINT('',(0.599571145,22.750366702,2.086612964));
#7205=CARTESIAN_POINT('',(0.610495875,22.73733514,2.113483475));
#7206=CARTESIAN_POINT('',(0.626328402,22.719678186,2.135776804));
#7207=CARTESIAN_POINT('',(0.64408639,22.700406026,2.15336911));
#7208=CARTESIAN_POINT('',(0.661844377,22.681133866,2.170961416));
#7209=CARTESIAN_POINT('',(0.68201925,22.659717727,2.184332429));
#7210=CARTESIAN_POINT('',(0.702766145,22.638035854,2.193669158));
#7211=CARTESIAN_POINT('',(0.72351304,22.616353981,2.203005886));
#7212=CARTESIAN_POINT('',(0.745094621,22.594122347,2.208573393));
#7213=CARTESIAN_POINT('',(0.767412781,22.571464793,2.210525979));
#7214=B_SPLINE_CURVE_WITH_KNOTS('',3,(#7201,#7202,#7203,#7204,#7205,#7206,#7207,#7208,#7209,#7210,#7211,#7212,#7213),.UNSPECIFIED.,.F.,.F.,(4,3,3,3,4),(0.000019303,0.000114281,0.000209258,0.000304236,0.000399214),.UNSPECIFIED.);
#7215=EDGE_CURVE('',#2057,#7200,#7214,.T.);
#7216=ORIENTED_EDGE('',*,*,#7215,.T.);
#7217=CARTESIAN_POINT('',(0.767412781,22.571464793,2.210525979));
#7218=CARTESIAN_POINT('',(0.790050283,22.594445383,2.212506503));
#7219=CARTESIAN_POINT('',(0.811942778,22.616345866,2.210749264));
#7220=CARTESIAN_POINT('',(0.834035944,22.638066821,2.205143031));
#7221=CARTESIAN_POINT('',(0.856129109,22.659787776,2.199536798));
#7222=CARTESIAN_POINT('',(0.878289438,22.681174265,2.1898769));
#7223=CARTESIAN_POINT('',(0.898853363,22.70046476,2.175609433));
#7224=CARTESIAN_POINT('',(0.919417289,22.719755255,2.161341966));
#7225=CARTESIAN_POINT('',(0.938818101,22.73735686,2.142210668));
#7226=CARTESIAN_POINT('',(0.954295832,22.750429241,2.117522876));
#7227=CARTESIAN_POINT('',(0.969773562,22.763501622,2.092835084));
#7228=CARTESIAN_POINT('',(0.980767213,22.771464772,2.062440405));
#7229=CARTESIAN_POINT('',(0.983877014,22.771464793,2.030929631));
#7230=B_SPLINE_CURVE_WITH_KNOTS('',3,(#7217,#7218,#7219,#7220,#7221,#7222,#7223,#7224,#7225,#7226,#7227,#7228,#7229),.UNSPECIFIED.,.F.,.F.,(4,3,3,3,4),(-0.000002828,0.000091422,0.000185673,0.000279924,0.000374174),.UNSPECIFIED.);
#7231=EDGE_CURVE('',#7200,#2023,#7230,.T.);
#7232=ORIENTED_EDGE('',*,*,#7231,.T.);
#7233=ORIENTED_EDGE('',*,*,#2029,.F.);
#7234=CARTESIAN_POINT('',(1.528985088,22.571464793,2.310788875));
#7235=VERTEX_POINT('',#7234);
#7236=CARTESIAN_POINT('',(1.366379651,22.771464793,2.081287059));
#7237=CARTESIAN_POINT('',(1.361202478,22.771464784,2.112683169));
#7238=CARTESIAN_POINT('',(1.363996658,22.763471611,2.144817219));
#7239=CARTESIAN_POINT('',(1.372558941,22.750401694,2.172644555));
#7240=CARTESIAN_POINT('',(1.381121224,22.737331776,2.200471891));
#7241=CARTESIAN_POINT('',(1.394902002,22.719741164,2.223950447));
#7242=CARTESIAN_POINT('',(1.411049824,22.700477261,2.243030375));
#7243=CARTESIAN_POINT('',(1.427197646,22.681213358,2.262110302));
#7244=CARTESIAN_POINT('',(1.446034355,22.659900274,2.277146043));
#7245=CARTESIAN_POINT('',(1.465960245,22.63813783,2.288309593));
#7246=CARTESIAN_POINT('',(1.485886136,22.616375386,2.299473142));
#7247=CARTESIAN_POINT('',(1.506932868,22.594111222,2.306900473));
#7248=CARTESIAN_POINT('',(1.528985088,22.571464793,2.310788875));
#7249=B_SPLINE_CURVE_WITH_KNOTS('',3,(#7236,#7237,#7238,#7239,#7240,#7241,#7242,#7243,#7244,#7245,#7246,#7247,#7248),.UNSPECIFIED.,.F.,.F.,(4,3,3,3,4),(0.000123913,0.000218935,0.000313956,0.000408977,0.000503998),.UNSPECIFIED.);
#7250=EDGE_CURVE('',#2015,#7235,#7249,.T.);
#7251=ORIENTED_EDGE('',*,*,#7250,.T.);
#7252=CARTESIAN_POINT('',(1.528985088,22.571464793,2.310788875));
#7253=CARTESIAN_POINT('',(1.551363833,22.594445383,2.314734851));
#7254=CARTESIAN_POINT('',(1.573326174,22.616345866,2.314892356));
#7255=CARTESIAN_POINT('',(1.595823884,22.638066821,2.311233003));
#7256=CARTESIAN_POINT('',(1.618321594,22.659787776,2.307573649));
#7257=CARTESIAN_POINT('',(1.641239511,22.681174265,2.299881909));
#7258=CARTESIAN_POINT('',(1.662968677,22.70046476,2.287460999));
#7259=CARTESIAN_POINT('',(1.684697842,22.719755255,2.275040088));
#7260=CARTESIAN_POINT('',(1.70569223,22.73735686,2.257672483));
#7261=CARTESIAN_POINT('',(1.723262746,22.750429241,2.234427608));
#7262=CARTESIAN_POINT('',(1.740833263,22.763501622,2.211182733));
#7263=CARTESIAN_POINT('',(1.75443415,22.771464772,2.181861876));
#7264=CARTESIAN_POINT('',(1.760278462,22.771464793,2.150742047));
#7265=B_SPLINE_CURVE_WITH_KNOTS('',3,(#7252,#7253,#7254,#7255,#7256,#7257,#7258,#7259,#7260,#7261,#7262,#7263,#7264),.UNSPECIFIED.,.F.,.F.,(4,3,3,3,4),(-0.000002828,0.000091422,0.000185673,0.000279924,0.000374174),.UNSPECIFIED.);
#7266=EDGE_CURVE('',#7235,#1981,#7265,.T.);
#7267=ORIENTED_EDGE('',*,*,#7266,.T.);
#7268=ORIENTED_EDGE('',*,*,#1987,.F.);
#7269=CARTESIAN_POINT('',(2.278920895,22.571464793,2.477045641));
#7270=VERTEX_POINT('',#7269);
#7271=CARTESIAN_POINT('',(2.136936622,22.771464793,2.23424515));
#7272=CARTESIAN_POINT('',(2.129098599,22.771464774,2.264852665));
#7273=CARTESIAN_POINT('',(2.129053998,22.763427247,2.297392504));
#7274=CARTESIAN_POINT('',(2.13511025,22.75044415,2.325701042));
#7275=CARTESIAN_POINT('',(2.141166502,22.737461053,2.35400958));
#7276=CARTESIAN_POINT('',(2.152701906,22.720036082,2.378514098));
#7277=CARTESIAN_POINT('',(2.167251809,22.700595009,2.399141388));
#7278=CARTESIAN_POINT('',(2.196351617,22.661712864,2.440395969));
#7279=CARTESIAN_POINT('',(2.235713011,22.616704323,2.465468123));
#7280=CARTESIAN_POINT('',(2.278920895,22.571464793,2.477045641));
#7281=B_SPLINE_CURVE_WITH_KNOTS('',3,(#7271,#7272,#7273,#7274,#7275,#7276,#7277,#7278,#7279,#7280),.UNSPECIFIED.,.F.,.F.,(4,3,3,4),(0.000377691,0.000471712,0.000565734,0.000753776),.UNSPECIFIED.);
#7282=EDGE_CURVE('',#1973,#7270,#7281,.T.);
#7283=ORIENTED_EDGE('',*,*,#7282,.T.);
#7284=CARTESIAN_POINT('',(2.278920895,22.571464793,2.477045641));
#7285=CARTESIAN_POINT('',(2.300870568,22.594445383,2.482927038));
#7286=CARTESIAN_POINT('',(2.322735608,22.616345866,2.484998087));
#7287=CARTESIAN_POINT('',(2.345466641,22.638066821,2.483313463));
#7288=CARTESIAN_POINT('',(2.368197674,22.659787776,2.481628839));
#7289=CARTESIAN_POINT('',(2.391698761,22.681174265,2.475963797));
#7290=CARTESIAN_POINT('',(2.414427794,22.70046476,2.465483973));
#7291=CARTESIAN_POINT('',(2.437156827,22.719755255,2.455004149));
#7292=CARTESIAN_POINT('',(2.459585012,22.73735686,2.439532415));
#7293=CARTESIAN_POINT('',(2.479114591,22.750429241,2.417907365));
#7294=CARTESIAN_POINT('',(2.498644171,22.763501622,2.396282316));
#7295=CARTESIAN_POINT('',(2.514748783,22.771464772,2.368258428));
#7296=CARTESIAN_POINT('',(2.523283128,22.771464793,2.337766385));
#7297=B_SPLINE_CURVE_WITH_KNOTS('',3,(#7284,#7285,#7286,#7287,#7288,#7289,#7290,#7291,#7292,#7293,#7294,#7295,#7296),.UNSPECIFIED.,.F.,.F.,(4,3,3,3,4),(-0.000002828,0.000091422,0.000185673,0.000279924,0.000374174),.UNSPECIFIED.);
#7298=EDGE_CURVE('',#7270,#1771,#7297,.T.);
#7299=ORIENTED_EDGE('',*,*,#7298,.T.);
#7300=ORIENTED_EDGE('',*,*,#1777,.F.);
#7301=CARTESIAN_POINT('',(3.011512738,22.571464793,2.708030961));
#7302=VERTEX_POINT('',#7301);
#7303=CARTESIAN_POINT('',(2.891230215,22.771464793,2.453779656));
#7304=CARTESIAN_POINT('',(2.880754397,22.771464774,2.483587571));
#7305=CARTESIAN_POINT('',(2.877873933,22.763427247,2.515999699));
#7306=CARTESIAN_POINT('',(2.881439887,22.75044415,2.544728351));
#7307=CARTESIAN_POINT('',(2.885005842,22.737461053,2.573457003));
#7308=CARTESIAN_POINT('',(2.89436164,22.720036082,2.598873651));
#7309=CARTESIAN_POINT('',(2.90705839,22.700595009,2.620690556));
#7310=CARTESIAN_POINT('',(2.93245189,22.661712864,2.664324366));
#7311=CARTESIAN_POINT('',(2.96947832,22.616704323,2.692731684));
#7312=CARTESIAN_POINT('',(3.011512738,22.571464793,2.708030961));
#7313=B_SPLINE_CURVE_WITH_KNOTS('',3,(#7303,#7304,#7305,#7306,#7307,#7308,#7309,#7310,#7311,#7312),.UNSPECIFIED.,.F.,.F.,(4,3,3,4),(0.000377691,0.000471712,0.000565734,0.000753776),.UNSPECIFIED.);
#7314=EDGE_CURVE('',#1763,#7302,#7313,.T.);
#7315=ORIENTED_EDGE('',*,*,#7314,.T.);
#7316=CARTESIAN_POINT('',(3.011512738,22.571464793,2.708030961));
#7317=CARTESIAN_POINT('',(3.032866288,22.594445383,2.715803018));
#7318=CARTESIAN_POINT('',(3.054467622,22.616345866,2.71977185));
#7319=CARTESIAN_POINT('',(3.077258981,22.638066821,2.720074777));
#7320=CARTESIAN_POINT('',(3.10005034,22.659787776,2.720377704));
#7321=CARTESIAN_POINT('',(3.123955739,22.681174265,2.716782473));
#7322=CARTESIAN_POINT('',(3.147511658,22.70046476,2.708323494));
#7323=CARTESIAN_POINT('',(3.171067577,22.719755255,2.699864515));
#7324=CARTESIAN_POINT('',(3.194758866,22.73735686,2.6864064));
#7325=CARTESIAN_POINT('',(3.216098877,22.750429241,2.666565755));
#7326=CARTESIAN_POINT('',(3.237438888,22.763501622,2.646725111));
#7327=CARTESIAN_POINT('',(3.25592466,22.771464772,2.620211472));
#7328=CARTESIAN_POINT('',(3.267084086,22.771464793,2.590579277));
#7329=B_SPLINE_CURVE_WITH_KNOTS('',3,(#7316,#7317,#7318,#7319,#7320,#7321,#7322,#7323,#7324,#7325,#7326,#7327,#7328),.UNSPECIFIED.,.F.,.F.,(4,3,3,3,4),(-0.000002828,0.000091422,0.000185673,0.000279924,0.000374174),.UNSPECIFIED.);
#7330=EDGE_CURVE('',#7302,#1922,#7329,.T.);
#7331=ORIENTED_EDGE('',*,*,#7330,.T.);
#7332=ORIENTED_EDGE('',*,*,#1928,.F.);
#7333=CARTESIAN_POINT('',(3.721185151,22.571464793,3.0019869));
#7334=VERTEX_POINT('',#7333);
#7335=CARTESIAN_POINT('',(3.6235198,22.771464793,2.738219784));
#7336=CARTESIAN_POINT('',(3.610485915,22.771464774,2.767001244));
#7337=CARTESIAN_POINT('',(3.604791509,22.763427247,2.799038984));
#7338=CARTESIAN_POINT('',(3.605840027,22.75044415,2.827969109));
#7339=CARTESIAN_POINT('',(3.606888545,22.737461053,2.856899234));
#7340=CARTESIAN_POINT('',(3.613993534,22.720036082,2.883034575));
#7341=CARTESIAN_POINT('',(3.624740501,22.700595009,2.905875055));
#7342=CARTESIAN_POINT('',(3.646234434,22.661712864,2.951556014));
#7343=CARTESIAN_POINT('',(3.680644106,22.616704323,2.9830823));
#7344=CARTESIAN_POINT('',(3.721185151,22.571464793,3.0019869));
#7345=B_SPLINE_CURVE_WITH_KNOTS('',3,(#7335,#7336,#7337,#7338,#7339,#7340,#7341,#7342,#7343,#7344),.UNSPECIFIED.,.F.,.F.,(4,3,3,4),(0.000377691,0.000471712,0.000565734,0.000753776),.UNSPECIFIED.);
#7346=EDGE_CURVE('',#1920,#7334,#7345,.T.);
#7347=ORIENTED_EDGE('',*,*,#7346,.T.);
#7348=CARTESIAN_POINT('',(3.721185151,22.571464793,3.0019869));
#7349=CARTESIAN_POINT('',(3.741780065,22.594445383,3.011590466));
#7350=CARTESIAN_POINT('',(3.762953292,22.616345866,3.017426876));
#7351=CARTESIAN_POINT('',(3.785631521,22.638066821,3.019715047));
#7352=CARTESIAN_POINT('',(3.80830975,22.659787776,3.022003219));
#7353=CARTESIAN_POINT('',(3.832437528,22.681174265,3.020505162));
#7354=CARTESIAN_POINT('',(3.856641058,22.70046476,3.014131406));
#7355=CARTESIAN_POINT('',(3.880844588,22.719755255,3.007757649));
#7356=CARTESIAN_POINT('',(3.905618677,22.73735686,2.996415578));
#7357=CARTESIAN_POINT('',(3.928606708,22.750429241,2.978510338));
#7358=CARTESIAN_POINT('',(3.95159474,22.763501622,2.960605097));
#7359=CARTESIAN_POINT('',(3.972320985,22.771464772,2.935803492));
#7360=CARTESIAN_POINT('',(3.986020561,22.771464793,2.907256665));
#7361=B_SPLINE_CURVE_WITH_KNOTS('',3,(#7348,#7349,#7350,#7351,#7352,#7353,#7354,#7355,#7356,#7357,#7358,#7359,#7360),.UNSPECIFIED.,.F.,.F.,(4,3,3,3,4),(-0.000002828,0.000091422,0.000185673,0.000279924,0.000374174),.UNSPECIFIED.);
#7362=EDGE_CURVE('',#7334,#1645,#7361,.T.);
#7363=ORIENTED_EDGE('',*,*,#7362,.T.);
#7364=ORIENTED_EDGE('',*,*,#1651,.F.);
#7365=CARTESIAN_POINT('',(4.402537098,22.571464793,3.356676273));
#7366=VERTEX_POINT('',#7365);
#7367=CARTESIAN_POINT('',(4.328232212,22.771464793,3.085400775));
#7368=CARTESIAN_POINT('',(4.312739455,22.771464774,3.112936734));
#7369=CARTESIAN_POINT('',(4.304274445,22.763427247,3.144356261));
#7370=CARTESIAN_POINT('',(4.302797546,22.75044415,3.173267682));
#7371=CARTESIAN_POINT('',(4.301320648,22.737461053,3.202179104));
#7372=CARTESIAN_POINT('',(4.306120755,22.720036082,3.228834233));
#7373=CARTESIAN_POINT('',(4.314836148,22.700595009,3.252524457));
#7374=CARTESIAN_POINT('',(4.332266932,22.661712864,3.299904907));
#7375=CARTESIAN_POINT('',(4.363797968,22.616704323,3.334310226));
#7376=CARTESIAN_POINT('',(4.402537098,22.571464793,3.356676273));
#7377=B_SPLINE_CURVE_WITH_KNOTS('',3,(#7367,#7368,#7369,#7370,#7371,#7372,#7373,#7374,#7375,#7376),.UNSPECIFIED.,.F.,.F.,(4,3,3,4),(0.000377691,0.000471712,0.000565734,0.000753776),.UNSPECIFIED.);
#7378=EDGE_CURVE('',#1637,#7366,#7377,.T.);
#7379=ORIENTED_EDGE('',*,*,#7378,.T.);
#7380=CARTESIAN_POINT('',(4.402537098,22.571464793,3.356676273));
#7381=CARTESIAN_POINT('',(4.422216636,22.594445383,3.36803826));
#7382=CARTESIAN_POINT('',(4.442800616,22.616345866,3.375697828));
#7383=CARTESIAN_POINT('',(4.46519312,22.638066821,3.379953831));
#7384=CARTESIAN_POINT('',(4.487585625,22.659787776,3.384209833));
#7385=CARTESIAN_POINT('',(4.511752152,22.681174265,3.384820352));
#7386=CARTESIAN_POINT('',(4.53641909,22.70046476,3.380580326));
#7387=CARTESIAN_POINT('',(4.561086028,22.719755255,3.3763403));
#7388=CARTESIAN_POINT('',(4.586754371,22.73735686,3.367200593));
#7389=CARTESIAN_POINT('',(4.611215471,22.750429241,3.351367027));
#7390=CARTESIAN_POINT('',(4.635676571,22.763501622,3.33553346));
#7391=CARTESIAN_POINT('',(4.658485548,22.771464772,3.312632643));
#7392=CARTESIAN_POINT('',(4.674621013,22.771464793,3.285388443));
#7393=B_SPLINE_CURVE_WITH_KNOTS('',3,(#7380,#7381,#7382,#7383,#7384,#7385,#7386,#7387,#7388,#7389,#7390,#7391,#7392),.UNSPECIFIED.,.F.,.F.,(4,3,3,3,4),(-0.000002828,0.000091422,0.000185673,0.000279924,0.000374174),.UNSPECIFIED.);
#7394=EDGE_CURVE('',#7366,#1670,#7393,.T.);
#7395=ORIENTED_EDGE('',*,*,#7394,.T.);
#7396=ORIENTED_EDGE('',*,*,#1676,.F.);
#7397=CARTESIAN_POINT('',(5.050383079,22.571464793,3.769399681));
#7398=VERTEX_POINT('',#7397);
#7399=CARTESIAN_POINT('',(5.000004163,22.771464793,3.49268037));
#7400=CARTESIAN_POINT('',(4.982170444,22.771464774,3.518761265));
#7401=CARTESIAN_POINT('',(4.970999253,22.763427247,3.549323457));
#7402=CARTESIAN_POINT('',(4.967008178,22.75044415,3.577996141));
#7403=CARTESIAN_POINT('',(4.963017103,22.737461053,3.606668825));
#7404=CARTESIAN_POINT('',(4.965475798,22.720036082,3.633640881));
#7405=CARTESIAN_POINT('',(4.972093286,22.700595009,3.658000553));
#7406=CARTESIAN_POINT('',(4.985328263,22.661712864,3.706719898));
#7407=CARTESIAN_POINT('',(5.013740693,22.616704323,3.743742406));
#7408=CARTESIAN_POINT('',(5.050383079,22.571464793,3.769399681));
#7409=B_SPLINE_CURVE_WITH_KNOTS('',3,(#7399,#7400,#7401,#7402,#7403,#7404,#7405,#7406,#7407,#7408),.UNSPECIFIED.,.F.,.F.,(4,3,3,4),(0.000377691,0.000471712,0.000565734,0.000753776),.UNSPECIFIED.);
#7410=EDGE_CURVE('',#1668,#7398,#7409,.T.);
#7411=ORIENTED_EDGE('',*,*,#7410,.T.);
#7412=CARTESIAN_POINT('',(5.050383079,22.571464793,3.769399681));
#7413=CARTESIAN_POINT('',(5.068997468,22.594445383,3.782433617));
#7414=CARTESIAN_POINT('',(5.088835544,22.616345866,3.791858051));
#7415=CARTESIAN_POINT('',(5.110771903,22.638066821,3.798049493));
#7416=CARTESIAN_POINT('',(5.132708262,22.659787776,3.804240935));
#7417=CARTESIAN_POINT('',(5.156729619,22.681174265,3.806955382));
#7418=CARTESIAN_POINT('',(5.181672235,22.70046476,3.804881356));
#7419=CARTESIAN_POINT('',(5.20661485,22.719755255,3.80280733));
#7420=CARTESIAN_POINT('',(5.232982095,22.73735686,3.795939546));
#7421=CARTESIAN_POINT('',(5.258730099,22.750429241,3.782298157));
#7422=CARTESIAN_POINT('',(5.284478103,22.763501622,3.768656767));
#7423=CARTESIAN_POINT('',(5.309196223,22.771464772,3.747831028));
#7424=CARTESIAN_POINT('',(5.327644777,22.771464793,3.722096798));
#7425=B_SPLINE_CURVE_WITH_KNOTS('',3,(#7412,#7413,#7414,#7415,#7416,#7417,#7418,#7419,#7420,#7421,#7422,#7423,#7424),.UNSPECIFIED.,.F.,.F.,(4,3,3,3,4),(-0.000002828,0.000091422,0.000185673,0.000279924,0.000374174),.UNSPECIFIED.);
#7426=EDGE_CURVE('',#7398,#1712,#7425,.T.);
#7427=ORIENTED_EDGE('',*,*,#7426,.T.);
#7428=ORIENTED_EDGE('',*,*,#1718,.F.);
#7429=CARTESIAN_POINT('',(5.659792595,22.571464793,4.23701605));
#7430=VERTEX_POINT('',#7429);
#7431=CARTESIAN_POINT('',(5.633723063,22.771464793,3.956958928));
#7432=CARTESIAN_POINT('',(5.613684107,22.771464774,3.981386265));
#7433=CARTESIAN_POINT('',(5.599891756,22.763427247,4.010858525));
#7434=CARTESIAN_POINT('',(5.593416879,22.75044415,4.039074256));
#7435=CARTESIAN_POINT('',(5.586942002,22.737461053,4.067289987));
#7436=CARTESIAN_POINT('',(5.587040571,22.720036082,4.094373695));
#7437=CARTESIAN_POINT('',(5.591509793,22.700595009,4.119217424));
#7438=CARTESIAN_POINT('',(5.600448236,22.661712864,4.168904882));
#7439=CARTESIAN_POINT('',(5.625525823,22.616704323,4.208262814));
#7440=CARTESIAN_POINT('',(5.659792595,22.571464793,4.23701605));
#7441=B_SPLINE_CURVE_WITH_KNOTS('',3,(#7431,#7432,#7433,#7434,#7435,#7436,#7437,#7438,#7439,#7440),.UNSPECIFIED.,.F.,.F.,(4,3,3,4),(0.000377691,0.000471712,0.000565734,0.000753776),.UNSPECIFIED.);
#7442=EDGE_CURVE('',#1710,#7430,#7441,.T.);
#7443=ORIENTED_EDGE('',*,*,#7442,.T.);
#7444=CARTESIAN_POINT('',(5.659792595,22.571464793,4.23701605));
#7445=CARTESIAN_POINT('',(5.677200169,22.594445383,4.251622738));
#7446=CARTESIAN_POINT('',(5.696141361,22.616345866,4.262740312));
#7447=CARTESIAN_POINT('',(5.717454626,22.638066821,4.270820073));
#7448=CARTESIAN_POINT('',(5.738767891,22.659787776,4.278899835));
#7449=CARTESIAN_POINT('',(5.76246126,22.681174265,4.283697552));
#7450=CARTESIAN_POINT('',(5.787489724,22.70046476,4.28380531));
#7451=CARTESIAN_POINT('',(5.812518189,22.719755255,4.283913069));
#7452=CARTESIAN_POINT('',(5.839383665,22.73735686,4.279369476));
#7453=CARTESIAN_POINT('',(5.866222616,22.750429241,4.268024082));
#7454=CARTESIAN_POINT('',(5.893061566,22.763501622,4.256678688));
#7455=CARTESIAN_POINT('',(5.919500709,22.771464772,4.238086524));
#7456=CARTESIAN_POINT('',(5.940121947,22.771464793,4.214058118));
#7457=B_SPLINE_CURVE_WITH_KNOTS('',3,(#7444,#7445,#7446,#7447,#7448,#7449,#7450,#7451,#7452,#7453,#7454,#7455,#7456),.UNSPECIFIED.,.F.,.F.,(4,3,3,3,4),(-0.000002828,0.000091422,0.000185673,0.000279924,0.000374174),.UNSPECIFIED.);
#7458=EDGE_CURVE('',#7430,#3224,#7457,.T.);
#7459=ORIENTED_EDGE('',*,*,#7458,.T.);
#7460=ORIENTED_EDGE('',*,*,#3230,.F.);
#7461=CARTESIAN_POINT('',(6.226127672,22.571464793,4.755966536));
#7462=VERTEX_POINT('',#7461);
#7463=CARTESIAN_POINT('',(6.224565929,22.771464793,4.474703006));
#7464=CARTESIAN_POINT('',(6.202474245,22.771464774,4.497290881));
#7465=CARTESIAN_POINT('',(6.186165701,22.763427247,4.525448907));
#7466=CARTESIAN_POINT('',(6.1772563,22.75044415,4.552992946));
#7467=CARTESIAN_POINT('',(6.168346899,22.737461053,4.580536985));
#7468=CARTESIAN_POINT('',(6.166084592,22.720036082,4.607526222));
#7469=CARTESIAN_POINT('',(6.168371533,22.700595009,4.632664931));
#7470=CARTESIAN_POINT('',(6.172945416,22.661712864,4.68294235));
#7471=CARTESIAN_POINT('',(6.194497305,22.616704323,4.724336169));
#7472=CARTESIAN_POINT('',(6.226127672,22.571464793,4.755966536));
#7473=B_SPLINE_CURVE_WITH_KNOTS('',3,(#7463,#7464,#7465,#7466,#7467,#7468,#7469,#7470,#7471,#7472),.UNSPECIFIED.,.F.,.F.,(4,3,3,4),(0.000377691,0.000471712,0.000565734,0.000753776),.UNSPECIFIED.);
#7474=EDGE_CURVE('',#3222,#7462,#7473,.T.);
#7475=ORIENTED_EDGE('',*,*,#7474,.T.);
#7476=CARTESIAN_POINT('',(6.226127672,22.571464793,4.755966536));
#7477=CARTESIAN_POINT('',(6.242195948,22.594445383,4.772034812));
#7478=CARTESIAN_POINT('',(6.260096104,22.616345866,4.784760913));
#7479=CARTESIAN_POINT('',(6.280624067,22.638066821,4.794667502));
#7480=CARTESIAN_POINT('',(6.301152031,22.659787776,4.804574092));
#7481=CARTESIAN_POINT('',(6.324337091,22.681174265,4.811418565));
#7482=CARTESIAN_POINT('',(6.349260923,22.70046476,4.813707287));
#7483=CARTESIAN_POINT('',(6.374184755,22.719755255,4.81599601));
#7484=CARTESIAN_POINT('',(6.401344,22.73735686,4.813811187));
#7485=CARTESIAN_POINT('',(6.429069636,22.750429241,4.804848135));
#7486=CARTESIAN_POINT('',(6.456795273,22.763501622,4.795885082));
#7487=CARTESIAN_POINT('',(6.484754221,22.771464772,4.77966799));
#7488=CARTESIAN_POINT('',(6.507391202,22.771464793,4.757528279));
#7489=B_SPLINE_CURVE_WITH_KNOTS('',3,(#7476,#7477,#7478,#7479,#7480,#7481,#7482,#7483,#7484,#7485,#7486,#7487,#7488),.UNSPECIFIED.,.F.,.F.,(4,3,3,3,4),(-0.000002828,0.000091422,0.000185673,0.000279924,0.000374174),.UNSPECIFIED.);
#7490=EDGE_CURVE('',#7462,#4190,#7489,.T.);
#7491=ORIENTED_EDGE('',*,*,#7490,.T.);
#7492=ORIENTED_EDGE('',*,*,#4196,.F.);
#7493=CARTESIAN_POINT('',(6.745078158,22.571464793,5.322301613));
#7494=VERTEX_POINT('',#7493);
#7495=CARTESIAN_POINT('',(6.76803609,22.771464793,5.041972261));
#7496=CARTESIAN_POINT('',(6.744059808,22.771464774,5.062548765));
#7497=CARTESIAN_POINT('',(6.725359189,22.763427247,5.089178258));
#7498=CARTESIAN_POINT('',(6.71408307,22.75044415,5.115840978));
#7499=CARTESIAN_POINT('',(6.702806951,22.737461053,5.142503698));
#7500=CARTESIAN_POINT('',(6.698200986,22.720036082,5.16919306));
#7501=CARTESIAN_POINT('',(6.698288242,22.700595009,5.194435429));
#7502=CARTESIAN_POINT('',(6.698462754,22.661712864,5.244920167));
#7503=CARTESIAN_POINT('',(6.716324923,22.616704323,5.288034841));
#7504=CARTESIAN_POINT('',(6.745078158,22.571464793,5.322301613));
#7505=B_SPLINE_CURVE_WITH_KNOTS('',3,(#7495,#7496,#7497,#7498,#7499,#7500,#7501,#7502,#7503,#7504),.UNSPECIFIED.,.F.,.F.,(4,3,3,4),(0.000377691,0.000471712,0.000565734,0.000753776),.UNSPECIFIED.);
#7506=EDGE_CURVE('',#4188,#7494,#7505,.T.);
#7507=ORIENTED_EDGE('',*,*,#7506,.T.);
#7508=CARTESIAN_POINT('',(6.745078158,22.571464793,5.322301613));
#7509=CARTESIAN_POINT('',(6.759684847,22.594445383,5.339709187));
#7510=CARTESIAN_POINT('',(6.776407734,22.616345866,5.353946963));
#7511=CARTESIAN_POINT('',(6.795994167,22.638066821,5.365604984));
#7512=CARTESIAN_POINT('',(6.815580599,22.659787776,5.377263006));
#7513=CARTESIAN_POINT('',(6.838080898,22.681174265,5.386102145));
#7514=CARTESIAN_POINT('',(6.862710412,22.70046476,5.390554414));
#7515=CARTESIAN_POINT('',(6.887339925,22.719755255,5.395006682));
#7516=CARTESIAN_POINT('',(6.914586241,22.73735686,5.395197257));
#7517=CARTESIAN_POINT('',(6.942987555,22.750429241,5.388684761));
#7518=CARTESIAN_POINT('',(6.971388869,22.763501622,5.382172264));
#7519=CARTESIAN_POINT('',(7.000654837,22.771464772,5.368453665));
#7520=CARTESIAN_POINT('',(7.02513528,22.771464793,5.348371145));
#7521=B_SPLINE_CURVE_WITH_KNOTS('',3,(#7508,#7509,#7510,#7511,#7512,#7513,#7514,#7515,#7516,#7517,#7518,#7519,#7520),.UNSPECIFIED.,.F.,.F.,(4,3,3,3,4),(-0.000002828,0.000091422,0.000185673,0.000279924,0.000374174),.UNSPECIFIED.);
#7522=EDGE_CURVE('',#7494,#4165,#7521,.T.);
#7523=ORIENTED_EDGE('',*,*,#7522,.T.);
#7524=ORIENTED_EDGE('',*,*,#4171,.F.);
#7525=CARTESIAN_POINT('',(7.212694527,22.571464793,5.931711129));
#7526=VERTEX_POINT('',#7525);
#7527=CARTESIAN_POINT('',(7.25999741,22.771464793,5.654449431));
#7528=CARTESIAN_POINT('',(7.234319004,22.771464774,5.672857964));
#7529=CARTESIAN_POINT('',(7.213368634,22.763427247,5.697756258));
#7530=CARTESIAN_POINT('',(7.199811615,22.75044415,5.72333474));
#7531=CARTESIAN_POINT('',(7.186254595,22.737461053,5.748913222));
#7532=CARTESIAN_POINT('',(7.179340026,22.720036082,5.775099586));
#7533=CARTESIAN_POINT('',(7.177226933,22.700595009,5.800253505));
#7534=CARTESIAN_POINT('',(7.173000745,22.661712864,5.850561343));
#7535=CARTESIAN_POINT('',(7.187037252,22.616704323,5.895068743));
#7536=CARTESIAN_POINT('',(7.212694527,22.571464793,5.931711129));
#7537=B_SPLINE_CURVE_WITH_KNOTS('',3,(#7527,#7528,#7529,#7530,#7531,#7532,#7533,#7534,#7535,#7536),.UNSPECIFIED.,.F.,.F.,(4,3,3,4),(0.000377691,0.000471712,0.000565734,0.000753776),.UNSPECIFIED.);
#7538=EDGE_CURVE('',#4157,#7526,#7537,.T.);
#7539=ORIENTED_EDGE('',*,*,#7538,.T.);
#7540=CARTESIAN_POINT('',(7.212694527,22.571464793,5.931711129));
#7541=CARTESIAN_POINT('',(7.225728463,22.594445383,5.950325519));
#7542=CARTESIAN_POINT('',(7.24114681,22.616345866,5.965966611));
#7543=CARTESIAN_POINT('',(7.259642647,22.638066821,5.979287341));
#7544=CARTESIAN_POINT('',(7.278138484,22.659787776,5.99260807));
#7545=CARTESIAN_POINT('',(7.29978278,22.681174265,6.003374604));
#7546=CARTESIAN_POINT('',(7.32393053,22.70046476,6.009956534));
#7547=CARTESIAN_POINT('',(7.348078281,22.719755255,6.016538464));
#7548=CARTESIAN_POINT('',(7.375204306,22.73735686,6.019102987));
#7549=CARTESIAN_POINT('',(7.404065146,22.750429241,6.015090609));
#7550=CARTESIAN_POINT('',(7.432925986,22.763501622,6.011078232));
#7551=CARTESIAN_POINT('',(7.463276243,22.771464772,5.999962534));
#7552=CARTESIAN_POINT('',(7.489413838,22.771464793,5.982090045));
#7553=B_SPLINE_CURVE_WITH_KNOTS('',3,(#7540,#7541,#7542,#7543,#7544,#7545,#7546,#7547,#7548,#7549,#7550,#7551,#7552),.UNSPECIFIED.,.F.,.F.,(4,3,3,3,4),(-0.000002828,0.000091422,0.000185673,0.000279924,0.000374174),.UNSPECIFIED.);
#7554=EDGE_CURVE('',#7526,#4123,#7553,.T.);
#7555=ORIENTED_EDGE('',*,*,#7554,.T.);
#7556=ORIENTED_EDGE('',*,*,#4129,.F.);
#7557=CARTESIAN_POINT('',(7.625417935,22.571464793,6.57955711));
#7558=VERTEX_POINT('',#7557);
#7559=CARTESIAN_POINT('',(7.696705766,22.771464793,6.307473195));
#7560=CARTESIAN_POINT('',(7.669520665,22.771464774,6.323573657));
#7561=CARTESIAN_POINT('',(7.646479987,22.763427247,6.34655126));
#7562=CARTESIAN_POINT('',(7.630745245,22.75044415,6.370850836));
#7563=CARTESIAN_POINT('',(7.615010503,22.737461053,6.395150412));
#7564=CARTESIAN_POINT('',(7.605839954,22.720036082,6.420634485));
#7565=CARTESIAN_POINT('',(7.601542592,22.700595009,6.445508517));
#7566=CARTESIAN_POINT('',(7.59294787,22.661712864,6.495256582));
#7567=CARTESIAN_POINT('',(7.603051888,22.616704323,6.540817981));
#7568=CARTESIAN_POINT('',(7.625417935,22.571464793,6.57955711));
#7569=B_SPLINE_CURVE_WITH_KNOTS('',3,(#7559,#7560,#7561,#7562,#7563,#7564,#7565,#7566,#7567,#7568),.UNSPECIFIED.,.F.,.F.,(4,3,3,4),(0.000377691,0.000471712,0.000565734,0.000753776),.UNSPECIFIED.);
#7570=EDGE_CURVE('',#4115,#7558,#7569,.T.);
#7571=ORIENTED_EDGE('',*,*,#7570,.T.);
#7572=CARTESIAN_POINT('',(7.625417935,22.571464793,6.57955711));
#7573=CARTESIAN_POINT('',(7.636779922,22.594445383,6.599236649));
#7574=CARTESIAN_POINT('',(7.650776387,22.616345866,6.61616202));
#7575=CARTESIAN_POINT('',(7.668040863,22.638066821,6.631044078));
#7576=CARTESIAN_POINT('',(7.68530534,22.659787776,6.645926137));
#7577=CARTESIAN_POINT('',(7.705928908,22.681174265,6.658538125));
#7578=CARTESIAN_POINT('',(7.729411116,22.70046476,6.667199624));
#7579=CARTESIAN_POINT('',(7.752893324,22.719755255,6.675861123));
#7580=CARTESIAN_POINT('',(7.779692613,22.73735686,6.680780076));
#7581=CARTESIAN_POINT('',(7.808793331,22.750429241,6.679298355));
#7582=CARTESIAN_POINT('',(7.837894048,22.763501622,6.677816634));
#7583=CARTESIAN_POINT('',(7.86909761,22.771464772,6.669388434));
#7584=CARTESIAN_POINT('',(7.896693433,22.771464793,6.653861996));
#7585=B_SPLINE_CURVE_WITH_KNOTS('',3,(#7572,#7573,#7574,#7575,#7576,#7577,#7578,#7579,#7580,#7581,#7582,#7583,#7584),.UNSPECIFIED.,.F.,.F.,(4,3,3,3,4),(-0.000002828,0.000091422,0.000185673,0.000279924,0.000374174),.UNSPECIFIED.);
#7586=EDGE_CURVE('',#7558,#4081,#7585,.T.);
#7587=ORIENTED_EDGE('',*,*,#7586,.T.);
#7588=ORIENTED_EDGE('',*,*,#4087,.F.);
#7589=CARTESIAN_POINT('',(7.980107308,22.571464793,7.260909057));
#7590=VERTEX_POINT('',#7589);
#7591=CARTESIAN_POINT('',(8.074837543,22.771464793,6.996073647));
#7592=CARTESIAN_POINT('',(8.046352642,22.771464774,7.009743504));
#7593=CARTESIAN_POINT('',(8.021397011,22.763427247,7.030625543));
#7594=CARTESIAN_POINT('',(8.003604297,22.75044415,7.053461279));
#7595=CARTESIAN_POINT('',(7.985811582,22.737461053,7.076297015));
#7596=CARTESIAN_POINT('',(7.974454847,22.720036082,7.100884847));
#7597=CARTESIAN_POINT('',(7.968005923,22.700595009,7.125289686));
#7598=CARTESIAN_POINT('',(7.955108077,22.661712864,7.174099365));
#7599=CARTESIAN_POINT('',(7.961202709,22.616704323,7.220368012));
#7600=CARTESIAN_POINT('',(7.980107308,22.571464793,7.260909057));
#7601=B_SPLINE_CURVE_WITH_KNOTS('',3,(#7591,#7592,#7593,#7594,#7595,#7596,#7597,#7598,#7599,#7600),.UNSPECIFIED.,.F.,.F.,(4,3,3,4),(0.000377691,0.000471712,0.000565734,0.000753776),.UNSPECIFIED.);
#7602=EDGE_CURVE('',#4073,#7590,#7601,.T.);
#7603=ORIENTED_EDGE('',*,*,#7602,.T.);
#7604=CARTESIAN_POINT('',(7.980107308,22.571464793,7.260909057));
#7605=CARTESIAN_POINT('',(7.989710875,22.594445383,7.281503971));
#7606=CARTESIAN_POINT('',(8.002178936,22.616345866,7.299584809));
#7607=CARTESIAN_POINT('',(8.018080659,22.638066821,7.315914935));
#7608=CARTESIAN_POINT('',(8.033982382,22.659787776,7.332245061));
#7609=CARTESIAN_POINT('',(8.053428263,22.681174265,7.346606519));
#7610=CARTESIAN_POINT('',(8.076066215,22.70046476,7.357281667));
#7611=CARTESIAN_POINT('',(8.098704167,22.719755255,7.367956816));
#7612=CARTESIAN_POINT('',(8.124972762,22.73735686,7.375192763));
#7613=CARTESIAN_POINT('',(8.154091883,22.750429241,7.376252975));
#7614=CARTESIAN_POINT('',(8.183211004,22.763501622,7.377313187));
#7615=CARTESIAN_POINT('',(8.215030393,22.771464772,7.371636628));
#7616=CARTESIAN_POINT('',(8.243874424,22.771464793,7.358574408));
#7617=B_SPLINE_CURVE_WITH_KNOTS('',3,(#7604,#7605,#7606,#7607,#7608,#7609,#7610,#7611,#7612,#7613,#7614,#7615,#7616),.UNSPECIFIED.,.F.,.F.,(4,3,3,3,4),(-0.000002828,0.000091422,0.000185673,0.000279924,0.000374174),.UNSPECIFIED.);
#7618=EDGE_CURVE('',#7590,#4039,#7617,.T.);
#7619=ORIENTED_EDGE('',*,*,#7618,.T.);
#7620=ORIENTED_EDGE('',*,*,#4045,.F.);
#7621=CARTESIAN_POINT('',(8.274063247,22.571464793,7.97058147));
#7622=VERTEX_POINT('',#7621);
#7623=CARTESIAN_POINT('',(8.391514931,22.771464793,7.715010122));
#7624=CARTESIAN_POINT('',(8.361947017,22.771464774,7.726145339));
#7625=CARTESIAN_POINT('',(8.33526636,22.763427247,7.744772889));
#7626=CARTESIAN_POINT('',(8.315551087,22.75044415,7.76597099));
#7627=CARTESIAN_POINT('',(8.295835814,22.737461053,7.787169092));
#7628=CARTESIAN_POINT('',(8.282379323,22.720036082,7.810673555));
#7629=CARTESIAN_POINT('',(8.273827918,22.700595009,7.834423466));
#7630=CARTESIAN_POINT('',(8.256725108,22.661712864,7.881923289));
#7631=CARTESIAN_POINT('',(8.258763969,22.616704323,7.928547051));
#7632=CARTESIAN_POINT('',(8.274063247,22.571464793,7.97058147));
#7633=B_SPLINE_CURVE_WITH_KNOTS('',3,(#7623,#7624,#7625,#7626,#7627,#7628,#7629,#7630,#7631,#7632),.UNSPECIFIED.,.F.,.F.,(4,3,3,4),(0.000377691,0.000471712,0.000565734,0.000753776),.UNSPECIFIED.);
#7634=EDGE_CURVE('',#4031,#7622,#7633,.T.);
#7635=ORIENTED_EDGE('',*,*,#7634,.T.);
#7636=CARTESIAN_POINT('',(8.274063247,22.571464793,7.97058147));
#7637=CARTESIAN_POINT('',(8.281835303,22.594445383,7.99193502));
#7638=CARTESIAN_POINT('',(8.292680071,22.616345866,8.011033717));
#7639=CARTESIAN_POINT('',(8.307098019,22.638066821,8.028687629));
#7640=CARTESIAN_POINT('',(8.321515967,22.659787776,8.04634154));
#7641=CARTESIAN_POINT('',(8.339636167,22.681174265,8.062343169));
#7642=CARTESIAN_POINT('',(8.361257574,22.70046476,8.074950723));
#7643=CARTESIAN_POINT('',(8.382878981,22.719755255,8.087558277));
#7644=CARTESIAN_POINT('',(8.408416962,22.73735686,8.097056148));
#7645=CARTESIAN_POINT('',(8.437332873,22.750429241,8.100650224));
#7646=CARTESIAN_POINT('',(8.466248783,22.763501622,8.1042443));
#7647=CARTESIAN_POINT('',(8.498441834,22.771464772,8.101362585));
#7648=CARTESIAN_POINT('',(8.528314552,22.771464793,8.090863993));
#7649=B_SPLINE_CURVE_WITH_KNOTS('',3,(#7636,#7637,#7638,#7639,#7640,#7641,#7642,#7643,#7644,#7645,#7646,#7647,#7648),.UNSPECIFIED.,.F.,.F.,(4,3,3,3,4),(-0.000002828,0.000091422,0.000185673,0.000279924,0.000374174),.UNSPECIFIED.);
#7650=EDGE_CURVE('',#7622,#3997,#7649,.T.);
#7651=ORIENTED_EDGE('',*,*,#7650,.T.);
#7652=ORIENTED_EDGE('',*,*,#4003,.F.);
#7653=CARTESIAN_POINT('',(8.505048567,22.571464793,8.703173313));
#7654=VERTEX_POINT('',#7653);
#7655=CARTESIAN_POINT('',(8.644327823,22.771464793,8.45881108));
#7656=CARTESIAN_POINT('',(8.613901926,22.771464774,8.46732691));
#7657=CARTESIAN_POINT('',(8.585699299,22.763427247,8.483558205));
#7658=CARTESIAN_POINT('',(8.564211512,22.75044415,8.502957342));
#7659=CARTESIAN_POINT('',(8.542723725,22.737461053,8.522356479));
#7660=CARTESIAN_POINT('',(8.527269892,22.720036082,8.54459869));
#7661=CARTESIAN_POINT('',(8.516681086,22.700595009,8.567512921));
#7662=CARTESIAN_POINT('',(8.495503475,22.661712864,8.613341384));
#7663=CARTESIAN_POINT('',(8.49347105,22.616704323,8.659965428));
#7664=CARTESIAN_POINT('',(8.505048567,22.571464793,8.703173313));
#7665=B_SPLINE_CURVE_WITH_KNOTS('',3,(#7655,#7656,#7657,#7658,#7659,#7660,#7661,#7662,#7663,#7664),.UNSPECIFIED.,.F.,.F.,(4,3,3,4),(0.000377691,0.000471712,0.000565734,0.000753776),.UNSPECIFIED.);
#7666=EDGE_CURVE('',#3989,#7654,#7665,.T.);
#7667=ORIENTED_EDGE('',*,*,#7666,.T.);
#7668=CARTESIAN_POINT('',(8.505048567,22.571464793,8.703173313));
#7669=CARTESIAN_POINT('',(8.510929965,22.594445383,8.725122986));
#7670=CARTESIAN_POINT('',(8.520068903,22.616345866,8.745094191));
#7671=CARTESIAN_POINT('',(8.532893347,22.638066821,8.76393753));
#7672=CARTESIAN_POINT('',(8.54571779,22.659787776,8.78278087));
#7673=CARTESIAN_POINT('',(8.562374404,22.681174265,8.800300888));
#7674=CARTESIAN_POINT('',(8.582814715,22.70046476,8.814744896));
#7675=CARTESIAN_POINT('',(8.603255025,22.719755255,8.829188904));
#7676=CARTESIAN_POINT('',(8.627868032,22.73735686,8.840876414));
#7677=CARTESIAN_POINT('',(8.656360664,22.750429241,8.846977001));
#7678=CARTESIAN_POINT('',(8.684853296,22.763501622,8.853077589));
#7679=CARTESIAN_POINT('',(8.717175001,22.771464772,8.853012648));
#7680=CARTESIAN_POINT('',(8.747849058,22.771464793,8.845157586));
#7681=B_SPLINE_CURVE_WITH_KNOTS('',3,(#7668,#7669,#7670,#7671,#7672,#7673,#7674,#7675,#7676,#7677,#7678,#7679,#7680),.UNSPECIFIED.,.F.,.F.,(4,3,3,3,4),(-0.000002828,0.000091422,0.000185673,0.000279924,0.000374174),.UNSPECIFIED.);
#7682=EDGE_CURVE('',#7654,#3955,#7681,.T.);
#7683=ORIENTED_EDGE('',*,*,#7682,.T.);
#7684=ORIENTED_EDGE('',*,*,#3961,.F.);
#7685=CARTESIAN_POINT('',(8.671305333,22.571464793,9.45310912));
#7686=VERTEX_POINT('',#7685);
#7687=CARTESIAN_POINT('',(8.831352161,22.771464793,9.221815746));
#7688=CARTESIAN_POINT('',(8.80017736,22.771464776,9.227670382));
#7689=CARTESIAN_POINT('',(8.770664505,22.76339111,9.241419116));
#7690=CARTESIAN_POINT('',(8.747541361,22.750358733,9.258926205));
#7691=CARTESIAN_POINT('',(8.724418217,22.737326355,9.276433294));
#7692=CARTESIAN_POINT('',(8.706985239,22.719669846,9.297495259));
#7693=CARTESIAN_POINT('',(8.694590615,22.700398571,9.319200084));
#7694=CARTESIAN_POINT('',(8.68219599,22.681127296,9.340904909));
#7695=CARTESIAN_POINT('',(8.674503528,22.659712626,9.363851291));
#7696=CARTESIAN_POINT('',(8.670855316,22.638031842,9.386306554));
#7697=CARTESIAN_POINT('',(8.667207104,22.616351058,9.408761817));
#7698=CARTESIAN_POINT('',(8.667415292,22.594120773,9.431047598));
#7699=CARTESIAN_POINT('',(8.671305333,22.571464793,9.45310912));
#7700=B_SPLINE_CURVE_WITH_KNOTS('',3,(#7687,#7688,#7689,#7690,#7691,#7692,#7693,#7694,#7695,#7696,#7697,#7698,#7699),.UNSPECIFIED.,.F.,.F.,(4,3,3,3,4),(0.000207579,0.000302353,0.000397127,0.000491901,0.000586674),.UNSPECIFIED.);
#7701=EDGE_CURVE('',#3947,#7686,#7700,.T.);
#7702=ORIENTED_EDGE('',*,*,#7701,.T.);
#7703=CARTESIAN_POINT('',(8.671305333,22.571464793,9.45310912));
#7704=CARTESIAN_POINT('',(8.67525131,22.594445383,9.475487865));
#7705=CARTESIAN_POINT('',(8.682614867,22.616345866,9.496179585));
#7706=CARTESIAN_POINT('',(8.693748204,22.638066821,9.516068944));
#7707=CARTESIAN_POINT('',(8.704881542,22.659787776,9.535958303));
#7708=CARTESIAN_POINT('',(8.719947802,22.681174265,9.554863371));
#7709=CARTESIAN_POINT('',(8.739051452,22.70046476,9.571033905));
#7710=CARTESIAN_POINT('',(8.758155103,22.719755255,9.58720444));
#7711=CARTESIAN_POINT('',(8.781655817,22.73735686,9.600992641));
#7712=CARTESIAN_POINT('',(8.809508325,22.750429241,9.60955331));
#7713=CARTESIAN_POINT('',(8.837360832,22.763501622,9.618113979));
#7714=CARTESIAN_POINT('',(8.869565203,22.771464772,9.620866309));
#7715=CARTESIAN_POINT('',(8.900807149,22.771464793,9.615714558));
#7716=B_SPLINE_CURVE_WITH_KNOTS('',3,(#7703,#7704,#7705,#7706,#7707,#7708,#7709,#7710,#7711,#7712,#7713,#7714,#7715),.UNSPECIFIED.,.F.,.F.,(4,3,3,3,4),(-0.000002828,0.000091422,0.000185673,0.000279924,0.000374174),.UNSPECIFIED.);
#7717=EDGE_CURVE('',#7686,#3913,#7716,.T.);
#7718=ORIENTED_EDGE('',*,*,#7717,.T.);
#7719=ORIENTED_EDGE('',*,*,#3919,.F.);
#7720=CARTESIAN_POINT('',(8.77156823,22.571464793,10.214681427));
#7721=VERTEX_POINT('',#7720);
#7722=CARTESIAN_POINT('',(8.951164577,22.771464793,9.998217194));
#7723=CARTESIAN_POINT('',(8.91938671,22.77146479,10.001353355));
#7724=CARTESIAN_POINT('',(8.889235786,22.763498418,10.012326193));
#7725=CARTESIAN_POINT('',(8.864526531,22.75040551,10.027826472));
#7726=CARTESIAN_POINT('',(8.839817277,22.737312602,10.043326752));
#7727=CARTESIAN_POINT('',(8.820757943,22.719756634,10.062674963));
#7728=CARTESIAN_POINT('',(8.806501097,22.700486825,10.083217323));
#7729=CARTESIAN_POINT('',(8.777987405,22.661947206,10.124302044));
#7730=CARTESIAN_POINT('',(8.767665993,22.616745833,10.170078664));
#7731=CARTESIAN_POINT('',(8.77156823,22.571464793,10.214681427));
#7732=B_SPLINE_CURVE_WITH_KNOTS('',3,(#7722,#7723,#7724,#7725,#7726,#7727,#7728,#7729,#7730,#7731),.UNSPECIFIED.,.F.,.F.,(4,3,3,4),(0.000054666,0.000149653,0.000244641,0.000434616),.UNSPECIFIED.);
#7733=EDGE_CURVE('',#3905,#7721,#7732,.T.);
#7734=ORIENTED_EDGE('',*,*,#7733,.T.);
#7735=CARTESIAN_POINT('',(8.77156823,22.571464793,10.214681427));
#7736=CARTESIAN_POINT('',(8.773548945,22.594447592,10.237321105));
#7737=CARTESIAN_POINT('',(8.779081937,22.616350143,10.25857784));
#7738=CARTESIAN_POINT('',(8.788441088,22.638073087,10.27936369));
#7739=CARTESIAN_POINT('',(8.797800239,22.65979603,10.30014954));
#7740=CARTESIAN_POINT('',(8.811163877,22.68118425,10.320297313));
#7741=CARTESIAN_POINT('',(8.828788899,22.700475889,10.33807219));
#7742=CARTESIAN_POINT('',(8.846413921,22.719767528,10.355847068));
#7743=CARTESIAN_POINT('',(8.868627581,22.737369426,10.371631024));
#7744=CARTESIAN_POINT('',(8.895633675,22.750440553,10.382584964));
#7745=CARTESIAN_POINT('',(8.922639768,22.763511679,10.393538904));
#7746=CARTESIAN_POINT('',(8.95451303,22.771464766,10.399075128));
#7747=CARTESIAN_POINT('',(8.986024724,22.771464793,10.396670503));
#7748=B_SPLINE_CURVE_WITH_KNOTS('',3,(#7735,#7736,#7737,#7738,#7739,#7740,#7741,#7742,#7743,#7744,#7745,#7746,#7747),.UNSPECIFIED.,.F.,.F.,(4,3,3,3,4),(-0.000002828,0.000091431,0.000185691,0.000279951,0.00037421),.UNSPECIFIED.);
#7749=EDGE_CURVE('',#7721,#3619,#7748,.T.);
#7750=ORIENTED_EDGE('',*,*,#7749,.T.);
#7751=ORIENTED_EDGE('',*,*,#3625,.F.);
#7752=CARTESIAN_POINT('',(8.805074195,22.571464793,10.982094208));
#7753=VERTEX_POINT('',#7752);
#7754=CARTESIAN_POINT('',(9.002853225,22.771464793,10.78210654));
#7755=CARTESIAN_POINT('',(8.970831259,22.771464792,10.782462161));
#7756=CARTESIAN_POINT('',(8.940017864,22.763512531,10.790749253));
#7757=CARTESIAN_POINT('',(8.914125166,22.750486558,10.803969886));
#7758=CARTESIAN_POINT('',(8.888232467,22.737460585,10.81719052));
#7759=CARTESIAN_POINT('',(8.86748737,22.719928412,10.834781655));
#7760=CARTESIAN_POINT('',(8.85140809,22.700578466,10.854083552));
#7761=CARTESIAN_POINT('',(8.819249531,22.661878575,10.892687345));
#7762=CARTESIAN_POINT('',(8.805074195,22.616735862,10.937330929));
#7763=CARTESIAN_POINT('',(8.805074195,22.571464793,10.982094208));
#7764=B_SPLINE_CURVE_WITH_KNOTS('',3,(#7754,#7755,#7756,#7757,#7758,#7759,#7760,#7761,#7762,#7763),.UNSPECIFIED.,.F.,.F.,(4,3,3,4),(0.000002383,0.000097101,0.000191819,0.000381254),.UNSPECIFIED.);
#7765=EDGE_CURVE('',#3611,#7753,#7764,.T.);
#7766=ORIENTED_EDGE('',*,*,#7765,.T.);
#7767=CARTESIAN_POINT('',(8.805074195,22.571464793,10.982094208));
#7768=CARTESIAN_POINT('',(8.805074195,22.594430907,11.004803867));
#7769=CARTESIAN_POINT('',(8.808728336,22.616317848,11.02644651));
#7770=CARTESIAN_POINT('',(8.816229062,22.638025774,11.047954026));
#7771=CARTESIAN_POINT('',(8.823729788,22.659733699,11.069461541));
#7772=CARTESIAN_POINT('',(8.835269578,22.681108851,11.090684254));
#7773=CARTESIAN_POINT('',(8.851253204,22.700391843,11.109918708));
#7774=CARTESIAN_POINT('',(8.867236831,22.719674836,11.129153161));
#7775=CARTESIAN_POINT('',(8.8879595,22.737274509,11.146810387));
#7776=CARTESIAN_POINT('',(8.91386431,22.750355084,11.160085098));
#7777=CARTESIAN_POINT('',(8.93976912,22.763435659,11.173359808));
#7778=CARTESIAN_POINT('',(8.970788595,22.771464793,11.181725781));
#7779=CARTESIAN_POINT('',(9.002853225,22.771464793,11.182081876));
#7780=B_SPLINE_CURVE_WITH_KNOTS('',3,(#7767,#7768,#7769,#7770,#7771,#7772,#7773,#7774,#7775,#7776,#7777,#7778,#7779),.UNSPECIFIED.,.F.,.F.,(4,3,3,3,4),(-0.000002828,0.000091363,0.000185554,0.000279745,0.000373937),.UNSPECIFIED.);
#7781=EDGE_CURVE('',#7753,#3644,#7780,.T.);
#7782=ORIENTED_EDGE('',*,*,#7781,.T.);
#7783=ORIENTED_EDGE('',*,*,#3650,.F.);
#7784=CARTESIAN_POINT('',(8.77156823,22.571464793,11.749506989));
#7785=VERTEX_POINT('',#7784);
#7786=CARTESIAN_POINT('',(8.986024724,22.771464793,11.567517913));
#7787=CARTESIAN_POINT('',(8.954428638,22.771464773,11.565106848));
#7788=CARTESIAN_POINT('',(8.922351756,22.763398263,11.570740622));
#7789=CARTESIAN_POINT('',(8.895481244,22.750366702,11.581665353));
#7790=CARTESIAN_POINT('',(8.868610733,22.73733514,11.592590083));
#7791=CARTESIAN_POINT('',(8.846317404,22.719678186,11.60842261));
#7792=CARTESIAN_POINT('',(8.828725098,22.700406026,11.626180598));
#7793=CARTESIAN_POINT('',(8.811132792,22.681133866,11.643938585));
#7794=CARTESIAN_POINT('',(8.797761779,22.659717727,11.664113458));
#7795=CARTESIAN_POINT('',(8.78842505,22.638035854,11.684860353));
#7796=CARTESIAN_POINT('',(8.779088322,22.616353981,11.705607248));
#7797=CARTESIAN_POINT('',(8.773520816,22.594122347,11.727188829));
#7798=CARTESIAN_POINT('',(8.77156823,22.571464793,11.749506989));
#7799=B_SPLINE_CURVE_WITH_KNOTS('',3,(#7786,#7787,#7788,#7789,#7790,#7791,#7792,#7793,#7794,#7795,#7796,#7797,#7798),.UNSPECIFIED.,.F.,.F.,(4,3,3,3,4),(0.000019303,0.000114281,0.000209258,0.000304236,0.000399214),.UNSPECIFIED.);
#7800=EDGE_CURVE('',#3642,#7785,#7799,.T.);
#7801=ORIENTED_EDGE('',*,*,#7800,.T.);
#7802=CARTESIAN_POINT('',(8.77156823,22.571464793,11.749506989));
#7803=CARTESIAN_POINT('',(8.769587705,22.594445383,11.772144491));
#7804=CARTESIAN_POINT('',(8.771344944,22.616345866,11.794036986));
#7805=CARTESIAN_POINT('',(8.776951177,22.638066821,11.816130152));
#7806=CARTESIAN_POINT('',(8.78255741,22.659787776,11.838223317));
#7807=CARTESIAN_POINT('',(8.792217308,22.681174265,11.860383646));
#7808=CARTESIAN_POINT('',(8.806484775,22.70046476,11.880947571));
#7809=CARTESIAN_POINT('',(8.820752242,22.719755255,11.901511497));
#7810=CARTESIAN_POINT('',(8.83988354,22.73735686,11.920912309));
#7811=CARTESIAN_POINT('',(8.864571332,22.750429241,11.93639004));
#7812=CARTESIAN_POINT('',(8.889259124,22.763501622,11.95186777));
#7813=CARTESIAN_POINT('',(8.919653803,22.771464772,11.962861421));
#7814=CARTESIAN_POINT('',(8.951164577,22.771464793,11.965971222));
#7815=B_SPLINE_CURVE_WITH_KNOTS('',3,(#7802,#7803,#7804,#7805,#7806,#7807,#7808,#7809,#7810,#7811,#7812,#7813,#7814),.UNSPECIFIED.,.F.,.F.,(4,3,3,3,4),(-0.000002828,0.000091422,0.000185673,0.000279924,0.000374174),.UNSPECIFIED.);
#7816=EDGE_CURVE('',#7785,#3770,#7815,.T.);
#7817=ORIENTED_EDGE('',*,*,#7816,.T.);
#7818=ORIENTED_EDGE('',*,*,#3776,.F.);
#7819=CARTESIAN_POINT('',(8.671305333,22.571464793,12.511079296));
#7820=VERTEX_POINT('',#7819);
#7821=CARTESIAN_POINT('',(8.900807149,22.771464793,12.348473859));
#7822=CARTESIAN_POINT('',(8.869411039,22.771464784,12.343296686));
#7823=CARTESIAN_POINT('',(8.837276989,22.763471611,12.346090866));
#7824=CARTESIAN_POINT('',(8.809449653,22.750401694,12.354653149));
#7825=CARTESIAN_POINT('',(8.781622317,22.737331776,12.363215432));
#7826=CARTESIAN_POINT('',(8.758143761,22.719741164,12.37699621));
#7827=CARTESIAN_POINT('',(8.739063833,22.700477261,12.393144032));
#7828=CARTESIAN_POINT('',(8.719983906,22.681213358,12.409291854));
#7829=CARTESIAN_POINT('',(8.704948165,22.659900274,12.428128563));
#7830=CARTESIAN_POINT('',(8.693784616,22.63813783,12.448054453));
#7831=CARTESIAN_POINT('',(8.682621066,22.616375386,12.467980344));
#7832=CARTESIAN_POINT('',(8.675193735,22.594111222,12.489027076));
#7833=CARTESIAN_POINT('',(8.671305333,22.571464793,12.511079296));
#7834=B_SPLINE_CURVE_WITH_KNOTS('',3,(#7821,#7822,#7823,#7824,#7825,#7826,#7827,#7828,#7829,#7830,#7831,#7832,#7833),.UNSPECIFIED.,.F.,.F.,(4,3,3,3,4),(0.000123913,0.000218935,0.000313956,0.000408977,0.000503998),.UNSPECIFIED.);
#7835=EDGE_CURVE('',#3768,#7820,#7834,.T.);
#7836=ORIENTED_EDGE('',*,*,#7835,.T.);
#7837=CARTESIAN_POINT('',(8.671305333,22.571464793,12.511079296));
#7838=CARTESIAN_POINT('',(8.667359357,22.594445383,12.533458042));
#7839=CARTESIAN_POINT('',(8.667201852,22.616345866,12.555420382));
#7840=CARTESIAN_POINT('',(8.670861206,22.638066821,12.577918092));
#7841=CARTESIAN_POINT('',(8.674520559,22.659787776,12.600415802));
#7842=CARTESIAN_POINT('',(8.682212299,22.681174265,12.623333719));
#7843=CARTESIAN_POINT('',(8.694633209,22.70046476,12.645062885));
#7844=CARTESIAN_POINT('',(8.70705412,22.719755255,12.66679205));
#7845=CARTESIAN_POINT('',(8.724421725,22.73735686,12.687786438));
#7846=CARTESIAN_POINT('',(8.7476666,22.750429241,12.705356954));
#7847=CARTESIAN_POINT('',(8.770911475,22.763501622,12.722927471));
#7848=CARTESIAN_POINT('',(8.800232332,22.771464772,12.736528358));
#7849=CARTESIAN_POINT('',(8.831352161,22.771464793,12.74237267));
#7850=B_SPLINE_CURVE_WITH_KNOTS('',3,(#7837,#7838,#7839,#7840,#7841,#7842,#7843,#7844,#7845,#7846,#7847,#7848,#7849),.UNSPECIFIED.,.F.,.F.,(4,3,3,3,4),(-0.000002828,0.000091422,0.000185673,0.000279924,0.000374174),.UNSPECIFIED.);
#7851=EDGE_CURVE('',#7820,#3745,#7850,.T.);
#7852=ORIENTED_EDGE('',*,*,#7851,.T.);
#7853=ORIENTED_EDGE('',*,*,#3751,.F.);
#7854=CARTESIAN_POINT('',(8.505048567,22.571464793,13.261015103));
#7855=VERTEX_POINT('',#7854);
#7856=CARTESIAN_POINT('',(8.747849058,22.771464793,13.11903083));
#7857=CARTESIAN_POINT('',(8.717241543,22.771464774,13.111192807));
#7858=CARTESIAN_POINT('',(8.684701704,22.763427247,13.111148206));
#7859=CARTESIAN_POINT('',(8.656393166,22.75044415,13.117204458));
#7860=CARTESIAN_POINT('',(8.628084628,22.737461053,13.12326071));
#7861=CARTESIAN_POINT('',(8.60358011,22.720036082,13.134796114));
#7862=CARTESIAN_POINT('',(8.58295282,22.700595009,13.149346017));
#7863=CARTESIAN_POINT('',(8.541698239,22.661712864,13.178445825));
#7864=CARTESIAN_POINT('',(8.516626085,22.616704323,13.217807219));
#7865=CARTESIAN_POINT('',(8.505048567,22.571464793,13.261015103));
#7866=B_SPLINE_CURVE_WITH_KNOTS('',3,(#7856,#7857,#7858,#7859,#7860,#7861,#7862,#7863,#7864,#7865),.UNSPECIFIED.,.F.,.F.,(4,3,3,4),(0.000377691,0.000471712,0.000565734,0.000753776),.UNSPECIFIED.);
#7867=EDGE_CURVE('',#3737,#7855,#7866,.T.);
#7868=ORIENTED_EDGE('',*,*,#7867,.T.);
#7869=CARTESIAN_POINT('',(8.505048567,22.571464793,13.261015103));
#7870=CARTESIAN_POINT('',(8.49916717,22.594445383,13.282964776));
#7871=CARTESIAN_POINT('',(8.497096121,22.616345866,13.304829816));
#7872=CARTESIAN_POINT('',(8.498780745,22.638066821,13.327560849));
#7873=CARTESIAN_POINT('',(8.500465369,22.659787776,13.350291882));
#7874=CARTESIAN_POINT('',(8.506130411,22.681174265,13.373792969));
#7875=CARTESIAN_POINT('',(8.516610235,22.70046476,13.396522002));
#7876=CARTESIAN_POINT('',(8.527090059,22.719755255,13.419251035));
#7877=CARTESIAN_POINT('',(8.542561793,22.73735686,13.44167922));
#7878=CARTESIAN_POINT('',(8.564186843,22.750429241,13.461208799));
#7879=CARTESIAN_POINT('',(8.585811892,22.763501622,13.480738379));
#7880=CARTESIAN_POINT('',(8.61383578,22.771464772,13.496842991));
#7881=CARTESIAN_POINT('',(8.644327823,22.771464793,13.505377336));
#7882=B_SPLINE_CURVE_WITH_KNOTS('',3,(#7869,#7870,#7871,#7872,#7873,#7874,#7875,#7876,#7877,#7878,#7879,#7880,#7881),.UNSPECIFIED.,.F.,.F.,(4,3,3,3,4),(-0.000002828,0.000091422,0.000185673,0.000279924,0.000374174),.UNSPECIFIED.);
#7883=EDGE_CURVE('',#7855,#3703,#7882,.T.);
#7884=ORIENTED_EDGE('',*,*,#7883,.T.);
#7885=ORIENTED_EDGE('',*,*,#3709,.F.);
#7886=CARTESIAN_POINT('',(8.274063247,22.571464793,13.993606946));
#7887=VERTEX_POINT('',#7886);
#7888=CARTESIAN_POINT('',(8.528314552,22.771464793,13.873324423));
#7889=CARTESIAN_POINT('',(8.498506637,22.771464774,13.862848605));
#7890=CARTESIAN_POINT('',(8.46609451,22.763427247,13.859968141));
#7891=CARTESIAN_POINT('',(8.437365857,22.75044415,13.863534095));
#7892=CARTESIAN_POINT('',(8.408637205,22.737461053,13.86710005));
#7893=CARTESIAN_POINT('',(8.383220557,22.720036082,13.876455848));
#7894=CARTESIAN_POINT('',(8.361403652,22.700595009,13.889152598));
#7895=CARTESIAN_POINT('',(8.317769842,22.661712864,13.914546099));
#7896=CARTESIAN_POINT('',(8.289362524,22.616704323,13.951572528));
#7897=CARTESIAN_POINT('',(8.274063247,22.571464793,13.993606946));
#7898=B_SPLINE_CURVE_WITH_KNOTS('',3,(#7888,#7889,#7890,#7891,#7892,#7893,#7894,#7895,#7896,#7897),.UNSPECIFIED.,.F.,.F.,(4,3,3,4),(0.000377691,0.000471712,0.000565734,0.000753776),.UNSPECIFIED.);
#7899=EDGE_CURVE('',#3695,#7887,#7898,.T.);
#7900=ORIENTED_EDGE('',*,*,#7899,.T.);
#7901=CARTESIAN_POINT('',(8.274063247,22.571464793,13.993606946));
#7902=CARTESIAN_POINT('',(8.26629119,22.594445383,14.014960496));
#7903=CARTESIAN_POINT('',(8.262322358,22.616345866,14.03656183));
#7904=CARTESIAN_POINT('',(8.262019431,22.638066821,14.059353189));
#7905=CARTESIAN_POINT('',(8.261716505,22.659787776,14.082144548));
#7906=CARTESIAN_POINT('',(8.265311735,22.681174265,14.106049947));
#7907=CARTESIAN_POINT('',(8.273770714,22.70046476,14.129605866));
#7908=CARTESIAN_POINT('',(8.282229693,22.719755255,14.153161785));
#7909=CARTESIAN_POINT('',(8.295687808,22.73735686,14.176853074));
#7910=CARTESIAN_POINT('',(8.315528453,22.750429241,14.198193085));
#7911=CARTESIAN_POINT('',(8.335369097,22.763501622,14.219533096));
#7912=CARTESIAN_POINT('',(8.361882736,22.771464772,14.238018868));
#7913=CARTESIAN_POINT('',(8.391514931,22.771464793,14.249178294));
#7914=B_SPLINE_CURVE_WITH_KNOTS('',3,(#7901,#7902,#7903,#7904,#7905,#7906,#7907,#7908,#7909,#7910,#7911,#7912,#7913),.UNSPECIFIED.,.F.,.F.,(4,3,3,3,4),(-0.000002828,0.000091422,0.000185673,0.000279924,0.000374174),.UNSPECIFIED.);
#7915=EDGE_CURVE('',#7887,#3577,#7914,.T.);
#7916=ORIENTED_EDGE('',*,*,#7915,.T.);
#7917=ORIENTED_EDGE('',*,*,#3583,.F.);
#7918=CARTESIAN_POINT('',(7.980107308,22.571464793,14.703279359));
#7919=VERTEX_POINT('',#7918);
#7920=CARTESIAN_POINT('',(8.243874424,22.771464793,14.605614008));
#7921=CARTESIAN_POINT('',(8.215092964,22.771464774,14.592580123));
#7922=CARTESIAN_POINT('',(8.183055224,22.763427247,14.586885717));
#7923=CARTESIAN_POINT('',(8.154125099,22.75044415,14.587934235));
#7924=CARTESIAN_POINT('',(8.125194975,22.737461053,14.588982753));
#7925=CARTESIAN_POINT('',(8.099059633,22.720036082,14.596087742));
#7926=CARTESIAN_POINT('',(8.076219154,22.700595009,14.606834709));
#7927=CARTESIAN_POINT('',(8.030538194,22.661712864,14.628328642));
#7928=CARTESIAN_POINT('',(7.999011908,22.616704323,14.662738314));
#7929=CARTESIAN_POINT('',(7.980107308,22.571464793,14.703279359));
#7930=B_SPLINE_CURVE_WITH_KNOTS('',3,(#7920,#7921,#7922,#7923,#7924,#7925,#7926,#7927,#7928,#7929),.UNSPECIFIED.,.F.,.F.,(4,3,3,4),(0.000377691,0.000471712,0.000565734,0.000753776),.UNSPECIFIED.);
#7931=EDGE_CURVE('',#3569,#7919,#7930,.T.);
#7932=ORIENTED_EDGE('',*,*,#7931,.T.);
#7933=CARTESIAN_POINT('',(7.980107308,22.571464793,14.703279359));
#7934=CARTESIAN_POINT('',(7.970503742,22.594445383,14.723874273));
#7935=CARTESIAN_POINT('',(7.964667332,22.616345866,14.7450475));
#7936=CARTESIAN_POINT('',(7.962379161,22.638066821,14.767725729));
#7937=CARTESIAN_POINT('',(7.960090989,22.659787776,14.790403958));
#7938=CARTESIAN_POINT('',(7.961589046,22.681174265,14.814531736));
#7939=CARTESIAN_POINT('',(7.967962802,22.70046476,14.838735266));
#7940=CARTESIAN_POINT('',(7.974336559,22.719755255,14.862938796));
#7941=CARTESIAN_POINT('',(7.98567863,22.73735686,14.887712885));
#7942=CARTESIAN_POINT('',(8.00358387,22.750429241,14.910700916));
#7943=CARTESIAN_POINT('',(8.021489111,22.763501622,14.933688948));
#7944=CARTESIAN_POINT('',(8.046290716,22.771464772,14.954415193));
#7945=CARTESIAN_POINT('',(8.074837543,22.771464793,14.968114769));
#7946=B_SPLINE_CURVE_WITH_KNOTS('',3,(#7933,#7934,#7935,#7936,#7937,#7938,#7939,#7940,#7941,#7942,#7943,#7944,#7945),.UNSPECIFIED.,.F.,.F.,(4,3,3,3,4),(-0.000002828,0.000091422,0.000185673,0.000279924,0.000374174),.UNSPECIFIED.);
#7947=EDGE_CURVE('',#7919,#3535,#7946,.T.);
#7948=ORIENTED_EDGE('',*,*,#7947,.T.);
#7949=ORIENTED_EDGE('',*,*,#3541,.F.);
#7950=CARTESIAN_POINT('',(7.625417935,22.571464793,15.384631306));
#7951=VERTEX_POINT('',#7950);
#7952=CARTESIAN_POINT('',(7.896693433,22.771464793,15.31032642));
#7953=CARTESIAN_POINT('',(7.869157474,22.771464774,15.294833663));
#7954=CARTESIAN_POINT('',(7.837737947,22.763427247,15.286368653));
#7955=CARTESIAN_POINT('',(7.808826526,22.75044415,15.284891754));
#7956=CARTESIAN_POINT('',(7.779915105,22.737461053,15.283414856));
#7957=CARTESIAN_POINT('',(7.753259975,22.720036082,15.288214963));
#7958=CARTESIAN_POINT('',(7.729569751,22.700595009,15.296930356));
#7959=CARTESIAN_POINT('',(7.682189302,22.661712864,15.31436114));
#7960=CARTESIAN_POINT('',(7.647783982,22.616704323,15.345892176));
#7961=CARTESIAN_POINT('',(7.625417935,22.571464793,15.384631306));
#7962=B_SPLINE_CURVE_WITH_KNOTS('',3,(#7952,#7953,#7954,#7955,#7956,#7957,#7958,#7959,#7960,#7961),.UNSPECIFIED.,.F.,.F.,(4,3,3,4),(0.000377691,0.000471712,0.000565734,0.000753776),.UNSPECIFIED.);
#7963=EDGE_CURVE('',#3527,#7951,#7962,.T.);
#7964=ORIENTED_EDGE('',*,*,#7963,.T.);
#7965=CARTESIAN_POINT('',(7.625417935,22.571464793,15.384631306));
#7966=CARTESIAN_POINT('',(7.614055948,22.594445383,15.404310844));
#7967=CARTESIAN_POINT('',(7.60639638,22.616345866,15.424894824));
#7968=CARTESIAN_POINT('',(7.602140377,22.638066821,15.447287328));
#7969=CARTESIAN_POINT('',(7.597884375,22.659787776,15.469679833));
#7970=CARTESIAN_POINT('',(7.597273856,22.681174265,15.49384636));
#7971=CARTESIAN_POINT('',(7.601513882,22.70046476,15.518513298));
#7972=CARTESIAN_POINT('',(7.605753908,22.719755255,15.543180236));
#7973=CARTESIAN_POINT('',(7.614893615,22.73735686,15.568848579));
#7974=CARTESIAN_POINT('',(7.630727182,22.750429241,15.593309679));
#7975=CARTESIAN_POINT('',(7.646560748,22.763501622,15.617770779));
#7976=CARTESIAN_POINT('',(7.669461565,22.771464772,15.640579756));
#7977=CARTESIAN_POINT('',(7.696705766,22.771464793,15.656715221));
#7978=B_SPLINE_CURVE_WITH_KNOTS('',3,(#7965,#7966,#7967,#7968,#7969,#7970,#7971,#7972,#7973,#7974,#7975,#7976,#7977),.UNSPECIFIED.,.F.,.F.,(4,3,3,3,4),(-0.000002828,0.000091422,0.000185673,0.000279924,0.000374174),.UNSPECIFIED.);
#7979=EDGE_CURVE('',#7951,#3493,#7978,.T.);
#7980=ORIENTED_EDGE('',*,*,#7979,.T.);
#7981=ORIENTED_EDGE('',*,*,#3499,.F.);
#7982=CARTESIAN_POINT('',(7.212694527,22.571464793,16.032477287));
#7983=VERTEX_POINT('',#7982);
#7984=CARTESIAN_POINT('',(7.489413838,22.771464793,15.982098371));
#7985=CARTESIAN_POINT('',(7.463332943,22.771464774,15.964264652));
#7986=CARTESIAN_POINT('',(7.432770751,22.763427247,15.953093461));
#7987=CARTESIAN_POINT('',(7.404098067,22.75044415,15.949102386));
#7988=CARTESIAN_POINT('',(7.375425383,22.737461053,15.945111312));
#7989=CARTESIAN_POINT('',(7.348453328,22.720036082,15.947570006));
#7990=CARTESIAN_POINT('',(7.324093655,22.700595009,15.954187494));
#7991=CARTESIAN_POINT('',(7.27537431,22.661712864,15.967422471));
#7992=CARTESIAN_POINT('',(7.238351802,22.616704323,15.995834901));
#7993=CARTESIAN_POINT('',(7.212694527,22.571464793,16.032477287));
#7994=B_SPLINE_CURVE_WITH_KNOTS('',3,(#7984,#7985,#7986,#7987,#7988,#7989,#7990,#7991,#7992,#7993),.UNSPECIFIED.,.F.,.F.,(4,3,3,4),(0.000377691,0.000471712,0.000565734,0.000753776),.UNSPECIFIED.);
#7995=EDGE_CURVE('',#3485,#7983,#7994,.T.);
#7996=ORIENTED_EDGE('',*,*,#7995,.T.);
#7997=CARTESIAN_POINT('',(7.212694527,22.571464793,16.032477287));
#7998=CARTESIAN_POINT('',(7.199660591,22.594445383,16.051091676));
#7999=CARTESIAN_POINT('',(7.190236157,22.616345866,16.070929752));
#8000=CARTESIAN_POINT('',(7.184044715,22.638066821,16.092866111));
#8001=CARTESIAN_POINT('',(7.177853273,22.659787776,16.11480247));
#8002=CARTESIAN_POINT('',(7.175138826,22.681174265,16.138823827));
#8003=CARTESIAN_POINT('',(7.177212852,22.70046476,16.163766443));
#8004=CARTESIAN_POINT('',(7.179286878,22.719755255,16.188709058));
#8005=CARTESIAN_POINT('',(7.186154662,22.73735686,16.215076303));
#8006=CARTESIAN_POINT('',(7.199796052,22.750429241,16.240824307));
#8007=CARTESIAN_POINT('',(7.213437441,22.763501622,16.266572311));
#8008=CARTESIAN_POINT('',(7.23426318,22.771464772,16.291290431));
#8009=CARTESIAN_POINT('',(7.25999741,22.771464793,16.309738985));
#8010=B_SPLINE_CURVE_WITH_KNOTS('',3,(#7997,#7998,#7999,#8000,#8001,#8002,#8003,#8004,#8005,#8006,#8007,#8008,#8009),.UNSPECIFIED.,.F.,.F.,(4,3,3,3,4),(-0.000002828,0.000091422,0.000185673,0.000279924,0.000374174),.UNSPECIFIED.);
#8011=EDGE_CURVE('',#7983,#3451,#8010,.T.);
#8012=ORIENTED_EDGE('',*,*,#8011,.T.);
#8013=ORIENTED_EDGE('',*,*,#3457,.F.);
#8014=CARTESIAN_POINT('',(6.745078158,22.571464793,16.641886803));
#8015=VERTEX_POINT('',#8014);
#8016=CARTESIAN_POINT('',(7.02513528,22.771464793,16.615817271));
#8017=CARTESIAN_POINT('',(7.000707943,22.771464774,16.595778315));
#8018=CARTESIAN_POINT('',(6.971235683,22.763427247,16.581985964));
#8019=CARTESIAN_POINT('',(6.943019952,22.75044415,16.575511087));
#8020=CARTESIAN_POINT('',(6.914804221,22.737461053,16.56903621));
#8021=CARTESIAN_POINT('',(6.887720513,22.720036082,16.569134779));
#8022=CARTESIAN_POINT('',(6.862876784,22.700595009,16.573604001));
#8023=CARTESIAN_POINT('',(6.813189326,22.661712864,16.582542444));
#8024=CARTESIAN_POINT('',(6.773831394,22.616704323,16.607620031));
#8025=CARTESIAN_POINT('',(6.745078158,22.571464793,16.641886803));
#8026=B_SPLINE_CURVE_WITH_KNOTS('',3,(#8016,#8017,#8018,#8019,#8020,#8021,#8022,#8023,#8024,#8025),.UNSPECIFIED.,.F.,.F.,(4,3,3,4),(0.000377691,0.000471712,0.000565734,0.000753776),.UNSPECIFIED.);
#8027=EDGE_CURVE('',#3443,#8015,#8026,.T.);
#8028=ORIENTED_EDGE('',*,*,#8027,.T.);
#8029=CARTESIAN_POINT('',(6.745078158,22.571464793,16.641886803));
#8030=CARTESIAN_POINT('',(6.73047147,22.594445383,16.659294377));
#8031=CARTESIAN_POINT('',(6.719353896,22.616345866,16.67823557));
#8032=CARTESIAN_POINT('',(6.711274135,22.638066821,16.699548834));
#8033=CARTESIAN_POINT('',(6.703194373,22.659787776,16.720862099));
#8034=CARTESIAN_POINT('',(6.698396656,22.681174265,16.744555468));
#8035=CARTESIAN_POINT('',(6.698288898,22.70046476,16.769583932));
#8036=CARTESIAN_POINT('',(6.698181139,22.719755255,16.794612397));
#8037=CARTESIAN_POINT('',(6.702724732,22.73735686,16.821477873));
#8038=CARTESIAN_POINT('',(6.714070126,22.750429241,16.848316824));
#8039=CARTESIAN_POINT('',(6.72541552,22.763501622,16.875155775));
#8040=CARTESIAN_POINT('',(6.744007684,22.771464772,16.901594917));
#8041=CARTESIAN_POINT('',(6.76803609,22.771464793,16.922216155));
#8042=B_SPLINE_CURVE_WITH_KNOTS('',3,(#8029,#8030,#8031,#8032,#8033,#8034,#8035,#8036,#8037,#8038,#8039,#8040,#8041),.UNSPECIFIED.,.F.,.F.,(4,3,3,3,4),(-0.000002828,0.000091422,0.000185673,0.000279924,0.000374174),.UNSPECIFIED.);
#8043=EDGE_CURVE('',#8015,#3409,#8042,.T.);
#8044=ORIENTED_EDGE('',*,*,#8043,.T.);
#8045=ORIENTED_EDGE('',*,*,#3415,.F.);
#8046=CARTESIAN_POINT('',(6.226127672,22.571464793,17.20822188));
#8047=VERTEX_POINT('',#8046);
#8048=CARTESIAN_POINT('',(6.507391202,22.771464793,17.206660137));
#8049=CARTESIAN_POINT('',(6.484803328,22.771464774,17.184568453));
#8050=CARTESIAN_POINT('',(6.456645301,22.763427247,17.168259909));
#8051=CARTESIAN_POINT('',(6.429101262,22.75044415,17.159350508));
#8052=CARTESIAN_POINT('',(6.401557223,22.737461053,17.150441107));
#8053=CARTESIAN_POINT('',(6.374567986,22.720036082,17.1481788));
#8054=CARTESIAN_POINT('',(6.349429277,22.700595009,17.150465741));
#8055=CARTESIAN_POINT('',(6.299151858,22.661712864,17.155039624));
#8056=CARTESIAN_POINT('',(6.257758039,22.616704323,17.176591513));
#8057=CARTESIAN_POINT('',(6.226127672,22.571464793,17.20822188));
#8058=B_SPLINE_CURVE_WITH_KNOTS('',3,(#8048,#8049,#8050,#8051,#8052,#8053,#8054,#8055,#8056,#8057),.UNSPECIFIED.,.F.,.F.,(4,3,3,4),(0.000377691,0.000471712,0.000565734,0.000753776),.UNSPECIFIED.);
#8059=EDGE_CURVE('',#3401,#8047,#8058,.T.);
#8060=ORIENTED_EDGE('',*,*,#8059,.T.);
#8061=CARTESIAN_POINT('',(6.226127672,22.571464793,17.20822188));
#8062=CARTESIAN_POINT('',(6.210059396,22.594445383,17.224290156));
#8063=CARTESIAN_POINT('',(6.197333295,22.616345866,17.242190312));
#8064=CARTESIAN_POINT('',(6.187426706,22.638066821,17.262718275));
#8065=CARTESIAN_POINT('',(6.177520117,22.659787776,17.283246239));
#8066=CARTESIAN_POINT('',(6.170675643,22.681174265,17.306431299));
#8067=CARTESIAN_POINT('',(6.168386921,22.70046476,17.331355131));
#8068=CARTESIAN_POINT('',(6.166098198,22.719755255,17.356278963));
#8069=CARTESIAN_POINT('',(6.168283021,22.73735686,17.383438208));
#8070=CARTESIAN_POINT('',(6.177246073,22.750429241,17.411163844));
#8071=CARTESIAN_POINT('',(6.186209126,22.763501622,17.438889481));
#8072=CARTESIAN_POINT('',(6.202426218,22.771464772,17.466848429));
#8073=CARTESIAN_POINT('',(6.224565929,22.771464793,17.48948541));
#8074=B_SPLINE_CURVE_WITH_KNOTS('',3,(#8061,#8062,#8063,#8064,#8065,#8066,#8067,#8068,#8069,#8070,#8071,#8072,#8073),.UNSPECIFIED.,.F.,.F.,(4,3,3,3,4),(-0.000002828,0.000091422,0.000185673,0.000279924,0.000374174),.UNSPECIFIED.);
#8075=EDGE_CURVE('',#8047,#3367,#8074,.T.);
#8076=ORIENTED_EDGE('',*,*,#8075,.T.);
#8077=ORIENTED_EDGE('',*,*,#3373,.F.);
#8078=CARTESIAN_POINT('',(5.659792595,22.571464793,17.727172366));
#8079=VERTEX_POINT('',#8078);
#8080=CARTESIAN_POINT('',(5.940121947,22.771464793,17.750130298));
#8081=CARTESIAN_POINT('',(5.919545443,22.771464774,17.726154016));
#8082=CARTESIAN_POINT('',(5.89291595,22.763427247,17.707453397));
#8083=CARTESIAN_POINT('',(5.86625323,22.75044415,17.696177278));
#8084=CARTESIAN_POINT('',(5.83959051,22.737461053,17.684901159));
#8085=CARTESIAN_POINT('',(5.812901148,22.720036082,17.680295194));
#8086=CARTESIAN_POINT('',(5.787658779,22.700595009,17.68038245));
#8087=CARTESIAN_POINT('',(5.737174041,22.661712864,17.680556962));
#8088=CARTESIAN_POINT('',(5.694059367,22.616704323,17.698419131));
#8089=CARTESIAN_POINT('',(5.659792595,22.571464793,17.727172366));
#8090=B_SPLINE_CURVE_WITH_KNOTS('',3,(#8080,#8081,#8082,#8083,#8084,#8085,#8086,#8087,#8088,#8089),.UNSPECIFIED.,.F.,.F.,(4,3,3,4),(0.000377691,0.000471712,0.000565734,0.000753776),.UNSPECIFIED.);
#8091=EDGE_CURVE('',#3359,#8079,#8090,.T.);
#8092=ORIENTED_EDGE('',*,*,#8091,.T.);
#8093=CARTESIAN_POINT('',(5.659792595,22.571464793,17.727172366));
#8094=CARTESIAN_POINT('',(5.642385021,22.594445383,17.741779055));
#8095=CARTESIAN_POINT('',(5.628147245,22.616345866,17.758501942));
#8096=CARTESIAN_POINT('',(5.616489224,22.638066821,17.778088375));
#8097=CARTESIAN_POINT('',(5.604831202,22.659787776,17.797674807));
#8098=CARTESIAN_POINT('',(5.595992063,22.681174265,17.820175106));
#8099=CARTESIAN_POINT('',(5.591539795,22.70046476,17.84480462));
#8100=CARTESIAN_POINT('',(5.587087526,22.719755255,17.869434133));
#8101=CARTESIAN_POINT('',(5.586896951,22.73735686,17.896680449));
#8102=CARTESIAN_POINT('',(5.593409448,22.750429241,17.925081763));
#8103=CARTESIAN_POINT('',(5.599921944,22.763501622,17.953483077));
#8104=CARTESIAN_POINT('',(5.613640543,22.771464772,17.982749045));
#8105=CARTESIAN_POINT('',(5.633723063,22.771464793,18.007229488));
#8106=B_SPLINE_CURVE_WITH_KNOTS('',3,(#8093,#8094,#8095,#8096,#8097,#8098,#8099,#8100,#8101,#8102,#8103,#8104,#8105),.UNSPECIFIED.,.F.,.F.,(4,3,3,3,4),(-0.000002828,0.000091422,0.000185673,0.000279924,0.000374174),.UNSPECIFIED.);
#8107=EDGE_CURVE('',#8079,#3325,#8106,.T.);
#8108=ORIENTED_EDGE('',*,*,#8107,.T.);
#8109=ORIENTED_EDGE('',*,*,#3331,.F.);
#8110=CARTESIAN_POINT('',(5.050383079,22.571464793,18.194788735));
#8111=VERTEX_POINT('',#8110);
#8112=CARTESIAN_POINT('',(5.327644777,22.771464793,18.242091618));
#8113=CARTESIAN_POINT('',(5.309236244,22.771464774,18.216413213));
#8114=CARTESIAN_POINT('',(5.28433795,22.763427247,18.195462842));
#8115=CARTESIAN_POINT('',(5.258759468,22.75044415,18.181905823));
#8116=CARTESIAN_POINT('',(5.233180986,22.737461053,18.168348804));
#8117=CARTESIAN_POINT('',(5.206994622,22.720036082,18.161434234));
#8118=CARTESIAN_POINT('',(5.181840703,22.700595009,18.159321141));
#8119=CARTESIAN_POINT('',(5.131532865,22.661712864,18.155094953));
#8120=CARTESIAN_POINT('',(5.087025465,22.616704323,18.16913146));
#8121=CARTESIAN_POINT('',(5.050383079,22.571464793,18.194788735));
#8122=B_SPLINE_CURVE_WITH_KNOTS('',3,(#8112,#8113,#8114,#8115,#8116,#8117,#8118,#8119,#8120,#8121),.UNSPECIFIED.,.F.,.F.,(4,3,3,4),(0.000377691,0.000471712,0.000565734,0.000753776),.UNSPECIFIED.);
#8123=EDGE_CURVE('',#3317,#8111,#8122,.T.);
#8124=ORIENTED_EDGE('',*,*,#8123,.T.);
#8125=CARTESIAN_POINT('',(5.050383079,22.571464793,18.194788735));
#8126=CARTESIAN_POINT('',(5.031768689,22.594445383,18.207822671));
#8127=CARTESIAN_POINT('',(5.016127597,22.616345866,18.223241018));
#8128=CARTESIAN_POINT('',(5.002806867,22.638066821,18.241736855));
#8129=CARTESIAN_POINT('',(4.989486138,22.659787776,18.260232692));
#8130=CARTESIAN_POINT('',(4.978719604,22.681174265,18.281876988));
#8131=CARTESIAN_POINT('',(4.972137674,22.70046476,18.306024738));
#8132=CARTESIAN_POINT('',(4.965555744,22.719755255,18.330172489));
#8133=CARTESIAN_POINT('',(4.962991221,22.73735686,18.357298514));
#8134=CARTESIAN_POINT('',(4.967003599,22.750429241,18.386159354));
#8135=CARTESIAN_POINT('',(4.971015976,22.763501622,18.415020194));
#8136=CARTESIAN_POINT('',(4.982131674,22.771464772,18.445370451));
#8137=CARTESIAN_POINT('',(5.000004163,22.771464793,18.471508046));
#8138=B_SPLINE_CURVE_WITH_KNOTS('',3,(#8125,#8126,#8127,#8128,#8129,#8130,#8131,#8132,#8133,#8134,#8135,#8136,#8137),.UNSPECIFIED.,.F.,.F.,(4,3,3,3,4),(-0.000002828,0.000091422,0.000185673,0.000279924,0.000374174),.UNSPECIFIED.);
#8139=EDGE_CURVE('',#8111,#3283,#8138,.T.);
#8140=ORIENTED_EDGE('',*,*,#8139,.T.);
#8141=ORIENTED_EDGE('',*,*,#3289,.F.);
#8142=CARTESIAN_POINT('',(4.402537098,22.571464793,18.607512143));
#8143=VERTEX_POINT('',#8142);
#8144=CARTESIAN_POINT('',(4.674621013,22.771464793,18.678799974));
#8145=CARTESIAN_POINT('',(4.658520551,22.771464774,18.651614873));
#8146=CARTESIAN_POINT('',(4.635542948,22.763427247,18.628574195));
#8147=CARTESIAN_POINT('',(4.611243372,22.75044415,18.612839453));
#8148=CARTESIAN_POINT('',(4.586943796,22.737461053,18.597104711));
#8149=CARTESIAN_POINT('',(4.561459723,22.720036082,18.587934162));
#8150=CARTESIAN_POINT('',(4.536585691,22.700595009,18.583636801));
#8151=CARTESIAN_POINT('',(4.486837626,22.661712864,18.575042078));
#8152=CARTESIAN_POINT('',(4.441276227,22.616704323,18.585146096));
#8153=CARTESIAN_POINT('',(4.402537098,22.571464793,18.607512143));
#8154=B_SPLINE_CURVE_WITH_KNOTS('',3,(#8144,#8145,#8146,#8147,#8148,#8149,#8150,#8151,#8152,#8153),.UNSPECIFIED.,.F.,.F.,(4,3,3,4),(0.000377691,0.000471712,0.000565734,0.000753776),.UNSPECIFIED.);
#8155=EDGE_CURVE('',#3275,#8143,#8154,.T.);
#8156=ORIENTED_EDGE('',*,*,#8155,.T.);
#8157=CARTESIAN_POINT('',(4.402537098,22.571464793,18.607512143));
#8158=CARTESIAN_POINT('',(4.382857559,22.594445383,18.61887413));
#8159=CARTESIAN_POINT('',(4.365932188,22.616345866,18.632870595));
#8160=CARTESIAN_POINT('',(4.35105013,22.638066821,18.650135072));
#8161=CARTESIAN_POINT('',(4.336168071,22.659787776,18.667399548));
#8162=CARTESIAN_POINT('',(4.323556083,22.681174265,18.688023116));
#8163=CARTESIAN_POINT('',(4.314894584,22.70046476,18.711505324));
#8164=CARTESIAN_POINT('',(4.306233085,22.719755255,18.734987532));
#8165=CARTESIAN_POINT('',(4.301314132,22.73735686,18.761786822));
#8166=CARTESIAN_POINT('',(4.302795853,22.750429241,18.790887539));
#8167=CARTESIAN_POINT('',(4.304277574,22.763501622,18.819988256));
#8168=CARTESIAN_POINT('',(4.312705774,22.771464772,18.851191818));
#8169=CARTESIAN_POINT('',(4.328232212,22.771464793,18.878787641));
#8170=B_SPLINE_CURVE_WITH_KNOTS('',3,(#8157,#8158,#8159,#8160,#8161,#8162,#8163,#8164,#8165,#8166,#8167,#8168,#8169),.UNSPECIFIED.,.F.,.F.,(4,3,3,3,4),(-0.000002828,0.000091422,0.000185673,0.000279924,0.000374174),.UNSPECIFIED.);
#8171=EDGE_CURVE('',#8143,#2989,#8170,.T.);
#8172=ORIENTED_EDGE('',*,*,#8171,.T.);
#8173=ORIENTED_EDGE('',*,*,#2995,.F.);
#8174=CARTESIAN_POINT('',(3.721185151,22.571464793,18.962201517));
#8175=VERTEX_POINT('',#8174);
#8176=CARTESIAN_POINT('',(3.986020561,22.771464793,19.056931751));
#8177=CARTESIAN_POINT('',(3.972350704,22.771464774,19.02844685));
#8178=CARTESIAN_POINT('',(3.951468665,22.763427247,19.003491219));
#8179=CARTESIAN_POINT('',(3.928632929,22.75044415,18.985698505));
#8180=CARTESIAN_POINT('',(3.905797194,22.737461053,18.967905791));
#8181=CARTESIAN_POINT('',(3.881209361,22.720036082,18.956549055));
#8182=CARTESIAN_POINT('',(3.856804522,22.700595009,18.950100131));
#8183=CARTESIAN_POINT('',(3.807994843,22.661712864,18.937202285));
#8184=CARTESIAN_POINT('',(3.761726196,22.616704323,18.943296917));
#8185=CARTESIAN_POINT('',(3.721185151,22.571464793,18.962201517));
#8186=B_SPLINE_CURVE_WITH_KNOTS('',3,(#8176,#8177,#8178,#8179,#8180,#8181,#8182,#8183,#8184,#8185),.UNSPECIFIED.,.F.,.F.,(4,3,3,4),(0.000377691,0.000471712,0.000565734,0.000753776),.UNSPECIFIED.);
#8187=EDGE_CURVE('',#2981,#8175,#8186,.T.);
#8188=ORIENTED_EDGE('',*,*,#8187,.T.);
#8189=CARTESIAN_POINT('',(3.721185151,22.571464793,18.962201517));
#8190=CARTESIAN_POINT('',(3.700590237,22.594445383,18.971805083));
#8191=CARTESIAN_POINT('',(3.682509399,22.616345866,18.984273144));
#8192=CARTESIAN_POINT('',(3.666179273,22.638066821,19.000174867));
#8193=CARTESIAN_POINT('',(3.649849147,22.659787776,19.01607659));
#8194=CARTESIAN_POINT('',(3.635487689,22.681174265,19.035522472));
#8195=CARTESIAN_POINT('',(3.624812541,22.70046476,19.058160423));
#8196=CARTESIAN_POINT('',(3.614137392,22.719755255,19.080798375));
#8197=CARTESIAN_POINT('',(3.606901445,22.73735686,19.10706697));
#8198=CARTESIAN_POINT('',(3.605841233,22.750429241,19.136186091));
#8199=CARTESIAN_POINT('',(3.604781021,22.763501622,19.165305212));
#8200=CARTESIAN_POINT('',(3.61045758,22.771464772,19.197124601));
#8201=CARTESIAN_POINT('',(3.6235198,22.771464793,19.225968632));
#8202=B_SPLINE_CURVE_WITH_KNOTS('',3,(#8189,#8190,#8191,#8192,#8193,#8194,#8195,#8196,#8197,#8198,#8199,#8200,#8201),.UNSPECIFIED.,.F.,.F.,(4,3,3,3,4),(-0.000002828,0.000091422,0.000185673,0.000279924,0.000374174),.UNSPECIFIED.);
#8203=EDGE_CURVE('',#8175,#3014,#8202,.T.);
#8204=ORIENTED_EDGE('',*,*,#8203,.T.);
#8205=ORIENTED_EDGE('',*,*,#3020,.F.);
#8206=CARTESIAN_POINT('',(3.011512738,22.571464793,19.256157455));
#8207=VERTEX_POINT('',#8206);
#8208=CARTESIAN_POINT('',(3.267084086,22.771464793,19.373609139));
#8209=CARTESIAN_POINT('',(3.255948869,22.771464774,19.344041225));
#8210=CARTESIAN_POINT('',(3.237321319,22.763427247,19.317360568));
#8211=CARTESIAN_POINT('',(3.216123218,22.75044415,19.297645295));
#8212=CARTESIAN_POINT('',(3.194925116,22.737461053,19.277930022));
#8213=CARTESIAN_POINT('',(3.171420653,22.720036082,19.264473531));
#8214=CARTESIAN_POINT('',(3.147670742,22.700595009,19.255922126));
#8215=CARTESIAN_POINT('',(3.100170919,22.661712864,19.238819316));
#8216=CARTESIAN_POINT('',(3.053547157,22.616704323,19.240858178));
#8217=CARTESIAN_POINT('',(3.011512738,22.571464793,19.256157455));
#8218=B_SPLINE_CURVE_WITH_KNOTS('',3,(#8208,#8209,#8210,#8211,#8212,#8213,#8214,#8215,#8216,#8217),.UNSPECIFIED.,.F.,.F.,(4,3,3,4),(0.000377691,0.000471712,0.000565734,0.000753776),.UNSPECIFIED.);
#8219=EDGE_CURVE('',#3012,#8207,#8218,.T.);
#8220=ORIENTED_EDGE('',*,*,#8219,.T.);
#8221=CARTESIAN_POINT('',(3.011512738,22.571464793,19.256157455));
#8222=CARTESIAN_POINT('',(2.990159188,22.594445383,19.263929511));
#8223=CARTESIAN_POINT('',(2.971060491,22.616345866,19.274774279));
#8224=CARTESIAN_POINT('',(2.953406579,22.638066821,19.289192227));
#8225=CARTESIAN_POINT('',(2.935752668,22.659787776,19.303610175));
#8226=CARTESIAN_POINT('',(2.919751039,22.681174265,19.321730375));
#8227=CARTESIAN_POINT('',(2.907143485,22.70046476,19.343351782));
#8228=CARTESIAN_POINT('',(2.894535931,22.719755255,19.364973189));
#8229=CARTESIAN_POINT('',(2.88503806,22.73735686,19.39051117));
#8230=CARTESIAN_POINT('',(2.881443984,22.750429241,19.419427081));
#8231=CARTESIAN_POINT('',(2.877849908,22.763501622,19.448342991));
#8232=CARTESIAN_POINT('',(2.880731623,22.771464772,19.480536042));
#8233=CARTESIAN_POINT('',(2.891230215,22.771464793,19.510408761));
#8234=B_SPLINE_CURVE_WITH_KNOTS('',3,(#8221,#8222,#8223,#8224,#8225,#8226,#8227,#8228,#8229,#8230,#8231,#8232,#8233),.UNSPECIFIED.,.F.,.F.,(4,3,3,3,4),(-0.000002828,0.000091422,0.000185673,0.000279924,0.000374174),.UNSPECIFIED.);
#8235=EDGE_CURVE('',#8207,#3056,#8234,.T.);
#8236=ORIENTED_EDGE('',*,*,#8235,.T.);
#8237=ORIENTED_EDGE('',*,*,#3062,.F.);
#8238=CARTESIAN_POINT('',(2.278920895,22.571464793,19.487142776));
#8239=VERTEX_POINT('',#8238);
#8240=CARTESIAN_POINT('',(2.523283128,22.771464793,19.626422031));
#8241=CARTESIAN_POINT('',(2.514767298,22.771464774,19.595996134));
#8242=CARTESIAN_POINT('',(2.498536003,22.763427247,19.567793507));
#8243=CARTESIAN_POINT('',(2.479136866,22.75044415,19.54630572));
#8244=CARTESIAN_POINT('',(2.459737729,22.737461053,19.524817934));
#8245=CARTESIAN_POINT('',(2.437495518,22.720036082,19.5093641));
#8246=CARTESIAN_POINT('',(2.414581287,22.700595009,19.498775294));
#8247=CARTESIAN_POINT('',(2.368752824,22.661712864,19.477597683));
#8248=CARTESIAN_POINT('',(2.32212878,22.616704323,19.475565258));
#8249=CARTESIAN_POINT('',(2.278920895,22.571464793,19.487142776));
#8250=B_SPLINE_CURVE_WITH_KNOTS('',3,(#8240,#8241,#8242,#8243,#8244,#8245,#8246,#8247,#8248,#8249),.UNSPECIFIED.,.F.,.F.,(4,3,3,4),(0.000377691,0.000471712,0.000565734,0.000753776),.UNSPECIFIED.);
#8251=EDGE_CURVE('',#3054,#8239,#8250,.T.);
#8252=ORIENTED_EDGE('',*,*,#8251,.T.);
#8253=CARTESIAN_POINT('',(2.278920895,22.571464793,19.487142776));
#8254=CARTESIAN_POINT('',(2.256971222,22.594445383,19.493024173));
#8255=CARTESIAN_POINT('',(2.237000017,22.616345866,19.502163111));
#8256=CARTESIAN_POINT('',(2.218156678,22.638066821,19.514987555));
#8257=CARTESIAN_POINT('',(2.199313338,22.659787776,19.527811998));
#8258=CARTESIAN_POINT('',(2.18179332,22.681174265,19.544468612));
#8259=CARTESIAN_POINT('',(2.167349312,22.70046476,19.564908923));
#8260=CARTESIAN_POINT('',(2.152905304,22.719755255,19.585349233));
#8261=CARTESIAN_POINT('',(2.141217794,22.73735686,19.60996224));
#8262=CARTESIAN_POINT('',(2.135117207,22.750429241,19.638454872));
#8263=CARTESIAN_POINT('',(2.129016619,22.763501622,19.666947504));
#8264=CARTESIAN_POINT('',(2.12908156,22.771464772,19.699269209));
#8265=CARTESIAN_POINT('',(2.136936622,22.771464793,19.729943266));
#8266=B_SPLINE_CURVE_WITH_KNOTS('',3,(#8253,#8254,#8255,#8256,#8257,#8258,#8259,#8260,#8261,#8262,#8263,#8264,#8265),.UNSPECIFIED.,.F.,.F.,(4,3,3,3,4),(-0.000002828,0.000091422,0.000185673,0.000279924,0.000374174),.UNSPECIFIED.);
#8267=EDGE_CURVE('',#8239,#3182,#8266,.T.);
#8268=ORIENTED_EDGE('',*,*,#8267,.T.);
#8269=ORIENTED_EDGE('',*,*,#3188,.F.);
#8270=CARTESIAN_POINT('',(1.528985088,22.571464793,19.653399541));
#8271=VERTEX_POINT('',#8270);
#8272=CARTESIAN_POINT('',(1.760278462,22.771464793,19.813446369));
#8273=CARTESIAN_POINT('',(1.754423826,22.771464776,19.782271568));
#8274=CARTESIAN_POINT('',(1.740675092,22.76339111,19.752758713));
#8275=CARTESIAN_POINT('',(1.723168003,22.750358733,19.729635569));
#8276=CARTESIAN_POINT('',(1.705660914,22.737326355,19.706512426));
#8277=CARTESIAN_POINT('',(1.684598949,22.719669846,19.689079447));
#8278=CARTESIAN_POINT('',(1.662894124,22.700398571,19.676684823));
#8279=CARTESIAN_POINT('',(1.641189299,22.681127296,19.664290198));
#8280=CARTESIAN_POINT('',(1.618242918,22.659712626,19.656597736));
#8281=CARTESIAN_POINT('',(1.595787654,22.638031842,19.652949524));
#8282=CARTESIAN_POINT('',(1.573332391,22.616351058,19.649301312));
#8283=CARTESIAN_POINT('',(1.55104661,22.594120773,19.6495095));
#8284=CARTESIAN_POINT('',(1.528985088,22.571464793,19.653399541));
#8285=B_SPLINE_CURVE_WITH_KNOTS('',3,(#8272,#8273,#8274,#8275,#8276,#8277,#8278,#8279,#8280,#8281,#8282,#8283,#8284),.UNSPECIFIED.,.F.,.F.,(4,3,3,3,4),(0.000207579,0.000302353,0.000397127,0.000491901,0.000586674),.UNSPECIFIED.);
#8286=EDGE_CURVE('',#3180,#8271,#8285,.T.);
#8287=ORIENTED_EDGE('',*,*,#8286,.T.);
#8288=CARTESIAN_POINT('',(1.528985088,22.571464793,19.653399541));
#8289=CARTESIAN_POINT('',(1.506606343,22.594445383,19.657345518));
#8290=CARTESIAN_POINT('',(1.485914624,22.616345866,19.664709075));
#8291=CARTESIAN_POINT('',(1.466025264,22.638066821,19.675842412));
#8292=CARTESIAN_POINT('',(1.446135905,22.659787776,19.68697575));
#8293=CARTESIAN_POINT('',(1.427230837,22.681174265,19.70204201));
#8294=CARTESIAN_POINT('',(1.411060303,22.70046476,19.721145661));
#8295=CARTESIAN_POINT('',(1.394889768,22.719755255,19.740249311));
#8296=CARTESIAN_POINT('',(1.381101567,22.73735686,19.763750025));
#8297=CARTESIAN_POINT('',(1.372540898,22.750429241,19.791602533));
#8298=CARTESIAN_POINT('',(1.363980229,22.763501622,19.81945504));
#8299=CARTESIAN_POINT('',(1.3612279,22.771464772,19.851659411));
#8300=CARTESIAN_POINT('',(1.366379651,22.771464793,19.882901357));
#8301=B_SPLINE_CURVE_WITH_KNOTS('',3,(#8288,#8289,#8290,#8291,#8292,#8293,#8294,#8295,#8296,#8297,#8298,#8299,#8300),.UNSPECIFIED.,.F.,.F.,(4,3,3,3,4),(-0.000002828,0.000091422,0.000185673,0.000279924,0.000374174),.UNSPECIFIED.);
#8302=EDGE_CURVE('',#8271,#3157,#8301,.T.);
#8303=ORIENTED_EDGE('',*,*,#8302,.T.);
#8304=ORIENTED_EDGE('',*,*,#3163,.F.);
#8305=CARTESIAN_POINT('',(0.767412781,22.571464793,19.753662438));
#8306=VERTEX_POINT('',#8305);
#8307=CARTESIAN_POINT('',(0.983877014,22.771464793,19.933258785));
#8308=CARTESIAN_POINT('',(0.980740853,22.77146479,19.901480918));
#8309=CARTESIAN_POINT('',(0.969768015,22.763498418,19.871329994));
#8310=CARTESIAN_POINT('',(0.954267736,22.75040551,19.846620739));
#8311=CARTESIAN_POINT('',(0.938767456,22.737312602,19.821911485));
#8312=CARTESIAN_POINT('',(0.919419245,22.719756634,19.802852152));
#8313=CARTESIAN_POINT('',(0.898876885,22.700486825,19.788595306));
#8314=CARTESIAN_POINT('',(0.857792164,22.661947206,19.760081614));
#8315=CARTESIAN_POINT('',(0.812015544,22.616745833,19.749760201));
#8316=CARTESIAN_POINT('',(0.767412781,22.571464793,19.753662438));
#8317=B_SPLINE_CURVE_WITH_KNOTS('',3,(#8307,#8308,#8309,#8310,#8311,#8312,#8313,#8314,#8315,#8316),.UNSPECIFIED.,.F.,.F.,(4,3,3,4),(0.000054666,0.000149653,0.000244641,0.000434616),.UNSPECIFIED.);
#8318=EDGE_CURVE('',#3149,#8306,#8317,.T.);
#8319=ORIENTED_EDGE('',*,*,#8318,.T.);
#8320=CARTESIAN_POINT('',(0.767412781,22.571464793,19.753662438));
#8321=CARTESIAN_POINT('',(0.744773103,22.594447592,19.755643153));
#8322=CARTESIAN_POINT('',(0.723516368,22.616350143,19.761176145));
#8323=CARTESIAN_POINT('',(0.702730518,22.638073087,19.770535296));
#8324=CARTESIAN_POINT('',(0.681944668,22.65979603,19.779894447));
#8325=CARTESIAN_POINT('',(0.661796896,22.68118425,19.793258085));
#8326=CARTESIAN_POINT('',(0.644022018,22.700475889,19.810883107));
#8327=CARTESIAN_POINT('',(0.62624714,22.719767528,19.828508129));
#8328=CARTESIAN_POINT('',(0.610463184,22.737369426,19.85072179));
#8329=CARTESIAN_POINT('',(0.599509244,22.750440553,19.877727883));
#8330=CARTESIAN_POINT('',(0.588555304,22.763511679,19.904733976));
#8331=CARTESIAN_POINT('',(0.58301908,22.771464766,19.936607239));
#8332=CARTESIAN_POINT('',(0.585423705,22.771464793,19.968118932));
#8333=B_SPLINE_CURVE_WITH_KNOTS('',3,(#8320,#8321,#8322,#8323,#8324,#8325,#8326,#8327,#8328,#8329,#8330,#8331,#8332),.UNSPECIFIED.,.F.,.F.,(4,3,3,3,4),(-0.000002828,0.000091431,0.000185691,0.000279951,0.00037421),.UNSPECIFIED.);
#8334=EDGE_CURVE('',#8306,#7149,#8333,.T.);
#8335=ORIENTED_EDGE('',*,*,#8334,.T.);
#8336=ORIENTED_EDGE('',*,*,#7155,.F.);
#8337=CARTESIAN_POINT('',(0.,22.571464793,19.787168403));
#8338=VERTEX_POINT('',#8337);
#8339=CARTESIAN_POINT('',(0.199987668,22.771464793,19.984947433));
#8340=CARTESIAN_POINT('',(0.199632047,22.771464792,19.952925467));
#8341=CARTESIAN_POINT('',(0.191344955,22.763512531,19.922112072));
#8342=CARTESIAN_POINT('',(0.178124322,22.750486558,19.896219374));
#8343=CARTESIAN_POINT('',(0.164903689,22.737460585,19.870326675));
#8344=CARTESIAN_POINT('',(0.147312553,22.719928412,19.849581578));
#8345=CARTESIAN_POINT('',(0.128010656,22.700578466,19.833502298));
#8346=CARTESIAN_POINT('',(0.089406864,22.661878575,19.801343739));
#8347=CARTESIAN_POINT('',(0.044763279,22.616735862,19.787168403));
#8348=CARTESIAN_POINT('',(0.,22.571464793,19.787168403));
#8349=B_SPLINE_CURVE_WITH_KNOTS('',3,(#8339,#8340,#8341,#8342,#8343,#8344,#8345,#8346,#8347,#8348),.UNSPECIFIED.,.F.,.F.,(4,3,3,4),(0.000002383,0.000097101,0.000191819,0.000381254),.UNSPECIFIED.);
#8350=EDGE_CURVE('',#7141,#8338,#8349,.T.);
#8351=ORIENTED_EDGE('',*,*,#8350,.T.);
#8352=CARTESIAN_POINT('',(0.,22.571464793,19.787168403));
#8353=CARTESIAN_POINT('',(-0.022709659,22.594430907,19.787168403));
#8354=CARTESIAN_POINT('',(-0.044352302,22.616317848,19.790822544));
#8355=CARTESIAN_POINT('',(-0.065859818,22.638025774,19.79832327));
#8356=CARTESIAN_POINT('',(-0.087367333,22.659733699,19.805823996));
#8357=CARTESIAN_POINT('',(-0.108590046,22.681108851,19.817363786));
#8358=CARTESIAN_POINT('',(-0.1278245,22.700391843,19.833347412));
#8359=CARTESIAN_POINT('',(-0.147058953,22.719674836,19.849331039));
#8360=CARTESIAN_POINT('',(-0.164716179,22.737274509,19.870053708));
#8361=CARTESIAN_POINT('',(-0.17799089,22.750355084,19.895958518));
#8362=CARTESIAN_POINT('',(-0.1912656,22.763435659,19.921863328));
#8363=CARTESIAN_POINT('',(-0.199631573,22.771464793,19.952882803));
#8364=CARTESIAN_POINT('',(-0.199987668,22.771464793,19.984947433));
#8365=B_SPLINE_CURVE_WITH_KNOTS('',3,(#8352,#8353,#8354,#8355,#8356,#8357,#8358,#8359,#8360,#8361,#8362,#8363,#8364),.UNSPECIFIED.,.F.,.F.,(4,3,3,3,4),(-0.000002828,0.000091363,0.000185554,0.000279745,0.000373937),.UNSPECIFIED.);
#8366=EDGE_CURVE('',#8338,#3115,#8365,.T.);
#8367=ORIENTED_EDGE('',*,*,#8366,.T.);
#8368=ORIENTED_EDGE('',*,*,#3121,.F.);
#8369=CARTESIAN_POINT('',(-0.767412781,22.571464793,19.753662438));
#8370=VERTEX_POINT('',#8369);
#8371=CARTESIAN_POINT('',(-0.585423705,22.771464793,19.968118932));
#8372=CARTESIAN_POINT('',(-0.58301264,22.771464773,19.936522846));
#8373=CARTESIAN_POINT('',(-0.588646414,22.763398263,19.904445964));
#8374=CARTESIAN_POINT('',(-0.599571145,22.750366702,19.877575452));
#8375=CARTESIAN_POINT('',(-0.610495875,22.73733514,19.850704941));
#8376=CARTESIAN_POINT('',(-0.626328402,22.719678186,19.828411612));
#8377=CARTESIAN_POINT('',(-0.64408639,22.700406026,19.810819306));
#8378=CARTESIAN_POINT('',(-0.661844377,22.681133866,19.793227));
#8379=CARTESIAN_POINT('',(-0.68201925,22.659717727,19.779855987));
#8380=CARTESIAN_POINT('',(-0.702766145,22.638035854,19.770519258));
#8381=CARTESIAN_POINT('',(-0.72351304,22.616353981,19.76118253));
#8382=CARTESIAN_POINT('',(-0.745094621,22.594122347,19.755615024));
#8383=CARTESIAN_POINT('',(-0.767412781,22.571464793,19.753662438));
#8384=B_SPLINE_CURVE_WITH_KNOTS('',3,(#8371,#8372,#8373,#8374,#8375,#8376,#8377,#8378,#8379,#8380,#8381,#8382,#8383),.UNSPECIFIED.,.F.,.F.,(4,3,3,3,4),(0.000019303,0.000114281,0.000209258,0.000304236,0.000399214),.UNSPECIFIED.);
#8385=EDGE_CURVE('',#3107,#8370,#8384,.T.);
#8386=ORIENTED_EDGE('',*,*,#8385,.T.);
#8387=CARTESIAN_POINT('',(-0.767412781,22.571464793,19.753662438));
#8388=CARTESIAN_POINT('',(-0.790050283,22.594445383,19.751681913));
#8389=CARTESIAN_POINT('',(-0.811942778,22.616345866,19.753439152));
#8390=CARTESIAN_POINT('',(-0.834035944,22.638066821,19.759045385));
#8391=CARTESIAN_POINT('',(-0.856129109,22.659787776,19.764651618));
#8392=CARTESIAN_POINT('',(-0.878289438,22.681174265,19.774311516));
#8393=CARTESIAN_POINT('',(-0.898853363,22.70046476,19.788578983));
#8394=CARTESIAN_POINT('',(-0.919417289,22.719755255,19.80284645));
#8395=CARTESIAN_POINT('',(-0.938818101,22.73735686,19.821977748));
#8396=CARTESIAN_POINT('',(-0.954295832,22.750429241,19.84666554));
#8397=CARTESIAN_POINT('',(-0.969773562,22.763501622,19.871353332));
#8398=CARTESIAN_POINT('',(-0.980767213,22.771464772,19.901748011));
#8399=CARTESIAN_POINT('',(-0.983877014,22.771464793,19.933258785));
#8400=B_SPLINE_CURVE_WITH_KNOTS('',3,(#8387,#8388,#8389,#8390,#8391,#8392,#8393,#8394,#8395,#8396,#8397,#8398,#8399),.UNSPECIFIED.,.F.,.F.,(4,3,3,3,4),(-0.000002828,0.000091422,0.000185673,0.000279924,0.000374174),.UNSPECIFIED.);
#8401=EDGE_CURVE('',#8370,#4526,#8400,.T.);
#8402=ORIENTED_EDGE('',*,*,#8401,.T.);
#8403=ORIENTED_EDGE('',*,*,#4532,.F.);
#8404=CARTESIAN_POINT('',(-1.528985088,22.571464793,19.653399541));
#8405=VERTEX_POINT('',#8404);
#8406=CARTESIAN_POINT('',(-1.366379651,22.771464793,19.882901357));
#8407=CARTESIAN_POINT('',(-1.361202478,22.771464784,19.851505247));
#8408=CARTESIAN_POINT('',(-1.363996658,22.763471611,19.819371197));
#8409=CARTESIAN_POINT('',(-1.372558941,22.750401694,19.791543861));
#8410=CARTESIAN_POINT('',(-1.381121224,22.737331776,19.763716525));
#8411=CARTESIAN_POINT('',(-1.394902002,22.719741164,19.740237969));
#8412=CARTESIAN_POINT('',(-1.411049824,22.700477261,19.721158041));
#8413=CARTESIAN_POINT('',(-1.427197646,22.681213358,19.702078114));
#8414=CARTESIAN_POINT('',(-1.446034355,22.659900274,19.687042373));
#8415=CARTESIAN_POINT('',(-1.465960245,22.63813783,19.675878824));
#8416=CARTESIAN_POINT('',(-1.485886136,22.616375386,19.664715274));
#8417=CARTESIAN_POINT('',(-1.506932868,22.594111222,19.657287943));
#8418=CARTESIAN_POINT('',(-1.528985088,22.571464793,19.653399541));
#8419=B_SPLINE_CURVE_WITH_KNOTS('',3,(#8406,#8407,#8408,#8409,#8410,#8411,#8412,#8413,#8414,#8415,#8416,#8417,#8418),.UNSPECIFIED.,.F.,.F.,(4,3,3,3,4),(0.000123913,0.000218935,0.000313956,0.000408977,0.000503998),.UNSPECIFIED.);
#8420=EDGE_CURVE('',#4524,#8405,#8419,.T.);
#8421=ORIENTED_EDGE('',*,*,#8420,.T.);
#8422=CARTESIAN_POINT('',(-1.528985088,22.571464793,19.653399541));
#8423=CARTESIAN_POINT('',(-1.551363833,22.594445383,19.649453565));
#8424=CARTESIAN_POINT('',(-1.573326174,22.616345866,19.64929606));
#8425=CARTESIAN_POINT('',(-1.595823884,22.638066821,19.652955414));
#8426=CARTESIAN_POINT('',(-1.618321594,22.659787776,19.656614767));
#8427=CARTESIAN_POINT('',(-1.641239511,22.681174265,19.664306507));
#8428=CARTESIAN_POINT('',(-1.662968677,22.70046476,19.676727418));
#8429=CARTESIAN_POINT('',(-1.684697842,22.719755255,19.689148328));
#8430=CARTESIAN_POINT('',(-1.70569223,22.73735686,19.706515933));
#8431=CARTESIAN_POINT('',(-1.723262746,22.750429241,19.729760808));
#8432=CARTESIAN_POINT('',(-1.740833263,22.763501622,19.753005683));
#8433=CARTESIAN_POINT('',(-1.75443415,22.771464772,19.782326541));
#8434=CARTESIAN_POINT('',(-1.760278462,22.771464793,19.813446369));
#8435=B_SPLINE_CURVE_WITH_KNOTS('',3,(#8422,#8423,#8424,#8425,#8426,#8427,#8428,#8429,#8430,#8431,#8432,#8433,#8434),.UNSPECIFIED.,.F.,.F.,(4,3,3,3,4),(-0.000002828,0.000091422,0.000185673,0.000279924,0.000374174),.UNSPECIFIED.);
#8436=EDGE_CURVE('',#8405,#4568,#8435,.T.);
#8437=ORIENTED_EDGE('',*,*,#8436,.T.);
#8438=ORIENTED_EDGE('',*,*,#4574,.F.);
#8439=CARTESIAN_POINT('',(-2.278920895,22.571464793,19.487142776));
#8440=VERTEX_POINT('',#8439);
#8441=CARTESIAN_POINT('',(-2.136936622,22.771464793,19.729943266));
#8442=CARTESIAN_POINT('',(-2.129098599,22.771464774,19.699335751));
#8443=CARTESIAN_POINT('',(-2.129053998,22.763427247,19.666795912));
#8444=CARTESIAN_POINT('',(-2.13511025,22.75044415,19.638487374));
#8445=CARTESIAN_POINT('',(-2.141166502,22.737461053,19.610178837));
#8446=CARTESIAN_POINT('',(-2.152701906,22.720036082,19.585674318));
#8447=CARTESIAN_POINT('',(-2.167251809,22.700595009,19.565047028));
#8448=CARTESIAN_POINT('',(-2.196351617,22.661712864,19.523792447));
#8449=CARTESIAN_POINT('',(-2.235713011,22.616704323,19.498720293));
#8450=CARTESIAN_POINT('',(-2.278920895,22.571464793,19.487142776));
#8451=B_SPLINE_CURVE_WITH_KNOTS('',3,(#8441,#8442,#8443,#8444,#8445,#8446,#8447,#8448,#8449,#8450),.UNSPECIFIED.,.F.,.F.,(4,3,3,4),(0.000377691,0.000471712,0.000565734,0.000753776),.UNSPECIFIED.);
#8452=EDGE_CURVE('',#4566,#8440,#8451,.T.);
#8453=ORIENTED_EDGE('',*,*,#8452,.T.);
#8454=CARTESIAN_POINT('',(-2.278920895,22.571464793,19.487142776));
#8455=CARTESIAN_POINT('',(-2.300870568,22.594445383,19.481261378));
#8456=CARTESIAN_POINT('',(-2.322735608,22.616345866,19.479190329));
#8457=CARTESIAN_POINT('',(-2.345466641,22.638066821,19.480874953));
#8458=CARTESIAN_POINT('',(-2.368197674,22.659787776,19.482559577));
#8459=CARTESIAN_POINT('',(-2.391698761,22.681174265,19.488224619));
#8460=CARTESIAN_POINT('',(-2.414427794,22.70046476,19.498704443));
#8461=CARTESIAN_POINT('',(-2.437156827,22.719755255,19.509184267));
#8462=CARTESIAN_POINT('',(-2.459585012,22.73735686,19.524656001));
#8463=CARTESIAN_POINT('',(-2.479114591,22.750429241,19.546281051));
#8464=CARTESIAN_POINT('',(-2.498644171,22.763501622,19.5679061));
#8465=CARTESIAN_POINT('',(-2.514748783,22.771464772,19.595929988));
#8466=CARTESIAN_POINT('',(-2.523283128,22.771464793,19.626422031));
#8467=B_SPLINE_CURVE_WITH_KNOTS('',3,(#8454,#8455,#8456,#8457,#8458,#8459,#8460,#8461,#8462,#8463,#8464,#8465,#8466),.UNSPECIFIED.,.F.,.F.,(4,3,3,3,4),(-0.000002828,0.000091422,0.000185673,0.000279924,0.000374174),.UNSPECIFIED.);
#8468=EDGE_CURVE('',#8440,#4501,#8467,.T.);
#8469=ORIENTED_EDGE('',*,*,#8468,.T.);
#8470=ORIENTED_EDGE('',*,*,#4507,.F.);
#8471=CARTESIAN_POINT('',(-3.011512738,22.571464793,19.256157455));
#8472=VERTEX_POINT('',#8471);
#8473=CARTESIAN_POINT('',(-2.891230215,22.771464793,19.510408761));
#8474=CARTESIAN_POINT('',(-2.880754397,22.771464774,19.480600845));
#8475=CARTESIAN_POINT('',(-2.877873933,22.763427247,19.448188718));
#8476=CARTESIAN_POINT('',(-2.881439887,22.75044415,19.419460065));
#8477=CARTESIAN_POINT('',(-2.885005842,22.737461053,19.390731413));
#8478=CARTESIAN_POINT('',(-2.89436164,22.720036082,19.365314765));
#8479=CARTESIAN_POINT('',(-2.90705839,22.700595009,19.34349786));
#8480=CARTESIAN_POINT('',(-2.93245189,22.661712864,19.29986405));
#8481=CARTESIAN_POINT('',(-2.96947832,22.616704323,19.271456732));
#8482=CARTESIAN_POINT('',(-3.011512738,22.571464793,19.256157455));
#8483=B_SPLINE_CURVE_WITH_KNOTS('',3,(#8473,#8474,#8475,#8476,#8477,#8478,#8479,#8480,#8481,#8482),.UNSPECIFIED.,.F.,.F.,(4,3,3,4),(0.000377691,0.000471712,0.000565734,0.000753776),.UNSPECIFIED.);
#8484=EDGE_CURVE('',#4493,#8472,#8483,.T.);
#8485=ORIENTED_EDGE('',*,*,#8484,.T.);
#8486=CARTESIAN_POINT('',(-3.011512738,22.571464793,19.256157455));
#8487=CARTESIAN_POINT('',(-3.032866288,22.594445383,19.248385398));
#8488=CARTESIAN_POINT('',(-3.054467622,22.616345866,19.244416566));
#8489=CARTESIAN_POINT('',(-3.077258981,22.638066821,19.244113639));
#8490=CARTESIAN_POINT('',(-3.10005034,22.659787776,19.243810713));
#8491=CARTESIAN_POINT('',(-3.123955739,22.681174265,19.247405943));
#8492=CARTESIAN_POINT('',(-3.147511658,22.70046476,19.255864922));
#8493=CARTESIAN_POINT('',(-3.171067577,22.719755255,19.264323901));
#8494=CARTESIAN_POINT('',(-3.194758866,22.73735686,19.277782016));
#8495=CARTESIAN_POINT('',(-3.216098877,22.750429241,19.297622661));
#8496=CARTESIAN_POINT('',(-3.237438888,22.763501622,19.317463306));
#8497=CARTESIAN_POINT('',(-3.25592466,22.771464772,19.343976944));
#8498=CARTESIAN_POINT('',(-3.267084086,22.771464793,19.373609139));
#8499=B_SPLINE_CURVE_WITH_KNOTS('',3,(#8486,#8487,#8488,#8489,#8490,#8491,#8492,#8493,#8494,#8495,#8496,#8497,#8498),.UNSPECIFIED.,.F.,.F.,(4,3,3,3,4),(-0.000002828,0.000091422,0.000185673,0.000279924,0.000374174),.UNSPECIFIED.);
#8500=EDGE_CURVE('',#8472,#4459,#8499,.T.);
#8501=ORIENTED_EDGE('',*,*,#8500,.T.);
#8502=ORIENTED_EDGE('',*,*,#4465,.F.);
#8503=CARTESIAN_POINT('',(-3.721185151,22.571464793,18.962201517));
#8504=VERTEX_POINT('',#8503);
#8505=CARTESIAN_POINT('',(-3.6235198,22.771464793,19.225968632));
#8506=CARTESIAN_POINT('',(-3.610485915,22.771464774,19.197187172));
#8507=CARTESIAN_POINT('',(-3.604791509,22.763427247,19.165149432));
#8508=CARTESIAN_POINT('',(-3.605840027,22.75044415,19.136219307));
#8509=CARTESIAN_POINT('',(-3.606888545,22.737461053,19.107289183));
#8510=CARTESIAN_POINT('',(-3.613993534,22.720036082,19.081153841));
#8511=CARTESIAN_POINT('',(-3.624740501,22.700595009,19.058313362));
#8512=CARTESIAN_POINT('',(-3.646234434,22.661712864,19.012632402));
#8513=CARTESIAN_POINT('',(-3.680644106,22.616704323,18.981106116));
#8514=CARTESIAN_POINT('',(-3.721185151,22.571464793,18.962201517));
#8515=B_SPLINE_CURVE_WITH_KNOTS('',3,(#8505,#8506,#8507,#8508,#8509,#8510,#8511,#8512,#8513,#8514),.UNSPECIFIED.,.F.,.F.,(4,3,3,4),(0.000377691,0.000471712,0.000565734,0.000753776),.UNSPECIFIED.);
#8516=EDGE_CURVE('',#4451,#8504,#8515,.T.);
#8517=ORIENTED_EDGE('',*,*,#8516,.T.);
#8518=CARTESIAN_POINT('',(-3.721185151,22.571464793,18.962201517));
#8519=CARTESIAN_POINT('',(-3.741780065,22.594445383,18.95259795));
#8520=CARTESIAN_POINT('',(-3.762953292,22.616345866,18.946761541));
#8521=CARTESIAN_POINT('',(-3.785631521,22.638066821,18.944473369));
#8522=CARTESIAN_POINT('',(-3.80830975,22.659787776,18.942185197));
#8523=CARTESIAN_POINT('',(-3.832437528,22.681174265,18.943683254));
#8524=CARTESIAN_POINT('',(-3.856641058,22.70046476,18.95005701));
#8525=CARTESIAN_POINT('',(-3.880844588,22.719755255,18.956430767));
#8526=CARTESIAN_POINT('',(-3.905618677,22.73735686,18.967772838));
#8527=CARTESIAN_POINT('',(-3.928606708,22.750429241,18.985678078));
#8528=CARTESIAN_POINT('',(-3.95159474,22.763501622,19.003583319));
#8529=CARTESIAN_POINT('',(-3.972320985,22.771464772,19.028384924));
#8530=CARTESIAN_POINT('',(-3.986020561,22.771464793,19.056931751));
#8531=B_SPLINE_CURVE_WITH_KNOTS('',3,(#8518,#8519,#8520,#8521,#8522,#8523,#8524,#8525,#8526,#8527,#8528,#8529,#8530),.UNSPECIFIED.,.F.,.F.,(4,3,3,3,4),(-0.000002828,0.000091422,0.000185673,0.000279924,0.000374174),.UNSPECIFIED.);
#8532=EDGE_CURVE('',#8504,#4417,#8531,.T.);
#8533=ORIENTED_EDGE('',*,*,#8532,.T.);
#8534=ORIENTED_EDGE('',*,*,#4423,.F.);
#8535=CARTESIAN_POINT('',(-4.402537098,22.571464793,18.607512143));
#8536=VERTEX_POINT('',#8535);
#8537=CARTESIAN_POINT('',(-4.328232212,22.771464793,18.878787641));
#8538=CARTESIAN_POINT('',(-4.312739455,22.771464774,18.851251682));
#8539=CARTESIAN_POINT('',(-4.304274445,22.763427247,18.819832155));
#8540=CARTESIAN_POINT('',(-4.302797546,22.75044415,18.790920734));
#8541=CARTESIAN_POINT('',(-4.301320648,22.737461053,18.762009313));
#8542=CARTESIAN_POINT('',(-4.306120755,22.720036082,18.735354183));
#8543=CARTESIAN_POINT('',(-4.314836148,22.700595009,18.711663959));
#8544=CARTESIAN_POINT('',(-4.332266932,22.661712864,18.66428351));
#8545=CARTESIAN_POINT('',(-4.363797968,22.616704323,18.62987819));
#8546=CARTESIAN_POINT('',(-4.402537098,22.571464793,18.607512143));
#8547=B_SPLINE_CURVE_WITH_KNOTS('',3,(#8537,#8538,#8539,#8540,#8541,#8542,#8543,#8544,#8545,#8546),.UNSPECIFIED.,.F.,.F.,(4,3,3,4),(0.000377691,0.000471712,0.000565734,0.000753776),.UNSPECIFIED.);
#8548=EDGE_CURVE('',#4409,#8536,#8547,.T.);
#8549=ORIENTED_EDGE('',*,*,#8548,.T.);
#8550=CARTESIAN_POINT('',(-4.402537098,22.571464793,18.607512143));
#8551=CARTESIAN_POINT('',(-4.422216636,22.594445383,18.596150157));
#8552=CARTESIAN_POINT('',(-4.442800616,22.616345866,18.588490588));
#8553=CARTESIAN_POINT('',(-4.46519312,22.638066821,18.584234585));
#8554=CARTESIAN_POINT('',(-4.487585625,22.659787776,18.579978583));
#8555=CARTESIAN_POINT('',(-4.511752152,22.681174265,18.579368064));
#8556=CARTESIAN_POINT('',(-4.53641909,22.70046476,18.58360809));
#8557=CARTESIAN_POINT('',(-4.561086028,22.719755255,18.587848116));
#8558=CARTESIAN_POINT('',(-4.586754371,22.73735686,18.596987823));
#8559=CARTESIAN_POINT('',(-4.611215471,22.750429241,18.61282139));
#8560=CARTESIAN_POINT('',(-4.635676571,22.763501622,18.628654956));
#8561=CARTESIAN_POINT('',(-4.658485548,22.771464772,18.651555773));
#8562=CARTESIAN_POINT('',(-4.674621013,22.771464793,18.678799974));
#8563=B_SPLINE_CURVE_WITH_KNOTS('',3,(#8550,#8551,#8552,#8553,#8554,#8555,#8556,#8557,#8558,#8559,#8560,#8561,#8562),.UNSPECIFIED.,.F.,.F.,(4,3,3,3,4),(-0.000002828,0.000091422,0.000185673,0.000279924,0.000374174),.UNSPECIFIED.);
#8564=EDGE_CURVE('',#8536,#2821,#8563,.T.);
#8565=ORIENTED_EDGE('',*,*,#8564,.T.);
#8566=ORIENTED_EDGE('',*,*,#2827,.F.);
#8567=CARTESIAN_POINT('',(-5.050383079,22.571464793,18.194788735));
#8568=VERTEX_POINT('',#8567);
#8569=CARTESIAN_POINT('',(-5.000004163,22.771464793,18.471508046));
#8570=CARTESIAN_POINT('',(-4.982170444,22.771464774,18.445427151));
#8571=CARTESIAN_POINT('',(-4.970999253,22.763427247,18.414864959));
#8572=CARTESIAN_POINT('',(-4.967008178,22.75044415,18.386192275));
#8573=CARTESIAN_POINT('',(-4.963017103,22.737461053,18.357519591));
#8574=CARTESIAN_POINT('',(-4.965475798,22.720036082,18.330547536));
#8575=CARTESIAN_POINT('',(-4.972093286,22.700595009,18.306187863));
#8576=CARTESIAN_POINT('',(-4.985328263,22.661712864,18.257468518));
#8577=CARTESIAN_POINT('',(-5.013740693,22.616704323,18.22044601));
#8578=CARTESIAN_POINT('',(-5.050383079,22.571464793,18.194788735));
#8579=B_SPLINE_CURVE_WITH_KNOTS('',3,(#8569,#8570,#8571,#8572,#8573,#8574,#8575,#8576,#8577,#8578),.UNSPECIFIED.,.F.,.F.,(4,3,3,4),(0.000377691,0.000471712,0.000565734,0.000753776),.UNSPECIFIED.);
#8580=EDGE_CURVE('',#2813,#8568,#8579,.T.);
#8581=ORIENTED_EDGE('',*,*,#8580,.T.);
#8582=CARTESIAN_POINT('',(-5.050383079,22.571464793,18.194788735));
#8583=CARTESIAN_POINT('',(-5.068997468,22.594445383,18.181754799));
#8584=CARTESIAN_POINT('',(-5.088835544,22.616345866,18.172330365));
#8585=CARTESIAN_POINT('',(-5.110771903,22.638066821,18.166138923));
#8586=CARTESIAN_POINT('',(-5.132708262,22.659787776,18.159947481));
#8587=CARTESIAN_POINT('',(-5.156729619,22.681174265,18.157233034));
#8588=CARTESIAN_POINT('',(-5.181672235,22.70046476,18.15930706));
#8589=CARTESIAN_POINT('',(-5.20661485,22.719755255,18.161381086));
#8590=CARTESIAN_POINT('',(-5.232982095,22.73735686,18.16824887));
#8591=CARTESIAN_POINT('',(-5.258730099,22.750429241,18.18189026));
#8592=CARTESIAN_POINT('',(-5.284478103,22.763501622,18.195531649));
#8593=CARTESIAN_POINT('',(-5.309196223,22.771464772,18.216357388));
#8594=CARTESIAN_POINT('',(-5.327644777,22.771464793,18.242091618));
#8595=B_SPLINE_CURVE_WITH_KNOTS('',3,(#8582,#8583,#8584,#8585,#8586,#8587,#8588,#8589,#8590,#8591,#8592,#8593,#8594),.UNSPECIFIED.,.F.,.F.,(4,3,3,3,4),(-0.000002828,0.000091422,0.000185673,0.000279924,0.000374174),.UNSPECIFIED.);
#8596=EDGE_CURVE('',#8568,#2846,#8595,.T.);
#8597=ORIENTED_EDGE('',*,*,#8596,.T.);
#8598=ORIENTED_EDGE('',*,*,#2852,.F.);
#8599=CARTESIAN_POINT('',(-5.659792595,22.571464793,17.727172366));
#8600=VERTEX_POINT('',#8599);
#8601=CARTESIAN_POINT('',(-5.633723063,22.771464793,18.007229488));
#8602=CARTESIAN_POINT('',(-5.613684107,22.771464774,17.982802151));
#8603=CARTESIAN_POINT('',(-5.599891756,22.763427247,17.953329891));
#8604=CARTESIAN_POINT('',(-5.593416879,22.75044415,17.92511416));
#8605=CARTESIAN_POINT('',(-5.586942002,22.737461053,17.896898429));
#8606=CARTESIAN_POINT('',(-5.587040571,22.720036082,17.869814721));
#8607=CARTESIAN_POINT('',(-5.591509793,22.700595009,17.844970992));
#8608=CARTESIAN_POINT('',(-5.600448236,22.661712864,17.795283534));
#8609=CARTESIAN_POINT('',(-5.625525823,22.616704323,17.755925602));
#8610=CARTESIAN_POINT('',(-5.659792595,22.571464793,17.727172366));
#8611=B_SPLINE_CURVE_WITH_KNOTS('',3,(#8601,#8602,#8603,#8604,#8605,#8606,#8607,#8608,#8609,#8610),.UNSPECIFIED.,.F.,.F.,(4,3,3,4),(0.000377691,0.000471712,0.000565734,0.000753776),.UNSPECIFIED.);
#8612=EDGE_CURVE('',#2844,#8600,#8611,.T.);
#8613=ORIENTED_EDGE('',*,*,#8612,.T.);
#8614=CARTESIAN_POINT('',(-5.659792595,22.571464793,17.727172366));
#8615=CARTESIAN_POINT('',(-5.677200169,22.594445383,17.712565678));
#8616=CARTESIAN_POINT('',(-5.696141361,22.616345866,17.701448104));
#8617=CARTESIAN_POINT('',(-5.717454626,22.638066821,17.693368343));
#8618=CARTESIAN_POINT('',(-5.738767891,22.659787776,17.685288581));
#8619=CARTESIAN_POINT('',(-5.76246126,22.681174265,17.680490864));
#8620=CARTESIAN_POINT('',(-5.787489724,22.70046476,17.680383106));
#8621=CARTESIAN_POINT('',(-5.812518189,22.719755255,17.680275347));
#8622=CARTESIAN_POINT('',(-5.839383665,22.73735686,17.68481894));
#8623=CARTESIAN_POINT('',(-5.866222616,22.750429241,17.696164334));
#8624=CARTESIAN_POINT('',(-5.893061566,22.763501622,17.707509728));
#8625=CARTESIAN_POINT('',(-5.919500709,22.771464772,17.726101892));
#8626=CARTESIAN_POINT('',(-5.940121947,22.771464793,17.750130298));
#8627=B_SPLINE_CURVE_WITH_KNOTS('',3,(#8614,#8615,#8616,#8617,#8618,#8619,#8620,#8621,#8622,#8623,#8624,#8625,#8626),.UNSPECIFIED.,.F.,.F.,(4,3,3,3,4),(-0.000002828,0.000091422,0.000185673,0.000279924,0.000374174),.UNSPECIFIED.);
#8628=EDGE_CURVE('',#8600,#2888,#8627,.T.);
#8629=ORIENTED_EDGE('',*,*,#8628,.T.);
#8630=ORIENTED_EDGE('',*,*,#2894,.F.);
#8631=CARTESIAN_POINT('',(-6.226127672,22.571464793,17.20822188));
#8632=VERTEX_POINT('',#8631);
#8633=CARTESIAN_POINT('',(-6.224565929,22.771464793,17.48948541));
#8634=CARTESIAN_POINT('',(-6.202474245,22.771464774,17.466897536));
#8635=CARTESIAN_POINT('',(-6.186165701,22.763427247,17.438739509));
#8636=CARTESIAN_POINT('',(-6.1772563,22.75044415,17.41119547));
#8637=CARTESIAN_POINT('',(-6.168346899,22.737461053,17.383651431));
#8638=CARTESIAN_POINT('',(-6.166084592,22.720036082,17.356662194));
#8639=CARTESIAN_POINT('',(-6.168371533,22.700595009,17.331523485));
#8640=CARTESIAN_POINT('',(-6.172945416,22.661712864,17.281246066));
#8641=CARTESIAN_POINT('',(-6.194497305,22.616704323,17.239852247));
#8642=CARTESIAN_POINT('',(-6.226127672,22.571464793,17.20822188));
#8643=B_SPLINE_CURVE_WITH_KNOTS('',3,(#8633,#8634,#8635,#8636,#8637,#8638,#8639,#8640,#8641,#8642),.UNSPECIFIED.,.F.,.F.,(4,3,3,4),(0.000377691,0.000471712,0.000565734,0.000753776),.UNSPECIFIED.);
#8644=EDGE_CURVE('',#2886,#8632,#8643,.T.);
#8645=ORIENTED_EDGE('',*,*,#8644,.T.);
#8646=CARTESIAN_POINT('',(-6.226127672,22.571464793,17.20822188));
#8647=CARTESIAN_POINT('',(-6.242195948,22.594445383,17.192153605));
#8648=CARTESIAN_POINT('',(-6.260096104,22.616345866,17.179427503));
#8649=CARTESIAN_POINT('',(-6.280624067,22.638066821,17.169520914));
#8650=CARTESIAN_POINT('',(-6.301152031,22.659787776,17.159614325));
#8651=CARTESIAN_POINT('',(-6.324337091,22.681174265,17.152769851));
#8652=CARTESIAN_POINT('',(-6.349260923,22.70046476,17.150481129));
#8653=CARTESIAN_POINT('',(-6.374184755,22.719755255,17.148192406));
#8654=CARTESIAN_POINT('',(-6.401344,22.73735686,17.150377229));
#8655=CARTESIAN_POINT('',(-6.429069636,22.750429241,17.159340281));
#8656=CARTESIAN_POINT('',(-6.456795273,22.763501622,17.168303334));
#8657=CARTESIAN_POINT('',(-6.484754221,22.771464772,17.184520426));
#8658=CARTESIAN_POINT('',(-6.507391202,22.771464793,17.206660137));
#8659=B_SPLINE_CURVE_WITH_KNOTS('',3,(#8646,#8647,#8648,#8649,#8650,#8651,#8652,#8653,#8654,#8655,#8656,#8657,#8658),.UNSPECIFIED.,.F.,.F.,(4,3,3,3,4),(-0.000002828,0.000091422,0.000185673,0.000279924,0.000374174),.UNSPECIFIED.);
#8660=EDGE_CURVE('',#8632,#2930,#8659,.T.);
#8661=ORIENTED_EDGE('',*,*,#8660,.T.);
#8662=ORIENTED_EDGE('',*,*,#2936,.F.);
#8663=CARTESIAN_POINT('',(-6.745078158,22.571464793,16.641886803));
#8664=VERTEX_POINT('',#8663);
#8665=CARTESIAN_POINT('',(-6.76803609,22.771464793,16.922216155));
#8666=CARTESIAN_POINT('',(-6.744059808,22.771464774,16.901639651));
#8667=CARTESIAN_POINT('',(-6.725359189,22.763427247,16.875010158));
#8668=CARTESIAN_POINT('',(-6.71408307,22.75044415,16.848347438));
#8669=CARTESIAN_POINT('',(-6.702806951,22.737461053,16.821684718));
#8670=CARTESIAN_POINT('',(-6.698200986,22.720036082,16.794995356));
#8671=CARTESIAN_POINT('',(-6.698288242,22.700595009,16.769752987));
#8672=CARTESIAN_POINT('',(-6.698462754,22.661712864,16.719268249));
#8673=CARTESIAN_POINT('',(-6.716324923,22.616704323,16.676153575));
#8674=CARTESIAN_POINT('',(-6.745078158,22.571464793,16.641886803));
#8675=B_SPLINE_CURVE_WITH_KNOTS('',3,(#8665,#8666,#8667,#8668,#8669,#8670,#8671,#8672,#8673,#8674),.UNSPECIFIED.,.F.,.F.,(4,3,3,4),(0.000377691,0.000471712,0.000565734,0.000753776),.UNSPECIFIED.);
#8676=EDGE_CURVE('',#2928,#8664,#8675,.T.);
#8677=ORIENTED_EDGE('',*,*,#8676,.T.);
#8678=CARTESIAN_POINT('',(-6.745078158,22.571464793,16.641886803));
#8679=CARTESIAN_POINT('',(-6.759684847,22.594445383,16.624479229));
#8680=CARTESIAN_POINT('',(-6.776407734,22.616345866,16.610241453));
#8681=CARTESIAN_POINT('',(-6.795994167,22.638066821,16.598583432));
#8682=CARTESIAN_POINT('',(-6.815580599,22.659787776,16.58692541));
#8683=CARTESIAN_POINT('',(-6.838080898,22.681174265,16.578086271));
#8684=CARTESIAN_POINT('',(-6.862710412,22.70046476,16.573634003));
#8685=CARTESIAN_POINT('',(-6.887339925,22.719755255,16.569181734));
#8686=CARTESIAN_POINT('',(-6.914586241,22.73735686,16.568991159));
#8687=CARTESIAN_POINT('',(-6.942987555,22.750429241,16.575503656));
#8688=CARTESIAN_POINT('',(-6.971388869,22.763501622,16.582016152));
#8689=CARTESIAN_POINT('',(-7.000654837,22.771464772,16.595734751));
#8690=CARTESIAN_POINT('',(-7.02513528,22.771464793,16.615817271));
#8691=B_SPLINE_CURVE_WITH_KNOTS('',3,(#8678,#8679,#8680,#8681,#8682,#8683,#8684,#8685,#8686,#8687,#8688,#8689,#8690),.UNSPECIFIED.,.F.,.F.,(4,3,3,3,4),(-0.000002828,0.000091422,0.000185673,0.000279924,0.000374174),.UNSPECIFIED.);
#8692=EDGE_CURVE('',#8664,#4358,#8691,.T.);
#8693=ORIENTED_EDGE('',*,*,#8692,.T.);
#8694=ORIENTED_EDGE('',*,*,#4364,.F.);
#8695=CARTESIAN_POINT('',(-7.212694527,22.571464793,16.032477287));
#8696=VERTEX_POINT('',#8695);
#8697=CARTESIAN_POINT('',(-7.25999741,22.771464793,16.309738985));
#8698=CARTESIAN_POINT('',(-7.234319004,22.771464774,16.291330452));
#8699=CARTESIAN_POINT('',(-7.213368634,22.763427247,16.266432158));
#8700=CARTESIAN_POINT('',(-7.199811615,22.75044415,16.240853676));
#8701=CARTESIAN_POINT('',(-7.186254595,22.737461053,16.215275194));
#8702=CARTESIAN_POINT('',(-7.179340026,22.720036082,16.18908883));
#8703=CARTESIAN_POINT('',(-7.177226933,22.700595009,16.163934911));
#8704=CARTESIAN_POINT('',(-7.173000745,22.661712864,16.113627073));
#8705=CARTESIAN_POINT('',(-7.187037252,22.616704323,16.069119673));
#8706=CARTESIAN_POINT('',(-7.212694527,22.571464793,16.032477287));
#8707=B_SPLINE_CURVE_WITH_KNOTS('',3,(#8697,#8698,#8699,#8700,#8701,#8702,#8703,#8704,#8705,#8706),.UNSPECIFIED.,.F.,.F.,(4,3,3,4),(0.000377691,0.000471712,0.000565734,0.000753776),.UNSPECIFIED.);
#8708=EDGE_CURVE('',#4356,#8696,#8707,.T.);
#8709=ORIENTED_EDGE('',*,*,#8708,.T.);
#8710=CARTESIAN_POINT('',(-7.212694527,22.571464793,16.032477287));
#8711=CARTESIAN_POINT('',(-7.225728463,22.594445383,16.013862897));
#8712=CARTESIAN_POINT('',(-7.24114681,22.616345866,15.998221805));
#8713=CARTESIAN_POINT('',(-7.259642647,22.638066821,15.984901075));
#8714=CARTESIAN_POINT('',(-7.278138484,22.659787776,15.971580346));
#8715=CARTESIAN_POINT('',(-7.29978278,22.681174265,15.960813812));
#8716=CARTESIAN_POINT('',(-7.32393053,22.70046476,15.954231882));
#8717=CARTESIAN_POINT('',(-7.348078281,22.719755255,15.947649952));
#8718=CARTESIAN_POINT('',(-7.375204306,22.73735686,15.945085429));
#8719=CARTESIAN_POINT('',(-7.404065146,22.750429241,15.949097807));
#8720=CARTESIAN_POINT('',(-7.432925986,22.763501622,15.953110184));
#8721=CARTESIAN_POINT('',(-7.463276243,22.771464772,15.964225882));
#8722=CARTESIAN_POINT('',(-7.489413838,22.771464793,15.982098371));
#8723=B_SPLINE_CURVE_WITH_KNOTS('',3,(#8710,#8711,#8712,#8713,#8714,#8715,#8716,#8717,#8718,#8719,#8720,#8721,#8722),.UNSPECIFIED.,.F.,.F.,(4,3,3,3,4),(-0.000002828,0.000091422,0.000185673,0.000279924,0.000374174),.UNSPECIFIED.);
#8724=EDGE_CURVE('',#8696,#4333,#8723,.T.);
#8725=ORIENTED_EDGE('',*,*,#8724,.T.);
#8726=ORIENTED_EDGE('',*,*,#4339,.F.);
#8727=CARTESIAN_POINT('',(-7.625417935,22.571464793,15.384631306));
#8728=VERTEX_POINT('',#8727);
#8729=CARTESIAN_POINT('',(-7.696705766,22.771464793,15.656715221));
#8730=CARTESIAN_POINT('',(-7.669520665,22.771464774,15.640614759));
#8731=CARTESIAN_POINT('',(-7.646479987,22.763427247,15.617637156));
#8732=CARTESIAN_POINT('',(-7.630745245,22.75044415,15.59333758));
#8733=CARTESIAN_POINT('',(-7.615010503,22.737461053,15.569038004));
#8734=CARTESIAN_POINT('',(-7.605839954,22.720036082,15.543553931));
#8735=CARTESIAN_POINT('',(-7.601542592,22.700595009,15.518679899));
#8736=CARTESIAN_POINT('',(-7.59294787,22.661712864,15.468931834));
#8737=CARTESIAN_POINT('',(-7.603051888,22.616704323,15.423370435));
#8738=CARTESIAN_POINT('',(-7.625417935,22.571464793,15.384631306));
#8739=B_SPLINE_CURVE_WITH_KNOTS('',3,(#8729,#8730,#8731,#8732,#8733,#8734,#8735,#8736,#8737,#8738),.UNSPECIFIED.,.F.,.F.,(4,3,3,4),(0.000377691,0.000471712,0.000565734,0.000753776),.UNSPECIFIED.);
#8740=EDGE_CURVE('',#4325,#8728,#8739,.T.);
#8741=ORIENTED_EDGE('',*,*,#8740,.T.);
#8742=CARTESIAN_POINT('',(-7.625417935,22.571464793,15.384631306));
#8743=CARTESIAN_POINT('',(-7.636779922,22.594445383,15.364951767));
#8744=CARTESIAN_POINT('',(-7.650776387,22.616345866,15.348026396));
#8745=CARTESIAN_POINT('',(-7.668040863,22.638066821,15.333144338));
#8746=CARTESIAN_POINT('',(-7.68530534,22.659787776,15.318262279));
#8747=CARTESIAN_POINT('',(-7.705928908,22.681174265,15.305650291));
#8748=CARTESIAN_POINT('',(-7.729411116,22.70046476,15.296988792));
#8749=CARTESIAN_POINT('',(-7.752893324,22.719755255,15.288327293));
#8750=CARTESIAN_POINT('',(-7.779692613,22.73735686,15.28340834));
#8751=CARTESIAN_POINT('',(-7.808793331,22.750429241,15.284890061));
#8752=CARTESIAN_POINT('',(-7.837894048,22.763501622,15.286371782));
#8753=CARTESIAN_POINT('',(-7.86909761,22.771464772,15.294799983));
#8754=CARTESIAN_POINT('',(-7.896693433,22.771464793,15.31032642));
#8755=B_SPLINE_CURVE_WITH_KNOTS('',3,(#8742,#8743,#8744,#8745,#8746,#8747,#8748,#8749,#8750,#8751,#8752,#8753,#8754),.UNSPECIFIED.,.F.,.F.,(4,3,3,3,4),(-0.000002828,0.000091422,0.000185673,0.000279924,0.000374174),.UNSPECIFIED.);
#8756=EDGE_CURVE('',#8728,#4291,#8755,.T.);
#8757=ORIENTED_EDGE('',*,*,#8756,.T.);
#8758=ORIENTED_EDGE('',*,*,#4297,.F.);
#8759=CARTESIAN_POINT('',(-7.980107308,22.571464793,14.703279359));
#8760=VERTEX_POINT('',#8759);
#8761=CARTESIAN_POINT('',(-8.074837543,22.771464793,14.968114769));
#8762=CARTESIAN_POINT('',(-8.046352642,22.771464774,14.954444912));
#8763=CARTESIAN_POINT('',(-8.021397011,22.763427247,14.933562873));
#8764=CARTESIAN_POINT('',(-8.003604297,22.75044415,14.910727137));
#8765=CARTESIAN_POINT('',(-7.985811582,22.737461053,14.887891402));
#8766=CARTESIAN_POINT('',(-7.974454847,22.720036082,14.863303569));
#8767=CARTESIAN_POINT('',(-7.968005923,22.700595009,14.83889873));
#8768=CARTESIAN_POINT('',(-7.955108077,22.661712864,14.790089051));
#8769=CARTESIAN_POINT('',(-7.961202709,22.616704323,14.743820404));
#8770=CARTESIAN_POINT('',(-7.980107308,22.571464793,14.703279359));
#8771=B_SPLINE_CURVE_WITH_KNOTS('',3,(#8761,#8762,#8763,#8764,#8765,#8766,#8767,#8768,#8769,#8770),.UNSPECIFIED.,.F.,.F.,(4,3,3,4),(0.000377691,0.000471712,0.000565734,0.000753776),.UNSPECIFIED.);
#8772=EDGE_CURVE('',#4283,#8760,#8771,.T.);
#8773=ORIENTED_EDGE('',*,*,#8772,.T.);
#8774=CARTESIAN_POINT('',(-7.980107308,22.571464793,14.703279359));
#8775=CARTESIAN_POINT('',(-7.989710875,22.594445383,14.682684445));
#8776=CARTESIAN_POINT('',(-8.002178936,22.616345866,14.664603607));
#8777=CARTESIAN_POINT('',(-8.018080659,22.638066821,14.648273481));
#8778=CARTESIAN_POINT('',(-8.033982382,22.659787776,14.631943356));
#8779=CARTESIAN_POINT('',(-8.053428263,22.681174265,14.617581897));
#8780=CARTESIAN_POINT('',(-8.076066215,22.70046476,14.606906749));
#8781=CARTESIAN_POINT('',(-8.098704167,22.719755255,14.5962316));
#8782=CARTESIAN_POINT('',(-8.124972762,22.73735686,14.588995653));
#8783=CARTESIAN_POINT('',(-8.154091883,22.750429241,14.587935441));
#8784=CARTESIAN_POINT('',(-8.183211004,22.763501622,14.586875229));
#8785=CARTESIAN_POINT('',(-8.215030393,22.771464772,14.592551788));
#8786=CARTESIAN_POINT('',(-8.243874424,22.771464793,14.605614008));
#8787=B_SPLINE_CURVE_WITH_KNOTS('',3,(#8774,#8775,#8776,#8777,#8778,#8779,#8780,#8781,#8782,#8783,#8784,#8785,#8786),.UNSPECIFIED.,.F.,.F.,(4,3,3,3,4),(-0.000002828,0.000091422,0.000185673,0.000279924,0.000374174),.UNSPECIFIED.);
#8788=EDGE_CURVE('',#8760,#4249,#8787,.T.);
#8789=ORIENTED_EDGE('',*,*,#8788,.T.);
#8790=ORIENTED_EDGE('',*,*,#4255,.F.);
#8791=CARTESIAN_POINT('',(-8.274063247,22.571464793,13.993606946));
#8792=VERTEX_POINT('',#8791);
#8793=CARTESIAN_POINT('',(-8.391514931,22.771464793,14.249178294));
#8794=CARTESIAN_POINT('',(-8.361947017,22.771464774,14.238043077));
#8795=CARTESIAN_POINT('',(-8.33526636,22.763427247,14.219415527));
#8796=CARTESIAN_POINT('',(-8.315551087,22.75044415,14.198217426));
#8797=CARTESIAN_POINT('',(-8.295835814,22.737461053,14.177019324));
#8798=CARTESIAN_POINT('',(-8.282379323,22.720036082,14.153514861));
#8799=CARTESIAN_POINT('',(-8.273827918,22.700595009,14.12976495));
#8800=CARTESIAN_POINT('',(-8.256725108,22.661712864,14.082265127));
#8801=CARTESIAN_POINT('',(-8.258763969,22.616704323,14.035641365));
#8802=CARTESIAN_POINT('',(-8.274063247,22.571464793,13.993606946));
#8803=B_SPLINE_CURVE_WITH_KNOTS('',3,(#8793,#8794,#8795,#8796,#8797,#8798,#8799,#8800,#8801,#8802),.UNSPECIFIED.,.F.,.F.,(4,3,3,4),(0.000377691,0.000471712,0.000565734,0.000753776),.UNSPECIFIED.);
#8804=EDGE_CURVE('',#4241,#8792,#8803,.T.);
#8805=ORIENTED_EDGE('',*,*,#8804,.T.);
#8806=CARTESIAN_POINT('',(-8.274063247,22.571464793,13.993606946));
#8807=CARTESIAN_POINT('',(-8.281835303,22.594445383,13.972253396));
#8808=CARTESIAN_POINT('',(-8.292680071,22.616345866,13.953154699));
#8809=CARTESIAN_POINT('',(-8.307098019,22.638066821,13.935500787));
#8810=CARTESIAN_POINT('',(-8.321515967,22.659787776,13.917846876));
#8811=CARTESIAN_POINT('',(-8.339636167,22.681174265,13.901845247));
#8812=CARTESIAN_POINT('',(-8.361257574,22.70046476,13.889237693));
#8813=CARTESIAN_POINT('',(-8.382878981,22.719755255,13.87663014));
#8814=CARTESIAN_POINT('',(-8.408416962,22.73735686,13.867132268));
#8815=CARTESIAN_POINT('',(-8.437332873,22.750429241,13.863538192));
#8816=CARTESIAN_POINT('',(-8.466248783,22.763501622,13.859944116));
#8817=CARTESIAN_POINT('',(-8.498441834,22.771464772,13.862825831));
#8818=CARTESIAN_POINT('',(-8.528314552,22.771464793,13.873324423));
#8819=B_SPLINE_CURVE_WITH_KNOTS('',3,(#8806,#8807,#8808,#8809,#8810,#8811,#8812,#8813,#8814,#8815,#8816,#8817,#8818),.UNSPECIFIED.,.F.,.F.,(4,3,3,3,4),(-0.000002828,0.000091422,0.000185673,0.000279924,0.000374174),.UNSPECIFIED.);
#8820=EDGE_CURVE('',#8792,#1897,#8819,.T.);
#8821=ORIENTED_EDGE('',*,*,#8820,.T.);
#8822=ORIENTED_EDGE('',*,*,#1903,.F.);
#8823=CARTESIAN_POINT('',(-8.505048567,22.571464793,13.261015103));
#8824=VERTEX_POINT('',#8823);
#8825=CARTESIAN_POINT('',(-8.644327823,22.771464793,13.505377336));
#8826=CARTESIAN_POINT('',(-8.613901926,22.771464774,13.496861506));
#8827=CARTESIAN_POINT('',(-8.585699299,22.763427247,13.480630211));
#8828=CARTESIAN_POINT('',(-8.564211512,22.75044415,13.461231074));
#8829=CARTESIAN_POINT('',(-8.542723725,22.737461053,13.441831937));
#8830=CARTESIAN_POINT('',(-8.527269892,22.720036082,13.419589726));
#8831=CARTESIAN_POINT('',(-8.516681086,22.700595009,13.396675495));
#8832=CARTESIAN_POINT('',(-8.495503475,22.661712864,13.350847032));
#8833=CARTESIAN_POINT('',(-8.49347105,22.616704323,13.304222988));
#8834=CARTESIAN_POINT('',(-8.505048567,22.571464793,13.261015103));
#8835=B_SPLINE_CURVE_WITH_KNOTS('',3,(#8825,#8826,#8827,#8828,#8829,#8830,#8831,#8832,#8833,#8834),.UNSPECIFIED.,.F.,.F.,(4,3,3,4),(0.000377691,0.000471712,0.000565734,0.000753776),.UNSPECIFIED.);
#8836=EDGE_CURVE('',#1889,#8824,#8835,.T.);
#8837=ORIENTED_EDGE('',*,*,#8836,.T.);
#8838=CARTESIAN_POINT('',(-8.505048567,22.571464793,13.261015103));
#8839=CARTESIAN_POINT('',(-8.510929965,22.594445383,13.23906543));
#8840=CARTESIAN_POINT('',(-8.520068903,22.616345866,13.219094226));
#8841=CARTESIAN_POINT('',(-8.532893347,22.638066821,13.200250886));
#8842=CARTESIAN_POINT('',(-8.54571779,22.659787776,13.181407546));
#8843=CARTESIAN_POINT('',(-8.562374404,22.681174265,13.163887528));
#8844=CARTESIAN_POINT('',(-8.582814715,22.70046476,13.14944352));
#8845=CARTESIAN_POINT('',(-8.603255025,22.719755255,13.134999512));
#8846=CARTESIAN_POINT('',(-8.627868032,22.73735686,13.123312002));
#8847=CARTESIAN_POINT('',(-8.656360664,22.750429241,13.117211415));
#8848=CARTESIAN_POINT('',(-8.684853296,22.763501622,13.111110827));
#8849=CARTESIAN_POINT('',(-8.717175001,22.771464772,13.111175768));
#8850=CARTESIAN_POINT('',(-8.747849058,22.771464793,13.11903083));
#8851=B_SPLINE_CURVE_WITH_KNOTS('',3,(#8838,#8839,#8840,#8841,#8842,#8843,#8844,#8845,#8846,#8847,#8848,#8849,#8850),.UNSPECIFIED.,.F.,.F.,(4,3,3,3,4),(-0.000002828,0.000091422,0.000185673,0.000279924,0.000374174),.UNSPECIFIED.);
#8852=EDGE_CURVE('',#8824,#1855,#8851,.T.);
#8853=ORIENTED_EDGE('',*,*,#8852,.T.);
#8854=ORIENTED_EDGE('',*,*,#1861,.F.);
#8855=CARTESIAN_POINT('',(-8.671305333,22.571464793,12.511079296));
#8856=VERTEX_POINT('',#8855);
#8857=CARTESIAN_POINT('',(-8.831352161,22.771464793,12.74237267));
#8858=CARTESIAN_POINT('',(-8.80017736,22.771464776,12.736518034));
#8859=CARTESIAN_POINT('',(-8.770664505,22.76339111,12.7227693));
#8860=CARTESIAN_POINT('',(-8.747541361,22.750358733,12.705262211));
#8861=CARTESIAN_POINT('',(-8.724418217,22.737326355,12.687755122));
#8862=CARTESIAN_POINT('',(-8.706985239,22.719669846,12.666693157));
#8863=CARTESIAN_POINT('',(-8.694590615,22.700398571,12.644988332));
#8864=CARTESIAN_POINT('',(-8.68219599,22.681127296,12.623283507));
#8865=CARTESIAN_POINT('',(-8.674503528,22.659712626,12.600337126));
#8866=CARTESIAN_POINT('',(-8.670855316,22.638031842,12.577881862));
#8867=CARTESIAN_POINT('',(-8.667207104,22.616351058,12.555426599));
#8868=CARTESIAN_POINT('',(-8.667415292,22.594120773,12.533140818));
#8869=CARTESIAN_POINT('',(-8.671305333,22.571464793,12.511079296));
#8870=B_SPLINE_CURVE_WITH_KNOTS('',3,(#8857,#8858,#8859,#8860,#8861,#8862,#8863,#8864,#8865,#8866,#8867,#8868,#8869),.UNSPECIFIED.,.F.,.F.,(4,3,3,3,4),(0.000207579,0.000302353,0.000397127,0.000491901,0.000586674),.UNSPECIFIED.);
#8871=EDGE_CURVE('',#1847,#8856,#8870,.T.);
#8872=ORIENTED_EDGE('',*,*,#8871,.T.);
#8873=CARTESIAN_POINT('',(-8.671305333,22.571464793,12.511079296));
#8874=CARTESIAN_POINT('',(-8.67525131,22.594445383,12.488700551));
#8875=CARTESIAN_POINT('',(-8.682614867,22.616345866,12.468008832));
#8876=CARTESIAN_POINT('',(-8.693748204,22.638066821,12.448119472));
#8877=CARTESIAN_POINT('',(-8.704881542,22.659787776,12.428230113));
#8878=CARTESIAN_POINT('',(-8.719947802,22.681174265,12.409325045));
#8879=CARTESIAN_POINT('',(-8.739051452,22.70046476,12.393154511));
#8880=CARTESIAN_POINT('',(-8.758155103,22.719755255,12.376983976));
#8881=CARTESIAN_POINT('',(-8.781655817,22.73735686,12.363195775));
#8882=CARTESIAN_POINT('',(-8.809508325,22.750429241,12.354635106));
#8883=CARTESIAN_POINT('',(-8.837360832,22.763501622,12.346074437));
#8884=CARTESIAN_POINT('',(-8.869565203,22.771464772,12.343322108));
#8885=CARTESIAN_POINT('',(-8.900807149,22.771464793,12.348473859));
#8886=B_SPLINE_CURVE_WITH_KNOTS('',3,(#8873,#8874,#8875,#8876,#8877,#8878,#8879,#8880,#8881,#8882,#8883,#8884,#8885),.UNSPECIFIED.,.F.,.F.,(4,3,3,3,4),(-0.000002828,0.000091422,0.000185673,0.000279924,0.000374174),.UNSPECIFIED.);
#8887=EDGE_CURVE('',#8856,#1813,#8886,.T.);
#8888=ORIENTED_EDGE('',*,*,#8887,.T.);
#8889=ORIENTED_EDGE('',*,*,#1819,.F.);
#8890=CARTESIAN_POINT('',(-8.77156823,22.571464793,11.749506989));
#8891=VERTEX_POINT('',#8890);
#8892=CARTESIAN_POINT('',(-8.951164577,22.771464793,11.965971222));
#8893=CARTESIAN_POINT('',(-8.91938671,22.77146479,11.962835061));
#8894=CARTESIAN_POINT('',(-8.889235786,22.763498418,11.951862223));
#8895=CARTESIAN_POINT('',(-8.864526531,22.75040551,11.936361944));
#8896=CARTESIAN_POINT('',(-8.839817277,22.737312602,11.920861664));
#8897=CARTESIAN_POINT('',(-8.820757943,22.719756634,11.901513453));
#8898=CARTESIAN_POINT('',(-8.806501097,22.700486825,11.880971093));
#8899=CARTESIAN_POINT('',(-8.777987405,22.661947206,11.839886372));
#8900=CARTESIAN_POINT('',(-8.767665993,22.616745833,11.794109753));
#8901=CARTESIAN_POINT('',(-8.77156823,22.571464793,11.749506989));
#8902=B_SPLINE_CURVE_WITH_KNOTS('',3,(#8892,#8893,#8894,#8895,#8896,#8897,#8898,#8899,#8900,#8901),.UNSPECIFIED.,.F.,.F.,(4,3,3,4),(0.000054666,0.000149653,0.000244641,0.000434616),.UNSPECIFIED.);
#8903=EDGE_CURVE('',#1805,#8891,#8902,.T.);
#8904=ORIENTED_EDGE('',*,*,#8903,.T.);
#8905=CARTESIAN_POINT('',(-8.77156823,22.571464793,11.749506989));
#8906=CARTESIAN_POINT('',(-8.773548945,22.594447592,11.726867311));
#8907=CARTESIAN_POINT('',(-8.779081937,22.616350143,11.705610577));
#8908=CARTESIAN_POINT('',(-8.788441088,22.638073087,11.684824726));
#8909=CARTESIAN_POINT('',(-8.797800239,22.65979603,11.664038876));
#8910=CARTESIAN_POINT('',(-8.811163877,22.68118425,11.643891104));
#8911=CARTESIAN_POINT('',(-8.828788899,22.700475889,11.626116226));
#8912=CARTESIAN_POINT('',(-8.846413921,22.719767528,11.608341348));
#8913=CARTESIAN_POINT('',(-8.868627581,22.737369426,11.592557392));
#8914=CARTESIAN_POINT('',(-8.895633675,22.750440553,11.581603452));
#8915=CARTESIAN_POINT('',(-8.922639768,22.763511679,11.570649512));
#8916=CARTESIAN_POINT('',(-8.95451303,22.771464766,11.565113288));
#8917=CARTESIAN_POINT('',(-8.986024724,22.771464793,11.567517913));
#8918=B_SPLINE_CURVE_WITH_KNOTS('',3,(#8905,#8906,#8907,#8908,#8909,#8910,#8911,#8912,#8913,#8914,#8915,#8916,#8917),.UNSPECIFIED.,.F.,.F.,(4,3,3,3,4),(-0.000002828,0.000091431,0.000185691,0.000279951,0.00037421),.UNSPECIFIED.);
#8919=EDGE_CURVE('',#8891,#2300,#8918,.T.);
#8920=ORIENTED_EDGE('',*,*,#8919,.T.);
#8921=ORIENTED_EDGE('',*,*,#2306,.F.);
#8922=CARTESIAN_POINT('',(-8.805074195,22.571464793,10.982094208));
#8923=VERTEX_POINT('',#8922);
#8924=CARTESIAN_POINT('',(-9.002853225,22.771464793,11.182081876));
#8925=CARTESIAN_POINT('',(-8.970831259,22.771464792,11.181726255));
#8926=CARTESIAN_POINT('',(-8.940017864,22.763512531,11.173439163));
#8927=CARTESIAN_POINT('',(-8.914125166,22.750486558,11.16021853));
#8928=CARTESIAN_POINT('',(-8.888232467,22.737460585,11.146997897));
#8929=CARTESIAN_POINT('',(-8.86748737,22.719928412,11.129406761));
#8930=CARTESIAN_POINT('',(-8.85140809,22.700578466,11.110104864));
#8931=CARTESIAN_POINT('',(-8.819249531,22.661878575,11.071501072));
#8932=CARTESIAN_POINT('',(-8.805074195,22.616735862,11.026857487));
#8933=CARTESIAN_POINT('',(-8.805074195,22.571464793,10.982094208));
#8934=B_SPLINE_CURVE_WITH_KNOTS('',3,(#8924,#8925,#8926,#8927,#8928,#8929,#8930,#8931,#8932,#8933),.UNSPECIFIED.,.F.,.F.,(4,3,3,4),(0.000002383,0.000097101,0.000191819,0.000381254),.UNSPECIFIED.);
#8935=EDGE_CURVE('',#2298,#8923,#8934,.T.);
#8936=ORIENTED_EDGE('',*,*,#8935,.T.);
#8937=CARTESIAN_POINT('',(-8.863652839,22.430043437,10.982094208));
#8938=VERTEX_POINT('',#8937);
#8939=CARTESIAN_POINT('',(-9.005074195,22.571464793,10.982094208));
#8940=DIRECTION('',(0.,0.,-1.));
#8941=DIRECTION('',(1.,0.,0.));
#8942=AXIS2_PLACEMENT_3D('',#8939,#8940,#8941);
#8943=CIRCLE('',#8942,0.2);
#8944=EDGE_CURVE('',#8923,#8938,#8943,.T.);
#8945=ORIENTED_EDGE('',*,*,#8944,.T.);
#8946=CARTESIAN_POINT('',(0.,22.430043437,19.845747047));
#8947=VERTEX_POINT('',#8946);
#8948=CARTESIAN_POINT('',(0.,22.430043437,10.982094208));
#8949=DIRECTION('',(0.,1.,0.));
#8950=DIRECTION('',(0.,-0.,1.));
#8951=AXIS2_PLACEMENT_3D('',#8948,#8949,#8950);
#8952=CIRCLE('',#8951,8.863652839);
#8953=EDGE_CURVE('',#8938,#8947,#8952,.T.);
#8954=ORIENTED_EDGE('',*,*,#8953,.T.);
#8955=CARTESIAN_POINT('',(0.,22.430043437,10.982094208));
#8956=DIRECTION('',(0.,1.,0.));
#8957=DIRECTION('',(0.,-0.,1.));
#8958=AXIS2_PLACEMENT_3D('',#8955,#8956,#8957);
#8959=CIRCLE('',#8958,8.863652839);
#8960=EDGE_CURVE('',#8947,#7174,#8959,.T.);
#8961=ORIENTED_EDGE('',*,*,#8960,.T.);
#8962=EDGE_LOOP('',(#7181,#7197,#7198,#7216,#7232,#7233,#7251,#7267,#7268,#7283,#7299,#7300,#7315,#7331,#7332,#7347,#7363,#7364,#7379,#7395,#7396,#7411,#7427,#7428,#7443,#7459,
#7460,#7475,#7491,#7492,#7507,#7523,#7524,#7539,#7555,#7556,#7571,#7587,#7588,#7603,#7619,#7620,#7635,#7651,#7652,#7667,#7683,#7684,#7702,#7718,#7719,
#7734,#7750,#7751,#7766,#7782,#7783,#7801,#7817,#7818,#7836,#7852,#7853,#7868,#7884,#7885,#7900,#7916,#7917,#7932,#7948,#7949,#7964,#7980,#7981,#7996,
#8012,#8013,#8028,#8044,#8045,#8060,#8076,#8077,#8092,#8108,#8109,#8124,#8140,#8141,#8156,#8172,#8173,#8188,#8204,#8205,#8220,#8236,#8237,#8252,#8268,
#8269,#8287,#8303,#8304,#8319,#8335,#8336,#8351,#8367,#8368,#8386,#8402,#8403,#8421,#8437,#8438,#8453,#8469,#8470,#8485,#8501,#8502,#8517,#8533,#8534,
#8549,#8565,#8566,#8581,#8597,#8598,#8613,#8629,#8630,#8645,#8661,#8662,#8677,#8693,#8694,#8709,#8725,#8726,#8741,#8757,#8758,#8773,#8789,#8790,#8805,
#8821,#8822,#8837,#8853,#8854,#8872,#8888,#8889,#8904,#8920,#8921,#8936,#8945,#8954,#8961));
#8963=FACE_BOUND('',#8962,.T.);
#8964=ADVANCED_FACE('',(#8963),#7170,.F.);
#8965=CARTESIAN_POINT('',(0.,22.571464793,10.982094208));
#8966=DIRECTION('',(0.,1.,0.));
#8967=DIRECTION('',(0.,-0.,1.));
#8968=AXIS2_PLACEMENT_3D('',#8965,#8966,#8967);
#8969=CONICAL_SURFACE('',#8968,9.005074195,45.);
#8970=CARTESIAN_POINT('',(0.,22.430043437,19.845747047));
#8971=DIRECTION('',(-0.,-0.707106781,-0.707106781));
#8972=VECTOR('',#8971,0.365685425);
#8973=LINE('',#8970,#8972);
#8974=EDGE_CURVE('',#8947,#1142,#8973,.T.);
#8975=ORIENTED_EDGE('',*,*,#8974,.T.);
#8976=ORIENTED_EDGE('',*,*,#1148,.F.);
#8977=ORIENTED_EDGE('',*,*,#8974,.F.);
#8978=ORIENTED_EDGE('',*,*,#8953,.F.);
#8979=CARTESIAN_POINT('',(0.,22.430043437,10.982094208));
#8980=DIRECTION('',(0.,1.,0.));
#8981=DIRECTION('',(0.,-0.,1.));
#8982=AXIS2_PLACEMENT_3D('',#8979,#8980,#8981);
#8983=CIRCLE('',#8982,8.863652839);
#8984=EDGE_CURVE('',#7174,#8938,#8983,.T.);
#8985=ORIENTED_EDGE('',*,*,#8984,.F.);
#8986=ORIENTED_EDGE('',*,*,#8960,.F.);
#8987=EDGE_LOOP('',(#8975,#8976,#8977,#8978,#8985,#8986));
#8988=FACE_BOUND('',#8987,.T.);
#8989=ADVANCED_FACE('',(#8988),#8969,.T.);
#8990=CARTESIAN_POINT('',(-2.330684704,22.571464793,19.680327941));
#8991=DIRECTION('',(-0.,1.,0.));
#8992=DIRECTION('',(-0.258819045,-0.,0.965925826));
#8993=AXIS2_PLACEMENT_3D('',#8990,#8991,#8992);
#8994=CYLINDRICAL_SURFACE('',#8993,0.2);
#8995=ORIENTED_EDGE('',*,*,#4513,.F.);
#8996=ORIENTED_EDGE('',*,*,#8468,.F.);
#8997=ORIENTED_EDGE('',*,*,#8452,.F.);
#8998=ORIENTED_EDGE('',*,*,#4597,.F.);
#8999=ORIENTED_EDGE('',*,*,#5868,.F.);
#9000=ORIENTED_EDGE('',*,*,#5852,.F.);
#9001=EDGE_LOOP('',(#8995,#8996,#8997,#8998,#8999,#9000));
#9002=FACE_BOUND('',#9001,.T.);
#9003=ADVANCED_FACE('',(#9002),#8994,.F.);
#9004=CARTESIAN_POINT('',(-1.563714724,22.571464793,19.850361092));
#9005=DIRECTION('',(-0.,1.,0.));
#9006=DIRECTION('',(-0.173648178,-0.,0.984807753));
#9007=AXIS2_PLACEMENT_3D('',#9004,#9005,#9006);
#9008=CYLINDRICAL_SURFACE('',#9007,0.2);
#9009=ORIENTED_EDGE('',*,*,#5887,.F.);
#9010=ORIENTED_EDGE('',*,*,#4582,.F.);
#9011=ORIENTED_EDGE('',*,*,#8436,.F.);
#9012=ORIENTED_EDGE('',*,*,#8420,.F.);
#9013=ORIENTED_EDGE('',*,*,#4555,.F.);
#9014=ORIENTED_EDGE('',*,*,#5903,.F.);
#9015=EDGE_LOOP('',(#9009,#9010,#9011,#9012,#9013,#9014));
#9016=FACE_BOUND('',#9015,.T.);
#9017=ADVANCED_FACE('',(#9016),#9008,.F.);
#9018=CARTESIAN_POINT('',(-3.079916767,22.571464793,19.444095979));
#9019=DIRECTION('',(-0.,1.,0.));
#9020=DIRECTION('',(-0.342020143,-0.,0.939692621));
#9021=AXIS2_PLACEMENT_3D('',#9018,#9019,#9020);
#9022=CYLINDRICAL_SURFACE('',#9021,0.2);
#9023=ORIENTED_EDGE('',*,*,#4471,.F.);
#9024=ORIENTED_EDGE('',*,*,#8500,.F.);
#9025=ORIENTED_EDGE('',*,*,#8484,.F.);
#9026=ORIENTED_EDGE('',*,*,#4498,.F.);
#9027=ORIENTED_EDGE('',*,*,#5836,.F.);
#9028=ORIENTED_EDGE('',*,*,#5820,.F.);
#9029=EDGE_LOOP('',(#9023,#9024,#9025,#9026,#9027,#9028));
#9030=FACE_BOUND('',#9029,.T.);
#9031=ADVANCED_FACE('',(#9030),#9022,.F.);
#9032=CARTESIAN_POINT('',(-3.805708803,22.571464793,19.143463074));
#9033=DIRECTION('',(-0.,1.,0.));
#9034=DIRECTION('',(-0.422618262,-0.,0.906307787));
#9035=AXIS2_PLACEMENT_3D('',#9032,#9033,#9034);
#9036=CYLINDRICAL_SURFACE('',#9035,0.2);
#9037=ORIENTED_EDGE('',*,*,#4429,.F.);
#9038=ORIENTED_EDGE('',*,*,#8532,.F.);
#9039=ORIENTED_EDGE('',*,*,#8516,.F.);
#9040=ORIENTED_EDGE('',*,*,#4456,.F.);
#9041=ORIENTED_EDGE('',*,*,#5804,.F.);
#9042=ORIENTED_EDGE('',*,*,#5788,.F.);
#9043=EDGE_LOOP('',(#9037,#9038,#9039,#9040,#9041,#9042));
#9044=FACE_BOUND('',#9043,.T.);
#9045=ADVANCED_FACE('',(#9044),#9036,.F.);
#9046=CARTESIAN_POINT('',(-4.502537098,22.571464793,18.780717224));
#9047=DIRECTION('',(-0.,1.,0.));
#9048=DIRECTION('',(-0.5,-0.,0.866025404));
#9049=AXIS2_PLACEMENT_3D('',#9046,#9047,#9048);
#9050=CYLINDRICAL_SURFACE('',#9049,0.2);
#9051=ORIENTED_EDGE('',*,*,#2833,.F.);
#9052=ORIENTED_EDGE('',*,*,#8564,.F.);
#9053=ORIENTED_EDGE('',*,*,#8548,.F.);
#9054=ORIENTED_EDGE('',*,*,#4414,.F.);
#9055=ORIENTED_EDGE('',*,*,#5772,.F.);
#9056=ORIENTED_EDGE('',*,*,#5756,.F.);
#9057=EDGE_LOOP('',(#9051,#9052,#9053,#9054,#9055,#9056));
#9058=FACE_BOUND('',#9057,.T.);
#9059=ADVANCED_FACE('',(#9058),#9050,.F.);
#9060=CARTESIAN_POINT('',(-7.376524936,22.571464793,16.147192574));
#9061=DIRECTION('',(-0.,1.,0.));
#9062=DIRECTION('',(-0.819152044,-0.,0.573576436));
#9063=AXIS2_PLACEMENT_3D('',#9060,#9061,#9062);
#9064=CYLINDRICAL_SURFACE('',#9063,0.2);
#9065=ORIENTED_EDGE('',*,*,#4345,.F.);
#9066=ORIENTED_EDGE('',*,*,#8724,.F.);
#9067=ORIENTED_EDGE('',*,*,#8708,.F.);
#9068=ORIENTED_EDGE('',*,*,#4387,.F.);
#9069=ORIENTED_EDGE('',*,*,#5612,.F.);
#9070=ORIENTED_EDGE('',*,*,#5596,.F.);
#9071=EDGE_LOOP('',(#9065,#9066,#9067,#9068,#9069,#9070));
#9072=FACE_BOUND('',#9071,.T.);
#9073=ADVANCED_FACE('',(#9072),#9064,.F.);
#9074=CARTESIAN_POINT('',(-7.798623016,22.571464793,15.484631306));
#9075=DIRECTION('',(-0.,1.,0.));
#9076=DIRECTION('',(-0.866025404,-0.,0.5));
#9077=AXIS2_PLACEMENT_3D('',#9074,#9075,#9076);
#9078=CYLINDRICAL_SURFACE('',#9077,0.2);
#9079=ORIENTED_EDGE('',*,*,#5564,.F.);
#9080=ORIENTED_EDGE('',*,*,#4303,.F.);
#9081=ORIENTED_EDGE('',*,*,#8756,.F.);
#9082=ORIENTED_EDGE('',*,*,#8740,.F.);
#9083=ORIENTED_EDGE('',*,*,#4330,.F.);
#9084=ORIENTED_EDGE('',*,*,#5580,.F.);
#9085=EDGE_LOOP('',(#9079,#9080,#9081,#9082,#9083,#9084));
#9086=FACE_BOUND('',#9085,.T.);
#9087=ADVANCED_FACE('',(#9086),#9078,.F.);
#9088=CARTESIAN_POINT('',(-8.161368866,22.571464793,14.787803011));
#9089=DIRECTION('',(-0.,1.,0.));
#9090=DIRECTION('',(-0.906307787,-0.,0.422618262));
#9091=AXIS2_PLACEMENT_3D('',#9088,#9089,#9090);
#9092=CYLINDRICAL_SURFACE('',#9091,0.2);
#9093=ORIENTED_EDGE('',*,*,#5532,.F.);
#9094=ORIENTED_EDGE('',*,*,#4261,.F.);
#9095=ORIENTED_EDGE('',*,*,#8788,.F.);
#9096=ORIENTED_EDGE('',*,*,#8772,.F.);
#9097=ORIENTED_EDGE('',*,*,#4288,.F.);
#9098=ORIENTED_EDGE('',*,*,#5548,.F.);
#9099=EDGE_LOOP('',(#9093,#9094,#9095,#9096,#9097,#9098));
#9100=FACE_BOUND('',#9099,.T.);
#9101=ADVANCED_FACE('',(#9100),#9092,.F.);
#9102=CARTESIAN_POINT('',(-8.462001771,22.571464793,14.062010975));
#9103=DIRECTION('',(-0.,1.,0.));
#9104=DIRECTION('',(-0.939692621,-0.,0.342020143));
#9105=AXIS2_PLACEMENT_3D('',#9102,#9103,#9104);
#9106=CYLINDRICAL_SURFACE('',#9105,0.2);
#9107=ORIENTED_EDGE('',*,*,#5500,.F.);
#9108=ORIENTED_EDGE('',*,*,#1909,.F.);
#9109=ORIENTED_EDGE('',*,*,#8820,.F.);
#9110=ORIENTED_EDGE('',*,*,#8804,.F.);
#9111=ORIENTED_EDGE('',*,*,#4246,.F.);
#9112=ORIENTED_EDGE('',*,*,#5516,.F.);
#9113=EDGE_LOOP('',(#9107,#9108,#9109,#9110,#9111,#9112));
#9114=FACE_BOUND('',#9113,.T.);
#9115=ADVANCED_FACE('',(#9114),#9106,.F.);
#9116=CARTESIAN_POINT('',(6.898287047,22.571464793,5.193744091));
#9117=DIRECTION('',(0.,1.,0.));
#9118=DIRECTION('',(0.766044443,0.,-0.64278761));
#9119=AXIS2_PLACEMENT_3D('',#9116,#9117,#9118);
#9120=CYLINDRICAL_SURFACE('',#9119,0.2);
#9121=ORIENTED_EDGE('',*,*,#4177,.F.);
#9122=ORIENTED_EDGE('',*,*,#7522,.F.);
#9123=ORIENTED_EDGE('',*,*,#7506,.F.);
#9124=ORIENTED_EDGE('',*,*,#4219,.F.);
#9125=ORIENTED_EDGE('',*,*,#6824,.F.);
#9126=ORIENTED_EDGE('',*,*,#6808,.F.);
#9127=EDGE_LOOP('',(#9121,#9122,#9123,#9124,#9125,#9126));
#9128=FACE_BOUND('',#9127,.T.);
#9129=ADVANCED_FACE('',(#9128),#9120,.F.);
#9130=CARTESIAN_POINT('',(7.376524936,22.571464793,5.816995842));
#9131=DIRECTION('',(0.,1.,0.));
#9132=DIRECTION('',(0.819152044,0.,-0.573576436));
#9133=AXIS2_PLACEMENT_3D('',#9130,#9131,#9132);
#9134=CYLINDRICAL_SURFACE('',#9133,0.2);
#9135=ORIENTED_EDGE('',*,*,#4135,.F.);
#9136=ORIENTED_EDGE('',*,*,#7554,.F.);
#9137=ORIENTED_EDGE('',*,*,#7538,.F.);
#9138=ORIENTED_EDGE('',*,*,#4162,.F.);
#9139=ORIENTED_EDGE('',*,*,#6792,.F.);
#9140=ORIENTED_EDGE('',*,*,#6776,.F.);
#9141=EDGE_LOOP('',(#9135,#9136,#9137,#9138,#9139,#9140));
#9142=FACE_BOUND('',#9141,.T.);
#9143=ADVANCED_FACE('',(#9142),#9134,.F.);
#9144=CARTESIAN_POINT('',(7.798623016,22.571464793,6.47955711));
#9145=DIRECTION('',(0.,1.,0.));
#9146=DIRECTION('',(0.866025404,-0.,-0.5));
#9147=AXIS2_PLACEMENT_3D('',#9144,#9145,#9146);
#9148=CYLINDRICAL_SURFACE('',#9147,0.2);
#9149=ORIENTED_EDGE('',*,*,#4093,.F.);
#9150=ORIENTED_EDGE('',*,*,#7586,.F.);
#9151=ORIENTED_EDGE('',*,*,#7570,.F.);
#9152=ORIENTED_EDGE('',*,*,#4120,.F.);
#9153=ORIENTED_EDGE('',*,*,#6760,.F.);
#9154=ORIENTED_EDGE('',*,*,#6744,.F.);
#9155=EDGE_LOOP('',(#9149,#9150,#9151,#9152,#9153,#9154));
#9156=FACE_BOUND('',#9155,.T.);
#9157=ADVANCED_FACE('',(#9156),#9148,.F.);
#9158=CARTESIAN_POINT('',(8.161368866,22.571464793,7.176385405));
#9159=DIRECTION('',(0.,1.,0.));
#9160=DIRECTION('',(0.906307787,-0.,-0.422618262));
#9161=AXIS2_PLACEMENT_3D('',#9158,#9159,#9160);
#9162=CYLINDRICAL_SURFACE('',#9161,0.2);
#9163=ORIENTED_EDGE('',*,*,#4051,.F.);
#9164=ORIENTED_EDGE('',*,*,#7618,.F.);
#9165=ORIENTED_EDGE('',*,*,#7602,.F.);
#9166=ORIENTED_EDGE('',*,*,#4078,.F.);
#9167=ORIENTED_EDGE('',*,*,#6728,.F.);
#9168=ORIENTED_EDGE('',*,*,#6712,.F.);
#9169=EDGE_LOOP('',(#9163,#9164,#9165,#9166,#9167,#9168));
#9170=FACE_BOUND('',#9169,.T.);
#9171=ADVANCED_FACE('',(#9170),#9162,.F.);
#9172=CARTESIAN_POINT('',(8.462001771,22.571464793,7.902177441));
#9173=DIRECTION('',(0.,1.,0.));
#9174=DIRECTION('',(0.939692621,-0.,-0.342020143));
#9175=AXIS2_PLACEMENT_3D('',#9172,#9173,#9174);
#9176=CYLINDRICAL_SURFACE('',#9175,0.2);
#9177=ORIENTED_EDGE('',*,*,#4009,.F.);
#9178=ORIENTED_EDGE('',*,*,#7650,.F.);
#9179=ORIENTED_EDGE('',*,*,#7634,.F.);
#9180=ORIENTED_EDGE('',*,*,#4036,.F.);
#9181=ORIENTED_EDGE('',*,*,#6696,.F.);
#9182=ORIENTED_EDGE('',*,*,#6680,.F.);
#9183=EDGE_LOOP('',(#9177,#9178,#9179,#9180,#9181,#9182));
#9184=FACE_BOUND('',#9183,.T.);
#9185=ADVANCED_FACE('',(#9184),#9176,.F.);
#9186=CARTESIAN_POINT('',(8.698233733,22.571464793,8.651409504));
#9187=DIRECTION('',(0.,1.,0.));
#9188=DIRECTION('',(0.965925826,-0.,-0.258819045));
#9189=AXIS2_PLACEMENT_3D('',#9186,#9187,#9188);
#9190=CYLINDRICAL_SURFACE('',#9189,0.2);
#9191=ORIENTED_EDGE('',*,*,#3967,.F.);
#9192=ORIENTED_EDGE('',*,*,#7682,.F.);
#9193=ORIENTED_EDGE('',*,*,#7666,.F.);
#9194=ORIENTED_EDGE('',*,*,#3994,.F.);
#9195=ORIENTED_EDGE('',*,*,#6664,.F.);
#9196=ORIENTED_EDGE('',*,*,#6648,.F.);
#9197=EDGE_LOOP('',(#9191,#9192,#9193,#9194,#9195,#9196));
#9198=FACE_BOUND('',#9197,.T.);
#9199=ADVANCED_FACE('',(#9198),#9190,.F.);
#9200=CARTESIAN_POINT('',(8.868266884,22.571464793,9.418379484));
#9201=DIRECTION('',(0.,1.,0.));
#9202=DIRECTION('',(0.984807753,-0.,-0.173648178));
#9203=AXIS2_PLACEMENT_3D('',#9200,#9201,#9202);
#9204=CYLINDRICAL_SURFACE('',#9203,0.2);
#9205=ORIENTED_EDGE('',*,*,#6616,.F.);
#9206=ORIENTED_EDGE('',*,*,#3925,.F.);
#9207=ORIENTED_EDGE('',*,*,#7717,.F.);
#9208=ORIENTED_EDGE('',*,*,#7701,.F.);
#9209=ORIENTED_EDGE('',*,*,#3952,.F.);
#9210=ORIENTED_EDGE('',*,*,#6632,.F.);
#9211=EDGE_LOOP('',(#9205,#9206,#9207,#9208,#9209,#9210));
#9212=FACE_BOUND('',#9211,.T.);
#9213=ADVANCED_FACE('',(#9212),#9204,.F.);
#9214=CARTESIAN_POINT('',(8.970807169,22.571464793,10.197250278));
#9215=DIRECTION('',(0.,1.,0.));
#9216=DIRECTION('',(0.996194698,-0.,-0.087155743));
#9217=AXIS2_PLACEMENT_3D('',#9214,#9215,#9216);
#9218=CYLINDRICAL_SURFACE('',#9217,0.2);
#9219=ORIENTED_EDGE('',*,*,#6581,.F.);
#9220=ORIENTED_EDGE('',*,*,#3631,.F.);
#9221=ORIENTED_EDGE('',*,*,#7749,.F.);
#9222=ORIENTED_EDGE('',*,*,#7733,.F.);
#9223=ORIENTED_EDGE('',*,*,#3910,.F.);
#9224=ORIENTED_EDGE('',*,*,#6597,.F.);
#9225=EDGE_LOOP('',(#9219,#9220,#9221,#9222,#9223,#9224));
#9226=FACE_BOUND('',#9225,.T.);
#9227=ADVANCED_FACE('',(#9226),#9218,.F.);
#9228=CARTESIAN_POINT('',(-3.805708803,22.571464793,2.820725342));
#9229=DIRECTION('',(-0.,1.,0.));
#9230=DIRECTION('',(-0.422618262,0.,-0.906307787));
#9231=AXIS2_PLACEMENT_3D('',#9228,#9229,#9230);
#9232=CYLINDRICAL_SURFACE('',#9231,0.2);
#9233=CARTESIAN_POINT('',(-3.721185151,27.771464793,3.0019869));
#9234=VERTEX_POINT('',#9233);
#9235=CARTESIAN_POINT('',(-3.6235198,27.571464793,2.738219784));
#9236=CARTESIAN_POINT('',(-3.610485915,27.571464812,2.767001244));
#9237=CARTESIAN_POINT('',(-3.604791509,27.579502339,2.799038984));
#9238=CARTESIAN_POINT('',(-3.605840027,27.592485436,2.827969109));
#9239=CARTESIAN_POINT('',(-3.606888545,27.605468534,2.856899234));
#9240=CARTESIAN_POINT('',(-3.613993534,27.622893505,2.883034575));
#9241=CARTESIAN_POINT('',(-3.624740501,27.642334577,2.905875055));
#9242=CARTESIAN_POINT('',(-3.646234434,27.681216722,2.951556014));
#9243=CARTESIAN_POINT('',(-3.680644106,27.726225264,2.9830823));
#9244=CARTESIAN_POINT('',(-3.721185151,27.771464793,3.0019869));
#9245=B_SPLINE_CURVE_WITH_KNOTS('',3,(#9235,#9236,#9237,#9238,#9239,#9240,#9241,#9242,#9243,#9244),.UNSPECIFIED.,.F.,.F.,(4,3,3,4),(0.000377691,0.000471712,0.000565734,0.000753776),.UNSPECIFIED.);
#9246=EDGE_CURVE('',#2256,#9234,#9245,.T.);
#9247=ORIENTED_EDGE('',*,*,#9246,.F.);
#9248=ORIENTED_EDGE('',*,*,#2287,.F.);
#9249=CARTESIAN_POINT('',(-3.721185151,22.571464793,3.0019869));
#9250=VERTEX_POINT('',#9249);
#9251=CARTESIAN_POINT('',(-3.721185151,22.571464793,3.0019869));
#9252=CARTESIAN_POINT('',(-3.700590237,22.594445383,2.992383333));
#9253=CARTESIAN_POINT('',(-3.682509399,22.616345866,2.979915272));
#9254=CARTESIAN_POINT('',(-3.666179273,22.638066821,2.964013549));
#9255=CARTESIAN_POINT('',(-3.649849147,22.659787776,2.948111826));
#9256=CARTESIAN_POINT('',(-3.635487689,22.681174265,2.928665945));
#9257=CARTESIAN_POINT('',(-3.624812541,22.70046476,2.906027993));
#9258=CARTESIAN_POINT('',(-3.614137392,22.719755255,2.883390041));
#9259=CARTESIAN_POINT('',(-3.606901445,22.73735686,2.857121446));
#9260=CARTESIAN_POINT('',(-3.605841233,22.750429241,2.828002325));
#9261=CARTESIAN_POINT('',(-3.604781021,22.763501622,2.798883204));
#9262=CARTESIAN_POINT('',(-3.61045758,22.771464772,2.767063815));
#9263=CARTESIAN_POINT('',(-3.6235198,22.771464793,2.738219784));
#9264=B_SPLINE_CURVE_WITH_KNOTS('',3,(#9251,#9252,#9253,#9254,#9255,#9256,#9257,#9258,#9259,#9260,#9261,#9262,#9263),.UNSPECIFIED.,.F.,.F.,(4,3,3,3,4),(-0.000002828,0.000091422,0.000185673,0.000279924,0.000374174),.UNSPECIFIED.);
#9265=EDGE_CURVE('',#9250,#2275,#9264,.T.);
#9266=ORIENTED_EDGE('',*,*,#9265,.F.);
#9267=CARTESIAN_POINT('',(-3.986020561,22.771464793,2.907256665));
#9268=CARTESIAN_POINT('',(-3.972350704,22.771464774,2.935741566));
#9269=CARTESIAN_POINT('',(-3.951468665,22.763427247,2.960697197));
#9270=CARTESIAN_POINT('',(-3.928632929,22.75044415,2.978489911));
#9271=CARTESIAN_POINT('',(-3.905797194,22.737461053,2.996282626));
#9272=CARTESIAN_POINT('',(-3.881209361,22.720036082,3.007639362));
#9273=CARTESIAN_POINT('',(-3.856804522,22.700595009,3.014088285));
#9274=CARTESIAN_POINT('',(-3.807994843,22.661712864,3.026986131));
#9275=CARTESIAN_POINT('',(-3.761726196,22.616704323,3.020891499));
#9276=CARTESIAN_POINT('',(-3.721185151,22.571464793,3.0019869));
#9277=B_SPLINE_CURVE_WITH_KNOTS('',3,(#9267,#9268,#9269,#9270,#9271,#9272,#9273,#9274,#9275,#9276),.UNSPECIFIED.,.F.,.F.,(4,3,3,4),(0.000377691,0.000471712,0.000565734,0.000753776),.UNSPECIFIED.);
#9278=EDGE_CURVE('',#3852,#9250,#9277,.T.);
#9279=ORIENTED_EDGE('',*,*,#9278,.F.);
#9280=ORIENTED_EDGE('',*,*,#3883,.F.);
#9281=CARTESIAN_POINT('',(-3.721185151,27.771464793,3.0019869));
#9282=CARTESIAN_POINT('',(-3.741780065,27.748484204,3.011590466));
#9283=CARTESIAN_POINT('',(-3.762953292,27.72658372,3.017426876));
#9284=CARTESIAN_POINT('',(-3.785631521,27.704862765,3.019715047));
#9285=CARTESIAN_POINT('',(-3.80830975,27.683141811,3.022003219));
#9286=CARTESIAN_POINT('',(-3.832437528,27.661755321,3.020505162));
#9287=CARTESIAN_POINT('',(-3.856641058,27.642464827,3.014131406));
#9288=CARTESIAN_POINT('',(-3.880844588,27.623174332,3.007757649));
#9289=CARTESIAN_POINT('',(-3.905618677,27.605572726,2.996415578));
#9290=CARTESIAN_POINT('',(-3.928606708,27.592500346,2.978510338));
#9291=CARTESIAN_POINT('',(-3.95159474,27.579427965,2.960605097));
#9292=CARTESIAN_POINT('',(-3.972320985,27.571464815,2.935803492));
#9293=CARTESIAN_POINT('',(-3.986020561,27.571464793,2.907256665));
#9294=B_SPLINE_CURVE_WITH_KNOTS('',3,(#9281,#9282,#9283,#9284,#9285,#9286,#9287,#9288,#9289,#9290,#9291,#9292,#9293),.UNSPECIFIED.,.F.,.F.,(4,3,3,3,4),(-0.000002828,0.000091422,0.000185673,0.000279924,0.000374174),.UNSPECIFIED.);
#9295=EDGE_CURVE('',#9234,#3871,#9294,.T.);
#9296=ORIENTED_EDGE('',*,*,#9295,.F.);
#9297=EDGE_LOOP('',(#9247,#9248,#9266,#9279,#9280,#9296));
#9298=FACE_BOUND('',#9297,.T.);
#9299=ADVANCED_FACE('',(#9298),#9232,.F.);
#9300=CARTESIAN_POINT('',(-4.502537098,22.571464793,3.183471192));
#9301=DIRECTION('',(-0.,1.,0.));
#9302=DIRECTION('',(-0.5,0.,-0.866025404));
#9303=AXIS2_PLACEMENT_3D('',#9300,#9301,#9302);
#9304=CYLINDRICAL_SURFACE('',#9303,0.2);
#9305=CARTESIAN_POINT('',(-4.402537098,27.771464793,3.356676273));
#9306=VERTEX_POINT('',#9305);
#9307=CARTESIAN_POINT('',(-4.328232212,27.571464793,3.085400775));
#9308=CARTESIAN_POINT('',(-4.312739455,27.571464812,3.112936734));
#9309=CARTESIAN_POINT('',(-4.304274445,27.579502339,3.144356261));
#9310=CARTESIAN_POINT('',(-4.302797546,27.592485436,3.173267682));
#9311=CARTESIAN_POINT('',(-4.301320648,27.605468534,3.202179104));
#9312=CARTESIAN_POINT('',(-4.306120755,27.622893505,3.228834233));
#9313=CARTESIAN_POINT('',(-4.314836148,27.642334577,3.252524457));
#9314=CARTESIAN_POINT('',(-4.332266932,27.681216722,3.299904907));
#9315=CARTESIAN_POINT('',(-4.363797968,27.726225264,3.334310226));
#9316=CARTESIAN_POINT('',(-4.402537098,27.771464793,3.356676273));
#9317=B_SPLINE_CURVE_WITH_KNOTS('',3,(#9307,#9308,#9309,#9310,#9311,#9312,#9313,#9314,#9315,#9316),.UNSPECIFIED.,.F.,.F.,(4,3,3,4),(0.000377691,0.000471712,0.000565734,0.000753776),.UNSPECIFIED.);
#9318=EDGE_CURVE('',#3863,#9306,#9317,.T.);
#9319=ORIENTED_EDGE('',*,*,#9318,.F.);
#9320=ORIENTED_EDGE('',*,*,#3868,.F.);
#9321=CARTESIAN_POINT('',(-4.402537098,22.571464793,3.356676273));
#9322=VERTEX_POINT('',#9321);
#9323=CARTESIAN_POINT('',(-4.402537098,22.571464793,3.356676273));
#9324=CARTESIAN_POINT('',(-4.382857559,22.594445383,3.345314286));
#9325=CARTESIAN_POINT('',(-4.365932188,22.616345866,3.331317821));
#9326=CARTESIAN_POINT('',(-4.35105013,22.638066821,3.314053345));
#9327=CARTESIAN_POINT('',(-4.336168071,22.659787776,3.296788868));
#9328=CARTESIAN_POINT('',(-4.323556083,22.681174265,3.2761653));
#9329=CARTESIAN_POINT('',(-4.314894584,22.70046476,3.252683092));
#9330=CARTESIAN_POINT('',(-4.306233085,22.719755255,3.229200885));
#9331=CARTESIAN_POINT('',(-4.301314132,22.73735686,3.202401595));
#9332=CARTESIAN_POINT('',(-4.302795853,22.750429241,3.173300877));
#9333=CARTESIAN_POINT('',(-4.304277574,22.763501622,3.14420016));
#9334=CARTESIAN_POINT('',(-4.312705774,22.771464772,3.112996598));
#9335=CARTESIAN_POINT('',(-4.328232212,22.771464793,3.085400775));
#9336=B_SPLINE_CURVE_WITH_KNOTS('',3,(#9323,#9324,#9325,#9326,#9327,#9328,#9329,#9330,#9331,#9332,#9333,#9334,#9335),.UNSPECIFIED.,.F.,.F.,(4,3,3,3,4),(-0.000002828,0.000091422,0.000185673,0.000279924,0.000374174),.UNSPECIFIED.);
#9337=EDGE_CURVE('',#9322,#3854,#9336,.T.);
#9338=ORIENTED_EDGE('',*,*,#9337,.F.);
#9339=CARTESIAN_POINT('',(-4.674621013,22.771464793,3.285388443));
#9340=CARTESIAN_POINT('',(-4.658520551,22.771464774,3.312573543));
#9341=CARTESIAN_POINT('',(-4.635542948,22.763427247,3.335614221));
#9342=CARTESIAN_POINT('',(-4.611243372,22.75044415,3.351348963));
#9343=CARTESIAN_POINT('',(-4.586943796,22.737461053,3.367083705));
#9344=CARTESIAN_POINT('',(-4.561459723,22.720036082,3.376254254));
#9345=CARTESIAN_POINT('',(-4.536585691,22.700595009,3.380551616));
#9346=CARTESIAN_POINT('',(-4.486837626,22.661712864,3.389146338));
#9347=CARTESIAN_POINT('',(-4.441276227,22.616704323,3.37904232));
#9348=CARTESIAN_POINT('',(-4.402537098,22.571464793,3.356676273));
#9349=B_SPLINE_CURVE_WITH_KNOTS('',3,(#9339,#9340,#9341,#9342,#9343,#9344,#9345,#9346,#9347,#9348),.UNSPECIFIED.,.F.,.F.,(4,3,3,4),(0.000377691,0.000471712,0.000565734,0.000753776),.UNSPECIFIED.);
#9350=EDGE_CURVE('',#3810,#9322,#9349,.T.);
#9351=ORIENTED_EDGE('',*,*,#9350,.F.);
#9352=ORIENTED_EDGE('',*,*,#3841,.F.);
#9353=CARTESIAN_POINT('',(-4.402537098,27.771464793,3.356676273));
#9354=CARTESIAN_POINT('',(-4.422216636,27.748484204,3.36803826));
#9355=CARTESIAN_POINT('',(-4.442800616,27.72658372,3.375697828));
#9356=CARTESIAN_POINT('',(-4.46519312,27.704862765,3.379953831));
#9357=CARTESIAN_POINT('',(-4.487585625,27.683141811,3.384209833));
#9358=CARTESIAN_POINT('',(-4.511752152,27.661755321,3.384820352));
#9359=CARTESIAN_POINT('',(-4.53641909,27.642464827,3.380580326));
#9360=CARTESIAN_POINT('',(-4.561086028,27.623174332,3.3763403));
#9361=CARTESIAN_POINT('',(-4.586754371,27.605572726,3.367200593));
#9362=CARTESIAN_POINT('',(-4.611215471,27.592500346,3.351367027));
#9363=CARTESIAN_POINT('',(-4.635676571,27.579427965,3.33553346));
#9364=CARTESIAN_POINT('',(-4.658485548,27.571464815,3.312632643));
#9365=CARTESIAN_POINT('',(-4.674621013,27.571464793,3.285388443));
#9366=B_SPLINE_CURVE_WITH_KNOTS('',3,(#9353,#9354,#9355,#9356,#9357,#9358,#9359,#9360,#9361,#9362,#9363,#9364,#9365),.UNSPECIFIED.,.F.,.F.,(4,3,3,3,4),(-0.000002828,0.000091422,0.000185673,0.000279924,0.000374174),.UNSPECIFIED.);
#9367=EDGE_CURVE('',#9306,#3829,#9366,.T.);
#9368=ORIENTED_EDGE('',*,*,#9367,.F.);
#9369=EDGE_LOOP('',(#9319,#9320,#9338,#9351,#9352,#9368));
#9370=FACE_BOUND('',#9369,.T.);
#9371=ADVANCED_FACE('',(#9370),#9304,.F.);
#9372=CARTESIAN_POINT('',(8.868266884,22.571464793,12.545808932));
#9373=DIRECTION('',(0.,1.,0.));
#9374=DIRECTION('',(0.984807753,-0.,0.173648178));
#9375=AXIS2_PLACEMENT_3D('',#9372,#9373,#9374);
#9376=CYLINDRICAL_SURFACE('',#9375,0.2);
#9377=ORIENTED_EDGE('',*,*,#6482,.F.);
#9378=ORIENTED_EDGE('',*,*,#3757,.F.);
#9379=ORIENTED_EDGE('',*,*,#7851,.F.);
#9380=ORIENTED_EDGE('',*,*,#7835,.F.);
#9381=ORIENTED_EDGE('',*,*,#3799,.F.);
#9382=ORIENTED_EDGE('',*,*,#6498,.F.);
#9383=EDGE_LOOP('',(#9377,#9378,#9379,#9380,#9381,#9382));
#9384=FACE_BOUND('',#9383,.T.);
#9385=ADVANCED_FACE('',(#9384),#9376,.F.);
#9386=CARTESIAN_POINT('',(8.698233733,22.571464793,13.312778912));
#9387=DIRECTION('',(0.,1.,0.));
#9388=DIRECTION('',(0.965925826,-0.,0.258819045));
#9389=AXIS2_PLACEMENT_3D('',#9386,#9387,#9388);
#9390=CYLINDRICAL_SURFACE('',#9389,0.2);
#9391=ORIENTED_EDGE('',*,*,#3715,.F.);
#9392=ORIENTED_EDGE('',*,*,#7883,.F.);
#9393=ORIENTED_EDGE('',*,*,#7867,.F.);
#9394=ORIENTED_EDGE('',*,*,#3742,.F.);
#9395=ORIENTED_EDGE('',*,*,#6463,.F.);
#9396=ORIENTED_EDGE('',*,*,#6447,.F.);
#9397=EDGE_LOOP('',(#9391,#9392,#9393,#9394,#9395,#9396));
#9398=FACE_BOUND('',#9397,.T.);
#9399=ADVANCED_FACE('',(#9398),#9390,.F.);
#9400=CARTESIAN_POINT('',(8.462001771,22.571464793,14.062010975));
#9401=DIRECTION('',(0.,1.,0.));
#9402=DIRECTION('',(0.939692621,-0.,0.342020143));
#9403=AXIS2_PLACEMENT_3D('',#9400,#9401,#9402);
#9404=CYLINDRICAL_SURFACE('',#9403,0.2);
#9405=ORIENTED_EDGE('',*,*,#3589,.F.);
#9406=ORIENTED_EDGE('',*,*,#7915,.F.);
#9407=ORIENTED_EDGE('',*,*,#7899,.F.);
#9408=ORIENTED_EDGE('',*,*,#3700,.F.);
#9409=ORIENTED_EDGE('',*,*,#6431,.F.);
#9410=ORIENTED_EDGE('',*,*,#6415,.F.);
#9411=EDGE_LOOP('',(#9405,#9406,#9407,#9408,#9409,#9410));
#9412=FACE_BOUND('',#9411,.T.);
#9413=ADVANCED_FACE('',(#9412),#9404,.F.);
#9414=CARTESIAN_POINT('',(8.970807169,22.571464793,11.766938138));
#9415=DIRECTION('',(0.,1.,0.));
#9416=DIRECTION('',(0.996194698,-0.,0.087155743));
#9417=AXIS2_PLACEMENT_3D('',#9414,#9415,#9416);
#9418=CYLINDRICAL_SURFACE('',#9417,0.2);
#9419=ORIENTED_EDGE('',*,*,#6514,.F.);
#9420=ORIENTED_EDGE('',*,*,#3784,.F.);
#9421=ORIENTED_EDGE('',*,*,#7816,.F.);
#9422=ORIENTED_EDGE('',*,*,#7800,.F.);
#9423=ORIENTED_EDGE('',*,*,#3673,.F.);
#9424=ORIENTED_EDGE('',*,*,#6530,.F.);
#9425=EDGE_LOOP('',(#9419,#9420,#9421,#9422,#9423,#9424));
#9426=FACE_BOUND('',#9425,.T.);
#9427=ADVANCED_FACE('',(#9426),#9418,.F.);
#9428=CARTESIAN_POINT('',(9.005074195,22.571464793,10.982094208));
#9429=DIRECTION('',(0.,1.,0.));
#9430=DIRECTION('',(1.,-0.,0.));
#9431=AXIS2_PLACEMENT_3D('',#9428,#9429,#9430);
#9432=CYLINDRICAL_SURFACE('',#9431,0.2);
#9433=ORIENTED_EDGE('',*,*,#6546,.F.);
#9434=ORIENTED_EDGE('',*,*,#3658,.F.);
#9435=ORIENTED_EDGE('',*,*,#7781,.F.);
#9436=ORIENTED_EDGE('',*,*,#7765,.F.);
#9437=ORIENTED_EDGE('',*,*,#3616,.F.);
#9438=ORIENTED_EDGE('',*,*,#6562,.F.);
#9439=EDGE_LOOP('',(#9433,#9434,#9435,#9436,#9437,#9438));
#9440=FACE_BOUND('',#9439,.T.);
#9441=ADVANCED_FACE('',(#9440),#9432,.F.);
#9442=CARTESIAN_POINT('',(8.161368866,22.571464793,14.787803011));
#9443=DIRECTION('',(0.,1.,0.));
#9444=DIRECTION('',(0.906307787,-0.,0.422618262));
#9445=AXIS2_PLACEMENT_3D('',#9442,#9443,#9444);
#9446=CYLINDRICAL_SURFACE('',#9445,0.2);
#9447=ORIENTED_EDGE('',*,*,#3547,.F.);
#9448=ORIENTED_EDGE('',*,*,#7947,.F.);
#9449=ORIENTED_EDGE('',*,*,#7931,.F.);
#9450=ORIENTED_EDGE('',*,*,#3574,.F.);
#9451=ORIENTED_EDGE('',*,*,#6399,.F.);
#9452=ORIENTED_EDGE('',*,*,#6383,.F.);
#9453=EDGE_LOOP('',(#9447,#9448,#9449,#9450,#9451,#9452));
#9454=FACE_BOUND('',#9453,.T.);
#9455=ADVANCED_FACE('',(#9454),#9446,.F.);
#9456=CARTESIAN_POINT('',(7.798623016,22.571464793,15.484631306));
#9457=DIRECTION('',(0.,1.,0.));
#9458=DIRECTION('',(0.866025404,-0.,0.5));
#9459=AXIS2_PLACEMENT_3D('',#9456,#9457,#9458);
#9460=CYLINDRICAL_SURFACE('',#9459,0.2);
#9461=ORIENTED_EDGE('',*,*,#3505,.F.);
#9462=ORIENTED_EDGE('',*,*,#7979,.F.);
#9463=ORIENTED_EDGE('',*,*,#7963,.F.);
#9464=ORIENTED_EDGE('',*,*,#3532,.F.);
#9465=ORIENTED_EDGE('',*,*,#6367,.F.);
#9466=ORIENTED_EDGE('',*,*,#6351,.F.);
#9467=EDGE_LOOP('',(#9461,#9462,#9463,#9464,#9465,#9466));
#9468=FACE_BOUND('',#9467,.T.);
#9469=ADVANCED_FACE('',(#9468),#9460,.F.);
#9470=CARTESIAN_POINT('',(7.376524936,22.571464793,16.147192574));
#9471=DIRECTION('',(0.,1.,0.));
#9472=DIRECTION('',(0.819152044,-0.,0.573576436));
#9473=AXIS2_PLACEMENT_3D('',#9470,#9471,#9472);
#9474=CYLINDRICAL_SURFACE('',#9473,0.2);
#9475=ORIENTED_EDGE('',*,*,#3463,.F.);
#9476=ORIENTED_EDGE('',*,*,#8011,.F.);
#9477=ORIENTED_EDGE('',*,*,#7995,.F.);
#9478=ORIENTED_EDGE('',*,*,#3490,.F.);
#9479=ORIENTED_EDGE('',*,*,#6335,.F.);
#9480=ORIENTED_EDGE('',*,*,#6319,.F.);
#9481=EDGE_LOOP('',(#9475,#9476,#9477,#9478,#9479,#9480));
#9482=FACE_BOUND('',#9481,.T.);
#9483=ADVANCED_FACE('',(#9482),#9474,.F.);
#9484=CARTESIAN_POINT('',(6.898287047,22.571464793,16.770444325));
#9485=DIRECTION('',(0.,1.,0.));
#9486=DIRECTION('',(0.766044443,-0.,0.64278761));
#9487=AXIS2_PLACEMENT_3D('',#9484,#9485,#9486);
#9488=CYLINDRICAL_SURFACE('',#9487,0.2);
#9489=ORIENTED_EDGE('',*,*,#3421,.F.);
#9490=ORIENTED_EDGE('',*,*,#8043,.F.);
#9491=ORIENTED_EDGE('',*,*,#8027,.F.);
#9492=ORIENTED_EDGE('',*,*,#3448,.F.);
#9493=ORIENTED_EDGE('',*,*,#6303,.F.);
#9494=ORIENTED_EDGE('',*,*,#6287,.F.);
#9495=EDGE_LOOP('',(#9489,#9490,#9491,#9492,#9493,#9494));
#9496=FACE_BOUND('',#9495,.T.);
#9497=ADVANCED_FACE('',(#9496),#9488,.F.);
#9498=CARTESIAN_POINT('',(6.367549028,22.571464793,17.349643237));
#9499=DIRECTION('',(0.,1.,0.));
#9500=DIRECTION('',(0.707106781,-0.,0.707106781));
#9501=AXIS2_PLACEMENT_3D('',#9498,#9499,#9500);
#9502=CYLINDRICAL_SURFACE('',#9501,0.2);
#9503=ORIENTED_EDGE('',*,*,#3379,.F.);
#9504=ORIENTED_EDGE('',*,*,#8075,.F.);
#9505=ORIENTED_EDGE('',*,*,#8059,.F.);
#9506=ORIENTED_EDGE('',*,*,#3406,.F.);
#9507=ORIENTED_EDGE('',*,*,#6271,.F.);
#9508=ORIENTED_EDGE('',*,*,#6255,.F.);
#9509=EDGE_LOOP('',(#9503,#9504,#9505,#9506,#9507,#9508));
#9510=FACE_BOUND('',#9509,.T.);
#9511=ADVANCED_FACE('',(#9510),#9502,.F.);
#9512=CARTESIAN_POINT('',(5.788350117,22.571464793,17.880381255));
#9513=DIRECTION('',(0.,1.,0.));
#9514=DIRECTION('',(0.64278761,-0.,0.766044443));
#9515=AXIS2_PLACEMENT_3D('',#9512,#9513,#9514);
#9516=CYLINDRICAL_SURFACE('',#9515,0.2);
#9517=ORIENTED_EDGE('',*,*,#3337,.F.);
#9518=ORIENTED_EDGE('',*,*,#8107,.F.);
#9519=ORIENTED_EDGE('',*,*,#8091,.F.);
#9520=ORIENTED_EDGE('',*,*,#3364,.F.);
#9521=ORIENTED_EDGE('',*,*,#6239,.F.);
#9522=ORIENTED_EDGE('',*,*,#6223,.F.);
#9523=EDGE_LOOP('',(#9517,#9518,#9519,#9520,#9521,#9522));
#9524=FACE_BOUND('',#9523,.T.);
#9525=ADVANCED_FACE('',(#9524),#9516,.F.);
#9526=CARTESIAN_POINT('',(5.165098366,22.571464793,18.358619144));
#9527=DIRECTION('',(0.,1.,0.));
#9528=DIRECTION('',(0.573576436,-0.,0.819152044));
#9529=AXIS2_PLACEMENT_3D('',#9526,#9527,#9528);
#9530=CYLINDRICAL_SURFACE('',#9529,0.2);
#9531=ORIENTED_EDGE('',*,*,#3295,.F.);
#9532=ORIENTED_EDGE('',*,*,#8139,.F.);
#9533=ORIENTED_EDGE('',*,*,#8123,.F.);
#9534=ORIENTED_EDGE('',*,*,#3322,.F.);
#9535=ORIENTED_EDGE('',*,*,#6207,.F.);
#9536=ORIENTED_EDGE('',*,*,#6191,.F.);
#9537=EDGE_LOOP('',(#9531,#9532,#9533,#9534,#9535,#9536));
#9538=FACE_BOUND('',#9537,.T.);
#9539=ADVANCED_FACE('',(#9538),#9530,.F.);
#9540=CARTESIAN_POINT('',(4.502537098,22.571464793,18.780717224));
#9541=DIRECTION('',(0.,1.,0.));
#9542=DIRECTION('',(0.5,-0.,0.866025404));
#9543=AXIS2_PLACEMENT_3D('',#9540,#9541,#9542);
#9544=CYLINDRICAL_SURFACE('',#9543,0.2);
#9545=ORIENTED_EDGE('',*,*,#3001,.F.);
#9546=ORIENTED_EDGE('',*,*,#8171,.F.);
#9547=ORIENTED_EDGE('',*,*,#8155,.F.);
#9548=ORIENTED_EDGE('',*,*,#3280,.F.);
#9549=ORIENTED_EDGE('',*,*,#6175,.F.);
#9550=ORIENTED_EDGE('',*,*,#6159,.F.);
#9551=EDGE_LOOP('',(#9545,#9546,#9547,#9548,#9549,#9550));
#9552=FACE_BOUND('',#9551,.T.);
#9553=ADVANCED_FACE('',(#9552),#9544,.F.);
#9554=CARTESIAN_POINT('',(6.367549028,22.571464793,4.61454518));
#9555=DIRECTION('',(0.,1.,0.));
#9556=DIRECTION('',(0.707106781,0.,-0.707106781));
#9557=AXIS2_PLACEMENT_3D('',#9554,#9555,#9556);
#9558=CYLINDRICAL_SURFACE('',#9557,0.2);
#9559=ORIENTED_EDGE('',*,*,#4204,.F.);
#9560=ORIENTED_EDGE('',*,*,#7490,.F.);
#9561=ORIENTED_EDGE('',*,*,#7474,.F.);
#9562=ORIENTED_EDGE('',*,*,#3253,.F.);
#9563=ORIENTED_EDGE('',*,*,#6856,.F.);
#9564=ORIENTED_EDGE('',*,*,#6840,.F.);
#9565=EDGE_LOOP('',(#9559,#9560,#9561,#9562,#9563,#9564));
#9566=FACE_BOUND('',#9565,.T.);
#9567=ADVANCED_FACE('',(#9566),#9558,.F.);
#9568=CARTESIAN_POINT('',(1.563714724,22.571464793,19.850361092));
#9569=DIRECTION('',(0.,1.,0.));
#9570=DIRECTION('',(0.173648178,-0.,0.984807753));
#9571=AXIS2_PLACEMENT_3D('',#9568,#9569,#9570);
#9572=CYLINDRICAL_SURFACE('',#9571,0.2);
#9573=ORIENTED_EDGE('',*,*,#6031,.F.);
#9574=ORIENTED_EDGE('',*,*,#3169,.F.);
#9575=ORIENTED_EDGE('',*,*,#8302,.F.);
#9576=ORIENTED_EDGE('',*,*,#8286,.F.);
#9577=ORIENTED_EDGE('',*,*,#3211,.F.);
#9578=ORIENTED_EDGE('',*,*,#6047,.F.);
#9579=EDGE_LOOP('',(#9573,#9574,#9575,#9576,#9577,#9578));
#9580=FACE_BOUND('',#9579,.T.);
#9581=ADVANCED_FACE('',(#9580),#9572,.F.);
#9582=CARTESIAN_POINT('',(0.78484393,22.571464793,19.952901377));
#9583=DIRECTION('',(0.,1.,0.));
#9584=DIRECTION('',(0.087155743,-0.,0.996194698));
#9585=AXIS2_PLACEMENT_3D('',#9582,#9583,#9584);
#9586=CYLINDRICAL_SURFACE('',#9585,0.2);
#9587=ORIENTED_EDGE('',*,*,#5996,.F.);
#9588=ORIENTED_EDGE('',*,*,#7161,.F.);
#9589=ORIENTED_EDGE('',*,*,#8334,.F.);
#9590=ORIENTED_EDGE('',*,*,#8318,.F.);
#9591=ORIENTED_EDGE('',*,*,#3154,.F.);
#9592=ORIENTED_EDGE('',*,*,#6012,.F.);
#9593=EDGE_LOOP('',(#9587,#9588,#9589,#9590,#9591,#9592));
#9594=FACE_BOUND('',#9593,.T.);
#9595=ADVANCED_FACE('',(#9594),#9586,.F.);
#9596=CARTESIAN_POINT('',(0.,22.571464793,19.987168403));
#9597=DIRECTION('',(0.,1.,0.));
#9598=DIRECTION('',(0.,-0.,1.));
#9599=AXIS2_PLACEMENT_3D('',#9596,#9597,#9598);
#9600=CYLINDRICAL_SURFACE('',#9599,0.2);
#9601=ORIENTED_EDGE('',*,*,#5951,.F.);
#9602=ORIENTED_EDGE('',*,*,#3127,.F.);
#9603=ORIENTED_EDGE('',*,*,#8366,.F.);
#9604=ORIENTED_EDGE('',*,*,#8350,.F.);
#9605=ORIENTED_EDGE('',*,*,#7146,.F.);
#9606=ORIENTED_EDGE('',*,*,#5969,.F.);
#9607=EDGE_LOOP('',(#9601,#9602,#9603,#9604,#9605,#9606));
#9608=FACE_BOUND('',#9607,.T.);
#9609=ADVANCED_FACE('',(#9608),#9600,.F.);
#9610=CARTESIAN_POINT('',(-0.78484393,22.571464793,19.952901377));
#9611=DIRECTION('',(-0.,1.,0.));
#9612=DIRECTION('',(-0.087155743,-0.,0.996194698));
#9613=AXIS2_PLACEMENT_3D('',#9610,#9611,#9612);
#9614=CYLINDRICAL_SURFACE('',#9613,0.2);
#9615=ORIENTED_EDGE('',*,*,#5919,.F.);
#9616=ORIENTED_EDGE('',*,*,#4540,.F.);
#9617=ORIENTED_EDGE('',*,*,#8401,.F.);
#9618=ORIENTED_EDGE('',*,*,#8385,.F.);
#9619=ORIENTED_EDGE('',*,*,#3112,.F.);
#9620=ORIENTED_EDGE('',*,*,#5935,.F.);
#9621=EDGE_LOOP('',(#9615,#9616,#9617,#9618,#9619,#9620));
#9622=FACE_BOUND('',#9621,.T.);
#9623=ADVANCED_FACE('',(#9622),#9614,.F.);
#9624=CARTESIAN_POINT('',(2.330684704,22.571464793,19.680327941));
#9625=DIRECTION('',(0.,1.,0.));
#9626=DIRECTION('',(0.258819045,-0.,0.965925826));
#9627=AXIS2_PLACEMENT_3D('',#9624,#9625,#9626);
#9628=CYLINDRICAL_SURFACE('',#9627,0.2);
#9629=ORIENTED_EDGE('',*,*,#3196,.F.);
#9630=ORIENTED_EDGE('',*,*,#8267,.F.);
#9631=ORIENTED_EDGE('',*,*,#8251,.F.);
#9632=ORIENTED_EDGE('',*,*,#3085,.F.);
#9633=ORIENTED_EDGE('',*,*,#6079,.F.);
#9634=ORIENTED_EDGE('',*,*,#6063,.F.);
#9635=EDGE_LOOP('',(#9629,#9630,#9631,#9632,#9633,#9634));
#9636=FACE_BOUND('',#9635,.T.);
#9637=ADVANCED_FACE('',(#9636),#9628,.F.);
#9638=CARTESIAN_POINT('',(3.079916767,22.571464793,19.444095979));
#9639=DIRECTION('',(0.,1.,0.));
#9640=DIRECTION('',(0.342020143,-0.,0.939692621));
#9641=AXIS2_PLACEMENT_3D('',#9638,#9639,#9640);
#9642=CYLINDRICAL_SURFACE('',#9641,0.2);
#9643=ORIENTED_EDGE('',*,*,#3070,.F.);
#9644=ORIENTED_EDGE('',*,*,#8235,.F.);
#9645=ORIENTED_EDGE('',*,*,#8219,.F.);
#9646=ORIENTED_EDGE('',*,*,#3043,.F.);
#9647=ORIENTED_EDGE('',*,*,#6111,.F.);
#9648=ORIENTED_EDGE('',*,*,#6095,.F.);
#9649=EDGE_LOOP('',(#9643,#9644,#9645,#9646,#9647,#9648));
#9650=FACE_BOUND('',#9649,.T.);
#9651=ADVANCED_FACE('',(#9650),#9642,.F.);
#9652=CARTESIAN_POINT('',(3.805708803,22.571464793,19.143463074));
#9653=DIRECTION('',(0.,1.,0.));
#9654=DIRECTION('',(0.422618262,-0.,0.906307787));
#9655=AXIS2_PLACEMENT_3D('',#9652,#9653,#9654);
#9656=CYLINDRICAL_SURFACE('',#9655,0.2);
#9657=ORIENTED_EDGE('',*,*,#3028,.F.);
#9658=ORIENTED_EDGE('',*,*,#8203,.F.);
#9659=ORIENTED_EDGE('',*,*,#8187,.F.);
#9660=ORIENTED_EDGE('',*,*,#2986,.F.);
#9661=ORIENTED_EDGE('',*,*,#6143,.F.);
#9662=ORIENTED_EDGE('',*,*,#6127,.F.);
#9663=EDGE_LOOP('',(#9657,#9658,#9659,#9660,#9661,#9662));
#9664=FACE_BOUND('',#9663,.T.);
#9665=ADVANCED_FACE('',(#9664),#9656,.F.);
#9666=CARTESIAN_POINT('',(-6.898287047,22.571464793,16.770444325));
#9667=DIRECTION('',(-0.,1.,0.));
#9668=DIRECTION('',(-0.766044443,-0.,0.64278761));
#9669=AXIS2_PLACEMENT_3D('',#9666,#9667,#9668);
#9670=CYLINDRICAL_SURFACE('',#9669,0.2);
#9671=ORIENTED_EDGE('',*,*,#4372,.F.);
#9672=ORIENTED_EDGE('',*,*,#8692,.F.);
#9673=ORIENTED_EDGE('',*,*,#8676,.F.);
#9674=ORIENTED_EDGE('',*,*,#2959,.F.);
#9675=ORIENTED_EDGE('',*,*,#5644,.F.);
#9676=ORIENTED_EDGE('',*,*,#5628,.F.);
#9677=EDGE_LOOP('',(#9671,#9672,#9673,#9674,#9675,#9676));
#9678=FACE_BOUND('',#9677,.T.);
#9679=ADVANCED_FACE('',(#9678),#9670,.F.);
#9680=CARTESIAN_POINT('',(-6.367549028,22.571464793,17.349643237));
#9681=DIRECTION('',(-0.,1.,0.));
#9682=DIRECTION('',(-0.707106781,-0.,0.707106781));
#9683=AXIS2_PLACEMENT_3D('',#9680,#9681,#9682);
#9684=CYLINDRICAL_SURFACE('',#9683,0.2);
#9685=ORIENTED_EDGE('',*,*,#2944,.F.);
#9686=ORIENTED_EDGE('',*,*,#8660,.F.);
#9687=ORIENTED_EDGE('',*,*,#8644,.F.);
#9688=ORIENTED_EDGE('',*,*,#2917,.F.);
#9689=ORIENTED_EDGE('',*,*,#5676,.F.);
#9690=ORIENTED_EDGE('',*,*,#5660,.F.);
#9691=EDGE_LOOP('',(#9685,#9686,#9687,#9688,#9689,#9690));
#9692=FACE_BOUND('',#9691,.T.);
#9693=ADVANCED_FACE('',(#9692),#9684,.F.);
#9694=CARTESIAN_POINT('',(-5.788350117,22.571464793,17.880381255));
#9695=DIRECTION('',(-0.,1.,0.));
#9696=DIRECTION('',(-0.64278761,-0.,0.766044443));
#9697=AXIS2_PLACEMENT_3D('',#9694,#9695,#9696);
#9698=CYLINDRICAL_SURFACE('',#9697,0.2);
#9699=ORIENTED_EDGE('',*,*,#2902,.F.);
#9700=ORIENTED_EDGE('',*,*,#8628,.F.);
#9701=ORIENTED_EDGE('',*,*,#8612,.F.);
#9702=ORIENTED_EDGE('',*,*,#2875,.F.);
#9703=ORIENTED_EDGE('',*,*,#5708,.F.);
#9704=ORIENTED_EDGE('',*,*,#5692,.F.);
#9705=EDGE_LOOP('',(#9699,#9700,#9701,#9702,#9703,#9704));
#9706=FACE_BOUND('',#9705,.T.);
#9707=ADVANCED_FACE('',(#9706),#9698,.F.);
#9708=CARTESIAN_POINT('',(-5.165098366,22.571464793,18.358619144));
#9709=DIRECTION('',(-0.,1.,0.));
#9710=DIRECTION('',(-0.573576436,-0.,0.819152044));
#9711=AXIS2_PLACEMENT_3D('',#9708,#9709,#9710);
#9712=CYLINDRICAL_SURFACE('',#9711,0.2);
#9713=ORIENTED_EDGE('',*,*,#2860,.F.);
#9714=ORIENTED_EDGE('',*,*,#8596,.F.);
#9715=ORIENTED_EDGE('',*,*,#8580,.F.);
#9716=ORIENTED_EDGE('',*,*,#2818,.F.);
#9717=ORIENTED_EDGE('',*,*,#5740,.F.);
#9718=ORIENTED_EDGE('',*,*,#5724,.F.);
#9719=EDGE_LOOP('',(#9713,#9714,#9715,#9716,#9717,#9718));
#9720=FACE_BOUND('',#9719,.T.);
#9721=ADVANCED_FACE('',(#9720),#9712,.F.);
#9722=CARTESIAN_POINT('',(-6.898287047,22.571464793,5.193744091));
#9723=DIRECTION('',(-0.,1.,0.));
#9724=DIRECTION('',(-0.766044443,0.,-0.64278761));
#9725=AXIS2_PLACEMENT_3D('',#9722,#9723,#9724);
#9726=CYLINDRICAL_SURFACE('',#9725,0.2);
#9727=CARTESIAN_POINT('',(-6.745078158,27.771464793,5.322301613));
#9728=VERTEX_POINT('',#9727);
#9729=CARTESIAN_POINT('',(-6.76803609,27.571464793,5.041972261));
#9730=CARTESIAN_POINT('',(-6.744059808,27.571464812,5.062548765));
#9731=CARTESIAN_POINT('',(-6.725359189,27.579502339,5.089178258));
#9732=CARTESIAN_POINT('',(-6.71408307,27.592485436,5.115840978));
#9733=CARTESIAN_POINT('',(-6.702806951,27.605468534,5.142503698));
#9734=CARTESIAN_POINT('',(-6.698200986,27.622893505,5.16919306));
#9735=CARTESIAN_POINT('',(-6.698288242,27.642334577,5.194435429));
#9736=CARTESIAN_POINT('',(-6.698462754,27.681216722,5.244920167));
#9737=CARTESIAN_POINT('',(-6.716324923,27.726225264,5.288034841));
#9738=CARTESIAN_POINT('',(-6.745078158,27.771464793,5.322301613));
#9739=B_SPLINE_CURVE_WITH_KNOTS('',3,(#9729,#9730,#9731,#9732,#9733,#9734,#9735,#9736,#9737,#9738),.UNSPECIFIED.,.F.,.F.,(4,3,3,4),(0.000377691,0.000471712,0.000565734,0.000753776),.UNSPECIFIED.);
#9740=EDGE_CURVE('',#2718,#9728,#9739,.T.);
#9741=ORIENTED_EDGE('',*,*,#9740,.F.);
#9742=ORIENTED_EDGE('',*,*,#2749,.F.);
#9743=CARTESIAN_POINT('',(-6.745078158,22.571464793,5.322301613));
#9744=VERTEX_POINT('',#9743);
#9745=CARTESIAN_POINT('',(-6.745078158,22.571464793,5.322301613));
#9746=CARTESIAN_POINT('',(-6.73047147,22.594445383,5.304894039));
#9747=CARTESIAN_POINT('',(-6.719353896,22.616345866,5.285952847));
#9748=CARTESIAN_POINT('',(-6.711274135,22.638066821,5.264639582));
#9749=CARTESIAN_POINT('',(-6.703194373,22.659787776,5.243326317));
#9750=CARTESIAN_POINT('',(-6.698396656,22.681174265,5.219632948));
#9751=CARTESIAN_POINT('',(-6.698288898,22.70046476,5.194604484));
#9752=CARTESIAN_POINT('',(-6.698181139,22.719755255,5.169576019));
#9753=CARTESIAN_POINT('',(-6.702724732,22.73735686,5.142710543));
#9754=CARTESIAN_POINT('',(-6.714070126,22.750429241,5.115871592));
#9755=CARTESIAN_POINT('',(-6.72541552,22.763501622,5.089032642));
#9756=CARTESIAN_POINT('',(-6.744007684,22.771464772,5.062593499));
#9757=CARTESIAN_POINT('',(-6.76803609,22.771464793,5.041972261));
#9758=B_SPLINE_CURVE_WITH_KNOTS('',3,(#9745,#9746,#9747,#9748,#9749,#9750,#9751,#9752,#9753,#9754,#9755,#9756,#9757),.UNSPECIFIED.,.F.,.F.,(4,3,3,3,4),(-0.000002828,0.000091422,0.000185673,0.000279924,0.000374174),.UNSPECIFIED.);
#9759=EDGE_CURVE('',#9744,#2737,#9758,.T.);
#9760=ORIENTED_EDGE('',*,*,#9759,.F.);
#9761=CARTESIAN_POINT('',(-7.02513528,22.771464793,5.348371145));
#9762=CARTESIAN_POINT('',(-7.000707943,22.771464774,5.368410101));
#9763=CARTESIAN_POINT('',(-6.971235683,22.763427247,5.382202452));
#9764=CARTESIAN_POINT('',(-6.943019952,22.75044415,5.388677329));
#9765=CARTESIAN_POINT('',(-6.914804221,22.737461053,5.395152206));
#9766=CARTESIAN_POINT('',(-6.887720513,22.720036082,5.395053637));
#9767=CARTESIAN_POINT('',(-6.862876784,22.700595009,5.390584415));
#9768=CARTESIAN_POINT('',(-6.813189326,22.661712864,5.381645972));
#9769=CARTESIAN_POINT('',(-6.773831394,22.616704323,5.356568385));
#9770=CARTESIAN_POINT('',(-6.745078158,22.571464793,5.322301613));
#9771=B_SPLINE_CURVE_WITH_KNOTS('',3,(#9761,#9762,#9763,#9764,#9765,#9766,#9767,#9768,#9769,#9770),.UNSPECIFIED.,.F.,.F.,(4,3,3,4),(0.000377691,0.000471712,0.000565734,0.000753776),.UNSPECIFIED.);
#9772=EDGE_CURVE('',#2760,#9744,#9771,.T.);
#9773=ORIENTED_EDGE('',*,*,#9772,.F.);
#9774=ORIENTED_EDGE('',*,*,#2791,.F.);
#9775=CARTESIAN_POINT('',(-6.745078158,27.771464793,5.322301613));
#9776=CARTESIAN_POINT('',(-6.759684847,27.748484204,5.339709187));
#9777=CARTESIAN_POINT('',(-6.776407734,27.72658372,5.353946963));
#9778=CARTESIAN_POINT('',(-6.795994167,27.704862765,5.365604984));
#9779=CARTESIAN_POINT('',(-6.815580599,27.683141811,5.377263006));
#9780=CARTESIAN_POINT('',(-6.838080898,27.661755321,5.386102145));
#9781=CARTESIAN_POINT('',(-6.862710412,27.642464827,5.390554414));
#9782=CARTESIAN_POINT('',(-6.887339925,27.623174332,5.395006682));
#9783=CARTESIAN_POINT('',(-6.914586241,27.605572726,5.395197257));
#9784=CARTESIAN_POINT('',(-6.942987555,27.592500346,5.388684761));
#9785=CARTESIAN_POINT('',(-6.971388869,27.579427965,5.382172264));
#9786=CARTESIAN_POINT('',(-7.000654837,27.571464815,5.368453665));
#9787=CARTESIAN_POINT('',(-7.02513528,27.571464793,5.348371145));
#9788=B_SPLINE_CURVE_WITH_KNOTS('',3,(#9775,#9776,#9777,#9778,#9779,#9780,#9781,#9782,#9783,#9784,#9785,#9786,#9787),.UNSPECIFIED.,.F.,.F.,(4,3,3,3,4),(-0.000002828,0.000091422,0.000185673,0.000279924,0.000374174),.UNSPECIFIED.);
#9789=EDGE_CURVE('',#9728,#2779,#9788,.T.);
#9790=ORIENTED_EDGE('',*,*,#9789,.F.);
#9791=EDGE_LOOP('',(#9741,#9742,#9760,#9773,#9774,#9790));
#9792=FACE_BOUND('',#9791,.T.);
#9793=ADVANCED_FACE('',(#9792),#9726,.F.);
#9794=CARTESIAN_POINT('',(-6.367549028,22.571464793,4.61454518));
#9795=DIRECTION('',(-0.,1.,0.));
#9796=DIRECTION('',(-0.707106781,0.,-0.707106781));
#9797=AXIS2_PLACEMENT_3D('',#9794,#9795,#9796);
#9798=CYLINDRICAL_SURFACE('',#9797,0.2);
#9799=CARTESIAN_POINT('',(-6.226127672,27.771464793,4.755966536));
#9800=VERTEX_POINT('',#9799);
#9801=CARTESIAN_POINT('',(-6.224565929,27.571464793,4.474703006));
#9802=CARTESIAN_POINT('',(-6.202474245,27.571464812,4.497290881));
#9803=CARTESIAN_POINT('',(-6.186165701,27.579502339,4.525448907));
#9804=CARTESIAN_POINT('',(-6.1772563,27.592485436,4.552992946));
#9805=CARTESIAN_POINT('',(-6.168346899,27.605468534,4.580536985));
#9806=CARTESIAN_POINT('',(-6.166084592,27.622893505,4.607526222));
#9807=CARTESIAN_POINT('',(-6.168371533,27.642334577,4.632664931));
#9808=CARTESIAN_POINT('',(-6.172945416,27.681216722,4.68294235));
#9809=CARTESIAN_POINT('',(-6.194497305,27.726225264,4.724336169));
#9810=CARTESIAN_POINT('',(-6.226127672,27.771464793,4.755966536));
#9811=B_SPLINE_CURVE_WITH_KNOTS('',3,(#9801,#9802,#9803,#9804,#9805,#9806,#9807,#9808,#9809,#9810),.UNSPECIFIED.,.F.,.F.,(4,3,3,4),(0.000377691,0.000471712,0.000565734,0.000753776),.UNSPECIFIED.);
#9812=EDGE_CURVE('',#2676,#9800,#9811,.T.);
#9813=ORIENTED_EDGE('',*,*,#9812,.F.);
#9814=ORIENTED_EDGE('',*,*,#2707,.F.);
#9815=CARTESIAN_POINT('',(-6.226127672,22.571464793,4.755966536));
#9816=VERTEX_POINT('',#9815);
#9817=CARTESIAN_POINT('',(-6.226127672,22.571464793,4.755966536));
#9818=CARTESIAN_POINT('',(-6.210059396,22.594445383,4.73989826));
#9819=CARTESIAN_POINT('',(-6.197333295,22.616345866,4.721998105));
#9820=CARTESIAN_POINT('',(-6.187426706,22.638066821,4.701470141));
#9821=CARTESIAN_POINT('',(-6.177520117,22.659787776,4.680942177));
#9822=CARTESIAN_POINT('',(-6.170675643,22.681174265,4.657757117));
#9823=CARTESIAN_POINT('',(-6.168386921,22.70046476,4.632833285));
#9824=CARTESIAN_POINT('',(-6.166098198,22.719755255,4.607909454));
#9825=CARTESIAN_POINT('',(-6.168283021,22.73735686,4.580750209));
#9826=CARTESIAN_POINT('',(-6.177246073,22.750429241,4.553024572));
#9827=CARTESIAN_POINT('',(-6.186209126,22.763501622,4.525298935));
#9828=CARTESIAN_POINT('',(-6.202426218,22.771464772,4.497339987));
#9829=CARTESIAN_POINT('',(-6.224565929,22.771464793,4.474703006));
#9830=B_SPLINE_CURVE_WITH_KNOTS('',3,(#9817,#9818,#9819,#9820,#9821,#9822,#9823,#9824,#9825,#9826,#9827,#9828,#9829),.UNSPECIFIED.,.F.,.F.,(4,3,3,3,4),(-0.000002828,0.000091422,0.000185673,0.000279924,0.000374174),.UNSPECIFIED.);
#9831=EDGE_CURVE('',#9816,#2695,#9830,.T.);
#9832=ORIENTED_EDGE('',*,*,#9831,.F.);
#9833=CARTESIAN_POINT('',(-6.507391202,22.771464793,4.757528279));
#9834=CARTESIAN_POINT('',(-6.484803328,22.771464774,4.779619963));
#9835=CARTESIAN_POINT('',(-6.456645301,22.763427247,4.795928507));
#9836=CARTESIAN_POINT('',(-6.429101262,22.75044415,4.804837908));
#9837=CARTESIAN_POINT('',(-6.401557223,22.737461053,4.813747309));
#9838=CARTESIAN_POINT('',(-6.374567986,22.720036082,4.816009616));
#9839=CARTESIAN_POINT('',(-6.349429277,22.700595009,4.813722675));
#9840=CARTESIAN_POINT('',(-6.299151858,22.661712864,4.809148792));
#9841=CARTESIAN_POINT('',(-6.257758039,22.616704323,4.787596903));
#9842=CARTESIAN_POINT('',(-6.226127672,22.571464793,4.755966536));
#9843=B_SPLINE_CURVE_WITH_KNOTS('',3,(#9833,#9834,#9835,#9836,#9837,#9838,#9839,#9840,#9841,#9842),.UNSPECIFIED.,.F.,.F.,(4,3,3,4),(0.000377691,0.000471712,0.000565734,0.000753776),.UNSPECIFIED.);
#9844=EDGE_CURVE('',#2729,#9816,#9843,.T.);
#9845=ORIENTED_EDGE('',*,*,#9844,.F.);
#9846=ORIENTED_EDGE('',*,*,#2734,.F.);
#9847=CARTESIAN_POINT('',(-6.226127672,27.771464793,4.755966536));
#9848=CARTESIAN_POINT('',(-6.242195948,27.748484204,4.772034812));
#9849=CARTESIAN_POINT('',(-6.260096104,27.72658372,4.784760913));
#9850=CARTESIAN_POINT('',(-6.280624067,27.704862765,4.794667502));
#9851=CARTESIAN_POINT('',(-6.301152031,27.683141811,4.804574092));
#9852=CARTESIAN_POINT('',(-6.324337091,27.661755321,4.811418565));
#9853=CARTESIAN_POINT('',(-6.349260923,27.642464827,4.813707287));
#9854=CARTESIAN_POINT('',(-6.374184755,27.623174332,4.81599601));
#9855=CARTESIAN_POINT('',(-6.401344,27.605572726,4.813811187));
#9856=CARTESIAN_POINT('',(-6.429069636,27.592500346,4.804848135));
#9857=CARTESIAN_POINT('',(-6.456795273,27.579427965,4.795885082));
#9858=CARTESIAN_POINT('',(-6.484754221,27.571464815,4.77966799));
#9859=CARTESIAN_POINT('',(-6.507391202,27.571464793,4.757528279));
#9860=B_SPLINE_CURVE_WITH_KNOTS('',3,(#9847,#9848,#9849,#9850,#9851,#9852,#9853,#9854,#9855,#9856,#9857,#9858,#9859),.UNSPECIFIED.,.F.,.F.,(4,3,3,3,4),(-0.000002828,0.000091422,0.000185673,0.000279924,0.000374174),.UNSPECIFIED.);
#9861=EDGE_CURVE('',#9800,#2720,#9860,.T.);
#9862=ORIENTED_EDGE('',*,*,#9861,.F.);
#9863=EDGE_LOOP('',(#9813,#9814,#9832,#9845,#9846,#9862));
#9864=FACE_BOUND('',#9863,.T.);
#9865=ADVANCED_FACE('',(#9864),#9798,.F.);
#9866=CARTESIAN_POINT('',(-5.788350117,22.571464793,4.083807161));
#9867=DIRECTION('',(-0.,1.,0.));
#9868=DIRECTION('',(-0.64278761,0.,-0.766044443));
#9869=AXIS2_PLACEMENT_3D('',#9866,#9867,#9868);
#9870=CYLINDRICAL_SURFACE('',#9869,0.2);
#9871=CARTESIAN_POINT('',(-5.659792595,27.771464793,4.23701605));
#9872=VERTEX_POINT('',#9871);
#9873=CARTESIAN_POINT('',(-5.633723063,27.571464793,3.956958928));
#9874=CARTESIAN_POINT('',(-5.613684107,27.571464812,3.981386265));
#9875=CARTESIAN_POINT('',(-5.599891756,27.579502339,4.010858525));
#9876=CARTESIAN_POINT('',(-5.593416879,27.592485436,4.039074256));
#9877=CARTESIAN_POINT('',(-5.586942002,27.605468534,4.067289987));
#9878=CARTESIAN_POINT('',(-5.587040571,27.622893505,4.094373695));
#9879=CARTESIAN_POINT('',(-5.591509793,27.642334577,4.119217424));
#9880=CARTESIAN_POINT('',(-5.600448236,27.681216722,4.168904882));
#9881=CARTESIAN_POINT('',(-5.625525823,27.726225264,4.208262814));
#9882=CARTESIAN_POINT('',(-5.659792595,27.771464793,4.23701605));
#9883=B_SPLINE_CURVE_WITH_KNOTS('',3,(#9873,#9874,#9875,#9876,#9877,#9878,#9879,#9880,#9881,#9882),.UNSPECIFIED.,.F.,.F.,(4,3,3,4),(0.000377691,0.000471712,0.000565734,0.000753776),.UNSPECIFIED.);
#9884=EDGE_CURVE('',#2634,#9872,#9883,.T.);
#9885=ORIENTED_EDGE('',*,*,#9884,.F.);
#9886=ORIENTED_EDGE('',*,*,#2665,.F.);
#9887=CARTESIAN_POINT('',(-5.659792595,22.571464793,4.23701605));
#9888=VERTEX_POINT('',#9887);
#9889=CARTESIAN_POINT('',(-5.659792595,22.571464793,4.23701605));
#9890=CARTESIAN_POINT('',(-5.642385021,22.594445383,4.222409361));
#9891=CARTESIAN_POINT('',(-5.628147245,22.616345866,4.205686474));
#9892=CARTESIAN_POINT('',(-5.616489224,22.638066821,4.186100041));
#9893=CARTESIAN_POINT('',(-5.604831202,22.659787776,4.166513609));
#9894=CARTESIAN_POINT('',(-5.595992063,22.681174265,4.14401331));
#9895=CARTESIAN_POINT('',(-5.591539795,22.70046476,4.119383797));
#9896=CARTESIAN_POINT('',(-5.587087526,22.719755255,4.094754283));
#9897=CARTESIAN_POINT('',(-5.586896951,22.73735686,4.067507967));
#9898=CARTESIAN_POINT('',(-5.593409448,22.750429241,4.039106653));
#9899=CARTESIAN_POINT('',(-5.599921944,22.763501622,4.010705339));
#9900=CARTESIAN_POINT('',(-5.613640543,22.771464772,3.981439371));
#9901=CARTESIAN_POINT('',(-5.633723063,22.771464793,3.956958928));
#9902=B_SPLINE_CURVE_WITH_KNOTS('',3,(#9889,#9890,#9891,#9892,#9893,#9894,#9895,#9896,#9897,#9898,#9899,#9900,#9901),.UNSPECIFIED.,.F.,.F.,(4,3,3,3,4),(-0.000002828,0.000091422,0.000185673,0.000279924,0.000374174),.UNSPECIFIED.);
#9903=EDGE_CURVE('',#9888,#2653,#9902,.T.);
#9904=ORIENTED_EDGE('',*,*,#9903,.F.);
#9905=CARTESIAN_POINT('',(-5.940121947,22.771464793,4.214058118));
#9906=CARTESIAN_POINT('',(-5.919545443,22.771464774,4.2380344));
#9907=CARTESIAN_POINT('',(-5.89291595,22.763427247,4.256735019));
#9908=CARTESIAN_POINT('',(-5.86625323,22.75044415,4.268011138));
#9909=CARTESIAN_POINT('',(-5.83959051,22.737461053,4.279287257));
#9910=CARTESIAN_POINT('',(-5.812901148,22.720036082,4.283893222));
#9911=CARTESIAN_POINT('',(-5.787658779,22.700595009,4.283805966));
#9912=CARTESIAN_POINT('',(-5.737174041,22.661712864,4.283631454));
#9913=CARTESIAN_POINT('',(-5.694059367,22.616704323,4.265769285));
#9914=CARTESIAN_POINT('',(-5.659792595,22.571464793,4.23701605));
#9915=B_SPLINE_CURVE_WITH_KNOTS('',3,(#9905,#9906,#9907,#9908,#9909,#9910,#9911,#9912,#9913,#9914),.UNSPECIFIED.,.F.,.F.,(4,3,3,4),(0.000377691,0.000471712,0.000565734,0.000753776),.UNSPECIFIED.);
#9916=EDGE_CURVE('',#2687,#9888,#9915,.T.);
#9917=ORIENTED_EDGE('',*,*,#9916,.F.);
#9918=ORIENTED_EDGE('',*,*,#2692,.F.);
#9919=CARTESIAN_POINT('',(-5.659792595,27.771464793,4.23701605));
#9920=CARTESIAN_POINT('',(-5.677200169,27.748484204,4.251622738));
#9921=CARTESIAN_POINT('',(-5.696141361,27.72658372,4.262740312));
#9922=CARTESIAN_POINT('',(-5.717454626,27.704862765,4.270820073));
#9923=CARTESIAN_POINT('',(-5.738767891,27.683141811,4.278899835));
#9924=CARTESIAN_POINT('',(-5.76246126,27.661755321,4.283697552));
#9925=CARTESIAN_POINT('',(-5.787489724,27.642464827,4.28380531));
#9926=CARTESIAN_POINT('',(-5.812518189,27.623174332,4.283913069));
#9927=CARTESIAN_POINT('',(-5.839383665,27.605572726,4.279369476));
#9928=CARTESIAN_POINT('',(-5.866222616,27.592500346,4.268024082));
#9929=CARTESIAN_POINT('',(-5.893061566,27.579427965,4.256678688));
#9930=CARTESIAN_POINT('',(-5.919500709,27.571464815,4.238086524));
#9931=CARTESIAN_POINT('',(-5.940121947,27.571464793,4.214058118));
#9932=B_SPLINE_CURVE_WITH_KNOTS('',3,(#9919,#9920,#9921,#9922,#9923,#9924,#9925,#9926,#9927,#9928,#9929,#9930,#9931),.UNSPECIFIED.,.F.,.F.,(4,3,3,3,4),(-0.000002828,0.000091422,0.000185673,0.000279924,0.000374174),.UNSPECIFIED.);
#9933=EDGE_CURVE('',#9872,#2678,#9932,.T.);
#9934=ORIENTED_EDGE('',*,*,#9933,.F.);
#9935=EDGE_LOOP('',(#9885,#9886,#9904,#9917,#9918,#9934));
#9936=FACE_BOUND('',#9935,.T.);
#9937=ADVANCED_FACE('',(#9936),#9870,.F.);
#9938=CARTESIAN_POINT('',(-5.165098366,22.571464793,3.605569272));
#9939=DIRECTION('',(-0.,1.,0.));
#9940=DIRECTION('',(-0.573576436,0.,-0.819152044));
#9941=AXIS2_PLACEMENT_3D('',#9938,#9939,#9940);
#9942=CYLINDRICAL_SURFACE('',#9941,0.2);
#9943=CARTESIAN_POINT('',(-5.050383079,27.771464793,3.769399681));
#9944=VERTEX_POINT('',#9943);
#9945=CARTESIAN_POINT('',(-5.000004163,27.571464793,3.49268037));
#9946=CARTESIAN_POINT('',(-4.982170444,27.571464812,3.518761265));
#9947=CARTESIAN_POINT('',(-4.970999253,27.579502339,3.549323457));
#9948=CARTESIAN_POINT('',(-4.967008178,27.592485436,3.577996141));
#9949=CARTESIAN_POINT('',(-4.963017103,27.605468534,3.606668825));
#9950=CARTESIAN_POINT('',(-4.965475798,27.622893505,3.633640881));
#9951=CARTESIAN_POINT('',(-4.972093286,27.642334577,3.658000553));
#9952=CARTESIAN_POINT('',(-4.985328263,27.681216722,3.706719898));
#9953=CARTESIAN_POINT('',(-5.013740693,27.726225264,3.743742406));
#9954=CARTESIAN_POINT('',(-5.050383079,27.771464793,3.769399681));
#9955=B_SPLINE_CURVE_WITH_KNOTS('',3,(#9945,#9946,#9947,#9948,#9949,#9950,#9951,#9952,#9953,#9954),.UNSPECIFIED.,.F.,.F.,(4,3,3,4),(0.000377691,0.000471712,0.000565734,0.000753776),.UNSPECIFIED.);
#9956=EDGE_CURVE('',#3821,#9944,#9955,.T.);
#9957=ORIENTED_EDGE('',*,*,#9956,.F.);
#9958=ORIENTED_EDGE('',*,*,#3826,.F.);
#9959=CARTESIAN_POINT('',(-5.050383079,22.571464793,3.769399681));
#9960=VERTEX_POINT('',#9959);
#9961=CARTESIAN_POINT('',(-5.050383079,22.571464793,3.769399681));
#9962=CARTESIAN_POINT('',(-5.031768689,22.594445383,3.756365745));
#9963=CARTESIAN_POINT('',(-5.016127597,22.616345866,3.740947398));
#9964=CARTESIAN_POINT('',(-5.002806867,22.638066821,3.722451561));
#9965=CARTESIAN_POINT('',(-4.989486138,22.659787776,3.703955724));
#9966=CARTESIAN_POINT('',(-4.978719604,22.681174265,3.682311428));
#9967=CARTESIAN_POINT('',(-4.972137674,22.70046476,3.658163678));
#9968=CARTESIAN_POINT('',(-4.965555744,22.719755255,3.634015927));
#9969=CARTESIAN_POINT('',(-4.962991221,22.73735686,3.606889902));
#9970=CARTESIAN_POINT('',(-4.967003599,22.750429241,3.578029062));
#9971=CARTESIAN_POINT('',(-4.971015976,22.763501622,3.549168222));
#9972=CARTESIAN_POINT('',(-4.982131674,22.771464772,3.518817965));
#9973=CARTESIAN_POINT('',(-5.000004163,22.771464793,3.49268037));
#9974=B_SPLINE_CURVE_WITH_KNOTS('',3,(#9961,#9962,#9963,#9964,#9965,#9966,#9967,#9968,#9969,#9970,#9971,#9972,#9973),.UNSPECIFIED.,.F.,.F.,(4,3,3,3,4),(-0.000002828,0.000091422,0.000185673,0.000279924,0.000374174),.UNSPECIFIED.);
#9975=EDGE_CURVE('',#9960,#3812,#9974,.T.);
#9976=ORIENTED_EDGE('',*,*,#9975,.F.);
#9977=CARTESIAN_POINT('',(-5.327644777,22.771464793,3.722096798));
#9978=CARTESIAN_POINT('',(-5.309236244,22.771464774,3.747775204));
#9979=CARTESIAN_POINT('',(-5.28433795,22.763427247,3.768725574));
#9980=CARTESIAN_POINT('',(-5.258759468,22.75044415,3.782282593));
#9981=CARTESIAN_POINT('',(-5.233180986,22.737461053,3.795839613));
#9982=CARTESIAN_POINT('',(-5.206994622,22.720036082,3.802754182));
#9983=CARTESIAN_POINT('',(-5.181840703,22.700595009,3.804867276));
#9984=CARTESIAN_POINT('',(-5.131532865,22.661712864,3.809093463));
#9985=CARTESIAN_POINT('',(-5.087025465,22.616704323,3.795056956));
#9986=CARTESIAN_POINT('',(-5.050383079,22.571464793,3.769399681));
#9987=B_SPLINE_CURVE_WITH_KNOTS('',3,(#9977,#9978,#9979,#9980,#9981,#9982,#9983,#9984,#9985,#9986),.UNSPECIFIED.,.F.,.F.,(4,3,3,4),(0.000377691,0.000471712,0.000565734,0.000753776),.UNSPECIFIED.);
#9988=EDGE_CURVE('',#2645,#9960,#9987,.T.);
#9989=ORIENTED_EDGE('',*,*,#9988,.F.);
#9990=ORIENTED_EDGE('',*,*,#2650,.F.);
#9991=CARTESIAN_POINT('',(-5.050383079,27.771464793,3.769399681));
#9992=CARTESIAN_POINT('',(-5.068997468,27.748484204,3.782433617));
#9993=CARTESIAN_POINT('',(-5.088835544,27.72658372,3.791858051));
#9994=CARTESIAN_POINT('',(-5.110771903,27.704862765,3.798049493));
#9995=CARTESIAN_POINT('',(-5.132708262,27.683141811,3.804240935));
#9996=CARTESIAN_POINT('',(-5.156729619,27.661755321,3.806955382));
#9997=CARTESIAN_POINT('',(-5.181672235,27.642464827,3.804881356));
#9998=CARTESIAN_POINT('',(-5.20661485,27.623174332,3.80280733));
#9999=CARTESIAN_POINT('',(-5.232982095,27.605572726,3.795939546));
#10000=CARTESIAN_POINT('',(-5.258730099,27.592500346,3.782298157));
#10001=CARTESIAN_POINT('',(-5.284478103,27.579427965,3.768656767));
#10002=CARTESIAN_POINT('',(-5.309196223,27.571464815,3.747831028));
#10003=CARTESIAN_POINT('',(-5.327644777,27.571464793,3.722096798));
#10004=B_SPLINE_CURVE_WITH_KNOTS('',3,(#9991,#9992,#9993,#9994,#9995,#9996,#9997,#9998,#9999,#10000,#10001,#10002,#10003),.UNSPECIFIED.,.F.,.F.,(4,3,3,3,4),(-0.000002828,0.000091422,0.000185673,0.000279924,0.000374174),.UNSPECIFIED.);
#10005=EDGE_CURVE('',#9944,#2636,#10004,.T.);
#10006=ORIENTED_EDGE('',*,*,#10005,.F.);
#10007=EDGE_LOOP('',(#9957,#9958,#9976,#9989,#9990,#10006));
#10008=FACE_BOUND('',#10007,.T.);
#10009=ADVANCED_FACE('',(#10008),#9942,.F.);
#10010=CARTESIAN_POINT('',(-7.376524936,22.571464793,5.816995842));
#10011=DIRECTION('',(-0.,1.,0.));
#10012=DIRECTION('',(-0.819152044,0.,-0.573576436));
#10013=AXIS2_PLACEMENT_3D('',#10010,#10011,#10012);
#10014=CYLINDRICAL_SURFACE('',#10013,0.2);
#10015=CARTESIAN_POINT('',(-7.212694527,27.771464793,5.931711129));
#10016=VERTEX_POINT('',#10015);
#10017=CARTESIAN_POINT('',(-7.25999741,27.571464793,5.654449431));
#10018=CARTESIAN_POINT('',(-7.234319004,27.571464812,5.672857964));
#10019=CARTESIAN_POINT('',(-7.213368634,27.579502339,5.697756258));
#10020=CARTESIAN_POINT('',(-7.199811615,27.592485436,5.72333474));
#10021=CARTESIAN_POINT('',(-7.186254595,27.605468534,5.748913222));
#10022=CARTESIAN_POINT('',(-7.179340026,27.622893505,5.775099586));
#10023=CARTESIAN_POINT('',(-7.177226933,27.642334577,5.800253505));
#10024=CARTESIAN_POINT('',(-7.173000745,27.681216722,5.850561343));
#10025=CARTESIAN_POINT('',(-7.187037252,27.726225264,5.895068743));
#10026=CARTESIAN_POINT('',(-7.212694527,27.771464793,5.931711129));
#10027=B_SPLINE_CURVE_WITH_KNOTS('',3,(#10017,#10018,#10019,#10020,#10021,#10022,#10023,#10024,#10025,#10026),.UNSPECIFIED.,.F.,.F.,(4,3,3,4),(0.000377691,0.000471712,0.000565734,0.000753776),.UNSPECIFIED.);
#10028=EDGE_CURVE('',#2771,#10016,#10027,.T.);
#10029=ORIENTED_EDGE('',*,*,#10028,.F.);
#10030=ORIENTED_EDGE('',*,*,#2776,.F.);
#10031=CARTESIAN_POINT('',(-7.212694527,22.571464793,5.931711129));
#10032=VERTEX_POINT('',#10031);
#10033=CARTESIAN_POINT('',(-7.212694527,22.571464793,5.931711129));
#10034=CARTESIAN_POINT('',(-7.199660591,22.594445383,5.91309674));
#10035=CARTESIAN_POINT('',(-7.190236157,22.616345866,5.893258664));
#10036=CARTESIAN_POINT('',(-7.184044715,22.638066821,5.871322305));
#10037=CARTESIAN_POINT('',(-7.177853273,22.659787776,5.849385946));
#10038=CARTESIAN_POINT('',(-7.175138826,22.681174265,5.825364589));
#10039=CARTESIAN_POINT('',(-7.177212852,22.70046476,5.800421973));
#10040=CARTESIAN_POINT('',(-7.179286878,22.719755255,5.775479358));
#10041=CARTESIAN_POINT('',(-7.186154662,22.73735686,5.749112113));
#10042=CARTESIAN_POINT('',(-7.199796052,22.750429241,5.723364109));
#10043=CARTESIAN_POINT('',(-7.213437441,22.763501622,5.697616105));
#10044=CARTESIAN_POINT('',(-7.23426318,22.771464772,5.672897985));
#10045=CARTESIAN_POINT('',(-7.25999741,22.771464793,5.654449431));
#10046=B_SPLINE_CURVE_WITH_KNOTS('',3,(#10033,#10034,#10035,#10036,#10037,#10038,#10039,#10040,#10041,#10042,#10043,#10044,#10045),.UNSPECIFIED.,.F.,.F.,(4,3,3,3,4),(-0.000002828,0.000091422,0.000185673,0.000279924,0.000374174),.UNSPECIFIED.);
#10047=EDGE_CURVE('',#10032,#2762,#10046,.T.);
#10048=ORIENTED_EDGE('',*,*,#10047,.F.);
#10049=CARTESIAN_POINT('',(-7.489413838,22.771464793,5.982090045));
#10050=CARTESIAN_POINT('',(-7.463332943,22.771464774,5.999923764));
#10051=CARTESIAN_POINT('',(-7.432770751,22.763427247,6.011094955));
#10052=CARTESIAN_POINT('',(-7.404098067,22.75044415,6.01508603));
#10053=CARTESIAN_POINT('',(-7.375425383,22.737461053,6.019077105));
#10054=CARTESIAN_POINT('',(-7.348453328,22.720036082,6.01661841));
#10055=CARTESIAN_POINT('',(-7.324093655,22.700595009,6.010000922));
#10056=CARTESIAN_POINT('',(-7.27537431,22.661712864,5.996765945));
#10057=CARTESIAN_POINT('',(-7.238351802,22.616704323,5.968353516));
#10058=CARTESIAN_POINT('',(-7.212694527,22.571464793,5.931711129));
#10059=B_SPLINE_CURVE_WITH_KNOTS('',3,(#10049,#10050,#10051,#10052,#10053,#10054,#10055,#10056,#10057,#10058),.UNSPECIFIED.,.F.,.F.,(4,3,3,4),(0.000377691,0.000471712,0.000565734,0.000753776),.UNSPECIFIED.);
#10060=EDGE_CURVE('',#2592,#10032,#10059,.T.);
#10061=ORIENTED_EDGE('',*,*,#10060,.F.);
#10062=ORIENTED_EDGE('',*,*,#2623,.F.);
#10063=CARTESIAN_POINT('',(-7.212694527,27.771464793,5.931711129));
#10064=CARTESIAN_POINT('',(-7.225728463,27.748484204,5.950325519));
#10065=CARTESIAN_POINT('',(-7.24114681,27.72658372,5.965966611));
#10066=CARTESIAN_POINT('',(-7.259642647,27.704862765,5.979287341));
#10067=CARTESIAN_POINT('',(-7.278138484,27.683141811,5.99260807));
#10068=CARTESIAN_POINT('',(-7.29978278,27.661755321,6.003374604));
#10069=CARTESIAN_POINT('',(-7.32393053,27.642464827,6.009956534));
#10070=CARTESIAN_POINT('',(-7.348078281,27.623174332,6.016538464));
#10071=CARTESIAN_POINT('',(-7.375204306,27.605572726,6.019102987));
#10072=CARTESIAN_POINT('',(-7.404065146,27.592500346,6.015090609));
#10073=CARTESIAN_POINT('',(-7.432925986,27.579427965,6.011078232));
#10074=CARTESIAN_POINT('',(-7.463276243,27.571464815,5.999962534));
#10075=CARTESIAN_POINT('',(-7.489413838,27.571464793,5.982090045));
#10076=B_SPLINE_CURVE_WITH_KNOTS('',3,(#10063,#10064,#10065,#10066,#10067,#10068,#10069,#10070,#10071,#10072,#10073,#10074,#10075),.UNSPECIFIED.,.F.,.F.,(4,3,3,3,4),(-0.000002828,0.000091422,0.000185673,0.000279924,0.000374174),.UNSPECIFIED.);
#10077=EDGE_CURVE('',#10016,#2611,#10076,.T.);
#10078=ORIENTED_EDGE('',*,*,#10077,.F.);
#10079=EDGE_LOOP('',(#10029,#10030,#10048,#10061,#10062,#10078));
#10080=FACE_BOUND('',#10079,.T.);
#10081=ADVANCED_FACE('',(#10080),#10014,.F.);
#10082=CARTESIAN_POINT('',(-7.798623016,22.571464793,6.47955711));
#10083=DIRECTION('',(-0.,1.,0.));
#10084=DIRECTION('',(-0.866025404,-0.,-0.5));
#10085=AXIS2_PLACEMENT_3D('',#10082,#10083,#10084);
#10086=CYLINDRICAL_SURFACE('',#10085,0.2);
#10087=CARTESIAN_POINT('',(-7.625417935,27.771464793,6.57955711));
#10088=VERTEX_POINT('',#10087);
#10089=CARTESIAN_POINT('',(-7.696705766,27.571464793,6.307473195));
#10090=CARTESIAN_POINT('',(-7.669520665,27.571464812,6.323573657));
#10091=CARTESIAN_POINT('',(-7.646479987,27.579502339,6.34655126));
#10092=CARTESIAN_POINT('',(-7.630745245,27.592485436,6.370850836));
#10093=CARTESIAN_POINT('',(-7.615010503,27.605468534,6.395150412));
#10094=CARTESIAN_POINT('',(-7.605839954,27.622893505,6.420634485));
#10095=CARTESIAN_POINT('',(-7.601542592,27.642334577,6.445508517));
#10096=CARTESIAN_POINT('',(-7.59294787,27.681216722,6.495256582));
#10097=CARTESIAN_POINT('',(-7.603051888,27.726225264,6.540817981));
#10098=CARTESIAN_POINT('',(-7.625417935,27.771464793,6.57955711));
#10099=B_SPLINE_CURVE_WITH_KNOTS('',3,(#10089,#10090,#10091,#10092,#10093,#10094,#10095,#10096,#10097,#10098),.UNSPECIFIED.,.F.,.F.,(4,3,3,4),(0.000377691,0.000471712,0.000565734,0.000753776),.UNSPECIFIED.);
#10100=EDGE_CURVE('',#2603,#10088,#10099,.T.);
#10101=ORIENTED_EDGE('',*,*,#10100,.F.);
#10102=ORIENTED_EDGE('',*,*,#2608,.F.);
#10103=CARTESIAN_POINT('',(-7.625417935,22.571464793,6.57955711));
#10104=VERTEX_POINT('',#10103);
#10105=CARTESIAN_POINT('',(-7.625417935,22.571464793,6.57955711));
#10106=CARTESIAN_POINT('',(-7.614055948,22.594445383,6.559877572));
#10107=CARTESIAN_POINT('',(-7.60639638,22.616345866,6.539293592));
#10108=CARTESIAN_POINT('',(-7.602140377,22.638066821,6.516901088));
#10109=CARTESIAN_POINT('',(-7.597884375,22.659787776,6.494508584));
#10110=CARTESIAN_POINT('',(-7.597273856,22.681174265,6.470342056));
#10111=CARTESIAN_POINT('',(-7.601513882,22.70046476,6.445675118));
#10112=CARTESIAN_POINT('',(-7.605753908,22.719755255,6.42100818));
#10113=CARTESIAN_POINT('',(-7.614893615,22.73735686,6.395339837));
#10114=CARTESIAN_POINT('',(-7.630727182,22.750429241,6.370878737));
#10115=CARTESIAN_POINT('',(-7.646560748,22.763501622,6.346417638));
#10116=CARTESIAN_POINT('',(-7.669461565,22.771464772,6.32360866));
#10117=CARTESIAN_POINT('',(-7.696705766,22.771464793,6.307473195));
#10118=B_SPLINE_CURVE_WITH_KNOTS('',3,(#10105,#10106,#10107,#10108,#10109,#10110,#10111,#10112,#10113,#10114,#10115,#10116,#10117),.UNSPECIFIED.,.F.,.F.,(4,3,3,3,4),(-0.000002828,0.000091422,0.000185673,0.000279924,0.000374174),.UNSPECIFIED.);
#10119=EDGE_CURVE('',#10104,#2594,#10118,.T.);
#10120=ORIENTED_EDGE('',*,*,#10119,.F.);
#10121=CARTESIAN_POINT('',(-7.896693433,22.771464793,6.653861996));
#10122=CARTESIAN_POINT('',(-7.869157474,22.771464774,6.669354753));
#10123=CARTESIAN_POINT('',(-7.837737947,22.763427247,6.677819763));
#10124=CARTESIAN_POINT('',(-7.808826526,22.75044415,6.679296662));
#10125=CARTESIAN_POINT('',(-7.779915105,22.737461053,6.68077356));
#10126=CARTESIAN_POINT('',(-7.753259975,22.720036082,6.675973453));
#10127=CARTESIAN_POINT('',(-7.729569751,22.700595009,6.66725806));
#10128=CARTESIAN_POINT('',(-7.682189302,22.661712864,6.649827276));
#10129=CARTESIAN_POINT('',(-7.647783982,22.616704323,6.61829624));
#10130=CARTESIAN_POINT('',(-7.625417935,22.571464793,6.57955711));
#10131=B_SPLINE_CURVE_WITH_KNOTS('',3,(#10121,#10122,#10123,#10124,#10125,#10126,#10127,#10128,#10129,#10130),.UNSPECIFIED.,.F.,.F.,(4,3,3,4),(0.000377691,0.000471712,0.000565734,0.000753776),.UNSPECIFIED.);
#10132=EDGE_CURVE('',#2550,#10104,#10131,.T.);
#10133=ORIENTED_EDGE('',*,*,#10132,.F.);
#10134=ORIENTED_EDGE('',*,*,#2581,.F.);
#10135=CARTESIAN_POINT('',(-7.625417935,27.771464793,6.57955711));
#10136=CARTESIAN_POINT('',(-7.636779922,27.748484204,6.599236649));
#10137=CARTESIAN_POINT('',(-7.650776387,27.72658372,6.61616202));
#10138=CARTESIAN_POINT('',(-7.668040863,27.704862765,6.631044078));
#10139=CARTESIAN_POINT('',(-7.68530534,27.683141811,6.645926137));
#10140=CARTESIAN_POINT('',(-7.705928908,27.661755321,6.658538125));
#10141=CARTESIAN_POINT('',(-7.729411116,27.642464827,6.667199624));
#10142=CARTESIAN_POINT('',(-7.752893324,27.623174332,6.675861123));
#10143=CARTESIAN_POINT('',(-7.779692613,27.605572726,6.680780076));
#10144=CARTESIAN_POINT('',(-7.808793331,27.592500346,6.679298355));
#10145=CARTESIAN_POINT('',(-7.837894048,27.579427965,6.677816634));
#10146=CARTESIAN_POINT('',(-7.86909761,27.571464815,6.669388434));
#10147=CARTESIAN_POINT('',(-7.896693433,27.571464793,6.653861996));
#10148=B_SPLINE_CURVE_WITH_KNOTS('',3,(#10135,#10136,#10137,#10138,#10139,#10140,#10141,#10142,#10143,#10144,#10145,#10146,#10147),.UNSPECIFIED.,.F.,.F.,(4,3,3,3,4),(-0.000002828,0.000091422,0.000185673,0.000279924,0.000374174),.UNSPECIFIED.);
#10149=EDGE_CURVE('',#10088,#2569,#10148,.T.);
#10150=ORIENTED_EDGE('',*,*,#10149,.F.);
#10151=EDGE_LOOP('',(#10101,#10102,#10120,#10133,#10134,#10150));
#10152=FACE_BOUND('',#10151,.T.);
#10153=ADVANCED_FACE('',(#10152),#10086,.F.);
#10154=CARTESIAN_POINT('',(-8.161368866,22.571464793,7.176385405));
#10155=DIRECTION('',(-0.,1.,0.));
#10156=DIRECTION('',(-0.906307787,-0.,-0.422618262));
#10157=AXIS2_PLACEMENT_3D('',#10154,#10155,#10156);
#10158=CYLINDRICAL_SURFACE('',#10157,0.2);
#10159=CARTESIAN_POINT('',(-7.980107308,27.771464793,7.260909057));
#10160=VERTEX_POINT('',#10159);
#10161=CARTESIAN_POINT('',(-8.074837543,27.571464793,6.996073647));
#10162=CARTESIAN_POINT('',(-8.046352642,27.571464812,7.009743504));
#10163=CARTESIAN_POINT('',(-8.021397011,27.579502339,7.030625543));
#10164=CARTESIAN_POINT('',(-8.003604297,27.592485436,7.053461279));
#10165=CARTESIAN_POINT('',(-7.985811582,27.605468534,7.076297015));
#10166=CARTESIAN_POINT('',(-7.974454847,27.622893505,7.100884847));
#10167=CARTESIAN_POINT('',(-7.968005923,27.642334577,7.125289686));
#10168=CARTESIAN_POINT('',(-7.955108077,27.681216722,7.174099365));
#10169=CARTESIAN_POINT('',(-7.961202709,27.726225264,7.220368012));
#10170=CARTESIAN_POINT('',(-7.980107308,27.771464793,7.260909057));
#10171=B_SPLINE_CURVE_WITH_KNOTS('',3,(#10161,#10162,#10163,#10164,#10165,#10166,#10167,#10168,#10169,#10170),.UNSPECIFIED.,.F.,.F.,(4,3,3,4),(0.000377691,0.000471712,0.000565734,0.000753776),.UNSPECIFIED.);
#10172=EDGE_CURVE('',#2561,#10160,#10171,.T.);
#10173=ORIENTED_EDGE('',*,*,#10172,.F.);
#10174=ORIENTED_EDGE('',*,*,#2566,.F.);
#10175=CARTESIAN_POINT('',(-7.980107308,22.571464793,7.260909057));
#10176=VERTEX_POINT('',#10175);
#10177=CARTESIAN_POINT('',(-7.980107308,22.571464793,7.260909057));
#10178=CARTESIAN_POINT('',(-7.970503742,22.594445383,7.240314143));
#10179=CARTESIAN_POINT('',(-7.964667332,22.616345866,7.219140916));
#10180=CARTESIAN_POINT('',(-7.962379161,22.638066821,7.196462687));
#10181=CARTESIAN_POINT('',(-7.960090989,22.659787776,7.173784458));
#10182=CARTESIAN_POINT('',(-7.961589046,22.681174265,7.149656681));
#10183=CARTESIAN_POINT('',(-7.967962802,22.70046476,7.12545315));
#10184=CARTESIAN_POINT('',(-7.974336559,22.719755255,7.10124962));
#10185=CARTESIAN_POINT('',(-7.98567863,22.73735686,7.076475531));
#10186=CARTESIAN_POINT('',(-8.00358387,22.750429241,7.0534875));
#10187=CARTESIAN_POINT('',(-8.021489111,22.763501622,7.030499468));
#10188=CARTESIAN_POINT('',(-8.046290716,22.771464772,7.009773223));
#10189=CARTESIAN_POINT('',(-8.074837543,22.771464793,6.996073647));
#10190=B_SPLINE_CURVE_WITH_KNOTS('',3,(#10177,#10178,#10179,#10180,#10181,#10182,#10183,#10184,#10185,#10186,#10187,#10188,#10189),.UNSPECIFIED.,.F.,.F.,(4,3,3,3,4),(-0.000002828,0.000091422,0.000185673,0.000279924,0.000374174),.UNSPECIFIED.);
#10191=EDGE_CURVE('',#10176,#2552,#10190,.T.);
#10192=ORIENTED_EDGE('',*,*,#10191,.F.);
#10193=CARTESIAN_POINT('',(-8.243874424,22.771464793,7.358574408));
#10194=CARTESIAN_POINT('',(-8.215092964,22.771464774,7.371608293));
#10195=CARTESIAN_POINT('',(-8.183055224,22.763427247,7.377302699));
#10196=CARTESIAN_POINT('',(-8.154125099,22.75044415,7.376254181));
#10197=CARTESIAN_POINT('',(-8.125194975,22.737461053,7.375205663));
#10198=CARTESIAN_POINT('',(-8.099059633,22.720036082,7.368100674));
#10199=CARTESIAN_POINT('',(-8.076219154,22.700595009,7.357353707));
#10200=CARTESIAN_POINT('',(-8.030538194,22.661712864,7.335859774));
#10201=CARTESIAN_POINT('',(-7.999011908,22.616704323,7.301450102));
#10202=CARTESIAN_POINT('',(-7.980107308,22.571464793,7.260909057));
#10203=B_SPLINE_CURVE_WITH_KNOTS('',3,(#10193,#10194,#10195,#10196,#10197,#10198,#10199,#10200,#10201,#10202),.UNSPECIFIED.,.F.,.F.,(4,3,3,4),(0.000377691,0.000471712,0.000565734,0.000753776),.UNSPECIFIED.);
#10204=EDGE_CURVE('',#2508,#10176,#10203,.T.);
#10205=ORIENTED_EDGE('',*,*,#10204,.F.);
#10206=ORIENTED_EDGE('',*,*,#2539,.F.);
#10207=CARTESIAN_POINT('',(-7.980107308,27.771464793,7.260909057));
#10208=CARTESIAN_POINT('',(-7.989710875,27.748484204,7.281503971));
#10209=CARTESIAN_POINT('',(-8.002178936,27.72658372,7.299584809));
#10210=CARTESIAN_POINT('',(-8.018080659,27.704862765,7.315914935));
#10211=CARTESIAN_POINT('',(-8.033982382,27.683141811,7.332245061));
#10212=CARTESIAN_POINT('',(-8.053428263,27.661755321,7.346606519));
#10213=CARTESIAN_POINT('',(-8.076066215,27.642464827,7.357281667));
#10214=CARTESIAN_POINT('',(-8.098704167,27.623174332,7.367956816));
#10215=CARTESIAN_POINT('',(-8.124972762,27.605572726,7.375192763));
#10216=CARTESIAN_POINT('',(-8.154091883,27.592500346,7.376252975));
#10217=CARTESIAN_POINT('',(-8.183211004,27.579427965,7.377313187));
#10218=CARTESIAN_POINT('',(-8.215030393,27.571464815,7.371636628));
#10219=CARTESIAN_POINT('',(-8.243874424,27.571464793,7.358574408));
#10220=B_SPLINE_CURVE_WITH_KNOTS('',3,(#10207,#10208,#10209,#10210,#10211,#10212,#10213,#10214,#10215,#10216,#10217,#10218,#10219),.UNSPECIFIED.,.F.,.F.,(4,3,3,3,4),(-0.000002828,0.000091422,0.000185673,0.000279924,0.000374174),.UNSPECIFIED.);
#10221=EDGE_CURVE('',#10160,#2527,#10220,.T.);
#10222=ORIENTED_EDGE('',*,*,#10221,.F.);
#10223=EDGE_LOOP('',(#10173,#10174,#10192,#10205,#10206,#10222));
#10224=FACE_BOUND('',#10223,.T.);
#10225=ADVANCED_FACE('',(#10224),#10158,.F.);
#10226=CARTESIAN_POINT('',(-8.462001771,22.571464793,7.902177441));
#10227=DIRECTION('',(-0.,1.,0.));
#10228=DIRECTION('',(-0.939692621,-0.,-0.342020143));
#10229=AXIS2_PLACEMENT_3D('',#10226,#10227,#10228);
#10230=CYLINDRICAL_SURFACE('',#10229,0.2);
#10231=CARTESIAN_POINT('',(-8.274063247,27.771464793,7.97058147));
#10232=VERTEX_POINT('',#10231);
#10233=CARTESIAN_POINT('',(-8.391514931,27.571464793,7.715010122));
#10234=CARTESIAN_POINT('',(-8.361947017,27.571464812,7.726145339));
#10235=CARTESIAN_POINT('',(-8.33526636,27.579502339,7.744772889));
#10236=CARTESIAN_POINT('',(-8.315551087,27.592485436,7.76597099));
#10237=CARTESIAN_POINT('',(-8.295835814,27.605468534,7.787169092));
#10238=CARTESIAN_POINT('',(-8.282379323,27.622893505,7.810673555));
#10239=CARTESIAN_POINT('',(-8.273827918,27.642334577,7.834423466));
#10240=CARTESIAN_POINT('',(-8.256725108,27.681216722,7.881923289));
#10241=CARTESIAN_POINT('',(-8.258763969,27.726225264,7.928547051));
#10242=CARTESIAN_POINT('',(-8.274063247,27.771464793,7.97058147));
#10243=B_SPLINE_CURVE_WITH_KNOTS('',3,(#10233,#10234,#10235,#10236,#10237,#10238,#10239,#10240,#10241,#10242),.UNSPECIFIED.,.F.,.F.,(4,3,3,4),(0.000377691,0.000471712,0.000565734,0.000753776),.UNSPECIFIED.);
#10244=EDGE_CURVE('',#2519,#10232,#10243,.T.);
#10245=ORIENTED_EDGE('',*,*,#10244,.F.);
#10246=ORIENTED_EDGE('',*,*,#2524,.F.);
#10247=CARTESIAN_POINT('',(-8.274063247,22.571464793,7.97058147));
#10248=VERTEX_POINT('',#10247);
#10249=CARTESIAN_POINT('',(-8.274063247,22.571464793,7.97058147));
#10250=CARTESIAN_POINT('',(-8.26629119,22.594445383,7.94922792));
#10251=CARTESIAN_POINT('',(-8.262322358,22.616345866,7.927626586));
#10252=CARTESIAN_POINT('',(-8.262019431,22.638066821,7.904835227));
#10253=CARTESIAN_POINT('',(-8.261716505,22.659787776,7.882043869));
#10254=CARTESIAN_POINT('',(-8.265311735,22.681174265,7.858138469));
#10255=CARTESIAN_POINT('',(-8.273770714,22.70046476,7.83458255));
#10256=CARTESIAN_POINT('',(-8.282229693,22.719755255,7.811026631));
#10257=CARTESIAN_POINT('',(-8.295687808,22.73735686,7.787335342));
#10258=CARTESIAN_POINT('',(-8.315528453,22.750429241,7.765995331));
#10259=CARTESIAN_POINT('',(-8.335369097,22.763501622,7.74465532));
#10260=CARTESIAN_POINT('',(-8.361882736,22.771464772,7.726169548));
#10261=CARTESIAN_POINT('',(-8.391514931,22.771464793,7.715010122));
#10262=B_SPLINE_CURVE_WITH_KNOTS('',3,(#10249,#10250,#10251,#10252,#10253,#10254,#10255,#10256,#10257,#10258,#10259,#10260,#10261),.UNSPECIFIED.,.F.,.F.,(4,3,3,3,4),(-0.000002828,0.000091422,0.000185673,0.000279924,0.000374174),.UNSPECIFIED.);
#10263=EDGE_CURVE('',#10248,#2510,#10262,.T.);
#10264=ORIENTED_EDGE('',*,*,#10263,.F.);
#10265=CARTESIAN_POINT('',(-8.528314552,22.771464793,8.090863993));
#10266=CARTESIAN_POINT('',(-8.498506637,22.771464774,8.101339811));
#10267=CARTESIAN_POINT('',(-8.46609451,22.763427247,8.104220275));
#10268=CARTESIAN_POINT('',(-8.437365857,22.75044415,8.100654321));
#10269=CARTESIAN_POINT('',(-8.408637205,22.737461053,8.097088366));
#10270=CARTESIAN_POINT('',(-8.383220557,22.720036082,8.087732568));
#10271=CARTESIAN_POINT('',(-8.361403652,22.700595009,8.075035818));
#10272=CARTESIAN_POINT('',(-8.317769842,22.661712864,8.049642318));
#10273=CARTESIAN_POINT('',(-8.289362524,22.616704323,8.012615888));
#10274=CARTESIAN_POINT('',(-8.274063247,22.571464793,7.97058147));
#10275=B_SPLINE_CURVE_WITH_KNOTS('',3,(#10265,#10266,#10267,#10268,#10269,#10270,#10271,#10272,#10273,#10274),.UNSPECIFIED.,.F.,.F.,(4,3,3,4),(0.000377691,0.000471712,0.000565734,0.000753776),.UNSPECIFIED.);
#10276=EDGE_CURVE('',#2466,#10248,#10275,.T.);
#10277=ORIENTED_EDGE('',*,*,#10276,.F.);
#10278=ORIENTED_EDGE('',*,*,#2497,.F.);
#10279=CARTESIAN_POINT('',(-8.274063247,27.771464793,7.97058147));
#10280=CARTESIAN_POINT('',(-8.281835303,27.748484204,7.99193502));
#10281=CARTESIAN_POINT('',(-8.292680071,27.72658372,8.011033717));
#10282=CARTESIAN_POINT('',(-8.307098019,27.704862765,8.028687629));
#10283=CARTESIAN_POINT('',(-8.321515967,27.683141811,8.04634154));
#10284=CARTESIAN_POINT('',(-8.339636167,27.661755321,8.062343169));
#10285=CARTESIAN_POINT('',(-8.361257574,27.642464827,8.074950723));
#10286=CARTESIAN_POINT('',(-8.382878981,27.623174332,8.087558277));
#10287=CARTESIAN_POINT('',(-8.408416962,27.605572726,8.097056148));
#10288=CARTESIAN_POINT('',(-8.437332873,27.592500346,8.100650224));
#10289=CARTESIAN_POINT('',(-8.466248783,27.579427965,8.1042443));
#10290=CARTESIAN_POINT('',(-8.498441834,27.571464815,8.101362585));
#10291=CARTESIAN_POINT('',(-8.528314552,27.571464793,8.090863993));
#10292=B_SPLINE_CURVE_WITH_KNOTS('',3,(#10279,#10280,#10281,#10282,#10283,#10284,#10285,#10286,#10287,#10288,#10289,#10290,#10291),.UNSPECIFIED.,.F.,.F.,(4,3,3,3,4),(-0.000002828,0.000091422,0.000185673,0.000279924,0.000374174),.UNSPECIFIED.);
#10293=EDGE_CURVE('',#10232,#2485,#10292,.T.);
#10294=ORIENTED_EDGE('',*,*,#10293,.F.);
#10295=EDGE_LOOP('',(#10245,#10246,#10264,#10277,#10278,#10294));
#10296=FACE_BOUND('',#10295,.T.);
#10297=ADVANCED_FACE('',(#10296),#10230,.F.);
#10298=CARTESIAN_POINT('',(-8.698233733,22.571464793,8.651409504));
#10299=DIRECTION('',(-0.,1.,0.));
#10300=DIRECTION('',(-0.965925826,-0.,-0.258819045));
#10301=AXIS2_PLACEMENT_3D('',#10298,#10299,#10300);
#10302=CYLINDRICAL_SURFACE('',#10301,0.2);
#10303=CARTESIAN_POINT('',(-8.505048567,27.771464793,8.703173313));
#10304=VERTEX_POINT('',#10303);
#10305=CARTESIAN_POINT('',(-8.644327823,27.571464793,8.45881108));
#10306=CARTESIAN_POINT('',(-8.613901926,27.571464812,8.46732691));
#10307=CARTESIAN_POINT('',(-8.585699299,27.579502339,8.483558205));
#10308=CARTESIAN_POINT('',(-8.564211512,27.592485436,8.502957342));
#10309=CARTESIAN_POINT('',(-8.542723725,27.605468534,8.522356479));
#10310=CARTESIAN_POINT('',(-8.527269892,27.622893505,8.54459869));
#10311=CARTESIAN_POINT('',(-8.516681086,27.642334577,8.567512921));
#10312=CARTESIAN_POINT('',(-8.495503475,27.681216722,8.613341384));
#10313=CARTESIAN_POINT('',(-8.49347105,27.726225264,8.659965428));
#10314=CARTESIAN_POINT('',(-8.505048567,27.771464793,8.703173313));
#10315=B_SPLINE_CURVE_WITH_KNOTS('',3,(#10305,#10306,#10307,#10308,#10309,#10310,#10311,#10312,#10313,#10314),.UNSPECIFIED.,.F.,.F.,(4,3,3,4),(0.000377691,0.000471712,0.000565734,0.000753776),.UNSPECIFIED.);
#10316=EDGE_CURVE('',#2477,#10304,#10315,.T.);
#10317=ORIENTED_EDGE('',*,*,#10316,.F.);
#10318=ORIENTED_EDGE('',*,*,#2482,.F.);
#10319=CARTESIAN_POINT('',(-8.505048567,22.571464793,8.703173313));
#10320=VERTEX_POINT('',#10319);
#10321=CARTESIAN_POINT('',(-8.505048567,22.571464793,8.703173313));
#10322=CARTESIAN_POINT('',(-8.49916717,22.594445383,8.68122364));
#10323=CARTESIAN_POINT('',(-8.497096121,22.616345866,8.6593586));
#10324=CARTESIAN_POINT('',(-8.498780745,22.638066821,8.636627567));
#10325=CARTESIAN_POINT('',(-8.500465369,22.659787776,8.613896534));
#10326=CARTESIAN_POINT('',(-8.506130411,22.681174265,8.590395447));
#10327=CARTESIAN_POINT('',(-8.516610235,22.70046476,8.567666414));
#10328=CARTESIAN_POINT('',(-8.527090059,22.719755255,8.544937381));
#10329=CARTESIAN_POINT('',(-8.542561793,22.73735686,8.522509196));
#10330=CARTESIAN_POINT('',(-8.564186843,22.750429241,8.502979617));
#10331=CARTESIAN_POINT('',(-8.585811892,22.763501622,8.483450037));
#10332=CARTESIAN_POINT('',(-8.61383578,22.771464772,8.467345425));
#10333=CARTESIAN_POINT('',(-8.644327823,22.771464793,8.45881108));
#10334=B_SPLINE_CURVE_WITH_KNOTS('',3,(#10321,#10322,#10323,#10324,#10325,#10326,#10327,#10328,#10329,#10330,#10331,#10332,#10333),.UNSPECIFIED.,.F.,.F.,(4,3,3,3,4),(-0.000002828,0.000091422,0.000185673,0.000279924,0.000374174),.UNSPECIFIED.);
#10335=EDGE_CURVE('',#10320,#2468,#10334,.T.);
#10336=ORIENTED_EDGE('',*,*,#10335,.F.);
#10337=CARTESIAN_POINT('',(-8.747849058,22.771464793,8.845157586));
#10338=CARTESIAN_POINT('',(-8.717241543,22.771464774,8.852995609));
#10339=CARTESIAN_POINT('',(-8.684701704,22.763427247,8.85304021));
#10340=CARTESIAN_POINT('',(-8.656393166,22.75044415,8.846983958));
#10341=CARTESIAN_POINT('',(-8.628084628,22.737461053,8.840927706));
#10342=CARTESIAN_POINT('',(-8.60358011,22.720036082,8.829392303));
#10343=CARTESIAN_POINT('',(-8.58295282,22.700595009,8.814842399));
#10344=CARTESIAN_POINT('',(-8.541698239,22.661712864,8.785742591));
#10345=CARTESIAN_POINT('',(-8.516626085,22.616704323,8.746381198));
#10346=CARTESIAN_POINT('',(-8.505048567,22.571464793,8.703173313));
#10347=B_SPLINE_CURVE_WITH_KNOTS('',3,(#10337,#10338,#10339,#10340,#10341,#10342,#10343,#10344,#10345,#10346),.UNSPECIFIED.,.F.,.F.,(4,3,3,4),(0.000377691,0.000471712,0.000565734,0.000753776),.UNSPECIFIED.);
#10348=EDGE_CURVE('',#2424,#10320,#10347,.T.);
#10349=ORIENTED_EDGE('',*,*,#10348,.F.);
#10350=ORIENTED_EDGE('',*,*,#2455,.F.);
#10351=CARTESIAN_POINT('',(-8.505048567,27.771464793,8.703173313));
#10352=CARTESIAN_POINT('',(-8.510929965,27.748484204,8.725122986));
#10353=CARTESIAN_POINT('',(-8.520068903,27.72658372,8.745094191));
#10354=CARTESIAN_POINT('',(-8.532893347,27.704862765,8.76393753));
#10355=CARTESIAN_POINT('',(-8.54571779,27.683141811,8.78278087));
#10356=CARTESIAN_POINT('',(-8.562374404,27.661755321,8.800300888));
#10357=CARTESIAN_POINT('',(-8.582814715,27.642464827,8.814744896));
#10358=CARTESIAN_POINT('',(-8.603255025,27.623174332,8.829188904));
#10359=CARTESIAN_POINT('',(-8.627868032,27.605572726,8.840876414));
#10360=CARTESIAN_POINT('',(-8.656360664,27.592500346,8.846977001));
#10361=CARTESIAN_POINT('',(-8.684853296,27.579427965,8.853077589));
#10362=CARTESIAN_POINT('',(-8.717175001,27.571464815,8.853012648));
#10363=CARTESIAN_POINT('',(-8.747849058,27.571464793,8.845157586));
#10364=B_SPLINE_CURVE_WITH_KNOTS('',3,(#10351,#10352,#10353,#10354,#10355,#10356,#10357,#10358,#10359,#10360,#10361,#10362,#10363),.UNSPECIFIED.,.F.,.F.,(4,3,3,3,4),(-0.000002828,0.000091422,0.000185673,0.000279924,0.000374174),.UNSPECIFIED.);
#10365=EDGE_CURVE('',#10304,#2443,#10364,.T.);
#10366=ORIENTED_EDGE('',*,*,#10365,.F.);
#10367=EDGE_LOOP('',(#10317,#10318,#10336,#10349,#10350,#10366));
#10368=FACE_BOUND('',#10367,.T.);
#10369=ADVANCED_FACE('',(#10368),#10302,.F.);
#10370=CARTESIAN_POINT('',(-8.868266884,22.571464793,9.418379484));
#10371=DIRECTION('',(-0.,1.,0.));
#10372=DIRECTION('',(-0.984807753,-0.,-0.173648178));
#10373=AXIS2_PLACEMENT_3D('',#10370,#10371,#10372);
#10374=CYLINDRICAL_SURFACE('',#10373,0.2);
#10375=CARTESIAN_POINT('',(-8.671305333,27.771464793,9.45310912));
#10376=VERTEX_POINT('',#10375);
#10377=CARTESIAN_POINT('',(-8.831352161,27.571464793,9.221815746));
#10378=CARTESIAN_POINT('',(-8.80017736,27.571464811,9.227670382));
#10379=CARTESIAN_POINT('',(-8.770664505,27.579538476,9.241419116));
#10380=CARTESIAN_POINT('',(-8.747541361,27.592570854,9.258926205));
#10381=CARTESIAN_POINT('',(-8.724418217,27.605603231,9.276433294));
#10382=CARTESIAN_POINT('',(-8.706985239,27.62325974,9.297495259));
#10383=CARTESIAN_POINT('',(-8.694590615,27.642531016,9.319200084));
#10384=CARTESIAN_POINT('',(-8.68219599,27.661802291,9.340904909));
#10385=CARTESIAN_POINT('',(-8.674503528,27.683216961,9.363851291));
#10386=CARTESIAN_POINT('',(-8.670855316,27.704897745,9.386306554));
#10387=CARTESIAN_POINT('',(-8.667207104,27.726578529,9.408761817));
#10388=CARTESIAN_POINT('',(-8.667415292,27.748808813,9.431047598));
#10389=CARTESIAN_POINT('',(-8.671305333,27.771464793,9.45310912));
#10390=B_SPLINE_CURVE_WITH_KNOTS('',3,(#10377,#10378,#10379,#10380,#10381,#10382,#10383,#10384,#10385,#10386,#10387,#10388,#10389),.UNSPECIFIED.,.F.,.F.,(4,3,3,3,4),(0.000207579,0.000302353,0.000397127,0.000491901,0.000586674),.UNSPECIFIED.);
#10391=EDGE_CURVE('',#2435,#10376,#10390,.T.);
#10392=ORIENTED_EDGE('',*,*,#10391,.F.);
#10393=ORIENTED_EDGE('',*,*,#2440,.F.);
#10394=CARTESIAN_POINT('',(-8.671305333,22.571464793,9.45310912));
#10395=VERTEX_POINT('',#10394);
#10396=CARTESIAN_POINT('',(-8.671305333,22.571464793,9.45310912));
#10397=CARTESIAN_POINT('',(-8.667359357,22.594445383,9.430730375));
#10398=CARTESIAN_POINT('',(-8.667201852,22.616345866,9.408768034));
#10399=CARTESIAN_POINT('',(-8.670861206,22.638066821,9.386270324));
#10400=CARTESIAN_POINT('',(-8.674520559,22.659787776,9.363772614));
#10401=CARTESIAN_POINT('',(-8.682212299,22.681174265,9.340854697));
#10402=CARTESIAN_POINT('',(-8.694633209,22.70046476,9.319125532));
#10403=CARTESIAN_POINT('',(-8.70705412,22.719755255,9.297396366));
#10404=CARTESIAN_POINT('',(-8.724421725,22.73735686,9.276401978));
#10405=CARTESIAN_POINT('',(-8.7476666,22.750429241,9.258831462));
#10406=CARTESIAN_POINT('',(-8.770911475,22.763501622,9.241260945));
#10407=CARTESIAN_POINT('',(-8.800232332,22.771464772,9.227660058));
#10408=CARTESIAN_POINT('',(-8.831352161,22.771464793,9.221815746));
#10409=B_SPLINE_CURVE_WITH_KNOTS('',3,(#10396,#10397,#10398,#10399,#10400,#10401,#10402,#10403,#10404,#10405,#10406,#10407,#10408),.UNSPECIFIED.,.F.,.F.,(4,3,3,3,4),(-0.000002828,0.000091422,0.000185673,0.000279924,0.000374174),.UNSPECIFIED.);
#10410=EDGE_CURVE('',#10395,#2426,#10409,.T.);
#10411=ORIENTED_EDGE('',*,*,#10410,.F.);
#10412=CARTESIAN_POINT('',(-8.900807149,22.771464793,9.615714558));
#10413=CARTESIAN_POINT('',(-8.869411039,22.771464784,9.62089173));
#10414=CARTESIAN_POINT('',(-8.837276989,22.763471611,9.61809755));
#10415=CARTESIAN_POINT('',(-8.809449653,22.750401694,9.609535267));
#10416=CARTESIAN_POINT('',(-8.781622317,22.737331776,9.600972984));
#10417=CARTESIAN_POINT('',(-8.758143761,22.719741164,9.587192206));
#10418=CARTESIAN_POINT('',(-8.739063833,22.700477261,9.571044384));
#10419=CARTESIAN_POINT('',(-8.719983906,22.681213358,9.554896563));
#10420=CARTESIAN_POINT('',(-8.704948165,22.659900274,9.536059853));
#10421=CARTESIAN_POINT('',(-8.693784616,22.63813783,9.516133963));
#10422=CARTESIAN_POINT('',(-8.682621066,22.616375386,9.496208072));
#10423=CARTESIAN_POINT('',(-8.675193735,22.594111222,9.47516134));
#10424=CARTESIAN_POINT('',(-8.671305333,22.571464793,9.45310912));
#10425=B_SPLINE_CURVE_WITH_KNOTS('',3,(#10412,#10413,#10414,#10415,#10416,#10417,#10418,#10419,#10420,#10421,#10422,#10423,#10424),.UNSPECIFIED.,.F.,.F.,(4,3,3,3,4),(0.000123913,0.000218935,0.000313956,0.000408977,0.000503998),.UNSPECIFIED.);
#10426=EDGE_CURVE('',#2382,#10395,#10425,.T.);
#10427=ORIENTED_EDGE('',*,*,#10426,.F.);
#10428=ORIENTED_EDGE('',*,*,#2413,.F.);
#10429=CARTESIAN_POINT('',(-8.671305333,27.771464793,9.45310912));
#10430=CARTESIAN_POINT('',(-8.67525131,27.748484204,9.475487865));
#10431=CARTESIAN_POINT('',(-8.682614867,27.72658372,9.496179585));
#10432=CARTESIAN_POINT('',(-8.693748204,27.704862765,9.516068944));
#10433=CARTESIAN_POINT('',(-8.704881542,27.683141811,9.535958303));
#10434=CARTESIAN_POINT('',(-8.719947802,27.661755321,9.554863371));
#10435=CARTESIAN_POINT('',(-8.739051452,27.642464827,9.571033905));
#10436=CARTESIAN_POINT('',(-8.758155103,27.623174332,9.58720444));
#10437=CARTESIAN_POINT('',(-8.781655817,27.605572726,9.600992641));
#10438=CARTESIAN_POINT('',(-8.809508325,27.592500346,9.60955331));
#10439=CARTESIAN_POINT('',(-8.837360832,27.579427965,9.618113979));
#10440=CARTESIAN_POINT('',(-8.869565203,27.571464815,9.620866309));
#10441=CARTESIAN_POINT('',(-8.900807149,27.571464793,9.615714558));
#10442=B_SPLINE_CURVE_WITH_KNOTS('',3,(#10429,#10430,#10431,#10432,#10433,#10434,#10435,#10436,#10437,#10438,#10439,#10440,#10441),.UNSPECIFIED.,.F.,.F.,(4,3,3,3,4),(-0.000002828,0.000091422,0.000185673,0.000279924,0.000374174),.UNSPECIFIED.);
#10443=EDGE_CURVE('',#10376,#2401,#10442,.T.);
#10444=ORIENTED_EDGE('',*,*,#10443,.F.);
#10445=EDGE_LOOP('',(#10392,#10393,#10411,#10427,#10428,#10444));
#10446=FACE_BOUND('',#10445,.T.);
#10447=ADVANCED_FACE('',(#10446),#10374,.F.);
#10448=CARTESIAN_POINT('',(-8.970807169,22.571464793,10.197250278));
#10449=DIRECTION('',(-0.,1.,0.));
#10450=DIRECTION('',(-0.996194698,-0.,-0.087155743));
#10451=AXIS2_PLACEMENT_3D('',#10448,#10449,#10450);
#10452=CYLINDRICAL_SURFACE('',#10451,0.2);
#10453=CARTESIAN_POINT('',(-8.77156823,27.771464793,10.214681427));
#10454=VERTEX_POINT('',#10453);
#10455=CARTESIAN_POINT('',(-8.951164577,27.571464793,9.998217194));
#10456=CARTESIAN_POINT('',(-8.91938671,27.571464797,10.001353355));
#10457=CARTESIAN_POINT('',(-8.889235786,27.579431168,10.012326193));
#10458=CARTESIAN_POINT('',(-8.864526531,27.592524076,10.027826472));
#10459=CARTESIAN_POINT('',(-8.839817277,27.605616984,10.043326752));
#10460=CARTESIAN_POINT('',(-8.820757943,27.623172953,10.062674963));
#10461=CARTESIAN_POINT('',(-8.806501097,27.642442762,10.083217323));
#10462=CARTESIAN_POINT('',(-8.777987405,27.68098238,10.124302044));
#10463=CARTESIAN_POINT('',(-8.767665993,27.726183754,10.170078664));
#10464=CARTESIAN_POINT('',(-8.77156823,27.771464793,10.214681427));
#10465=B_SPLINE_CURVE_WITH_KNOTS('',3,(#10455,#10456,#10457,#10458,#10459,#10460,#10461,#10462,#10463,#10464),.UNSPECIFIED.,.F.,.F.,(4,3,3,4),(0.000054666,0.000149653,0.000244641,0.000434616),.UNSPECIFIED.);
#10466=EDGE_CURVE('',#2393,#10454,#10465,.T.);
#10467=ORIENTED_EDGE('',*,*,#10466,.F.);
#10468=ORIENTED_EDGE('',*,*,#2398,.F.);
#10469=CARTESIAN_POINT('',(-8.77156823,22.571464793,10.214681427));
#10470=VERTEX_POINT('',#10469);
#10471=CARTESIAN_POINT('',(-8.77156823,22.571464793,10.214681427));
#10472=CARTESIAN_POINT('',(-8.769587705,22.594445383,10.192043925));
#10473=CARTESIAN_POINT('',(-8.771344944,22.616345866,10.17015143));
#10474=CARTESIAN_POINT('',(-8.776951177,22.638066821,10.148058264));
#10475=CARTESIAN_POINT('',(-8.78255741,22.659787776,10.125965099));
#10476=CARTESIAN_POINT('',(-8.792217308,22.681174265,10.10380477));
#10477=CARTESIAN_POINT('',(-8.806484775,22.70046476,10.083240845));
#10478=CARTESIAN_POINT('',(-8.820752242,22.719755255,10.062676919));
#10479=CARTESIAN_POINT('',(-8.83988354,22.73735686,10.043276107));
#10480=CARTESIAN_POINT('',(-8.864571332,22.750429241,10.027798377));
#10481=CARTESIAN_POINT('',(-8.889259124,22.763501622,10.012320646));
#10482=CARTESIAN_POINT('',(-8.919653803,22.771464772,10.001326995));
#10483=CARTESIAN_POINT('',(-8.951164577,22.771464793,9.998217194));
#10484=B_SPLINE_CURVE_WITH_KNOTS('',3,(#10471,#10472,#10473,#10474,#10475,#10476,#10477,#10478,#10479,#10480,#10481,#10482,#10483),.UNSPECIFIED.,.F.,.F.,(4,3,3,3,4),(-0.000002828,0.000091422,0.000185673,0.000279924,0.000374174),.UNSPECIFIED.);
#10485=EDGE_CURVE('',#10470,#2384,#10484,.T.);
#10486=ORIENTED_EDGE('',*,*,#10485,.F.);
#10487=CARTESIAN_POINT('',(-8.986024724,22.771464793,10.396670503));
#10488=CARTESIAN_POINT('',(-8.954428638,22.771464773,10.399081568));
#10489=CARTESIAN_POINT('',(-8.922351756,22.763398263,10.393447794));
#10490=CARTESIAN_POINT('',(-8.895481244,22.750366702,10.382523064));
#10491=CARTESIAN_POINT('',(-8.868610733,22.73733514,10.371598333));
#10492=CARTESIAN_POINT('',(-8.846317404,22.719678186,10.355765806));
#10493=CARTESIAN_POINT('',(-8.828725098,22.700406026,10.338007818));
#10494=CARTESIAN_POINT('',(-8.811132792,22.681133866,10.320249831));
#10495=CARTESIAN_POINT('',(-8.797761779,22.659717727,10.300074958));
#10496=CARTESIAN_POINT('',(-8.78842505,22.638035854,10.279328063));
#10497=CARTESIAN_POINT('',(-8.779088322,22.616353981,10.258581168));
#10498=CARTESIAN_POINT('',(-8.773520816,22.594122347,10.236999587));
#10499=CARTESIAN_POINT('',(-8.77156823,22.571464793,10.214681427));
#10500=B_SPLINE_CURVE_WITH_KNOTS('',3,(#10487,#10488,#10489,#10490,#10491,#10492,#10493,#10494,#10495,#10496,#10497,#10498,#10499),.UNSPECIFIED.,.F.,.F.,(4,3,3,3,4),(0.000019303,0.000114281,0.000209258,0.000304236,0.000399214),.UNSPECIFIED.);
#10501=EDGE_CURVE('',#2340,#10470,#10500,.T.);
#10502=ORIENTED_EDGE('',*,*,#10501,.F.);
#10503=ORIENTED_EDGE('',*,*,#2371,.F.);
#10504=CARTESIAN_POINT('',(-8.77156823,27.771464793,10.214681427));
#10505=CARTESIAN_POINT('',(-8.773548945,27.748481994,10.237321105));
#10506=CARTESIAN_POINT('',(-8.779081937,27.726579443,10.25857784));
#10507=CARTESIAN_POINT('',(-8.788441088,27.7048565,10.27936369));
#10508=CARTESIAN_POINT('',(-8.797800239,27.683133556,10.30014954));
#10509=CARTESIAN_POINT('',(-8.811163877,27.661745337,10.320297313));
#10510=CARTESIAN_POINT('',(-8.828788899,27.642453697,10.33807219));
#10511=CARTESIAN_POINT('',(-8.846413921,27.623162058,10.355847068));
#10512=CARTESIAN_POINT('',(-8.868627581,27.60556016,10.371631024));
#10513=CARTESIAN_POINT('',(-8.895633675,27.592489034,10.382584964));
#10514=CARTESIAN_POINT('',(-8.922639768,27.579417907,10.393538904));
#10515=CARTESIAN_POINT('',(-8.95451303,27.57146482,10.399075128));
#10516=CARTESIAN_POINT('',(-8.986024724,27.571464793,10.396670503));
#10517=B_SPLINE_CURVE_WITH_KNOTS('',3,(#10504,#10505,#10506,#10507,#10508,#10509,#10510,#10511,#10512,#10513,#10514,#10515,#10516),.UNSPECIFIED.,.F.,.F.,(4,3,3,3,4),(-0.000002828,0.000091431,0.000185691,0.000279951,0.00037421),.UNSPECIFIED.);
#10518=EDGE_CURVE('',#10454,#2359,#10517,.T.);
#10519=ORIENTED_EDGE('',*,*,#10518,.F.);
#10520=EDGE_LOOP('',(#10467,#10468,#10486,#10502,#10503,#10519));
#10521=FACE_BOUND('',#10520,.T.);
#10522=ADVANCED_FACE('',(#10521),#10452,.F.);
#10523=CARTESIAN_POINT('',(-9.005074195,22.571464793,10.982094208));
#10524=DIRECTION('',(-0.,1.,0.));
#10525=DIRECTION('',(-1.,-0.,-0.));
#10526=AXIS2_PLACEMENT_3D('',#10523,#10524,#10525);
#10527=CYLINDRICAL_SURFACE('',#10526,0.2);
#10528=CARTESIAN_POINT('',(-9.002853225,27.571464793,10.78210654));
#10529=CARTESIAN_POINT('',(-8.970831259,27.571464794,10.782462161));
#10530=CARTESIAN_POINT('',(-8.940017864,27.579417055,10.790749253));
#10531=CARTESIAN_POINT('',(-8.914125166,27.592443028,10.803969886));
#10532=CARTESIAN_POINT('',(-8.888232467,27.605469001,10.81719052));
#10533=CARTESIAN_POINT('',(-8.86748737,27.623001174,10.834781655));
#10534=CARTESIAN_POINT('',(-8.85140809,27.64235112,10.854083552));
#10535=CARTESIAN_POINT('',(-8.819249531,27.681051012,10.892687345));
#10536=CARTESIAN_POINT('',(-8.805074195,27.726193725,10.937330929));
#10537=CARTESIAN_POINT('',(-8.805074195,27.771464793,10.982094208));
#10538=B_SPLINE_CURVE_WITH_KNOTS('',3,(#10528,#10529,#10530,#10531,#10532,#10533,#10534,#10535,#10536,#10537),.UNSPECIFIED.,.F.,.F.,(4,3,3,4),(0.000002383,0.000097101,0.000191819,0.000381254),.UNSPECIFIED.);
#10539=EDGE_CURVE('',#2351,#5360,#10538,.T.);
#10540=ORIENTED_EDGE('',*,*,#10539,.F.);
#10541=ORIENTED_EDGE('',*,*,#2356,.F.);
#10542=CARTESIAN_POINT('',(-8.805074195,22.571464793,10.982094208));
#10543=CARTESIAN_POINT('',(-8.805074195,22.594430907,10.959384549));
#10544=CARTESIAN_POINT('',(-8.808728336,22.616317848,10.937741906));
#10545=CARTESIAN_POINT('',(-8.816229062,22.638025774,10.91623439));
#10546=CARTESIAN_POINT('',(-8.823729788,22.659733699,10.894726875));
#10547=CARTESIAN_POINT('',(-8.835269578,22.681108851,10.873504162));
#10548=CARTESIAN_POINT('',(-8.851253204,22.700391843,10.854269708));
#10549=CARTESIAN_POINT('',(-8.867236831,22.719674836,10.835035255));
#10550=CARTESIAN_POINT('',(-8.8879595,22.737274509,10.817378029));
#10551=CARTESIAN_POINT('',(-8.91386431,22.750355084,10.804103318));
#10552=CARTESIAN_POINT('',(-8.93976912,22.763435659,10.790828608));
#10553=CARTESIAN_POINT('',(-8.970788595,22.771464793,10.782462635));
#10554=CARTESIAN_POINT('',(-9.002853225,22.771464793,10.78210654));
#10555=B_SPLINE_CURVE_WITH_KNOTS('',3,(#10542,#10543,#10544,#10545,#10546,#10547,#10548,#10549,#10550,#10551,#10552,#10553,#10554),.UNSPECIFIED.,.F.,.F.,(4,3,3,3,4),(-0.000002828,0.000091363,0.000185554,0.000279745,0.000373937),.UNSPECIFIED.);
#10556=EDGE_CURVE('',#8923,#2342,#10555,.T.);
#10557=ORIENTED_EDGE('',*,*,#10556,.F.);
#10558=ORIENTED_EDGE('',*,*,#8935,.F.);
#10559=ORIENTED_EDGE('',*,*,#2329,.F.);
#10560=ORIENTED_EDGE('',*,*,#5382,.F.);
#10561=EDGE_LOOP('',(#10540,#10541,#10557,#10558,#10559,#10560));
#10562=FACE_BOUND('',#10561,.T.);
#10563=ADVANCED_FACE('',(#10562),#10527,.F.);
#10564=CARTESIAN_POINT('',(-3.079916767,22.571464793,2.520092437));
#10565=DIRECTION('',(-0.,1.,0.));
#10566=DIRECTION('',(-0.342020143,0.,-0.939692621));
#10567=AXIS2_PLACEMENT_3D('',#10564,#10565,#10566);
#10568=CYLINDRICAL_SURFACE('',#10567,0.2);
#10569=CARTESIAN_POINT('',(-3.011512738,27.771464793,2.708030961));
#10570=VERTEX_POINT('',#10569);
#10571=CARTESIAN_POINT('',(-2.891230215,27.571464793,2.453779656));
#10572=CARTESIAN_POINT('',(-2.880754397,27.571464812,2.483587571));
#10573=CARTESIAN_POINT('',(-2.877873933,27.579502339,2.515999699));
#10574=CARTESIAN_POINT('',(-2.881439887,27.592485436,2.544728351));
#10575=CARTESIAN_POINT('',(-2.885005842,27.605468534,2.573457003));
#10576=CARTESIAN_POINT('',(-2.89436164,27.622893505,2.598873651));
#10577=CARTESIAN_POINT('',(-2.90705839,27.642334577,2.620690556));
#10578=CARTESIAN_POINT('',(-2.93245189,27.681216722,2.664324366));
#10579=CARTESIAN_POINT('',(-2.96947832,27.726225264,2.692731684));
#10580=CARTESIAN_POINT('',(-3.011512738,27.771464793,2.708030961));
#10581=B_SPLINE_CURVE_WITH_KNOTS('',3,(#10571,#10572,#10573,#10574,#10575,#10576,#10577,#10578,#10579,#10580),.UNSPECIFIED.,.F.,.F.,(4,3,3,4),(0.000377691,0.000471712,0.000565734,0.000753776),.UNSPECIFIED.);
#10582=EDGE_CURVE('',#2214,#10570,#10581,.T.);
#10583=ORIENTED_EDGE('',*,*,#10582,.F.);
#10584=ORIENTED_EDGE('',*,*,#2245,.F.);
#10585=CARTESIAN_POINT('',(-3.011512738,22.571464793,2.708030961));
#10586=VERTEX_POINT('',#10585);
#10587=CARTESIAN_POINT('',(-3.011512738,22.571464793,2.708030961));
#10588=CARTESIAN_POINT('',(-2.990159188,22.594445383,2.700258905));
#10589=CARTESIAN_POINT('',(-2.971060491,22.616345866,2.689414137));
#10590=CARTESIAN_POINT('',(-2.953406579,22.638066821,2.674996189));
#10591=CARTESIAN_POINT('',(-2.935752668,22.659787776,2.660578241));
#10592=CARTESIAN_POINT('',(-2.919751039,22.681174265,2.642458041));
#10593=CARTESIAN_POINT('',(-2.907143485,22.70046476,2.620836634));
#10594=CARTESIAN_POINT('',(-2.894535931,22.719755255,2.599215227));
#10595=CARTESIAN_POINT('',(-2.88503806,22.73735686,2.573677246));
#10596=CARTESIAN_POINT('',(-2.881443984,22.750429241,2.544761336));
#10597=CARTESIAN_POINT('',(-2.877849908,22.763501622,2.515845425));
#10598=CARTESIAN_POINT('',(-2.880731623,22.771464772,2.483652374));
#10599=CARTESIAN_POINT('',(-2.891230215,22.771464793,2.453779656));
#10600=B_SPLINE_CURVE_WITH_KNOTS('',3,(#10587,#10588,#10589,#10590,#10591,#10592,#10593,#10594,#10595,#10596,#10597,#10598,#10599),.UNSPECIFIED.,.F.,.F.,(4,3,3,3,4),(-0.000002828,0.000091422,0.000185673,0.000279924,0.000374174),.UNSPECIFIED.);
#10601=EDGE_CURVE('',#10586,#2233,#10600,.T.);
#10602=ORIENTED_EDGE('',*,*,#10601,.F.);
#10603=CARTESIAN_POINT('',(-3.267084086,22.771464793,2.590579277));
#10604=CARTESIAN_POINT('',(-3.255948869,22.771464774,2.620147191));
#10605=CARTESIAN_POINT('',(-3.237321319,22.763427247,2.646827848));
#10606=CARTESIAN_POINT('',(-3.216123218,22.75044415,2.666543121));
#10607=CARTESIAN_POINT('',(-3.194925116,22.737461053,2.686258394));
#10608=CARTESIAN_POINT('',(-3.171420653,22.720036082,2.699714885));
#10609=CARTESIAN_POINT('',(-3.147670742,22.700595009,2.70826629));
#10610=CARTESIAN_POINT('',(-3.100170919,22.661712864,2.7253691));
#10611=CARTESIAN_POINT('',(-3.053547157,22.616704323,2.723330239));
#10612=CARTESIAN_POINT('',(-3.011512738,22.571464793,2.708030961));
#10613=B_SPLINE_CURVE_WITH_KNOTS('',3,(#10603,#10604,#10605,#10606,#10607,#10608,#10609,#10610,#10611,#10612),.UNSPECIFIED.,.F.,.F.,(4,3,3,4),(0.000377691,0.000471712,0.000565734,0.000753776),.UNSPECIFIED.);
#10614=EDGE_CURVE('',#2267,#10586,#10613,.T.);
#10615=ORIENTED_EDGE('',*,*,#10614,.F.);
#10616=ORIENTED_EDGE('',*,*,#2272,.F.);
#10617=CARTESIAN_POINT('',(-3.011512738,27.771464793,2.708030961));
#10618=CARTESIAN_POINT('',(-3.032866288,27.748484204,2.715803018));
#10619=CARTESIAN_POINT('',(-3.054467622,27.72658372,2.71977185));
#10620=CARTESIAN_POINT('',(-3.077258981,27.704862765,2.720074777));
#10621=CARTESIAN_POINT('',(-3.10005034,27.683141811,2.720377704));
#10622=CARTESIAN_POINT('',(-3.123955739,27.661755321,2.716782473));
#10623=CARTESIAN_POINT('',(-3.147511658,27.642464827,2.708323494));
#10624=CARTESIAN_POINT('',(-3.171067577,27.623174332,2.699864515));
#10625=CARTESIAN_POINT('',(-3.194758866,27.605572726,2.6864064));
#10626=CARTESIAN_POINT('',(-3.216098877,27.592500346,2.666565755));
#10627=CARTESIAN_POINT('',(-3.237438888,27.579427965,2.646725111));
#10628=CARTESIAN_POINT('',(-3.25592466,27.571464815,2.620211472));
#10629=CARTESIAN_POINT('',(-3.267084086,27.571464793,2.590579277));
#10630=B_SPLINE_CURVE_WITH_KNOTS('',3,(#10617,#10618,#10619,#10620,#10621,#10622,#10623,#10624,#10625,#10626,#10627,#10628,#10629),.UNSPECIFIED.,.F.,.F.,(4,3,3,3,4),(-0.000002828,0.000091422,0.000185673,0.000279924,0.000374174),.UNSPECIFIED.);
#10631=EDGE_CURVE('',#10570,#2258,#10630,.T.);
#10632=ORIENTED_EDGE('',*,*,#10631,.F.);
#10633=EDGE_LOOP('',(#10583,#10584,#10602,#10615,#10616,#10632));
#10634=FACE_BOUND('',#10633,.T.);
#10635=ADVANCED_FACE('',(#10634),#10568,.F.);
#10636=CARTESIAN_POINT('',(-2.330684704,22.571464793,2.283860475));
#10637=DIRECTION('',(-0.,1.,0.));
#10638=DIRECTION('',(-0.258819045,0.,-0.965925826));
#10639=AXIS2_PLACEMENT_3D('',#10636,#10637,#10638);
#10640=CYLINDRICAL_SURFACE('',#10639,0.2);
#10641=CARTESIAN_POINT('',(-2.278920895,27.771464793,2.477045641));
#10642=VERTEX_POINT('',#10641);
#10643=CARTESIAN_POINT('',(-2.136936622,27.571464793,2.23424515));
#10644=CARTESIAN_POINT('',(-2.129098599,27.571464812,2.264852665));
#10645=CARTESIAN_POINT('',(-2.129053998,27.579502339,2.297392504));
#10646=CARTESIAN_POINT('',(-2.13511025,27.592485436,2.325701042));
#10647=CARTESIAN_POINT('',(-2.141166502,27.605468534,2.35400958));
#10648=CARTESIAN_POINT('',(-2.152701906,27.622893505,2.378514098));
#10649=CARTESIAN_POINT('',(-2.167251809,27.642334577,2.399141388));
#10650=CARTESIAN_POINT('',(-2.196351617,27.681216722,2.440395969));
#10651=CARTESIAN_POINT('',(-2.235713011,27.726225264,2.465468123));
#10652=CARTESIAN_POINT('',(-2.278920895,27.771464793,2.477045641));
#10653=B_SPLINE_CURVE_WITH_KNOTS('',3,(#10643,#10644,#10645,#10646,#10647,#10648,#10649,#10650,#10651,#10652),.UNSPECIFIED.,.F.,.F.,(4,3,3,4),(0.000377691,0.000471712,0.000565734,0.000753776),.UNSPECIFIED.);
#10654=EDGE_CURVE('',#2172,#10642,#10653,.T.);
#10655=ORIENTED_EDGE('',*,*,#10654,.F.);
#10656=ORIENTED_EDGE('',*,*,#2203,.F.);
#10657=CARTESIAN_POINT('',(-2.278920895,22.571464793,2.477045641));
#10658=VERTEX_POINT('',#10657);
#10659=CARTESIAN_POINT('',(-2.278920895,22.571464793,2.477045641));
#10660=CARTESIAN_POINT('',(-2.256971222,22.594445383,2.471164243));
#10661=CARTESIAN_POINT('',(-2.237000017,22.616345866,2.462025305));
#10662=CARTESIAN_POINT('',(-2.218156678,22.638066821,2.449200861));
#10663=CARTESIAN_POINT('',(-2.199313338,22.659787776,2.436376418));
#10664=CARTESIAN_POINT('',(-2.18179332,22.681174265,2.419719804));
#10665=CARTESIAN_POINT('',(-2.167349312,22.70046476,2.399279493));
#10666=CARTESIAN_POINT('',(-2.152905304,22.719755255,2.378839183));
#10667=CARTESIAN_POINT('',(-2.141217794,22.73735686,2.354226176));
#10668=CARTESIAN_POINT('',(-2.135117207,22.750429241,2.325733544));
#10669=CARTESIAN_POINT('',(-2.129016619,22.763501622,2.297240912));
#10670=CARTESIAN_POINT('',(-2.12908156,22.771464772,2.264919207));
#10671=CARTESIAN_POINT('',(-2.136936622,22.771464793,2.23424515));
#10672=B_SPLINE_CURVE_WITH_KNOTS('',3,(#10659,#10660,#10661,#10662,#10663,#10664,#10665,#10666,#10667,#10668,#10669,#10670,#10671),.UNSPECIFIED.,.F.,.F.,(4,3,3,3,4),(-0.000002828,0.000091422,0.000185673,0.000279924,0.000374174),.UNSPECIFIED.);
#10673=EDGE_CURVE('',#10658,#2191,#10672,.T.);
#10674=ORIENTED_EDGE('',*,*,#10673,.F.);
#10675=CARTESIAN_POINT('',(-2.523283128,22.771464793,2.337766385));
#10676=CARTESIAN_POINT('',(-2.514767298,22.771464774,2.368192282));
#10677=CARTESIAN_POINT('',(-2.498536003,22.763427247,2.396394909));
#10678=CARTESIAN_POINT('',(-2.479136866,22.75044415,2.417882696));
#10679=CARTESIAN_POINT('',(-2.459737729,22.737461053,2.439370483));
#10680=CARTESIAN_POINT('',(-2.437495518,22.720036082,2.454824316));
#10681=CARTESIAN_POINT('',(-2.414581287,22.700595009,2.465413122));
#10682=CARTESIAN_POINT('',(-2.368752824,22.661712864,2.486590733));
#10683=CARTESIAN_POINT('',(-2.32212878,22.616704323,2.488623158));
#10684=CARTESIAN_POINT('',(-2.278920895,22.571464793,2.477045641));
#10685=B_SPLINE_CURVE_WITH_KNOTS('',3,(#10675,#10676,#10677,#10678,#10679,#10680,#10681,#10682,#10683,#10684),.UNSPECIFIED.,.F.,.F.,(4,3,3,4),(0.000377691,0.000471712,0.000565734,0.000753776),.UNSPECIFIED.);
#10686=EDGE_CURVE('',#2225,#10658,#10685,.T.);
#10687=ORIENTED_EDGE('',*,*,#10686,.F.);
#10688=ORIENTED_EDGE('',*,*,#2230,.F.);
#10689=CARTESIAN_POINT('',(-2.278920895,27.771464793,2.477045641));
#10690=CARTESIAN_POINT('',(-2.300870568,27.748484204,2.482927038));
#10691=CARTESIAN_POINT('',(-2.322735608,27.72658372,2.484998087));
#10692=CARTESIAN_POINT('',(-2.345466641,27.704862765,2.483313463));
#10693=CARTESIAN_POINT('',(-2.368197674,27.683141811,2.481628839));
#10694=CARTESIAN_POINT('',(-2.391698761,27.661755321,2.475963797));
#10695=CARTESIAN_POINT('',(-2.414427794,27.642464827,2.465483973));
#10696=CARTESIAN_POINT('',(-2.437156827,27.623174332,2.455004149));
#10697=CARTESIAN_POINT('',(-2.459585012,27.605572726,2.439532415));
#10698=CARTESIAN_POINT('',(-2.479114591,27.592500346,2.417907365));
#10699=CARTESIAN_POINT('',(-2.498644171,27.579427965,2.396282316));
#10700=CARTESIAN_POINT('',(-2.514748783,27.571464815,2.368258428));
#10701=CARTESIAN_POINT('',(-2.523283128,27.571464793,2.337766385));
#10702=B_SPLINE_CURVE_WITH_KNOTS('',3,(#10689,#10690,#10691,#10692,#10693,#10694,#10695,#10696,#10697,#10698,#10699,#10700,#10701),.UNSPECIFIED.,.F.,.F.,(4,3,3,3,4),(-0.000002828,0.000091422,0.000185673,0.000279924,0.000374174),.UNSPECIFIED.);
#10703=EDGE_CURVE('',#10642,#2216,#10702,.T.);
#10704=ORIENTED_EDGE('',*,*,#10703,.F.);
#10705=EDGE_LOOP('',(#10655,#10656,#10674,#10687,#10688,#10704));
#10706=FACE_BOUND('',#10705,.T.);
#10707=ADVANCED_FACE('',(#10706),#10640,.F.);
#10708=CARTESIAN_POINT('',(-1.563714724,22.571464793,2.113827324));
#10709=DIRECTION('',(-0.,1.,0.));
#10710=DIRECTION('',(-0.173648178,0.,-0.984807753));
#10711=AXIS2_PLACEMENT_3D('',#10708,#10709,#10710);
#10712=CYLINDRICAL_SURFACE('',#10711,0.2);
#10713=CARTESIAN_POINT('',(-1.528985088,27.771464793,2.310788875));
#10714=VERTEX_POINT('',#10713);
#10715=CARTESIAN_POINT('',(-1.366379651,27.571464793,2.081287059));
#10716=CARTESIAN_POINT('',(-1.361202478,27.571464802,2.112683169));
#10717=CARTESIAN_POINT('',(-1.363996658,27.579457975,2.144817219));
#10718=CARTESIAN_POINT('',(-1.372558941,27.592527893,2.172644555));
#10719=CARTESIAN_POINT('',(-1.381121224,27.60559781,2.200471891));
#10720=CARTESIAN_POINT('',(-1.394902002,27.623188423,2.223950447));
#10721=CARTESIAN_POINT('',(-1.411049824,27.642452326,2.243030375));
#10722=CARTESIAN_POINT('',(-1.427197646,27.661716228,2.262110302));
#10723=CARTESIAN_POINT('',(-1.446034355,27.683029312,2.277146043));
#10724=CARTESIAN_POINT('',(-1.465960245,27.704791756,2.288309593));
#10725=CARTESIAN_POINT('',(-1.485886136,27.726554201,2.299473142));
#10726=CARTESIAN_POINT('',(-1.506932868,27.748818365,2.306900473));
#10727=CARTESIAN_POINT('',(-1.528985088,27.771464793,2.310788875));
#10728=B_SPLINE_CURVE_WITH_KNOTS('',3,(#10715,#10716,#10717,#10718,#10719,#10720,#10721,#10722,#10723,#10724,#10725,#10726,#10727),.UNSPECIFIED.,.F.,.F.,(4,3,3,3,4),(0.000123913,0.000218935,0.000313956,0.000408977,0.000503998),.UNSPECIFIED.);
#10729=EDGE_CURVE('',#2130,#10714,#10728,.T.);
#10730=ORIENTED_EDGE('',*,*,#10729,.F.);
#10731=ORIENTED_EDGE('',*,*,#2161,.F.);
#10732=CARTESIAN_POINT('',(-1.528985088,22.571464793,2.310788875));
#10733=VERTEX_POINT('',#10732);
#10734=CARTESIAN_POINT('',(-1.528985088,22.571464793,2.310788875));
#10735=CARTESIAN_POINT('',(-1.506606343,22.594445383,2.306842898));
#10736=CARTESIAN_POINT('',(-1.485914624,22.616345866,2.299479341));
#10737=CARTESIAN_POINT('',(-1.466025264,22.638066821,2.288346004));
#10738=CARTESIAN_POINT('',(-1.446135905,22.659787776,2.277212666));
#10739=CARTESIAN_POINT('',(-1.427230837,22.681174265,2.262146406));
#10740=CARTESIAN_POINT('',(-1.411060303,22.70046476,2.243042756));
#10741=CARTESIAN_POINT('',(-1.394889768,22.719755255,2.223939105));
#10742=CARTESIAN_POINT('',(-1.381101567,22.73735686,2.200438391));
#10743=CARTESIAN_POINT('',(-1.372540898,22.750429241,2.172585884));
#10744=CARTESIAN_POINT('',(-1.363980229,22.763501622,2.144733376));
#10745=CARTESIAN_POINT('',(-1.3612279,22.771464772,2.112529005));
#10746=CARTESIAN_POINT('',(-1.366379651,22.771464793,2.081287059));
#10747=B_SPLINE_CURVE_WITH_KNOTS('',3,(#10734,#10735,#10736,#10737,#10738,#10739,#10740,#10741,#10742,#10743,#10744,#10745,#10746),.UNSPECIFIED.,.F.,.F.,(4,3,3,3,4),(-0.000002828,0.000091422,0.000185673,0.000279924,0.000374174),.UNSPECIFIED.);
#10748=EDGE_CURVE('',#10733,#2149,#10747,.T.);
#10749=ORIENTED_EDGE('',*,*,#10748,.F.);
#10750=CARTESIAN_POINT('',(-1.760278462,22.771464793,2.150742047));
#10751=CARTESIAN_POINT('',(-1.754423826,22.771464776,2.181916848));
#10752=CARTESIAN_POINT('',(-1.740675092,22.76339111,2.211429703));
#10753=CARTESIAN_POINT('',(-1.723168003,22.750358733,2.234552847));
#10754=CARTESIAN_POINT('',(-1.705660914,22.737326355,2.257675991));
#10755=CARTESIAN_POINT('',(-1.684598949,22.719669846,2.275108969));
#10756=CARTESIAN_POINT('',(-1.662894124,22.700398571,2.287503594));
#10757=CARTESIAN_POINT('',(-1.641189299,22.681127296,2.299898218));
#10758=CARTESIAN_POINT('',(-1.618242918,22.659712626,2.30759068));
#10759=CARTESIAN_POINT('',(-1.595787654,22.638031842,2.311238892));
#10760=CARTESIAN_POINT('',(-1.573332391,22.616351058,2.314887104));
#10761=CARTESIAN_POINT('',(-1.55104661,22.594120773,2.314678916));
#10762=CARTESIAN_POINT('',(-1.528985088,22.571464793,2.310788875));
#10763=B_SPLINE_CURVE_WITH_KNOTS('',3,(#10750,#10751,#10752,#10753,#10754,#10755,#10756,#10757,#10758,#10759,#10760,#10761,#10762),.UNSPECIFIED.,.F.,.F.,(4,3,3,3,4),(0.000207579,0.000302353,0.000397127,0.000491901,0.000586674),.UNSPECIFIED.);
#10764=EDGE_CURVE('',#2183,#10733,#10763,.T.);
#10765=ORIENTED_EDGE('',*,*,#10764,.F.);
#10766=ORIENTED_EDGE('',*,*,#2188,.F.);
#10767=CARTESIAN_POINT('',(-1.528985088,27.771464793,2.310788875));
#10768=CARTESIAN_POINT('',(-1.551363833,27.748484204,2.314734851));
#10769=CARTESIAN_POINT('',(-1.573326174,27.72658372,2.314892356));
#10770=CARTESIAN_POINT('',(-1.595823884,27.704862765,2.311233003));
#10771=CARTESIAN_POINT('',(-1.618321594,27.683141811,2.307573649));
#10772=CARTESIAN_POINT('',(-1.641239511,27.661755321,2.299881909));
#10773=CARTESIAN_POINT('',(-1.662968677,27.642464827,2.287460999));
#10774=CARTESIAN_POINT('',(-1.684697842,27.623174332,2.275040088));
#10775=CARTESIAN_POINT('',(-1.70569223,27.605572726,2.257672483));
#10776=CARTESIAN_POINT('',(-1.723262746,27.592500346,2.234427608));
#10777=CARTESIAN_POINT('',(-1.740833263,27.579427965,2.211182733));
#10778=CARTESIAN_POINT('',(-1.75443415,27.571464815,2.181861876));
#10779=CARTESIAN_POINT('',(-1.760278462,27.571464793,2.150742047));
#10780=B_SPLINE_CURVE_WITH_KNOTS('',3,(#10767,#10768,#10769,#10770,#10771,#10772,#10773,#10774,#10775,#10776,#10777,#10778,#10779),.UNSPECIFIED.,.F.,.F.,(4,3,3,3,4),(-0.000002828,0.000091422,0.000185673,0.000279924,0.000374174),.UNSPECIFIED.);
#10781=EDGE_CURVE('',#10714,#2174,#10780,.T.);
#10782=ORIENTED_EDGE('',*,*,#10781,.F.);
#10783=EDGE_LOOP('',(#10730,#10731,#10749,#10765,#10766,#10782));
#10784=FACE_BOUND('',#10783,.T.);
#10785=ADVANCED_FACE('',(#10784),#10712,.F.);
#10786=CARTESIAN_POINT('',(-0.78484393,22.571464793,2.011287039));
#10787=DIRECTION('',(-0.,1.,0.));
#10788=DIRECTION('',(-0.087155743,0.,-0.996194698));
#10789=AXIS2_PLACEMENT_3D('',#10786,#10787,#10788);
#10790=CYLINDRICAL_SURFACE('',#10789,0.2);
#10791=CARTESIAN_POINT('',(-0.767412781,27.771464793,2.210525979));
#10792=VERTEX_POINT('',#10791);
#10793=CARTESIAN_POINT('',(-0.585423705,27.571464793,1.996069484));
#10794=CARTESIAN_POINT('',(-0.58301264,27.571464814,2.02766557));
#10795=CARTESIAN_POINT('',(-0.588646414,27.579531323,2.059742452));
#10796=CARTESIAN_POINT('',(-0.599571145,27.592562885,2.086612964));
#10797=CARTESIAN_POINT('',(-0.610495875,27.605594446,2.113483475));
#10798=CARTESIAN_POINT('',(-0.626328402,27.6232514,2.135776804));
#10799=CARTESIAN_POINT('',(-0.64408639,27.64252356,2.15336911));
#10800=CARTESIAN_POINT('',(-0.661844377,27.66179572,2.170961416));
#10801=CARTESIAN_POINT('',(-0.68201925,27.68321186,2.184332429));
#10802=CARTESIAN_POINT('',(-0.702766145,27.704893733,2.193669158));
#10803=CARTESIAN_POINT('',(-0.72351304,27.726575606,2.203005886));
#10804=CARTESIAN_POINT('',(-0.745094621,27.748807239,2.208573393));
#10805=CARTESIAN_POINT('',(-0.767412781,27.771464793,2.210525979));
#10806=B_SPLINE_CURVE_WITH_KNOTS('',3,(#10793,#10794,#10795,#10796,#10797,#10798,#10799,#10800,#10801,#10802,#10803,#10804,#10805),.UNSPECIFIED.,.F.,.F.,(4,3,3,3,4),(0.000019303,0.000114281,0.000209258,0.000304236,0.000399214),.UNSPECIFIED.);
#10807=EDGE_CURVE('',#2088,#10792,#10806,.T.);
#10808=ORIENTED_EDGE('',*,*,#10807,.F.);
#10809=ORIENTED_EDGE('',*,*,#2119,.F.);
#10810=CARTESIAN_POINT('',(-0.767412781,22.571464793,2.210525979));
#10811=VERTEX_POINT('',#10810);
#10812=CARTESIAN_POINT('',(-0.767412781,22.571464793,2.210525979));
#10813=CARTESIAN_POINT('',(-0.744773103,22.594447592,2.208545263));
#10814=CARTESIAN_POINT('',(-0.723516368,22.616350143,2.203012271));
#10815=CARTESIAN_POINT('',(-0.702730518,22.638073087,2.19365312));
#10816=CARTESIAN_POINT('',(-0.681944668,22.65979603,2.184293969));
#10817=CARTESIAN_POINT('',(-0.661796896,22.68118425,2.170930331));
#10818=CARTESIAN_POINT('',(-0.644022018,22.700475889,2.153305309));
#10819=CARTESIAN_POINT('',(-0.62624714,22.719767528,2.135680287));
#10820=CARTESIAN_POINT('',(-0.610463184,22.737369426,2.113466627));
#10821=CARTESIAN_POINT('',(-0.599509244,22.750440553,2.086460533));
#10822=CARTESIAN_POINT('',(-0.588555304,22.763511679,2.05945444));
#10823=CARTESIAN_POINT('',(-0.58301908,22.771464766,2.027581178));
#10824=CARTESIAN_POINT('',(-0.585423705,22.771464793,1.996069484));
#10825=B_SPLINE_CURVE_WITH_KNOTS('',3,(#10812,#10813,#10814,#10815,#10816,#10817,#10818,#10819,#10820,#10821,#10822,#10823,#10824),.UNSPECIFIED.,.F.,.F.,(4,3,3,3,4),(-0.000002828,0.000091431,0.000185691,0.000279951,0.00037421),.UNSPECIFIED.);
#10826=EDGE_CURVE('',#10811,#2107,#10825,.T.);
#10827=ORIENTED_EDGE('',*,*,#10826,.F.);
#10828=CARTESIAN_POINT('',(-0.983877014,22.771464793,2.030929631));
#10829=CARTESIAN_POINT('',(-0.980740853,22.77146479,2.062707498));
#10830=CARTESIAN_POINT('',(-0.969768015,22.763498418,2.092858422));
#10831=CARTESIAN_POINT('',(-0.954267736,22.75040551,2.117567677));
#10832=CARTESIAN_POINT('',(-0.938767456,22.737312602,2.142276931));
#10833=CARTESIAN_POINT('',(-0.919419245,22.719756634,2.161336265));
#10834=CARTESIAN_POINT('',(-0.898876885,22.700486825,2.175593111));
#10835=CARTESIAN_POINT('',(-0.857792164,22.661947206,2.204106803));
#10836=CARTESIAN_POINT('',(-0.812015544,22.616745833,2.214428215));
#10837=CARTESIAN_POINT('',(-0.767412781,22.571464793,2.210525979));
#10838=B_SPLINE_CURVE_WITH_KNOTS('',3,(#10828,#10829,#10830,#10831,#10832,#10833,#10834,#10835,#10836,#10837),.UNSPECIFIED.,.F.,.F.,(4,3,3,4),(0.000054666,0.000149653,0.000244641,0.000434616),.UNSPECIFIED.);
#10839=EDGE_CURVE('',#2141,#10811,#10838,.T.);
#10840=ORIENTED_EDGE('',*,*,#10839,.F.);
#10841=ORIENTED_EDGE('',*,*,#2146,.F.);
#10842=CARTESIAN_POINT('',(-0.767412781,27.771464793,2.210525979));
#10843=CARTESIAN_POINT('',(-0.790050283,27.748484204,2.212506503));
#10844=CARTESIAN_POINT('',(-0.811942778,27.72658372,2.210749264));
#10845=CARTESIAN_POINT('',(-0.834035944,27.704862765,2.205143031));
#10846=CARTESIAN_POINT('',(-0.856129109,27.683141811,2.199536798));
#10847=CARTESIAN_POINT('',(-0.878289438,27.661755321,2.1898769));
#10848=CARTESIAN_POINT('',(-0.898853363,27.642464827,2.175609433));
#10849=CARTESIAN_POINT('',(-0.919417289,27.623174332,2.161341966));
#10850=CARTESIAN_POINT('',(-0.938818101,27.605572726,2.142210668));
#10851=CARTESIAN_POINT('',(-0.954295832,27.592500346,2.117522876));
#10852=CARTESIAN_POINT('',(-0.969773562,27.579427965,2.092835084));
#10853=CARTESIAN_POINT('',(-0.980767213,27.571464815,2.062440405));
#10854=CARTESIAN_POINT('',(-0.983877014,27.571464793,2.030929631));
#10855=B_SPLINE_CURVE_WITH_KNOTS('',3,(#10842,#10843,#10844,#10845,#10846,#10847,#10848,#10849,#10850,#10851,#10852,#10853,#10854),.UNSPECIFIED.,.F.,.F.,(4,3,3,3,4),(-0.000002828,0.000091422,0.000185673,0.000279924,0.000374174),.UNSPECIFIED.);
#10856=EDGE_CURVE('',#10792,#2132,#10855,.T.);
#10857=ORIENTED_EDGE('',*,*,#10856,.F.);
#10858=EDGE_LOOP('',(#10808,#10809,#10827,#10840,#10841,#10857));
#10859=FACE_BOUND('',#10858,.T.);
#10860=ADVANCED_FACE('',(#10859),#10790,.F.);
#10861=CARTESIAN_POINT('',(-0.,22.571464793,1.977020013));
#10862=DIRECTION('',(-0.,1.,0.));
#10863=DIRECTION('',(-0.,0.,-1.));
#10864=AXIS2_PLACEMENT_3D('',#10861,#10862,#10863);
#10865=CYLINDRICAL_SURFACE('',#10864,0.2);
#10866=ORIENTED_EDGE('',*,*,#7129,.F.);
#10867=ORIENTED_EDGE('',*,*,#2077,.F.);
#10868=ORIENTED_EDGE('',*,*,#7196,.F.);
#10869=CARTESIAN_POINT('',(-0.199987668,22.771464793,1.979240983));
#10870=CARTESIAN_POINT('',(-0.199632047,22.771464792,2.011262949));
#10871=CARTESIAN_POINT('',(-0.191344955,22.763512531,2.042076344));
#10872=CARTESIAN_POINT('',(-0.178124322,22.750486558,2.067969043));
#10873=CARTESIAN_POINT('',(-0.164903689,22.737460585,2.093861741));
#10874=CARTESIAN_POINT('',(-0.147312553,22.719928412,2.114606838));
#10875=CARTESIAN_POINT('',(-0.128010656,22.700578466,2.130686118));
#10876=CARTESIAN_POINT('',(-0.089406864,22.661878575,2.162844677));
#10877=CARTESIAN_POINT('',(-0.044763279,22.616735862,2.177020013));
#10878=CARTESIAN_POINT('',(-0.,22.571464793,2.177020013));
#10879=B_SPLINE_CURVE_WITH_KNOTS('',3,(#10869,#10870,#10871,#10872,#10873,#10874,#10875,#10876,#10877,#10878),.UNSPECIFIED.,.F.,.F.,(4,3,3,4),(0.000002383,0.000097101,0.000191819,0.000381254),.UNSPECIFIED.);
#10880=EDGE_CURVE('',#2099,#7172,#10879,.T.);
#10881=ORIENTED_EDGE('',*,*,#10880,.F.);
#10882=ORIENTED_EDGE('',*,*,#2104,.F.);
#10883=CARTESIAN_POINT('',(-0.,27.771464793,2.177020013));
#10884=CARTESIAN_POINT('',(-0.022709659,27.748498679,2.177020013));
#10885=CARTESIAN_POINT('',(-0.044352302,27.726611739,2.173365873));
#10886=CARTESIAN_POINT('',(-0.065859818,27.704903813,2.165865146));
#10887=CARTESIAN_POINT('',(-0.087367333,27.683195887,2.15836442));
#10888=CARTESIAN_POINT('',(-0.108590046,27.661820735,2.14682463));
#10889=CARTESIAN_POINT('',(-0.1278245,27.642537743,2.130841004));
#10890=CARTESIAN_POINT('',(-0.147058953,27.623254751,2.114857377));
#10891=CARTESIAN_POINT('',(-0.164716179,27.605655077,2.094134708));
#10892=CARTESIAN_POINT('',(-0.17799089,27.592574502,2.068229898));
#10893=CARTESIAN_POINT('',(-0.1912656,27.579493927,2.042325088));
#10894=CARTESIAN_POINT('',(-0.199631573,27.571464794,2.011305613));
#10895=CARTESIAN_POINT('',(-0.199987668,27.571464793,1.979240983));
#10896=B_SPLINE_CURVE_WITH_KNOTS('',3,(#10883,#10884,#10885,#10886,#10887,#10888,#10889,#10890,#10891,#10892,#10893,#10894,#10895),.UNSPECIFIED.,.F.,.F.,(4,3,3,3,4),(-0.000002828,0.000091363,0.000185554,0.000279745,0.000373937),.UNSPECIFIED.);
#10897=EDGE_CURVE('',#5350,#2090,#10896,.T.);
#10898=ORIENTED_EDGE('',*,*,#10897,.F.);
#10899=EDGE_LOOP('',(#10866,#10867,#10868,#10881,#10882,#10898));
#10900=FACE_BOUND('',#10899,.T.);
#10901=ADVANCED_FACE('',(#10900),#10865,.F.);
#10902=CARTESIAN_POINT('',(0.78484393,22.571464793,2.011287039));
#10903=DIRECTION('',(0.,1.,0.));
#10904=DIRECTION('',(0.087155743,0.,-0.996194698));
#10905=AXIS2_PLACEMENT_3D('',#10902,#10903,#10904);
#10906=CYLINDRICAL_SURFACE('',#10905,0.2);
#10907=ORIENTED_EDGE('',*,*,#7099,.F.);
#10908=ORIENTED_EDGE('',*,*,#2035,.F.);
#10909=ORIENTED_EDGE('',*,*,#7231,.F.);
#10910=ORIENTED_EDGE('',*,*,#7215,.F.);
#10911=ORIENTED_EDGE('',*,*,#2062,.F.);
#10912=ORIENTED_EDGE('',*,*,#7115,.F.);
#10913=EDGE_LOOP('',(#10907,#10908,#10909,#10910,#10911,#10912));
#10914=FACE_BOUND('',#10913,.T.);
#10915=ADVANCED_FACE('',(#10914),#10906,.F.);
#10916=CARTESIAN_POINT('',(1.563714724,22.571464793,2.113827324));
#10917=DIRECTION('',(0.,1.,0.));
#10918=DIRECTION('',(0.173648178,0.,-0.984807753));
#10919=AXIS2_PLACEMENT_3D('',#10916,#10917,#10918);
#10920=CYLINDRICAL_SURFACE('',#10919,0.2);
#10921=ORIENTED_EDGE('',*,*,#7067,.F.);
#10922=ORIENTED_EDGE('',*,*,#1993,.F.);
#10923=ORIENTED_EDGE('',*,*,#7266,.F.);
#10924=ORIENTED_EDGE('',*,*,#7250,.F.);
#10925=ORIENTED_EDGE('',*,*,#2020,.F.);
#10926=ORIENTED_EDGE('',*,*,#7083,.F.);
#10927=EDGE_LOOP('',(#10921,#10922,#10923,#10924,#10925,#10926));
#10928=FACE_BOUND('',#10927,.T.);
#10929=ADVANCED_FACE('',(#10928),#10920,.F.);
#10930=CARTESIAN_POINT('',(2.330684704,22.571464793,2.283860475));
#10931=DIRECTION('',(0.,1.,0.));
#10932=DIRECTION('',(0.258819045,0.,-0.965925826));
#10933=AXIS2_PLACEMENT_3D('',#10930,#10931,#10932);
#10934=CYLINDRICAL_SURFACE('',#10933,0.2);
#10935=ORIENTED_EDGE('',*,*,#7032,.F.);
#10936=ORIENTED_EDGE('',*,*,#1783,.F.);
#10937=ORIENTED_EDGE('',*,*,#7298,.F.);
#10938=ORIENTED_EDGE('',*,*,#7282,.F.);
#10939=ORIENTED_EDGE('',*,*,#1978,.F.);
#10940=ORIENTED_EDGE('',*,*,#7048,.F.);
#10941=EDGE_LOOP('',(#10935,#10936,#10937,#10938,#10939,#10940));
#10942=FACE_BOUND('',#10941,.T.);
#10943=ADVANCED_FACE('',(#10942),#10934,.F.);
#10944=CARTESIAN_POINT('',(3.805708803,22.571464793,2.820725342));
#10945=DIRECTION('',(0.,1.,0.));
#10946=DIRECTION('',(0.422618262,0.,-0.906307787));
#10947=AXIS2_PLACEMENT_3D('',#10944,#10945,#10946);
#10948=CYLINDRICAL_SURFACE('',#10947,0.2);
#10949=ORIENTED_EDGE('',*,*,#6968,.F.);
#10950=ORIENTED_EDGE('',*,*,#1657,.F.);
#10951=ORIENTED_EDGE('',*,*,#7362,.F.);
#10952=ORIENTED_EDGE('',*,*,#7346,.F.);
#10953=ORIENTED_EDGE('',*,*,#1951,.F.);
#10954=ORIENTED_EDGE('',*,*,#6984,.F.);
#10955=EDGE_LOOP('',(#10949,#10950,#10951,#10952,#10953,#10954));
#10956=FACE_BOUND('',#10955,.T.);
#10957=ADVANCED_FACE('',(#10956),#10948,.F.);
#10958=CARTESIAN_POINT('',(-8.698233733,22.571464793,13.312778912));
#10959=DIRECTION('',(-0.,1.,0.));
#10960=DIRECTION('',(-0.965925826,-0.,0.258819045));
#10961=AXIS2_PLACEMENT_3D('',#10958,#10959,#10960);
#10962=CYLINDRICAL_SURFACE('',#10961,0.2);
#10963=ORIENTED_EDGE('',*,*,#5468,.F.);
#10964=ORIENTED_EDGE('',*,*,#1867,.F.);
#10965=ORIENTED_EDGE('',*,*,#8852,.F.);
#10966=ORIENTED_EDGE('',*,*,#8836,.F.);
#10967=ORIENTED_EDGE('',*,*,#1894,.F.);
#10968=ORIENTED_EDGE('',*,*,#5484,.F.);
#10969=EDGE_LOOP('',(#10963,#10964,#10965,#10966,#10967,#10968));
#10970=FACE_BOUND('',#10969,.T.);
#10971=ADVANCED_FACE('',(#10970),#10962,.F.);
#10972=CARTESIAN_POINT('',(-8.868266884,22.571464793,12.545808932));
#10973=DIRECTION('',(-0.,1.,0.));
#10974=DIRECTION('',(-0.984807753,-0.,0.173648178));
#10975=AXIS2_PLACEMENT_3D('',#10972,#10973,#10974);
#10976=CYLINDRICAL_SURFACE('',#10975,0.2);
#10977=ORIENTED_EDGE('',*,*,#5436,.F.);
#10978=ORIENTED_EDGE('',*,*,#1825,.F.);
#10979=ORIENTED_EDGE('',*,*,#8887,.F.);
#10980=ORIENTED_EDGE('',*,*,#8871,.F.);
#10981=ORIENTED_EDGE('',*,*,#1852,.F.);
#10982=ORIENTED_EDGE('',*,*,#5452,.F.);
#10983=EDGE_LOOP('',(#10977,#10978,#10979,#10980,#10981,#10982));
#10984=FACE_BOUND('',#10983,.T.);
#10985=ADVANCED_FACE('',(#10984),#10976,.F.);
#10986=CARTESIAN_POINT('',(-8.970807169,22.571464793,11.766938138));
#10987=DIRECTION('',(-0.,1.,0.));
#10988=DIRECTION('',(-0.996194698,-0.,0.087155743));
#10989=AXIS2_PLACEMENT_3D('',#10986,#10987,#10988);
#10990=CYLINDRICAL_SURFACE('',#10989,0.2);
#10991=ORIENTED_EDGE('',*,*,#5401,.F.);
#10992=ORIENTED_EDGE('',*,*,#2314,.F.);
#10993=ORIENTED_EDGE('',*,*,#8919,.F.);
#10994=ORIENTED_EDGE('',*,*,#8903,.F.);
#10995=ORIENTED_EDGE('',*,*,#1810,.F.);
#10996=ORIENTED_EDGE('',*,*,#5417,.F.);
#10997=EDGE_LOOP('',(#10991,#10992,#10993,#10994,#10995,#10996));
#10998=FACE_BOUND('',#10997,.T.);
#10999=ADVANCED_FACE('',(#10998),#10990,.F.);
#11000=CARTESIAN_POINT('',(3.079916767,22.571464793,2.520092437));
#11001=DIRECTION('',(0.,1.,0.));
#11002=DIRECTION('',(0.342020143,0.,-0.939692621));
#11003=AXIS2_PLACEMENT_3D('',#11000,#11001,#11002);
#11004=CYLINDRICAL_SURFACE('',#11003,0.2);
#11005=ORIENTED_EDGE('',*,*,#7000,.F.);
#11006=ORIENTED_EDGE('',*,*,#1936,.F.);
#11007=ORIENTED_EDGE('',*,*,#7330,.F.);
#11008=ORIENTED_EDGE('',*,*,#7314,.F.);
#11009=ORIENTED_EDGE('',*,*,#1768,.F.);
#11010=ORIENTED_EDGE('',*,*,#7016,.F.);
#11011=EDGE_LOOP('',(#11005,#11006,#11007,#11008,#11009,#11010));
#11012=FACE_BOUND('',#11011,.T.);
#11013=ADVANCED_FACE('',(#11012),#11004,.F.);
#11014=CARTESIAN_POINT('',(5.788350117,22.571464793,4.083807161));
#11015=DIRECTION('',(0.,1.,0.));
#11016=DIRECTION('',(0.64278761,0.,-0.766044443));
#11017=AXIS2_PLACEMENT_3D('',#11014,#11015,#11016);
#11018=CYLINDRICAL_SURFACE('',#11017,0.2);
#11019=ORIENTED_EDGE('',*,*,#3238,.F.);
#11020=ORIENTED_EDGE('',*,*,#7458,.F.);
#11021=ORIENTED_EDGE('',*,*,#7442,.F.);
#11022=ORIENTED_EDGE('',*,*,#1741,.F.);
#11023=ORIENTED_EDGE('',*,*,#6888,.F.);
#11024=ORIENTED_EDGE('',*,*,#6872,.F.);
#11025=EDGE_LOOP('',(#11019,#11020,#11021,#11022,#11023,#11024));
#11026=FACE_BOUND('',#11025,.T.);
#11027=ADVANCED_FACE('',(#11026),#11018,.F.);
#11028=CARTESIAN_POINT('',(5.165098366,22.571464793,3.605569272));
#11029=DIRECTION('',(0.,1.,0.));
#11030=DIRECTION('',(0.573576436,0.,-0.819152044));
#11031=AXIS2_PLACEMENT_3D('',#11028,#11029,#11030);
#11032=CYLINDRICAL_SURFACE('',#11031,0.2);
#11033=ORIENTED_EDGE('',*,*,#1726,.F.);
#11034=ORIENTED_EDGE('',*,*,#7426,.F.);
#11035=ORIENTED_EDGE('',*,*,#7410,.F.);
#11036=ORIENTED_EDGE('',*,*,#1699,.F.);
#11037=ORIENTED_EDGE('',*,*,#6920,.F.);
#11038=ORIENTED_EDGE('',*,*,#6904,.F.);
#11039=EDGE_LOOP('',(#11033,#11034,#11035,#11036,#11037,#11038));
#11040=FACE_BOUND('',#11039,.T.);
#11041=ADVANCED_FACE('',(#11040),#11032,.F.);
#11042=CARTESIAN_POINT('',(4.502537098,22.571464793,3.183471192));
#11043=DIRECTION('',(0.,1.,0.));
#11044=DIRECTION('',(0.5,0.,-0.866025404));
#11045=AXIS2_PLACEMENT_3D('',#11042,#11043,#11044);
#11046=CYLINDRICAL_SURFACE('',#11045,0.2);
#11047=ORIENTED_EDGE('',*,*,#6936,.F.);
#11048=ORIENTED_EDGE('',*,*,#1684,.F.);
#11049=ORIENTED_EDGE('',*,*,#7394,.F.);
#11050=ORIENTED_EDGE('',*,*,#7378,.F.);
#11051=ORIENTED_EDGE('',*,*,#1642,.F.);
#11052=ORIENTED_EDGE('',*,*,#6952,.F.);
#11053=EDGE_LOOP('',(#11047,#11048,#11049,#11050,#11051,#11052));
#11054=FACE_BOUND('',#11053,.T.);
#11055=ADVANCED_FACE('',(#11054),#11046,.F.);
#11056=CARTESIAN_POINT('',(0.,20.771464793,10.982094208));
#11057=DIRECTION('',(-0.,1.,0.));
#11058=DIRECTION('',(0.866025404,0.,0.5));
#11059=AXIS2_PLACEMENT_3D('',#11056,#11057,#11058);
#11060=CYLINDRICAL_SURFACE('',#11059,4.2);
#11061=CARTESIAN_POINT('',(2.776879421,24.068066011,14.133116373));
#11062=VERTEX_POINT('',#11061);
#11063=CARTESIAN_POINT('',(2.776879421,24.068066011,14.133116373));
#11064=DIRECTION('',(0.,-1.,-0.));
#11065=VECTOR('',#11064,1.896601218);
#11066=LINE('',#11063,#11065);
#11067=EDGE_CURVE('',#11062,#990,#11066,.T.);
#11068=ORIENTED_EDGE('',*,*,#11067,.F.);
#11069=CARTESIAN_POINT('',(1.340425532,24.068066011,14.962453412));
#11070=VERTEX_POINT('',#11069);
#11071=CARTESIAN_POINT('',(0.,24.068066011,10.982094208));
#11072=DIRECTION('',(0.,-1.,0.));
#11073=DIRECTION('',(0.,0.,-1.));
#11074=AXIS2_PLACEMENT_3D('',#11071,#11072,#11073);
#11075=CIRCLE('',#11074,4.2);
#11076=EDGE_CURVE('',#11062,#11070,#11075,.T.);
#11077=ORIENTED_EDGE('',*,*,#11076,.T.);
#11078=CARTESIAN_POINT('',(1.340425532,22.171464793,14.962453412));
#11079=DIRECTION('',(-0.,1.,0.));
#11080=VECTOR('',#11079,1.896601218);
#11081=LINE('',#11078,#11080);
#11082=EDGE_CURVE('',#999,#11070,#11081,.T.);
#11083=ORIENTED_EDGE('',*,*,#11082,.F.);
#11084=ORIENTED_EDGE('',*,*,#1005,.T.);
#11085=EDGE_LOOP('',(#11068,#11077,#11083,#11084));
#11086=FACE_BOUND('',#11085,.T.);
#11087=ADVANCED_FACE('',(#11086),#11060,.T.);
#11088=CARTESIAN_POINT('',(0.,20.771464793,10.982094208));
#11089=DIRECTION('',(-0.,1.,0.));
#11090=DIRECTION('',(0.866025404,0.,0.5));
#11091=AXIS2_PLACEMENT_3D('',#11088,#11089,#11090);
#11092=CYLINDRICAL_SURFACE('',#11091,6.610903513);
#11093=CARTESIAN_POINT('',(4.738687517,22.171464793,15.591745591));
#11094=DIRECTION('',(-0.,1.,0.));
#11095=VECTOR('',#11094,1.599415978);
#11096=LINE('',#11093,#11095);
#11097=EDGE_CURVE('',#1043,#5221,#11096,.T.);
#11098=ORIENTED_EDGE('',*,*,#11097,.F.);
#11099=ORIENTED_EDGE('',*,*,#1049,.F.);
#11100=CARTESIAN_POINT('',(1.622731442,23.770880771,17.39074367));
#11101=DIRECTION('',(0.,-1.,-0.));
#11102=VECTOR('',#11101,1.599415978);
#11103=LINE('',#11100,#11102);
#11104=EDGE_CURVE('',#5242,#1034,#11103,.T.);
#11105=ORIENTED_EDGE('',*,*,#11104,.F.);
#11106=ORIENTED_EDGE('',*,*,#5248,.F.);
#11107=EDGE_LOOP('',(#11098,#11099,#11105,#11106));
#11108=FACE_BOUND('',#11107,.T.);
#11109=ADVANCED_FACE('',(#11108),#11092,.F.);
#11110=CARTESIAN_POINT('',(4.18125854,20.771464793,14.55084549));
#11111=DIRECTION('',(0.5,0.,-0.866025404));
#11112=DIRECTION('',(-0.866025404,0.,-0.5));
#11113=AXIS2_PLACEMENT_3D('',#11110,#11111,#11112);
#11114=PLANE('',#11113);
#11115=CARTESIAN_POINT('',(3.357460304,22.171464793,14.075225357));
#11116=DIRECTION('',(-0.,1.,0.));
#11117=VECTOR('',#11116,1.597911512);
#11118=LINE('',#11115,#11117);
#11119=EDGE_CURVE('',#982,#5203,#11118,.T.);
#11120=ORIENTED_EDGE('',*,*,#11119,.F.);
#11121=ORIENTED_EDGE('',*,*,#987,.F.);
#11122=CARTESIAN_POINT('',(4.630288131,23.770437226,14.810092845));
#11123=DIRECTION('',(0.,-1.,-0.));
#11124=VECTOR('',#11123,1.598972432);
#11125=LINE('',#11122,#11124);
#11126=EDGE_CURVE('',#5212,#980,#11125,.T.);
#11127=ORIENTED_EDGE('',*,*,#11126,.F.);
#11128=ORIENTED_EDGE('',*,*,#5218,.F.);
#11129=EDGE_LOOP('',(#11120,#11121,#11127,#11128));
#11130=FACE_BOUND('',#11129,.T.);
#11131=ADVANCED_FACE('',(#11130),#11114,.F.);
#11132=CARTESIAN_POINT('',(4.380288131,20.771464793,15.243105547));
#11133=DIRECTION('',(-0.,1.,0.));
#11134=DIRECTION('',(0.,-0.,1.));
#11135=AXIS2_PLACEMENT_3D('',#11132,#11133,#11134);
#11136=CYLINDRICAL_SURFACE('',#11135,0.5);
#11137=ORIENTED_EDGE('',*,*,#11126,.T.);
#11138=ORIENTED_EDGE('',*,*,#1056,.F.);
#11139=ORIENTED_EDGE('',*,*,#11097,.T.);
#11140=ORIENTED_EDGE('',*,*,#5239,.F.);
#11141=EDGE_LOOP('',(#11137,#11138,#11139,#11140));
#11142=FACE_BOUND('',#11141,.T.);
#11143=ADVANCED_FACE('',(#11142),#11136,.F.);
#11144=CARTESIAN_POINT('',(1.5,20.771464793,16.906040675));
#11145=DIRECTION('',(-0.,1.,0.));
#11146=DIRECTION('',(0.,-0.,1.));
#11147=AXIS2_PLACEMENT_3D('',#11144,#11145,#11146);
#11148=CYLINDRICAL_SURFACE('',#11147,0.5);
#11149=CARTESIAN_POINT('',(1.5,23.77087036,17.406040675));
#11150=DIRECTION('',(0.,-1.,-0.));
#11151=VECTOR('',#11150,1.599405567);
#11152=LINE('',#11149,#11151);
#11153=EDGE_CURVE('',#5251,#1025,#11152,.T.);
#11154=ORIENTED_EDGE('',*,*,#11153,.F.);
#11155=ORIENTED_EDGE('',*,*,#5269,.F.);
#11156=ORIENTED_EDGE('',*,*,#11104,.T.);
#11157=ORIENTED_EDGE('',*,*,#1040,.F.);
#11158=EDGE_LOOP('',(#11154,#11155,#11156,#11157));
#11159=FACE_BOUND('',#11158,.T.);
#11160=ADVANCED_FACE('',(#11159),#11148,.F.);
#11161=CARTESIAN_POINT('',(1.5,20.771464793,15.436305698));
#11162=DIRECTION('',(-0.,1.,0.));
#11163=DIRECTION('',(0.,-0.,1.));
#11164=AXIS2_PLACEMENT_3D('',#11161,#11162,#11163);
#11165=CYLINDRICAL_SURFACE('',#11164,0.5);
#11166=ORIENTED_EDGE('',*,*,#1408,.T.);
#11167=ORIENTED_EDGE('',*,*,#1014,.F.);
#11168=ORIENTED_EDGE('',*,*,#11082,.T.);
#11169=CARTESIAN_POINT('',(1.340425532,24.068066011,14.962453412));
#11170=CARTESIAN_POINT('',(1.288884244,24.068066011,14.979810453));
#11171=CARTESIAN_POINT('',(1.241689481,24.05799601,15.005189723));
#11172=CARTESIAN_POINT('',(1.200941604,24.040438315,15.035601224));
#11173=CARTESIAN_POINT('',(1.160193727,24.022880621,15.066012725));
#11174=CARTESIAN_POINT('',(1.126179054,23.998070161,15.101163116));
#11175=CARTESIAN_POINT('',(1.09904765,23.969842849,15.137579715));
#11176=CARTESIAN_POINT('',(1.071916245,23.941615537,15.173996314));
#11177=CARTESIAN_POINT('',(1.051070007,23.909585806,15.212250098));
#11178=CARTESIAN_POINT('',(1.035613623,23.875640715,15.250980867));
#11179=CARTESIAN_POINT('',(1.02015724,23.841695623,15.289711635));
#11180=CARTESIAN_POINT('',(1.010151528,23.806145164,15.328583486));
#11181=CARTESIAN_POINT('',(1.004735894,23.769327838,15.367651015));
#11182=B_SPLINE_CURVE_WITH_KNOTS('',3,(#11169,#11170,#11171,#11172,#11173,#11174,#11175,#11176,#11177,#11178,#11179,#11180,#11181),.UNSPECIFIED.,.F.,.F.,(4,3,3,3,4),(0.,0.000160182,0.000320365,0.000480547,0.000640729),.UNSPECIFIED.);
#11183=EDGE_CURVE('',#11070,#5292,#11182,.T.);
#11184=ORIENTED_EDGE('',*,*,#11183,.T.);
#11185=ORIENTED_EDGE('',*,*,#5298,.F.);
#11186=EDGE_LOOP('',(#11166,#11167,#11168,#11184,#11185));
#11187=FACE_BOUND('',#11186,.T.);
#11188=ADVANCED_FACE('',(#11187),#11165,.F.);
#11189=CARTESIAN_POINT('',(3.107460304,20.771464793,14.508238059));
#11190=DIRECTION('',(-0.,1.,0.));
#11191=DIRECTION('',(0.,-0.,1.));
#11192=AXIS2_PLACEMENT_3D('',#11189,#11190,#11191);
#11193=CYLINDRICAL_SURFACE('',#11192,0.5);
#11194=ORIENTED_EDGE('',*,*,#11067,.T.);
#11195=ORIENTED_EDGE('',*,*,#996,.F.);
#11196=ORIENTED_EDGE('',*,*,#11119,.T.);
#11197=ORIENTED_EDGE('',*,*,#5209,.F.);
#11198=CARTESIAN_POINT('',(3.295635657,23.769327838,14.04499942));
#11199=CARTESIAN_POINT('',(3.223763307,23.841744888,14.015801078));
#11200=CARTESIAN_POINT('',(3.140594962,23.912564892,14.001057223));
#11201=CARTESIAN_POINT('',(3.049928257,23.969406846,14.011559024));
#11202=CARTESIAN_POINT('',(3.004594905,23.997827824,14.016809924));
#11203=CARTESIAN_POINT('',(2.956625389,24.022896844,14.028839726));
#11204=CARTESIAN_POINT('',(2.910014199,24.040421417,14.04887433));
#11205=CARTESIAN_POINT('',(2.863403009,24.05794599,14.068908933));
#11206=CARTESIAN_POINT('',(2.817261654,24.068066013,14.097529004));
#11207=CARTESIAN_POINT('',(2.776879421,24.068066011,14.133116373));
#11208=B_SPLINE_CURVE_WITH_KNOTS('',3,(#11198,#11199,#11200,#11201,#11202,#11203,#11204,#11205,#11206,#11207),.UNSPECIFIED.,.F.,.F.,(4,3,3,4),(0.003399413,0.003721466,0.003882493,0.00404352),.UNSPECIFIED.);
#11209=EDGE_CURVE('',#5194,#11062,#11208,.T.);
#11210=ORIENTED_EDGE('',*,*,#11209,.T.);
#11211=EDGE_LOOP('',(#11194,#11195,#11196,#11197,#11210));
#11212=FACE_BOUND('',#11211,.T.);
#11213=ADVANCED_FACE('',(#11212),#11193,.F.);
#11214=CARTESIAN_POINT('',(0.,20.771464793,10.982094208));
#11215=DIRECTION('',(0.,1.,0.));
#11216=DIRECTION('',(0.866025404,0.,-0.5));
#11217=AXIS2_PLACEMENT_3D('',#11214,#11215,#11216);
#11218=CYLINDRICAL_SURFACE('',#11217,4.2);
#11219=CARTESIAN_POINT('',(4.117304953,24.068066011,10.152757169));
#11220=VERTEX_POINT('',#11219);
#11221=CARTESIAN_POINT('',(4.117304953,24.068066011,10.152757169));
#11222=DIRECTION('',(-0.,-1.,-0.));
#11223=VECTOR('',#11222,1.896601218);
#11224=LINE('',#11221,#11223);
#11225=EDGE_CURVE('',#11220,#1071,#11224,.T.);
#11226=ORIENTED_EDGE('',*,*,#11225,.F.);
#11227=CARTESIAN_POINT('',(4.117304953,24.068066011,11.811431248));
#11228=VERTEX_POINT('',#11227);
#11229=CARTESIAN_POINT('',(0.,24.068066011,10.982094208));
#11230=DIRECTION('',(0.,-1.,0.));
#11231=DIRECTION('',(0.,0.,-1.));
#11232=AXIS2_PLACEMENT_3D('',#11229,#11230,#11231);
#11233=CIRCLE('',#11232,4.2);
#11234=EDGE_CURVE('',#11220,#11228,#11233,.T.);
#11235=ORIENTED_EDGE('',*,*,#11234,.T.);
#11236=CARTESIAN_POINT('',(4.117304953,22.171464793,11.811431248));
#11237=DIRECTION('',(0.,1.,0.));
#11238=VECTOR('',#11237,1.896601218);
#11239=LINE('',#11236,#11238);
#11240=EDGE_CURVE('',#1080,#11228,#11239,.T.);
#11241=ORIENTED_EDGE('',*,*,#11240,.F.);
#11242=ORIENTED_EDGE('',*,*,#1086,.T.);
#11243=EDGE_LOOP('',(#11226,#11235,#11241,#11242));
#11244=FACE_BOUND('',#11243,.T.);
#11245=ADVANCED_FACE('',(#11244),#11218,.T.);
#11246=CARTESIAN_POINT('',(0.,20.771464793,10.982094208));
#11247=DIRECTION('',(0.,1.,0.));
#11248=DIRECTION('',(0.866025404,0.,-0.5));
#11249=AXIS2_PLACEMENT_3D('',#11246,#11247,#11248);
#11250=CYLINDRICAL_SURFACE('',#11249,6.610903513);
#11251=CARTESIAN_POINT('',(6.361418959,22.171464793,9.183096129));
#11252=DIRECTION('',(0.,1.,0.));
#11253=VECTOR('',#11252,1.599415978);
#11254=LINE('',#11251,#11253);
#11255=EDGE_CURVE('',#1124,#5114,#11254,.T.);
#11256=ORIENTED_EDGE('',*,*,#11255,.F.);
#11257=ORIENTED_EDGE('',*,*,#1130,.F.);
#11258=CARTESIAN_POINT('',(6.361418959,23.770880771,12.781092287));
#11259=DIRECTION('',(-0.,-1.,-0.));
#11260=VECTOR('',#11259,1.599415978);
#11261=LINE('',#11258,#11260);
#11262=EDGE_CURVE('',#5135,#1115,#11261,.T.);
#11263=ORIENTED_EDGE('',*,*,#11262,.F.);
#11264=ORIENTED_EDGE('',*,*,#5141,.F.);
#11265=EDGE_LOOP('',(#11256,#11257,#11263,#11264));
#11266=FACE_BOUND('',#11265,.T.);
#11267=ADVANCED_FACE('',(#11266),#11250,.F.);
#11268=CARTESIAN_POINT('',(5.18125854,20.771464793,9.145393734));
#11269=DIRECTION('',(-0.5,0.,-0.866025404));
#11270=DIRECTION('',(-0.866025404,-0.,0.5));
#11271=AXIS2_PLACEMENT_3D('',#11268,#11269,#11270);
#11272=PLANE('',#11271);
#11273=CARTESIAN_POINT('',(4.357463757,22.171464793,9.621011873));
#11274=DIRECTION('',(0.,1.,0.));
#11275=VECTOR('',#11274,1.597911515);
#11276=LINE('',#11273,#11275);
#11277=EDGE_CURVE('',#1063,#5096,#11276,.T.);
#11278=ORIENTED_EDGE('',*,*,#11277,.F.);
#11279=ORIENTED_EDGE('',*,*,#1068,.F.);
#11280=CARTESIAN_POINT('',(5.630290741,23.770437228,8.886144872));
#11281=DIRECTION('',(-0.,-1.,-0.));
#11282=VECTOR('',#11281,1.598972435);
#11283=LINE('',#11280,#11282);
#11284=EDGE_CURVE('',#5105,#1061,#11283,.T.);
#11285=ORIENTED_EDGE('',*,*,#11284,.F.);
#11286=ORIENTED_EDGE('',*,*,#5111,.F.);
#11287=EDGE_LOOP('',(#11278,#11279,#11285,#11286));
#11288=FACE_BOUND('',#11287,.T.);
#11289=ADVANCED_FACE('',(#11288),#11272,.F.);
#11290=CARTESIAN_POINT('',(5.880288131,20.771464793,9.31915908));
#11291=DIRECTION('',(0.,1.,0.));
#11292=DIRECTION('',(0.,-0.,1.));
#11293=AXIS2_PLACEMENT_3D('',#11290,#11291,#11292);
#11294=CYLINDRICAL_SURFACE('',#11293,0.5);
#11295=ORIENTED_EDGE('',*,*,#11284,.T.);
#11296=ORIENTED_EDGE('',*,*,#1137,.F.);
#11297=ORIENTED_EDGE('',*,*,#11255,.T.);
#11298=ORIENTED_EDGE('',*,*,#5132,.F.);
#11299=EDGE_LOOP('',(#11295,#11296,#11297,#11298));
#11300=FACE_BOUND('',#11299,.T.);
#11301=ADVANCED_FACE('',(#11300),#11294,.F.);
#11302=CARTESIAN_POINT('',(5.880288131,20.771464793,12.645029336));
#11303=DIRECTION('',(0.,1.,0.));
#11304=DIRECTION('',(0.,-0.,1.));
#11305=AXIS2_PLACEMENT_3D('',#11302,#11303,#11304);
#11306=CYLINDRICAL_SURFACE('',#11305,0.5);
#11307=CARTESIAN_POINT('',(5.880288131,23.770626739,13.145029336));
#11308=DIRECTION('',(-0.,-1.,-0.));
#11309=VECTOR('',#11308,1.599161946);
#11310=LINE('',#11307,#11309);
#11311=EDGE_CURVE('',#5144,#1106,#11310,.T.);
#11312=ORIENTED_EDGE('',*,*,#11311,.F.);
#11313=ORIENTED_EDGE('',*,*,#5162,.F.);
#11314=ORIENTED_EDGE('',*,*,#11262,.T.);
#11315=ORIENTED_EDGE('',*,*,#1121,.F.);
#11316=EDGE_LOOP('',(#11312,#11313,#11314,#11315));
#11317=FACE_BOUND('',#11316,.T.);
#11318=ADVANCED_FACE('',(#11317),#11306,.F.);
#11319=CARTESIAN_POINT('',(4.607460304,20.771464793,11.910161848));
#11320=DIRECTION('',(0.,1.,0.));
#11321=DIRECTION('',(0.,-0.,1.));
#11322=AXIS2_PLACEMENT_3D('',#11319,#11320,#11321);
#11323=CYLINDRICAL_SURFACE('',#11322,0.5);
#11324=ORIENTED_EDGE('',*,*,#1440,.T.);
#11325=ORIENTED_EDGE('',*,*,#1095,.F.);
#11326=ORIENTED_EDGE('',*,*,#11240,.T.);
#11327=CARTESIAN_POINT('',(4.117304953,24.068066011,11.811431248));
#11328=CARTESIAN_POINT('',(4.106565947,24.068066011,11.864745833));
#11329=CARTESIAN_POINT('',(4.104947659,24.05799601,11.918307332));
#11330=CARTESIAN_POINT('',(4.110910852,24.040438315,11.968801779));
#11331=CARTESIAN_POINT('',(4.116874046,24.022880621,12.019296226));
#11332=CARTESIAN_POINT('',(4.130307842,23.998070161,12.066328992));
#11333=CARTESIAN_POINT('',(4.148279839,23.969842849,12.108033777));
#11334=CARTESIAN_POINT('',(4.166251837,23.941615537,12.149738562));
#11335=CARTESIAN_POINT('',(4.188957466,23.909585806,12.186918826));
#11336=CARTESIAN_POINT('',(4.214771104,23.875640715,12.219669831));
#11337=CARTESIAN_POINT('',(4.240584742,23.841695623,12.252420836));
#11338=CARTESIAN_POINT('',(4.269245895,23.806145164,12.280521962));
#11339=CARTESIAN_POINT('',(4.300371551,23.769327838,12.304745803));
#11340=B_SPLINE_CURVE_WITH_KNOTS('',3,(#11327,#11328,#11329,#11330,#11331,#11332,#11333,#11334,#11335,#11336,#11337,#11338,#11339),.UNSPECIFIED.,.F.,.F.,(4,3,3,3,4),(0.,0.000160182,0.000320365,0.000480547,0.000640729),.UNSPECIFIED.);
#11341=EDGE_CURVE('',#11228,#5185,#11340,.T.);
#11342=ORIENTED_EDGE('',*,*,#11341,.T.);
#11343=ORIENTED_EDGE('',*,*,#5191,.F.);
#11344=EDGE_LOOP('',(#11324,#11325,#11326,#11342,#11343));
#11345=FACE_BOUND('',#11344,.T.);
#11346=ADVANCED_FACE('',(#11345),#11323,.F.);
#11347=CARTESIAN_POINT('',(4.607460304,20.771464793,10.054026569));
#11348=DIRECTION('',(0.,1.,0.));
#11349=DIRECTION('',(0.,-0.,1.));
#11350=AXIS2_PLACEMENT_3D('',#11347,#11348,#11349);
#11351=CYLINDRICAL_SURFACE('',#11350,0.5);
#11352=ORIENTED_EDGE('',*,*,#11225,.T.);
#11353=ORIENTED_EDGE('',*,*,#1077,.F.);
#11354=ORIENTED_EDGE('',*,*,#11277,.T.);
#11355=ORIENTED_EDGE('',*,*,#5102,.F.);
#11356=CARTESIAN_POINT('',(4.300371551,23.769327838,9.659442613));
#11357=CARTESIAN_POINT('',(4.239148871,23.841744888,9.707086724));
#11358=CARTESIAN_POINT('',(4.184796145,23.912564892,9.771740696));
#11359=CARTESIAN_POINT('',(4.148557619,23.969406846,9.855511266));
#11360=CARTESIAN_POINT('',(4.130438356,23.997827824,9.897396551));
#11361=CARTESIAN_POINT('',(4.116871712,24.022896844,9.944954271));
#11362=CARTESIAN_POINT('',(4.110916593,24.040421417,9.995338047));
#11363=CARTESIAN_POINT('',(4.104961473,24.05794599,10.045721823));
#11364=CARTESIAN_POINT('',(4.106676505,24.068066013,10.099991445));
#11365=CARTESIAN_POINT('',(4.117304953,24.068066011,10.152757169));
#11366=B_SPLINE_CURVE_WITH_KNOTS('',3,(#11356,#11357,#11358,#11359,#11360,#11361,#11362,#11363,#11364,#11365),.UNSPECIFIED.,.F.,.F.,(4,3,3,4),(0.003399413,0.003721466,0.003882493,0.00404352),.UNSPECIFIED.);
#11367=EDGE_CURVE('',#5087,#11220,#11366,.T.);
#11368=ORIENTED_EDGE('',*,*,#11367,.T.);
#11369=EDGE_LOOP('',(#11352,#11353,#11354,#11355,#11368));
#11370=FACE_BOUND('',#11369,.T.);
#11371=ADVANCED_FACE('',(#11370),#11351,.F.);
#11372=CARTESIAN_POINT('',(-0.,20.771464793,10.982094208));
#11373=DIRECTION('',(-0.,1.,-0.));
#11374=DIRECTION('',(-0.866025404,0.,0.5));
#11375=AXIS2_PLACEMENT_3D('',#11372,#11373,#11374);
#11376=CYLINDRICAL_SURFACE('',#11375,4.2);
#11377=CARTESIAN_POINT('',(-4.117304953,24.068066011,11.811431248));
#11378=VERTEX_POINT('',#11377);
#11379=CARTESIAN_POINT('',(-4.117304953,24.068066011,11.811431248));
#11380=DIRECTION('',(0.,-1.,0.));
#11381=VECTOR('',#11380,1.896601218);
#11382=LINE('',#11379,#11381);
#11383=EDGE_CURVE('',#11378,#895,#11382,.T.);
#11384=ORIENTED_EDGE('',*,*,#11383,.F.);
#11385=CARTESIAN_POINT('',(-4.117304953,24.068066011,10.152757169));
#11386=VERTEX_POINT('',#11385);
#11387=CARTESIAN_POINT('',(0.,24.068066011,10.982094208));
#11388=DIRECTION('',(0.,-1.,0.));
#11389=DIRECTION('',(0.,0.,-1.));
#11390=AXIS2_PLACEMENT_3D('',#11387,#11388,#11389);
#11391=CIRCLE('',#11390,4.2);
#11392=EDGE_CURVE('',#11378,#11386,#11391,.T.);
#11393=ORIENTED_EDGE('',*,*,#11392,.T.);
#11394=CARTESIAN_POINT('',(-4.117304953,22.171464793,10.152757169));
#11395=DIRECTION('',(-0.,1.,-0.));
#11396=VECTOR('',#11395,1.896601218);
#11397=LINE('',#11394,#11396);
#11398=EDGE_CURVE('',#904,#11386,#11397,.T.);
#11399=ORIENTED_EDGE('',*,*,#11398,.F.);
#11400=ORIENTED_EDGE('',*,*,#910,.T.);
#11401=EDGE_LOOP('',(#11384,#11393,#11399,#11400));
#11402=FACE_BOUND('',#11401,.T.);
#11403=ADVANCED_FACE('',(#11402),#11376,.T.);
#11404=CARTESIAN_POINT('',(-0.,20.771464793,10.982094208));
#11405=DIRECTION('',(-0.,1.,-0.));
#11406=DIRECTION('',(-0.866025404,0.,0.5));
#11407=AXIS2_PLACEMENT_3D('',#11404,#11405,#11406);
#11408=CYLINDRICAL_SURFACE('',#11407,6.610903513);
#11409=CARTESIAN_POINT('',(-6.361418959,22.171464793,12.781092287));
#11410=DIRECTION('',(-0.,1.,-0.));
#11411=VECTOR('',#11410,1.599415978);
#11412=LINE('',#11409,#11411);
#11413=EDGE_CURVE('',#939,#4826,#11412,.T.);
#11414=ORIENTED_EDGE('',*,*,#11413,.F.);
#11415=ORIENTED_EDGE('',*,*,#945,.F.);
#11416=CARTESIAN_POINT('',(-6.361418959,23.770880771,9.183096129));
#11417=DIRECTION('',(0.,-1.,0.));
#11418=VECTOR('',#11417,1.599415978);
#11419=LINE('',#11416,#11418);
#11420=EDGE_CURVE('',#4847,#930,#11419,.T.);
#11421=ORIENTED_EDGE('',*,*,#11420,.F.);
#11422=ORIENTED_EDGE('',*,*,#4853,.F.);
#11423=EDGE_LOOP('',(#11414,#11415,#11421,#11422));
#11424=FACE_BOUND('',#11423,.T.);
#11425=ADVANCED_FACE('',(#11424),#11408,.F.);
#11426=CARTESIAN_POINT('',(-5.18125854,20.771464793,12.818794683));
#11427=DIRECTION('',(0.5,0.,0.866025404));
#11428=DIRECTION('',(0.866025404,0.,-0.5));
#11429=AXIS2_PLACEMENT_3D('',#11426,#11427,#11428);
#11430=PLANE('',#11429);
#11431=CARTESIAN_POINT('',(-4.357460304,22.171464793,12.343174549));
#11432=DIRECTION('',(-0.,1.,-0.));
#11433=VECTOR('',#11432,1.597911512);
#11434=LINE('',#11431,#11433);
#11435=EDGE_CURVE('',#887,#4787,#11434,.T.);
#11436=ORIENTED_EDGE('',*,*,#11435,.F.);
#11437=ORIENTED_EDGE('',*,*,#892,.F.);
#11438=CARTESIAN_POINT('',(-5.630288131,23.770437226,13.078042038));
#11439=DIRECTION('',(0.,-1.,0.));
#11440=VECTOR('',#11439,1.598972432);
#11441=LINE('',#11438,#11440);
#11442=EDGE_CURVE('',#4796,#885,#11441,.T.);
#11443=ORIENTED_EDGE('',*,*,#11442,.F.);
#11444=ORIENTED_EDGE('',*,*,#4802,.F.);
#11445=EDGE_LOOP('',(#11436,#11437,#11443,#11444));
#11446=FACE_BOUND('',#11445,.T.);
#11447=ADVANCED_FACE('',(#11446),#11430,.F.);
#11448=CARTESIAN_POINT('',(-5.880288131,20.771464793,12.645029336));
#11449=DIRECTION('',(-0.,1.,-0.));
#11450=DIRECTION('',(0.,0.,1.));
#11451=AXIS2_PLACEMENT_3D('',#11448,#11449,#11450);
#11452=CYLINDRICAL_SURFACE('',#11451,0.5);
#11453=CARTESIAN_POINT('',(-5.880288131,23.770626736,13.145029336));
#11454=DIRECTION('',(0.,-1.,0.));
#11455=VECTOR('',#11454,1.599161943);
#11456=LINE('',#11453,#11455);
#11457=EDGE_CURVE('',#4805,#948,#11456,.T.);
#11458=ORIENTED_EDGE('',*,*,#11457,.F.);
#11459=ORIENTED_EDGE('',*,*,#4823,.F.);
#11460=ORIENTED_EDGE('',*,*,#11442,.T.);
#11461=ORIENTED_EDGE('',*,*,#961,.F.);
#11462=EDGE_LOOP('',(#11458,#11459,#11460,#11461));
#11463=FACE_BOUND('',#11462,.T.);
#11464=ADVANCED_FACE('',(#11463),#11452,.F.);
#11465=CARTESIAN_POINT('',(-5.880288131,20.771464793,9.31915908));
#11466=DIRECTION('',(-0.,1.,-0.));
#11467=DIRECTION('',(0.,0.,1.));
#11468=AXIS2_PLACEMENT_3D('',#11465,#11466,#11467);
#11469=CYLINDRICAL_SURFACE('',#11468,0.5);
#11470=ORIENTED_EDGE('',*,*,#11420,.T.);
#11471=ORIENTED_EDGE('',*,*,#936,.F.);
#11472=ORIENTED_EDGE('',*,*,#1487,.T.);
#11473=ORIENTED_EDGE('',*,*,#4872,.F.);
#11474=EDGE_LOOP('',(#11470,#11471,#11472,#11473));
#11475=FACE_BOUND('',#11474,.T.);
#11476=ADVANCED_FACE('',(#11475),#11469,.F.);
#11477=CARTESIAN_POINT('',(-4.607460304,20.771464793,10.054026569));
#11478=DIRECTION('',(-0.,1.,-0.));
#11479=DIRECTION('',(0.,0.,1.));
#11480=AXIS2_PLACEMENT_3D('',#11477,#11478,#11479);
#11481=CYLINDRICAL_SURFACE('',#11480,0.5);
#11482=ORIENTED_EDGE('',*,*,#1472,.T.);
#11483=ORIENTED_EDGE('',*,*,#919,.F.);
#11484=ORIENTED_EDGE('',*,*,#11398,.T.);
#11485=CARTESIAN_POINT('',(-4.117304953,24.068066011,10.152757169));
#11486=CARTESIAN_POINT('',(-4.106565947,24.068066011,10.099442583));
#11487=CARTESIAN_POINT('',(-4.104947659,24.05799601,10.045881084));
#11488=CARTESIAN_POINT('',(-4.110910852,24.040438315,9.995386637));
#11489=CARTESIAN_POINT('',(-4.116874046,24.022880621,9.94489219));
#11490=CARTESIAN_POINT('',(-4.130307842,23.998070161,9.897859424));
#11491=CARTESIAN_POINT('',(-4.148279839,23.969842849,9.856154639));
#11492=CARTESIAN_POINT('',(-4.166251837,23.941615537,9.814449854));
#11493=CARTESIAN_POINT('',(-4.188957466,23.909585806,9.77726959));
#11494=CARTESIAN_POINT('',(-4.214771104,23.875640715,9.744518585));
#11495=CARTESIAN_POINT('',(-4.240584742,23.841695623,9.71176758));
#11496=CARTESIAN_POINT('',(-4.269245895,23.806145164,9.683666454));
#11497=CARTESIAN_POINT('',(-4.300371551,23.769327838,9.659442613));
#11498=B_SPLINE_CURVE_WITH_KNOTS('',3,(#11485,#11486,#11487,#11488,#11489,#11490,#11491,#11492,#11493,#11494,#11495,#11496,#11497),.UNSPECIFIED.,.F.,.F.,(4,3,3,3,4),(0.,0.000160182,0.000320365,0.000480547,0.000640729),.UNSPECIFIED.);
#11499=EDGE_CURVE('',#11386,#4876,#11498,.T.);
#11500=ORIENTED_EDGE('',*,*,#11499,.T.);
#11501=ORIENTED_EDGE('',*,*,#4882,.F.);
#11502=EDGE_LOOP('',(#11482,#11483,#11484,#11500,#11501));
#11503=FACE_BOUND('',#11502,.T.);
#11504=ADVANCED_FACE('',(#11503),#11481,.F.);
#11505=CARTESIAN_POINT('',(-4.607460304,20.771464793,11.910161848));
#11506=DIRECTION('',(-0.,1.,-0.));
#11507=DIRECTION('',(0.,0.,1.));
#11508=AXIS2_PLACEMENT_3D('',#11505,#11506,#11507);
#11509=CYLINDRICAL_SURFACE('',#11508,0.5);
#11510=ORIENTED_EDGE('',*,*,#11383,.T.);
#11511=ORIENTED_EDGE('',*,*,#901,.F.);
#11512=ORIENTED_EDGE('',*,*,#11435,.T.);
#11513=ORIENTED_EDGE('',*,*,#4793,.F.);
#11514=CARTESIAN_POINT('',(-4.300371551,23.769327838,12.304745803));
#11515=CARTESIAN_POINT('',(-4.239148871,23.841744888,12.257101692));
#11516=CARTESIAN_POINT('',(-4.184796145,23.912564892,12.192447721));
#11517=CARTESIAN_POINT('',(-4.148557619,23.969406846,12.108677151));
#11518=CARTESIAN_POINT('',(-4.130438356,23.997827824,12.066791866));
#11519=CARTESIAN_POINT('',(-4.116871712,24.022896844,12.019234145));
#11520=CARTESIAN_POINT('',(-4.110916593,24.040421417,11.968850369));
#11521=CARTESIAN_POINT('',(-4.104961473,24.05794599,11.918466593));
#11522=CARTESIAN_POINT('',(-4.106676505,24.068066013,11.864196972));
#11523=CARTESIAN_POINT('',(-4.117304953,24.068066011,11.811431248));
#11524=B_SPLINE_CURVE_WITH_KNOTS('',3,(#11514,#11515,#11516,#11517,#11518,#11519,#11520,#11521,#11522,#11523),.UNSPECIFIED.,.F.,.F.,(4,3,3,4),(0.003399413,0.003721466,0.003882493,0.00404352),.UNSPECIFIED.);
#11525=EDGE_CURVE('',#4778,#11378,#11524,.T.);
#11526=ORIENTED_EDGE('',*,*,#11525,.T.);
#11527=EDGE_LOOP('',(#11510,#11511,#11512,#11513,#11526));
#11528=FACE_BOUND('',#11527,.T.);
#11529=ADVANCED_FACE('',(#11528),#11509,.F.);
#11530=CARTESIAN_POINT('',(0.,20.771464793,10.982094208));
#11531=DIRECTION('',(0.,1.,-0.));
#11532=DIRECTION('',(0.,0.,1.));
#11533=AXIS2_PLACEMENT_3D('',#11530,#11531,#11532);
#11534=CYLINDRICAL_SURFACE('',#11533,6.610903513);
#11535=CARTESIAN_POINT('',(-1.622731442,22.171464793,17.39074367));
#11536=DIRECTION('',(0.,1.,-0.));
#11537=VECTOR('',#11536,1.599415978);
#11538=LINE('',#11535,#11537);
#11539=EDGE_CURVE('',#1288,#4719,#11538,.T.);
#11540=ORIENTED_EDGE('',*,*,#11539,.F.);
#11541=ORIENTED_EDGE('',*,*,#1294,.F.);
#11542=CARTESIAN_POINT('',(-4.738687517,23.770880771,15.591745591));
#11543=DIRECTION('',(-0.,-1.,0.));
#11544=VECTOR('',#11543,1.599415978);
#11545=LINE('',#11542,#11544);
#11546=EDGE_CURVE('',#4740,#1279,#11545,.T.);
#11547=ORIENTED_EDGE('',*,*,#11546,.F.);
#11548=ORIENTED_EDGE('',*,*,#4746,.F.);
#11549=EDGE_LOOP('',(#11540,#11541,#11547,#11548));
#11550=FACE_BOUND('',#11549,.T.);
#11551=ADVANCED_FACE('',(#11550),#11534,.F.);
#11552=CARTESIAN_POINT('',(-1.,20.771464793,16.387545965));
#11553=DIRECTION('',(1.,0.,0.));
#11554=DIRECTION('',(0.,0.,-1.));
#11555=AXIS2_PLACEMENT_3D('',#11552,#11553,#11554);
#11556=PLANE('',#11555);
#11557=CARTESIAN_POINT('',(-1.,22.171464793,15.436305698));
#11558=DIRECTION('',(0.,1.,-0.));
#11559=VECTOR('',#11558,1.597911512);
#11560=LINE('',#11557,#11559);
#11561=EDGE_CURVE('',#1236,#4680,#11560,.T.);
#11562=ORIENTED_EDGE('',*,*,#11561,.F.);
#11563=ORIENTED_EDGE('',*,*,#1241,.F.);
#11564=CARTESIAN_POINT('',(-1.,23.770437226,16.906040675));
#11565=DIRECTION('',(-0.,-1.,0.));
#11566=VECTOR('',#11565,1.598972432);
#11567=LINE('',#11564,#11566);
#11568=EDGE_CURVE('',#4689,#1234,#11567,.T.);
#11569=ORIENTED_EDGE('',*,*,#11568,.F.);
#11570=ORIENTED_EDGE('',*,*,#4695,.F.);
#11571=EDGE_LOOP('',(#11562,#11563,#11569,#11570));
#11572=FACE_BOUND('',#11571,.T.);
#11573=ADVANCED_FACE('',(#11572),#11556,.F.);
#11574=CARTESIAN_POINT('',(-1.5,20.771464793,16.906040675));
#11575=DIRECTION('',(0.,1.,-0.));
#11576=DIRECTION('',(0.,0.,1.));
#11577=AXIS2_PLACEMENT_3D('',#11574,#11575,#11576);
#11578=CYLINDRICAL_SURFACE('',#11577,0.5);
#11579=CARTESIAN_POINT('',(-1.5,23.770870386,17.406040675));
#11580=DIRECTION('',(-0.,-1.,0.));
#11581=VECTOR('',#11580,1.599405592);
#11582=LINE('',#11579,#11581);
#11583=EDGE_CURVE('',#4698,#1297,#11582,.T.);
#11584=ORIENTED_EDGE('',*,*,#11583,.F.);
#11585=ORIENTED_EDGE('',*,*,#4716,.F.);
#11586=ORIENTED_EDGE('',*,*,#11568,.T.);
#11587=ORIENTED_EDGE('',*,*,#1310,.F.);
#11588=EDGE_LOOP('',(#11584,#11585,#11586,#11587));
#11589=FACE_BOUND('',#11588,.T.);
#11590=ADVANCED_FACE('',(#11589),#11578,.F.);
#11591=CARTESIAN_POINT('',(-4.380288131,20.771464793,15.243105547));
#11592=DIRECTION('',(0.,1.,-0.));
#11593=DIRECTION('',(0.,0.,1.));
#11594=AXIS2_PLACEMENT_3D('',#11591,#11592,#11593);
#11595=CYLINDRICAL_SURFACE('',#11594,0.5);
#11596=ORIENTED_EDGE('',*,*,#11546,.T.);
#11597=ORIENTED_EDGE('',*,*,#1285,.F.);
#11598=ORIENTED_EDGE('',*,*,#1551,.T.);
#11599=ORIENTED_EDGE('',*,*,#4765,.F.);
#11600=EDGE_LOOP('',(#11596,#11597,#11598,#11599));
#11601=FACE_BOUND('',#11600,.T.);
#11602=ADVANCED_FACE('',(#11601),#11595,.F.);
#11603=CARTESIAN_POINT('',(-3.107460304,20.771464793,14.508238059));
#11604=DIRECTION('',(0.,1.,-0.));
#11605=DIRECTION('',(0.,0.,1.));
#11606=AXIS2_PLACEMENT_3D('',#11603,#11604,#11605);
#11607=CYLINDRICAL_SURFACE('',#11606,0.5);
#11608=ORIENTED_EDGE('',*,*,#1536,.T.);
#11609=ORIENTED_EDGE('',*,*,#1268,.F.);
#11610=ORIENTED_EDGE('',*,*,#1519,.T.);
#11611=CARTESIAN_POINT('',(-2.776879421,24.068066011,14.133116373));
#11612=CARTESIAN_POINT('',(-2.817681703,24.068066011,14.097158829));
#11613=CARTESIAN_POINT('',(-2.863258178,24.05799601,14.0689766));
#11614=CARTESIAN_POINT('',(-2.909969248,24.040438315,14.048893653));
#11615=CARTESIAN_POINT('',(-2.956680319,24.022880621,14.028810707));
#11616=CARTESIAN_POINT('',(-3.004128787,23.998070161,14.016928333));
#11617=CARTESIAN_POINT('',(-3.049232189,23.969842849,14.011640146));
#11618=CARTESIAN_POINT('',(-3.094335592,23.941615537,14.00635196));
#11619=CARTESIAN_POINT('',(-3.137887459,23.909585806,14.00742548));
#11620=CARTESIAN_POINT('',(-3.179157481,23.875640715,14.013405244));
#11621=CARTESIAN_POINT('',(-3.220427502,23.841695623,14.019385007));
#11622=CARTESIAN_POINT('',(-3.259094368,23.806145164,14.030155731));
#11623=CARTESIAN_POINT('',(-3.295635657,23.769327838,14.04499942));
#11624=B_SPLINE_CURVE_WITH_KNOTS('',3,(#11611,#11612,#11613,#11614,#11615,#11616,#11617,#11618,#11619,#11620,#11621,#11622,#11623),.UNSPECIFIED.,.F.,.F.,(4,3,3,3,4),(0.,0.000160182,0.000320365,0.000480547,0.000640729),.UNSPECIFIED.);
#11625=EDGE_CURVE('',#1507,#4769,#11624,.T.);
#11626=ORIENTED_EDGE('',*,*,#11625,.T.);
#11627=ORIENTED_EDGE('',*,*,#4775,.F.);
#11628=EDGE_LOOP('',(#11608,#11609,#11610,#11626,#11627));
#11629=FACE_BOUND('',#11628,.T.);
#11630=ADVANCED_FACE('',(#11629),#11607,.F.);
#11631=CARTESIAN_POINT('',(-1.5,20.771464793,15.436305698));
#11632=DIRECTION('',(0.,1.,-0.));
#11633=DIRECTION('',(0.,0.,1.));
#11634=AXIS2_PLACEMENT_3D('',#11631,#11632,#11633);
#11635=CYLINDRICAL_SURFACE('',#11634,0.5);
#11636=ORIENTED_EDGE('',*,*,#1504,.T.);
#11637=ORIENTED_EDGE('',*,*,#1250,.F.);
#11638=ORIENTED_EDGE('',*,*,#11561,.T.);
#11639=ORIENTED_EDGE('',*,*,#4686,.F.);
#11640=CARTESIAN_POINT('',(-1.004735894,23.769327838,15.367651015));
#11641=CARTESIAN_POINT('',(-1.015385564,23.841744888,15.290808563));
#11642=CARTESIAN_POINT('',(-1.044201183,23.912564892,15.211410736));
#11643=CARTESIAN_POINT('',(-1.098629362,23.969406846,15.138141967));
#11644=CARTESIAN_POINT('',(-1.125843451,23.997827824,15.101507582));
#11645=CARTESIAN_POINT('',(-1.160246323,24.022896844,15.065979664));
#11646=CARTESIAN_POINT('',(-1.200902394,24.040421417,15.035630491));
#11647=CARTESIAN_POINT('',(-1.241558464,24.05794599,15.005281318));
#11648=CARTESIAN_POINT('',(-1.28941485,24.068066013,14.979631768));
#11649=CARTESIAN_POINT('',(-1.340425532,24.068066011,14.962453412));
#11650=B_SPLINE_CURVE_WITH_KNOTS('',3,(#11640,#11641,#11642,#11643,#11644,#11645,#11646,#11647,#11648,#11649),.UNSPECIFIED.,.F.,.F.,(4,3,3,4),(0.003399413,0.003721466,0.003882493,0.00404352),.UNSPECIFIED.);
#11651=EDGE_CURVE('',#4671,#1499,#11650,.T.);
#11652=ORIENTED_EDGE('',*,*,#11651,.T.);
#11653=EDGE_LOOP('',(#11636,#11637,#11638,#11639,#11652));
#11654=FACE_BOUND('',#11653,.T.);
#11655=ADVANCED_FACE('',(#11654),#11635,.F.);
#11656=CARTESIAN_POINT('',(-0.,20.771464793,10.982094208));
#11657=DIRECTION('',(0.,1.,-0.));
#11658=DIRECTION('',(-0.866025404,0.,-0.5));
#11659=AXIS2_PLACEMENT_3D('',#11656,#11657,#11658);
#11660=CYLINDRICAL_SURFACE('',#11659,4.2);
#11661=CARTESIAN_POINT('',(-2.776879421,24.068066011,7.831072044));
#11662=VERTEX_POINT('',#11661);
#11663=CARTESIAN_POINT('',(-2.776879421,24.068066011,7.831072044));
#11664=DIRECTION('',(-0.,-1.,0.));
#11665=VECTOR('',#11664,1.896601218);
#11666=LINE('',#11663,#11665);
#11667=EDGE_CURVE('',#11662,#1163,#11666,.T.);
#11668=ORIENTED_EDGE('',*,*,#11667,.F.);
#11669=CARTESIAN_POINT('',(-1.340425532,24.068066011,7.001735004));
#11670=VERTEX_POINT('',#11669);
#11671=CARTESIAN_POINT('',(0.,24.068066011,10.982094208));
#11672=DIRECTION('',(0.,-1.,0.));
#11673=DIRECTION('',(0.,0.,-1.));
#11674=AXIS2_PLACEMENT_3D('',#11671,#11672,#11673);
#11675=CIRCLE('',#11674,4.2);
#11676=EDGE_CURVE('',#11662,#11670,#11675,.T.);
#11677=ORIENTED_EDGE('',*,*,#11676,.T.);
#11678=CARTESIAN_POINT('',(-1.340425532,22.171464793,7.001735004));
#11679=DIRECTION('',(0.,1.,-0.));
#11680=VECTOR('',#11679,1.896601218);
#11681=LINE('',#11678,#11680);
#11682=EDGE_CURVE('',#1172,#11670,#11681,.T.);
#11683=ORIENTED_EDGE('',*,*,#11682,.F.);
#11684=ORIENTED_EDGE('',*,*,#1178,.T.);
#11685=EDGE_LOOP('',(#11668,#11677,#11683,#11684));
#11686=FACE_BOUND('',#11685,.T.);
#11687=ADVANCED_FACE('',(#11686),#11660,.T.);
#11688=CARTESIAN_POINT('',(-0.,20.771464793,10.982094208));
#11689=DIRECTION('',(0.,1.,-0.));
#11690=DIRECTION('',(-0.866025404,0.,-0.5));
#11691=AXIS2_PLACEMENT_3D('',#11688,#11689,#11690);
#11692=CYLINDRICAL_SURFACE('',#11691,6.610903513);
#11693=CARTESIAN_POINT('',(-4.738687517,22.171464793,6.372442825));
#11694=DIRECTION('',(0.,1.,-0.));
#11695=VECTOR('',#11694,1.599415978);
#11696=LINE('',#11693,#11695);
#11697=EDGE_CURVE('',#1207,#4933,#11696,.T.);
#11698=ORIENTED_EDGE('',*,*,#11697,.F.);
#11699=ORIENTED_EDGE('',*,*,#1213,.F.);
#11700=CARTESIAN_POINT('',(-1.622731442,23.770880771,4.573444746));
#11701=DIRECTION('',(-0.,-1.,0.));
#11702=VECTOR('',#11701,1.599415978);
#11703=LINE('',#11700,#11702);
#11704=EDGE_CURVE('',#4954,#1198,#11703,.T.);
#11705=ORIENTED_EDGE('',*,*,#11704,.F.);
#11706=ORIENTED_EDGE('',*,*,#4960,.F.);
#11707=EDGE_LOOP('',(#11698,#11699,#11705,#11706));
#11708=FACE_BOUND('',#11707,.T.);
#11709=ADVANCED_FACE('',(#11708),#11692,.F.);
#11710=CARTESIAN_POINT('',(-4.18125854,20.771464793,7.413342926));
#11711=DIRECTION('',(-0.5,0.,0.866025404));
#11712=DIRECTION('',(0.866025404,-0.,0.5));
#11713=AXIS2_PLACEMENT_3D('',#11710,#11711,#11712);
#11714=PLANE('',#11713);
#11715=CARTESIAN_POINT('',(-3.357460304,22.171464793,7.888963059));
#11716=DIRECTION('',(0.,1.,-0.));
#11717=VECTOR('',#11716,1.597911512);
#11718=LINE('',#11715,#11717);
#11719=EDGE_CURVE('',#1155,#4894,#11718,.T.);
#11720=ORIENTED_EDGE('',*,*,#11719,.F.);
#11721=ORIENTED_EDGE('',*,*,#1160,.F.);
#11722=CARTESIAN_POINT('',(-4.630288131,23.770437226,7.154095571));
#11723=DIRECTION('',(-0.,-1.,0.));
#11724=VECTOR('',#11723,1.598972432);
#11725=LINE('',#11722,#11724);
#11726=EDGE_CURVE('',#4903,#1153,#11725,.T.);
#11727=ORIENTED_EDGE('',*,*,#11726,.F.);
#11728=ORIENTED_EDGE('',*,*,#4909,.F.);
#11729=EDGE_LOOP('',(#11720,#11721,#11727,#11728));
#11730=FACE_BOUND('',#11729,.T.);
#11731=ADVANCED_FACE('',(#11730),#11714,.F.);
#11732=CARTESIAN_POINT('',(-4.380288131,20.771464793,6.721082869));
#11733=DIRECTION('',(0.,1.,-0.));
#11734=DIRECTION('',(-1.,0.,0.));
#11735=AXIS2_PLACEMENT_3D('',#11732,#11733,#11734);
#11736=CYLINDRICAL_SURFACE('',#11735,0.5);
#11737=CARTESIAN_POINT('',(-4.880288131,23.770783532,6.721082869));
#11738=DIRECTION('',(-0.,-1.,0.));
#11739=VECTOR('',#11738,1.599318738);
#11740=LINE('',#11737,#11739);
#11741=EDGE_CURVE('',#4912,#1216,#11740,.T.);
#11742=ORIENTED_EDGE('',*,*,#11741,.F.);
#11743=ORIENTED_EDGE('',*,*,#4930,.F.);
#11744=ORIENTED_EDGE('',*,*,#11726,.T.);
#11745=ORIENTED_EDGE('',*,*,#1229,.F.);
#11746=EDGE_LOOP('',(#11742,#11743,#11744,#11745));
#11747=FACE_BOUND('',#11746,.T.);
#11748=ADVANCED_FACE('',(#11747),#11736,.F.);
#11749=CARTESIAN_POINT('',(-1.5,20.771464793,5.058147741));
#11750=DIRECTION('',(0.,1.,-0.));
#11751=DIRECTION('',(-1.,0.,0.));
#11752=AXIS2_PLACEMENT_3D('',#11749,#11750,#11751);
#11753=CYLINDRICAL_SURFACE('',#11752,0.5);
#11754=ORIENTED_EDGE('',*,*,#11704,.T.);
#11755=ORIENTED_EDGE('',*,*,#1204,.F.);
#11756=ORIENTED_EDGE('',*,*,#1583,.T.);
#11757=ORIENTED_EDGE('',*,*,#4979,.F.);
#11758=EDGE_LOOP('',(#11754,#11755,#11756,#11757));
#11759=FACE_BOUND('',#11758,.T.);
#11760=ADVANCED_FACE('',(#11759),#11753,.F.);
#11761=CARTESIAN_POINT('',(-1.5,20.771464793,6.527882718));
#11762=DIRECTION('',(0.,1.,-0.));
#11763=DIRECTION('',(-1.,0.,0.));
#11764=AXIS2_PLACEMENT_3D('',#11761,#11762,#11763);
#11765=CYLINDRICAL_SURFACE('',#11764,0.5);
#11766=ORIENTED_EDGE('',*,*,#1568,.T.);
#11767=ORIENTED_EDGE('',*,*,#1187,.F.);
#11768=ORIENTED_EDGE('',*,*,#11682,.T.);
#11769=CARTESIAN_POINT('',(-1.340425532,24.068066011,7.001735004));
#11770=CARTESIAN_POINT('',(-1.288884244,24.068066011,6.984377963));
#11771=CARTESIAN_POINT('',(-1.241689481,24.05799601,6.958998693));
#11772=CARTESIAN_POINT('',(-1.200941604,24.040438315,6.928587192));
#11773=CARTESIAN_POINT('',(-1.160193727,24.022880621,6.898175691));
#11774=CARTESIAN_POINT('',(-1.126179054,23.998070161,6.8630253));
#11775=CARTESIAN_POINT('',(-1.09904765,23.969842849,6.826608701));
#11776=CARTESIAN_POINT('',(-1.071916245,23.941615537,6.790192102));
#11777=CARTESIAN_POINT('',(-1.051070007,23.909585806,6.751938318));
#11778=CARTESIAN_POINT('',(-1.035613623,23.875640715,6.713207549));
#11779=CARTESIAN_POINT('',(-1.02015724,23.841695623,6.674476781));
#11780=CARTESIAN_POINT('',(-1.010151528,23.806145164,6.635604931));
#11781=CARTESIAN_POINT('',(-1.004735894,23.769327838,6.596537401));
#11782=B_SPLINE_CURVE_WITH_KNOTS('',3,(#11769,#11770,#11771,#11772,#11773,#11774,#11775,#11776,#11777,#11778,#11779,#11780,#11781),.UNSPECIFIED.,.F.,.F.,(4,3,3,3,4),(0.,0.000160182,0.000320365,0.000480547,0.000640729),.UNSPECIFIED.);
#11783=EDGE_CURVE('',#11670,#4983,#11782,.T.);
#11784=ORIENTED_EDGE('',*,*,#11783,.T.);
#11785=ORIENTED_EDGE('',*,*,#4989,.F.);
#11786=EDGE_LOOP('',(#11766,#11767,#11768,#11784,#11785));
#11787=FACE_BOUND('',#11786,.T.);
#11788=ADVANCED_FACE('',(#11787),#11765,.F.);
#11789=CARTESIAN_POINT('',(-3.107460304,20.771464793,7.455950357));
#11790=DIRECTION('',(0.,1.,-0.));
#11791=DIRECTION('',(-1.,0.,0.));
#11792=AXIS2_PLACEMENT_3D('',#11789,#11790,#11791);
#11793=CYLINDRICAL_SURFACE('',#11792,0.5);
#11794=ORIENTED_EDGE('',*,*,#11667,.T.);
#11795=ORIENTED_EDGE('',*,*,#1169,.F.);
#11796=ORIENTED_EDGE('',*,*,#11719,.T.);
#11797=ORIENTED_EDGE('',*,*,#4900,.F.);
#11798=CARTESIAN_POINT('',(-3.295635657,23.769327838,7.919188996));
#11799=CARTESIAN_POINT('',(-3.223763307,23.841744888,7.948387338));
#11800=CARTESIAN_POINT('',(-3.140594962,23.912564892,7.963131193));
#11801=CARTESIAN_POINT('',(-3.049928257,23.969406846,7.952629392));
#11802=CARTESIAN_POINT('',(-3.004594905,23.997827824,7.947378492));
#11803=CARTESIAN_POINT('',(-2.956625389,24.022896844,7.93534869));
#11804=CARTESIAN_POINT('',(-2.910014199,24.040421417,7.915314086));
#11805=CARTESIAN_POINT('',(-2.863403009,24.05794599,7.895279483));
#11806=CARTESIAN_POINT('',(-2.817261654,24.068066013,7.866659412));
#11807=CARTESIAN_POINT('',(-2.776879421,24.068066011,7.831072044));
#11808=B_SPLINE_CURVE_WITH_KNOTS('',3,(#11798,#11799,#11800,#11801,#11802,#11803,#11804,#11805,#11806,#11807),.UNSPECIFIED.,.F.,.F.,(4,3,3,4),(0.003399413,0.003721466,0.003882493,0.00404352),.UNSPECIFIED.);
#11809=EDGE_CURVE('',#4885,#11662,#11808,.T.);
#11810=ORIENTED_EDGE('',*,*,#11809,.T.);
#11811=EDGE_LOOP('',(#11794,#11795,#11796,#11797,#11810));
#11812=FACE_BOUND('',#11811,.T.);
#11813=ADVANCED_FACE('',(#11812),#11793,.F.);
#11814=CARTESIAN_POINT('',(-0.,20.771464793,10.982094208));
#11815=DIRECTION('',(0.,1.,0.));
#11816=DIRECTION('',(-0.,0.,-1.));
#11817=AXIS2_PLACEMENT_3D('',#11814,#11815,#11816);
#11818=CYLINDRICAL_SURFACE('',#11817,4.2);
#11819=CARTESIAN_POINT('',(1.340425532,24.068066011,7.001735004));
#11820=VERTEX_POINT('',#11819);
#11821=CARTESIAN_POINT('',(1.340425532,24.068066011,7.001735004));
#11822=DIRECTION('',(-0.,-1.,-0.));
#11823=VECTOR('',#11822,1.896601218);
#11824=LINE('',#11821,#11823);
#11825=EDGE_CURVE('',#11820,#1378,#11824,.T.);
#11826=ORIENTED_EDGE('',*,*,#11825,.F.);
#11827=CARTESIAN_POINT('',(2.776879421,24.068066011,7.831072044));
#11828=VERTEX_POINT('',#11827);
#11829=CARTESIAN_POINT('',(0.,24.068066011,10.982094208));
#11830=DIRECTION('',(0.,-1.,0.));
#11831=DIRECTION('',(0.,0.,-1.));
#11832=AXIS2_PLACEMENT_3D('',#11829,#11830,#11831);
#11833=CIRCLE('',#11832,4.2);
#11834=EDGE_CURVE('',#11820,#11828,#11833,.T.);
#11835=ORIENTED_EDGE('',*,*,#11834,.T.);
#11836=CARTESIAN_POINT('',(2.776879421,22.171464793,7.831072044));
#11837=DIRECTION('',(0.,1.,0.));
#11838=VECTOR('',#11837,1.896601218);
#11839=LINE('',#11836,#11838);
#11840=EDGE_CURVE('',#1315,#11828,#11839,.T.);
#11841=ORIENTED_EDGE('',*,*,#11840,.F.);
#11842=ORIENTED_EDGE('',*,*,#1391,.T.);
#11843=EDGE_LOOP('',(#11826,#11835,#11841,#11842));
#11844=FACE_BOUND('',#11843,.T.);
#11845=ADVANCED_FACE('',(#11844),#11818,.T.);
#11846=CARTESIAN_POINT('',(-0.,20.771464793,10.982094208));
#11847=DIRECTION('',(0.,1.,0.));
#11848=DIRECTION('',(-0.,0.,-1.));
#11849=AXIS2_PLACEMENT_3D('',#11846,#11847,#11848);
#11850=CYLINDRICAL_SURFACE('',#11849,6.610903513);
#11851=CARTESIAN_POINT('',(1.622731442,22.171464793,4.573444746));
#11852=DIRECTION('',(0.,1.,0.));
#11853=VECTOR('',#11852,1.599415978);
#11854=LINE('',#11851,#11853);
#11855=EDGE_CURVE('',#1352,#5028,#11854,.T.);
#11856=ORIENTED_EDGE('',*,*,#11855,.F.);
#11857=ORIENTED_EDGE('',*,*,#1358,.F.);
#11858=CARTESIAN_POINT('',(4.738687517,23.770880771,6.372442825));
#11859=DIRECTION('',(-0.,-1.,-0.));
#11860=VECTOR('',#11859,1.599415978);
#11861=LINE('',#11858,#11860);
#11862=EDGE_CURVE('',#5049,#1343,#11861,.T.);
#11863=ORIENTED_EDGE('',*,*,#11862,.F.);
#11864=ORIENTED_EDGE('',*,*,#5055,.F.);
#11865=EDGE_LOOP('',(#11856,#11857,#11863,#11864));
#11866=FACE_BOUND('',#11865,.T.);
#11867=ADVANCED_FACE('',(#11866),#11850,.F.);
#11868=CARTESIAN_POINT('',(1.,20.771464793,5.576642452));
#11869=DIRECTION('',(-1.,0.,0.));
#11870=DIRECTION('',(0.,-0.,1.));
#11871=AXIS2_PLACEMENT_3D('',#11868,#11869,#11870);
#11872=PLANE('',#11871);
#11873=CARTESIAN_POINT('',(1.,22.171464793,6.527882718));
#11874=DIRECTION('',(0.,1.,0.));
#11875=VECTOR('',#11874,1.597911512);
#11876=LINE('',#11873,#11875);
#11877=EDGE_CURVE('',#1370,#5010,#11876,.T.);
#11878=ORIENTED_EDGE('',*,*,#11877,.F.);
#11879=ORIENTED_EDGE('',*,*,#1375,.F.);
#11880=CARTESIAN_POINT('',(1.,23.770437226,5.058147741));
#11881=DIRECTION('',(-0.,-1.,-0.));
#11882=VECTOR('',#11881,1.598972432);
#11883=LINE('',#11880,#11882);
#11884=EDGE_CURVE('',#5019,#1361,#11883,.T.);
#11885=ORIENTED_EDGE('',*,*,#11884,.F.);
#11886=ORIENTED_EDGE('',*,*,#5025,.F.);
#11887=EDGE_LOOP('',(#11878,#11879,#11885,#11886));
#11888=FACE_BOUND('',#11887,.T.);
#11889=ADVANCED_FACE('',(#11888),#11872,.F.);
#11890=CARTESIAN_POINT('',(1.5,20.771464793,5.058147741));
#11891=DIRECTION('',(0.,1.,0.));
#11892=DIRECTION('',(0.,-0.,1.));
#11893=AXIS2_PLACEMENT_3D('',#11890,#11891,#11892);
#11894=CYLINDRICAL_SURFACE('',#11893,0.5);
#11895=ORIENTED_EDGE('',*,*,#11884,.T.);
#11896=ORIENTED_EDGE('',*,*,#1367,.F.);
#11897=ORIENTED_EDGE('',*,*,#11855,.T.);
#11898=ORIENTED_EDGE('',*,*,#5046,.F.);
#11899=EDGE_LOOP('',(#11895,#11896,#11897,#11898));
#11900=FACE_BOUND('',#11899,.T.);
#11901=ADVANCED_FACE('',(#11900),#11894,.F.);
#11902=CARTESIAN_POINT('',(4.380288131,20.771464793,6.721082869));
#11903=DIRECTION('',(0.,1.,0.));
#11904=DIRECTION('',(0.,-0.,1.));
#11905=AXIS2_PLACEMENT_3D('',#11902,#11903,#11904);
#11906=CYLINDRICAL_SURFACE('',#11905,0.5);
#11907=ORIENTED_EDGE('',*,*,#11862,.T.);
#11908=ORIENTED_EDGE('',*,*,#1349,.F.);
#11909=ORIENTED_EDGE('',*,*,#1615,.T.);
#11910=ORIENTED_EDGE('',*,*,#5074,.F.);
#11911=EDGE_LOOP('',(#11907,#11908,#11909,#11910));
#11912=FACE_BOUND('',#11911,.T.);
#11913=ADVANCED_FACE('',(#11912),#11906,.F.);
#11914=CARTESIAN_POINT('',(3.107460304,20.771464793,7.455950357));
#11915=DIRECTION('',(0.,1.,0.));
#11916=DIRECTION('',(0.,-0.,1.));
#11917=AXIS2_PLACEMENT_3D('',#11914,#11915,#11916);
#11918=CYLINDRICAL_SURFACE('',#11917,0.5);
#11919=CARTESIAN_POINT('',(3.107460304,23.930781998,7.955957883));
#11920=VERTEX_POINT('',#11919);
#11921=CARTESIAN_POINT('',(3.107460304,23.930781998,7.955950357));
#11922=DIRECTION('',(-0.,-1.,-0.));
#11923=VECTOR('',#11922,1.759317204);
#11924=LINE('',#11921,#11923);
#11925=EDGE_CURVE('',#11920,#1317,#11924,.T.);
#11926=ORIENTED_EDGE('',*,*,#11925,.F.);
#11927=CARTESIAN_POINT('',(2.776879421,24.068066011,7.831072044));
#11928=CARTESIAN_POINT('',(2.817681703,24.068066011,7.867029588));
#11929=CARTESIAN_POINT('',(2.863258178,24.05799601,7.895211816));
#11930=CARTESIAN_POINT('',(2.909969248,24.040438315,7.915294763));
#11931=CARTESIAN_POINT('',(2.956680319,24.022880621,7.935377709));
#11932=CARTESIAN_POINT('',(3.004128787,23.998070161,7.947260083));
#11933=CARTESIAN_POINT('',(3.049232189,23.969842849,7.95254827));
#11934=CARTESIAN_POINT('',(3.094335592,23.941615537,7.957836456));
#11935=CARTESIAN_POINT('',(3.137887459,23.909585806,7.956762936));
#11936=CARTESIAN_POINT('',(3.179157481,23.875640715,7.950783172));
#11937=CARTESIAN_POINT('',(3.220427502,23.841695623,7.944803409));
#11938=CARTESIAN_POINT('',(3.259094368,23.806145164,7.934032685));
#11939=CARTESIAN_POINT('',(3.295635657,23.769327838,7.919188996));
#11940=B_SPLINE_CURVE_WITH_KNOTS('',3,(#11927,#11928,#11929,#11930,#11931,#11932,#11933,#11934,#11935,#11936,#11937,#11938,#11939),.UNSPECIFIED.,.F.,.F.,(4,3,3,3,4),(0.,0.000160182,0.000320365,0.000480547,0.000640729),.UNSPECIFIED.);
#11941=EDGE_CURVE('',#11920,#5078,#11940,.T.);
#11942=ORIENTED_EDGE('',*,*,#11941,.T.);
#11943=ORIENTED_EDGE('',*,*,#5084,.F.);
#11944=ORIENTED_EDGE('',*,*,#1600,.T.);
#11945=ORIENTED_EDGE('',*,*,#1332,.F.);
#11946=EDGE_LOOP('',(#11926,#11942,#11943,#11944,#11945));
#11947=FACE_BOUND('',#11946,.T.);
#11948=ADVANCED_FACE('',(#11947),#11918,.F.);
#11949=CARTESIAN_POINT('',(1.5,20.771464793,6.527882718));
#11950=DIRECTION('',(0.,1.,0.));
#11951=DIRECTION('',(0.,-0.,1.));
#11952=AXIS2_PLACEMENT_3D('',#11949,#11950,#11951);
#11953=CYLINDRICAL_SURFACE('',#11952,0.5);
#11954=ORIENTED_EDGE('',*,*,#11825,.T.);
#11955=ORIENTED_EDGE('',*,*,#1384,.F.);
#11956=ORIENTED_EDGE('',*,*,#11877,.T.);
#11957=ORIENTED_EDGE('',*,*,#5016,.F.);
#11958=CARTESIAN_POINT('',(1.004735894,23.769327838,6.596537401));
#11959=CARTESIAN_POINT('',(1.015385564,23.841744888,6.673379853));
#11960=CARTESIAN_POINT('',(1.044201183,23.912564892,6.75277768));
#11961=CARTESIAN_POINT('',(1.098629362,23.969406846,6.82604645));
#11962=CARTESIAN_POINT('',(1.125843451,23.997827824,6.862680834));
#11963=CARTESIAN_POINT('',(1.160246323,24.022896844,6.898208752));
#11964=CARTESIAN_POINT('',(1.200902394,24.040421417,6.928557925));
#11965=CARTESIAN_POINT('',(1.241558464,24.05794599,6.958907098));
#11966=CARTESIAN_POINT('',(1.28941485,24.068066013,6.984556648));
#11967=CARTESIAN_POINT('',(1.340425532,24.068066011,7.001735004));
#11968=B_SPLINE_CURVE_WITH_KNOTS('',3,(#11958,#11959,#11960,#11961,#11962,#11963,#11964,#11965,#11966,#11967),.UNSPECIFIED.,.F.,.F.,(4,3,3,4),(0.003399413,0.003721466,0.003882493,0.00404352),.UNSPECIFIED.);
#11969=EDGE_CURVE('',#5001,#11820,#11968,.T.);
#11970=ORIENTED_EDGE('',*,*,#11969,.T.);
#11971=EDGE_LOOP('',(#11954,#11955,#11956,#11957,#11970));
#11972=FACE_BOUND('',#11971,.T.);
#11973=ADVANCED_FACE('',(#11972),#11953,.F.);
#11974=CARTESIAN_POINT('',(0.,25.368150078,10.982094208));
#11975=DIRECTION('',(0.,-1.,0.));
#11976=DIRECTION('',(0.,0.,-1.));
#11977=AXIS2_PLACEMENT_3D('',#11974,#11975,#11976);
#11978=CONICAL_SURFACE('',#11977,2.898001821,45.042147224);
#11979=CARTESIAN_POINT('',(0.,23.769327838,6.482916203));
#11980=DIRECTION('',(-0.,0.706586437,0.707626743));
#11981=VECTOR('',#11980,1.391122139);
#11982=LINE('',#11979,#11981);
#11983=EDGE_CURVE('',#4992,#156,#11982,.T.);
#11984=ORIENTED_EDGE('',*,*,#11983,.T.);
#11985=ORIENTED_EDGE('',*,*,#179,.F.);
#11986=ORIENTED_EDGE('',*,*,#172,.F.);
#11987=ORIENTED_EDGE('',*,*,#11983,.F.);
#11988=ORIENTED_EDGE('',*,*,#4998,.F.);
#11989=ORIENTED_EDGE('',*,*,#11783,.F.);
#11990=ORIENTED_EDGE('',*,*,#11676,.F.);
#11991=ORIENTED_EDGE('',*,*,#11809,.F.);
#11992=ORIENTED_EDGE('',*,*,#4891,.F.);
#11993=ORIENTED_EDGE('',*,*,#11499,.F.);
#11994=ORIENTED_EDGE('',*,*,#11392,.F.);
#11995=ORIENTED_EDGE('',*,*,#11525,.F.);
#11996=ORIENTED_EDGE('',*,*,#4784,.F.);
#11997=ORIENTED_EDGE('',*,*,#11625,.F.);
#11998=ORIENTED_EDGE('',*,*,#1513,.F.);
#11999=ORIENTED_EDGE('',*,*,#11651,.F.);
#12000=ORIENTED_EDGE('',*,*,#4677,.F.);
#12001=ORIENTED_EDGE('',*,*,#5305,.F.);
#12002=ORIENTED_EDGE('',*,*,#11183,.F.);
#12003=ORIENTED_EDGE('',*,*,#11076,.F.);
#12004=ORIENTED_EDGE('',*,*,#11209,.F.);
#12005=ORIENTED_EDGE('',*,*,#5200,.F.);
#12006=ORIENTED_EDGE('',*,*,#11341,.F.);
#12007=ORIENTED_EDGE('',*,*,#11234,.F.);
#12008=ORIENTED_EDGE('',*,*,#11367,.F.);
#12009=ORIENTED_EDGE('',*,*,#5093,.F.);
#12010=ORIENTED_EDGE('',*,*,#11941,.F.);
#12011=CARTESIAN_POINT('',(2.776879421,24.068066011,7.831072044));
#12012=CARTESIAN_POINT('',(2.817681703,24.068066011,7.867029588));
#12013=CARTESIAN_POINT('',(2.863258178,24.05799601,7.895211816));
#12014=CARTESIAN_POINT('',(2.909969248,24.040438315,7.915294763));
#12015=CARTESIAN_POINT('',(2.956680319,24.022880621,7.935377709));
#12016=CARTESIAN_POINT('',(3.004128787,23.998070161,7.947260083));
#12017=CARTESIAN_POINT('',(3.049232189,23.969842849,7.95254827));
#12018=CARTESIAN_POINT('',(3.094335592,23.941615537,7.957836456));
#12019=CARTESIAN_POINT('',(3.137887459,23.909585806,7.956762936));
#12020=CARTESIAN_POINT('',(3.179157481,23.875640715,7.950783172));
#12021=CARTESIAN_POINT('',(3.220427502,23.841695623,7.944803409));
#12022=CARTESIAN_POINT('',(3.259094368,23.806145164,7.934032685));
#12023=CARTESIAN_POINT('',(3.295635657,23.769327838,7.919188996));
#12024=B_SPLINE_CURVE_WITH_KNOTS('',3,(#12011,#12012,#12013,#12014,#12015,#12016,#12017,#12018,#12019,#12020,#12021,#12022,#12023),.UNSPECIFIED.,.F.,.F.,(4,3,3,3,4),(0.,0.000160182,0.000320365,0.000480547,0.000640729),.UNSPECIFIED.);
#12025=EDGE_CURVE('',#11828,#11920,#12024,.T.);
#12026=ORIENTED_EDGE('',*,*,#12025,.F.);
#12027=ORIENTED_EDGE('',*,*,#11834,.F.);
#12028=ORIENTED_EDGE('',*,*,#11969,.F.);
#12029=ORIENTED_EDGE('',*,*,#5007,.F.);
#12030=EDGE_LOOP('',(#11984,#11985,#11986,#11987,#11988,#11989,#11990,#11991,#11992,#11993,#11994,#11995,#11996,#11997,#11998,#11999,#12000,#12001,#12002,#12003,#12004,#12005,#12006,#12007,#12008,#12009,
#12010,#12026,#12027,#12028,#12029));
#12031=FACE_BOUND('',#12030,.T.);
#12032=ADVANCED_FACE('',(#12031),#11978,.T.);
#12033=CARTESIAN_POINT('',(-1.366793097,24.030489495,9.017351385));
#12034=CARTESIAN_POINT('',(-1.676423778,24.030489495,9.627509962));
#12035=CARTESIAN_POINT('',(-1.98605446,24.030489495,10.237668539));
#12036=CARTESIAN_POINT('',(-2.295685142,24.030489495,10.847827117));
#12037=CARTESIAN_POINT('',(-1.355148394,24.035107778,9.023260598));
#12038=CARTESIAN_POINT('',(-1.664779076,24.035107778,9.633419175));
#12039=CARTESIAN_POINT('',(-1.974409758,24.035107778,10.243577753));
#12040=CARTESIAN_POINT('',(-2.28404044,24.035107778,10.85373633));
#12041=CARTESIAN_POINT('',(-1.343074525,24.041991688,9.029387596));
#12042=CARTESIAN_POINT('',(-1.652705207,24.041991688,9.639546173));
#12043=CARTESIAN_POINT('',(-1.962335888,24.041991688,10.249704751));
#12044=CARTESIAN_POINT('',(-2.27196657,24.041991688,10.859863328));
#12045=CARTESIAN_POINT('',(-1.331156211,24.052015494,9.035435656));
#12046=CARTESIAN_POINT('',(-1.640786893,24.052015494,9.645594233));
#12047=CARTESIAN_POINT('',(-1.950417575,24.052015494,10.255752811));
#12048=CARTESIAN_POINT('',(-2.260048257,24.052015494,10.865911388));
#12049=CARTESIAN_POINT('',(-1.316888201,24.064015494,9.042676091));
#12050=CARTESIAN_POINT('',(-1.626518883,24.064015494,9.652834668));
#12051=CARTESIAN_POINT('',(-1.936149565,24.064015494,10.262993246));
#12052=CARTESIAN_POINT('',(-2.245780247,24.064015494,10.873151823));
#12053=CARTESIAN_POINT('',(-1.303262005,24.080666013,9.049590832));
#12054=CARTESIAN_POINT('',(-1.612892687,24.080666013,9.659749409));
#12055=CARTESIAN_POINT('',(-1.922523369,24.080666013,10.269907987));
#12056=CARTESIAN_POINT('',(-2.232154051,24.080666013,10.880066564));
#12057=CARTESIAN_POINT('',(-1.29338795,24.101427259,9.054601513));
#12058=CARTESIAN_POINT('',(-1.603018632,24.101427259,9.664760091));
#12059=CARTESIAN_POINT('',(-1.912649314,24.101427259,10.274918668));
#12060=CARTESIAN_POINT('',(-2.222279996,24.101427259,10.885077246));
#12061=CARTESIAN_POINT('',(-1.283513895,24.122188504,9.059612195));
#12062=CARTESIAN_POINT('',(-1.593144577,24.122188504,9.669770773));
#12063=CARTESIAN_POINT('',(-1.902775259,24.122188504,10.27992935));
#12064=CARTESIAN_POINT('',(-2.212405941,24.122188504,10.890087927));
#12065=CARTESIAN_POINT('',(-1.277651175,24.147015494,9.062587287));
#12066=CARTESIAN_POINT('',(-1.587281856,24.147015494,9.672745865));
#12067=CARTESIAN_POINT('',(-1.896912538,24.147015494,10.282904442));
#12068=CARTESIAN_POINT('',(-2.20654322,24.147015494,10.89306302));
#12069=CARTESIAN_POINT('',(-1.277651175,24.172015494,9.062587287));
#12070=CARTESIAN_POINT('',(-1.587281856,24.172015494,9.672745865));
#12071=CARTESIAN_POINT('',(-1.896912538,24.172015494,10.282904442));
#12072=CARTESIAN_POINT('',(-2.20654322,24.172015494,10.89306302));
#12073=CARTESIAN_POINT('',(-1.277651175,24.197015494,9.062587287));
#12074=CARTESIAN_POINT('',(-1.587281856,24.197015494,9.672745865));
#12075=CARTESIAN_POINT('',(-1.896912538,24.197015494,10.282904442));
#12076=CARTESIAN_POINT('',(-2.20654322,24.197015494,10.89306302));
#12077=CARTESIAN_POINT('',(-1.283513895,24.221842484,9.059612195));
#12078=CARTESIAN_POINT('',(-1.593144577,24.221842484,9.669770773));
#12079=CARTESIAN_POINT('',(-1.902775259,24.221842484,10.27992935));
#12080=CARTESIAN_POINT('',(-2.212405941,24.221842484,10.890087927));
#12081=CARTESIAN_POINT('',(-1.29338795,24.242603729,9.054601513));
#12082=CARTESIAN_POINT('',(-1.603018632,24.242603729,9.664760091));
#12083=CARTESIAN_POINT('',(-1.912649314,24.242603729,10.274918668));
#12084=CARTESIAN_POINT('',(-2.222279996,24.242603729,10.885077246));
#12085=CARTESIAN_POINT('',(-1.303262005,24.263364975,9.049590832));
#12086=CARTESIAN_POINT('',(-1.612892687,24.263364975,9.659749409));
#12087=CARTESIAN_POINT('',(-1.922523369,24.263364975,10.269907987));
#12088=CARTESIAN_POINT('',(-2.232154051,24.263364975,10.880066564));
#12089=CARTESIAN_POINT('',(-1.316888201,24.280015494,9.042676091));
#12090=CARTESIAN_POINT('',(-1.626518883,24.280015494,9.652834668));
#12091=CARTESIAN_POINT('',(-1.936149565,24.280015494,10.262993246));
#12092=CARTESIAN_POINT('',(-2.245780247,24.280015494,10.873151823));
#12093=CARTESIAN_POINT('',(-1.331156211,24.292015494,9.035435656));
#12094=CARTESIAN_POINT('',(-1.640786893,24.292015494,9.645594233));
#12095=CARTESIAN_POINT('',(-1.950417575,24.292015494,10.255752811));
#12096=CARTESIAN_POINT('',(-2.260048257,24.292015494,10.865911388));
#12097=CARTESIAN_POINT('',(-1.343074538,24.302039312,9.029387589));
#12098=CARTESIAN_POINT('',(-1.65270522,24.302039312,9.639546166));
#12099=CARTESIAN_POINT('',(-1.962335902,24.302039312,10.249704744));
#12100=CARTESIAN_POINT('',(-2.271966584,24.302039312,10.859863321));
#12101=CARTESIAN_POINT('',(-1.355148422,24.308923226,9.023260584));
#12102=CARTESIAN_POINT('',(-1.664779104,24.308923226,9.633419161));
#12103=CARTESIAN_POINT('',(-1.974409786,24.308923226,10.243577739));
#12104=CARTESIAN_POINT('',(-2.284040468,24.308923226,10.853736316));
#12105=CARTESIAN_POINT('',(-1.366793137,24.313541509,9.017351364));
#12106=CARTESIAN_POINT('',(-1.676423819,24.313541509,9.627509942));
#12107=CARTESIAN_POINT('',(-1.986054501,24.313541509,10.237668519));
#12108=CARTESIAN_POINT('',(-2.295685183,24.313541509,10.847827096));
#12109=B_SPLINE_SURFACE_WITH_KNOTS('',3,3,((#12033,#12034,#12035,#12036),(#12037,#12038,#12039,#12040),(#12041,#12042,#12043,#12044),(#12045,#12046,#12047,#12048),(#12049,#12050,#12051,#12052),(#12053,#12054,#12055,#12056),(#12057,#12058,#12059,#12060),(#12061,#12062,#12063,#12064),(#12065,#12066,#12067,#12068),(#12069,#12070,#12071,#12072),(#12073,#12074,#12075,#12076),(#12077,#12078,#12079,#12080),(#12081,#12082,#12083,#12084),(#12085,#12086,#12087,#12088),(#12089,#12090,#12091,#12092),(#12093,#12094,#12095,#12096),(#12097,#12098,#12099,#12100),(#12101,#12102,#12103,#12104),(#12105,#12106,#12107,#12108)),.UNSPECIFIED.,.F.,.F.,.U.,(4,3,3,3,3,3,4),(4,4),(0.072792676,0.125,0.1875,0.25,0.3125,0.375,0.427207385),(0.190684311,0.824858161),.UNSPECIFIED.);
#12110=CARTESIAN_POINT('',(-2.295718281,24.31343685,10.847810301));
#12111=VERTEX_POINT('',#12110);
#12112=CARTESIAN_POINT('',(-2.295718281,24.31343685,10.847810301));
#12113=CARTESIAN_POINT('',(-2.263085892,24.304714554,10.838013388));
#12114=CARTESIAN_POINT('',(-2.231322372,24.289027445,10.828477327));
#12115=CARTESIAN_POINT('',(-2.206292734,24.265134525,10.820962916));
#12116=CARTESIAN_POINT('',(-2.181263095,24.241241605,10.813448505));
#12117=CARTESIAN_POINT('',(-2.163367893,24.207185948,10.808075999));
#12118=CARTESIAN_POINT('',(-2.16342451,24.17183391,10.808092996));
#12119=CARTESIAN_POINT('',(-2.163481126,24.136481873,10.808109993));
#12120=CARTESIAN_POINT('',(-2.181314485,24.102701978,10.813463934));
#12121=CARTESIAN_POINT('',(-2.206389119,24.07880453,10.820991853));
#12122=CARTESIAN_POINT('',(-2.231463752,24.054907081,10.828519772));
#12123=CARTESIAN_POINT('',(-2.263094474,24.039314048,10.838015964));
#12124=CARTESIAN_POINT('',(-2.295718281,24.030594138,10.847810301));
#12125=B_SPLINE_CURVE_WITH_KNOTS('',3,(#12112,#12113,#12114,#12115,#12116,#12117,#12118,#12119,#12120,#12121,#12122,#12123,#12124),.UNSPECIFIED.,.F.,.F.,(4,3,3,3,4),(0.000067084,0.0001723,0.000277515,0.00038273,0.000487946),.UNSPECIFIED.);
#12126=EDGE_CURVE('',#12111,#585,#12125,.T.);
#12127=ORIENTED_EDGE('',*,*,#12126,.T.);
#12128=ORIENTED_EDGE('',*,*,#592,.T.);
#12129=CARTESIAN_POINT('',(-1.366826235,24.31343685,9.017334568));
#12130=VERTEX_POINT('',#12129);
#12131=CARTESIAN_POINT('',(-1.366826235,24.313436851,9.017334568));
#12132=CARTESIAN_POINT('',(-1.356848281,24.304916111,9.050918325));
#12133=CARTESIAN_POINT('',(-1.347063752,24.289802219,9.083851054));
#12134=CARTESIAN_POINT('',(-1.339166727,24.266138648,9.110430828));
#12135=CARTESIAN_POINT('',(-1.331269702,24.242475078,9.137010602));
#12136=CARTESIAN_POINT('',(-1.325415174,24.208358795,9.156715749));
#12137=CARTESIAN_POINT('',(-1.325416049,24.172006772,9.156712803));
#12138=CARTESIAN_POINT('',(-1.325416487,24.15383076,9.15671133));
#12139=CARTESIAN_POINT('',(-1.326855217,24.135613344,9.151868859));
#12140=CARTESIAN_POINT('',(-1.32934186,24.119534881,9.143499325));
#12141=CARTESIAN_POINT('',(-1.331828503,24.103456419,9.135129791));
#12142=CARTESIAN_POINT('',(-1.335285895,24.089484345,9.123492916));
#12143=CARTESIAN_POINT('',(-1.339226981,24.077712073,9.110228025));
#12144=CARTESIAN_POINT('',(-1.347109153,24.054167527,9.083698242));
#12145=CARTESIAN_POINT('',(-1.356837947,24.039122883,9.050953107));
#12146=CARTESIAN_POINT('',(-1.366826235,24.030594138,9.017334568));
#12147=B_SPLINE_CURVE_WITH_KNOTS('',3,(#12131,#12132,#12133,#12134,#12135,#12136,#12137,#12138,#12139,#12140,#12141,#12142,#12143,#12144,#12145,#12146),.UNSPECIFIED.,.F.,.F.,(4,3,3,3,3,4),(0.000070663,0.00017862,0.000286577,0.000340555,0.000394534,0.000502491),.UNSPECIFIED.);
#12148=EDGE_CURVE('',#12130,#587,#12147,.T.);
#12149=ORIENTED_EDGE('',*,*,#12148,.F.);
#12150=CARTESIAN_POINT('',(-1.366826235,24.31343685,9.017334568));
#12151=DIRECTION('',(-0.452527192,0.,0.891750604));
#12152=VECTOR('',#12151,2.05267675);
#12153=LINE('',#12150,#12152);
#12154=EDGE_CURVE('',#12130,#12111,#12153,.T.);
#12155=ORIENTED_EDGE('',*,*,#12154,.T.);
#12156=EDGE_LOOP('',(#12127,#12128,#12149,#12155));
#12157=FACE_BOUND('',#12156,.T.);
#12158=ADVANCED_FACE('',(#12157),#12109,.T.);
#12159=CARTESIAN_POINT('',(-2.295699907,24.030489479,10.847778052));
#12160=CARTESIAN_POINT('',(-2.141092886,24.030489479,10.935865617));
#12161=CARTESIAN_POINT('',(-1.986485865,24.030489479,11.023953183));
#12162=CARTESIAN_POINT('',(-1.831878843,24.030489479,11.112040748));
#12163=CARTESIAN_POINT('',(-2.289235544,24.035107762,10.836432115));
#12164=CARTESIAN_POINT('',(-2.134628523,24.035107762,10.924519681));
#12165=CARTESIAN_POINT('',(-1.980021502,24.035107762,11.012607246));
#12166=CARTESIAN_POINT('',(-1.825414481,24.035107762,11.100694812));
#12167=CARTESIAN_POINT('',(-2.282532935,24.041991676,10.824668022));
#12168=CARTESIAN_POINT('',(-2.127925914,24.041991676,10.912755587));
#12169=CARTESIAN_POINT('',(-1.973318893,24.041991676,11.000843153));
#12170=CARTESIAN_POINT('',(-1.818711872,24.041991676,11.088930718));
#12171=CARTESIAN_POINT('',(-2.275916681,24.052015494,10.813055493));
#12172=CARTESIAN_POINT('',(-2.12130966,24.052015494,10.901143059));
#12173=CARTESIAN_POINT('',(-1.966702639,24.052015494,10.989230624));
#12174=CARTESIAN_POINT('',(-1.812095617,24.052015494,11.07731819));
#12175=CARTESIAN_POINT('',(-2.267996041,24.064015494,10.79915357));
#12176=CARTESIAN_POINT('',(-2.11338902,24.064015494,10.887241136));
#12177=CARTESIAN_POINT('',(-1.958781999,24.064015494,10.975328701));
#12178=CARTESIAN_POINT('',(-1.804174977,24.064015494,11.063416267));
#12179=CARTESIAN_POINT('',(-2.260431693,24.080666013,10.785876993));
#12180=CARTESIAN_POINT('',(-2.105824672,24.080666013,10.873964559));
#12181=CARTESIAN_POINT('',(-1.95121765,24.080666013,10.962052124));
#12182=CARTESIAN_POINT('',(-1.796610629,24.080666013,11.05013969));
#12183=CARTESIAN_POINT('',(-2.254950281,24.101427259,10.776256285));
#12184=CARTESIAN_POINT('',(-2.10034326,24.101427259,10.864343851));
#12185=CARTESIAN_POINT('',(-1.945736239,24.101427259,10.952431416));
#12186=CARTESIAN_POINT('',(-1.791129218,24.101427259,11.040518982));
#12187=CARTESIAN_POINT('',(-2.249468869,24.122188504,10.766635577));
#12188=CARTESIAN_POINT('',(-2.094861848,24.122188504,10.854723143));
#12189=CARTESIAN_POINT('',(-1.940254827,24.122188504,10.942810708));
#12190=CARTESIAN_POINT('',(-1.785647806,24.122188504,11.030898274));
#12191=CARTESIAN_POINT('',(-2.246214281,24.147015494,10.760923282));
#12192=CARTESIAN_POINT('',(-2.09160726,24.147015494,10.849010847));
#12193=CARTESIAN_POINT('',(-1.937000239,24.147015494,10.937098413));
#12194=CARTESIAN_POINT('',(-1.782393218,24.147015494,11.025185979));
#12195=CARTESIAN_POINT('',(-2.246214281,24.172015494,10.760923282));
#12196=CARTESIAN_POINT('',(-2.09160726,24.172015494,10.849010847));
#12197=CARTESIAN_POINT('',(-1.937000239,24.172015494,10.937098413));
#12198=CARTESIAN_POINT('',(-1.782393218,24.172015494,11.025185979));
#12199=CARTESIAN_POINT('',(-2.246214281,24.197015494,10.760923282));
#12200=CARTESIAN_POINT('',(-2.09160726,24.197015494,10.849010847));
#12201=CARTESIAN_POINT('',(-1.937000239,24.197015494,10.937098413));
#12202=CARTESIAN_POINT('',(-1.782393218,24.197015494,11.025185979));
#12203=CARTESIAN_POINT('',(-2.249468869,24.221842484,10.766635577));
#12204=CARTESIAN_POINT('',(-2.094861848,24.221842484,10.854723143));
#12205=CARTESIAN_POINT('',(-1.940254827,24.221842484,10.942810708));
#12206=CARTESIAN_POINT('',(-1.785647806,24.221842484,11.030898274));
#12207=CARTESIAN_POINT('',(-2.254950281,24.242603729,10.776256285));
#12208=CARTESIAN_POINT('',(-2.10034326,24.242603729,10.864343851));
#12209=CARTESIAN_POINT('',(-1.945736239,24.242603729,10.952431416));
#12210=CARTESIAN_POINT('',(-1.791129218,24.242603729,11.040518982));
#12211=CARTESIAN_POINT('',(-2.260431693,24.263364975,10.785876993));
#12212=CARTESIAN_POINT('',(-2.105824672,24.263364975,10.873964559));
#12213=CARTESIAN_POINT('',(-1.95121765,24.263364975,10.962052124));
#12214=CARTESIAN_POINT('',(-1.796610629,24.263364975,11.05013969));
#12215=CARTESIAN_POINT('',(-2.267996041,24.280015494,10.79915357));
#12216=CARTESIAN_POINT('',(-2.11338902,24.280015494,10.887241136));
#12217=CARTESIAN_POINT('',(-1.958781999,24.280015494,10.975328701));
#12218=CARTESIAN_POINT('',(-1.804174977,24.280015494,11.063416267));
#12219=CARTESIAN_POINT('',(-2.275916681,24.292015494,10.813055493));
#12220=CARTESIAN_POINT('',(-2.12130966,24.292015494,10.901143059));
#12221=CARTESIAN_POINT('',(-1.966702639,24.292015494,10.989230624));
#12222=CARTESIAN_POINT('',(-1.812095617,24.292015494,11.07731819));
#12223=CARTESIAN_POINT('',(-2.28253295,24.302039335,10.824668049));
#12224=CARTESIAN_POINT('',(-2.127925929,24.302039335,10.912755614));
#12225=CARTESIAN_POINT('',(-1.973318908,24.302039335,11.00084318));
#12226=CARTESIAN_POINT('',(-1.818711887,24.302039335,11.088930745));
#12227=CARTESIAN_POINT('',(-2.289235575,24.308923258,10.83643217));
#12228=CARTESIAN_POINT('',(-2.134628554,24.308923258,10.924519735));
#12229=CARTESIAN_POINT('',(-1.980021533,24.308923258,11.012607301));
#12230=CARTESIAN_POINT('',(-1.825414511,24.308923258,11.100694866));
#12231=CARTESIAN_POINT('',(-2.295699952,24.313541541,10.84777813));
#12232=CARTESIAN_POINT('',(-2.14109293,24.313541541,10.935865696));
#12233=CARTESIAN_POINT('',(-1.986485909,24.313541541,11.023953261));
#12234=CARTESIAN_POINT('',(-1.831878888,24.313541541,11.112040827));
#12235=B_SPLINE_SURFACE_WITH_KNOTS('',3,3,((#12159,#12160,#12161,#12162),(#12163,#12164,#12165,#12166),(#12167,#12168,#12169,#12170),(#12171,#12172,#12173,#12174),(#12175,#12176,#12177,#12178),(#12179,#12180,#12181,#12182),(#12183,#12184,#12185,#12186),(#12187,#12188,#12189,#12190),(#12191,#12192,#12193,#12194),(#12195,#12196,#12197,#12198),(#12199,#12200,#12201,#12202),(#12203,#12204,#12205,#12206),(#12207,#12208,#12209,#12210),(#12211,#12212,#12213,#12214),(#12215,#12216,#12217,#12218),(#12219,#12220,#12221,#12222),(#12223,#12224,#12225,#12226),(#12227,#12228,#12229,#12230),(#12231,#12232,#12233,#12234)),.UNSPECIFIED.,.F.,.F.,.U.,(4,3,3,3,3,3,4),(4,4),(0.072792615,0.125,0.1875,0.25,0.3125,0.375,0.427207505),(0.443125274,0.860397956),.UNSPECIFIED.);
#12236=CARTESIAN_POINT('',(-1.855445278,24.31343685,11.098656457));
#12237=VERTEX_POINT('',#12236);
#12238=CARTESIAN_POINT('',(-1.855445278,24.31343685,11.098656457));
#12239=CARTESIAN_POINT('',(-1.834544882,24.303321431,11.077636212));
#12240=CARTESIAN_POINT('',(-1.815957787,24.284323518,11.058942532));
#12241=CARTESIAN_POINT('',(-1.802907754,24.259399395,11.045817666));
#12242=CARTESIAN_POINT('',(-1.789857721,24.234475273,11.0326928));
#12243=CARTESIAN_POINT('',(-1.782389695,24.203278213,11.02518195));
#12244=CARTESIAN_POINT('',(-1.782393527,24.171990342,11.025185804));
#12245=CARTESIAN_POINT('',(-1.78239736,24.14070247,11.025189659));
#12246=CARTESIAN_POINT('',(-1.789767257,24.109763562,11.032601817));
#12247=CARTESIAN_POINT('',(-1.802865465,24.084712416,11.045775135));
#12248=CARTESIAN_POINT('',(-1.815963673,24.05966127,11.058948452));
#12249=CARTESIAN_POINT('',(-1.834735113,24.040618431,11.077827534));
#12250=CARTESIAN_POINT('',(-1.855445278,24.030594138,11.098656457));
#12251=B_SPLINE_CURVE_WITH_KNOTS('',3,(#12238,#12239,#12240,#12241,#12242,#12243,#12244,#12245,#12246,#12247,#12248,#12249,#12250),.UNSPECIFIED.,.F.,.F.,(4,3,3,3,4),(0.0000491,0.000142145,0.00023519,0.000328234,0.000421279),.UNSPECIFIED.);
#12252=EDGE_CURVE('',#12237,#707,#12251,.T.);
#12253=ORIENTED_EDGE('',*,*,#12252,.T.);
#12254=ORIENTED_EDGE('',*,*,#792,.T.);
#12255=ORIENTED_EDGE('',*,*,#12126,.F.);
#12256=CARTESIAN_POINT('',(-2.295718281,24.31343685,10.847810301));
#12257=DIRECTION('',(0.868870186,0.,0.495039998));
#12258=VECTOR('',#12257,0.506718967);
#12259=LINE('',#12256,#12258);
#12260=EDGE_CURVE('',#12111,#12237,#12259,.T.);
#12261=ORIENTED_EDGE('',*,*,#12260,.T.);
#12262=EDGE_LOOP('',(#12253,#12254,#12255,#12261));
#12263=FACE_BOUND('',#12262,.T.);
#12264=ADVANCED_FACE('',(#12263),#12235,.T.);
#12265=CARTESIAN_POINT('',(-0.823973178,24.030489447,9.33079368));
#12266=CARTESIAN_POINT('',(-1.004930368,24.030489447,9.226317998));
#12267=CARTESIAN_POINT('',(-1.185887558,24.030489447,9.121842315));
#12268=CARTESIAN_POINT('',(-1.366844748,24.030489447,9.017366633));
#12269=CARTESIAN_POINT('',(-0.830502324,24.03510773,9.342102493));
#12270=CARTESIAN_POINT('',(-1.011459514,24.03510773,9.23762681));
#12271=CARTESIAN_POINT('',(-1.192416704,24.03510773,9.133151128));
#12272=CARTESIAN_POINT('',(-1.373373894,24.03510773,9.028675446));
#12273=CARTESIAN_POINT('',(-0.837272104,24.041991653,9.353828097));
#12274=CARTESIAN_POINT('',(-1.018229294,24.041991653,9.249352414));
#12275=CARTESIAN_POINT('',(-1.199186484,24.041991653,9.144876732));
#12276=CARTESIAN_POINT('',(-1.380143674,24.041991653,9.04040105));
#12277=CARTESIAN_POINT('',(-0.843954665,24.052015494,9.365402631));
#12278=CARTESIAN_POINT('',(-1.024911855,24.052015494,9.260926949));
#12279=CARTESIAN_POINT('',(-1.205869045,24.052015494,9.156451267));
#12280=CARTESIAN_POINT('',(-1.386826235,24.052015494,9.051975584));
#12281=CARTESIAN_POINT('',(-0.851954665,24.064015494,9.379259038));
#12282=CARTESIAN_POINT('',(-1.032911855,24.064015494,9.274783355));
#12283=CARTESIAN_POINT('',(-1.213869045,24.064015494,9.170307673));
#12284=CARTESIAN_POINT('',(-1.394826235,24.064015494,9.065831991));
#12285=CARTESIAN_POINT('',(-0.859594803,24.080666013,9.392492146));
#12286=CARTESIAN_POINT('',(-1.040551993,24.080666013,9.288016463));
#12287=CARTESIAN_POINT('',(-1.221509183,24.080666013,9.183540781));
#12288=CARTESIAN_POINT('',(-1.402466373,24.080666013,9.079065099));
#12289=CARTESIAN_POINT('',(-0.865131135,24.101427259,9.402081354));
#12290=CARTESIAN_POINT('',(-1.046088325,24.101427259,9.297605672));
#12291=CARTESIAN_POINT('',(-1.227045515,24.101427259,9.19312999));
#12292=CARTESIAN_POINT('',(-1.408002706,24.101427259,9.088654307));
#12293=CARTESIAN_POINT('',(-0.870667468,24.122188504,9.411670563));
#12294=CARTESIAN_POINT('',(-1.051624658,24.122188504,9.307194881));
#12295=CARTESIAN_POINT('',(-1.232581848,24.122188504,9.202719198));
#12296=CARTESIAN_POINT('',(-1.413539038,24.122188504,9.098243516));
#12297=CARTESIAN_POINT('',(-0.873954665,24.147015494,9.417364156));
#12298=CARTESIAN_POINT('',(-1.054911855,24.147015494,9.312888473));
#12299=CARTESIAN_POINT('',(-1.235869045,24.147015494,9.208412791));
#12300=CARTESIAN_POINT('',(-1.416826235,24.147015494,9.103937108));
#12301=CARTESIAN_POINT('',(-0.873954665,24.172015494,9.417364156));
#12302=CARTESIAN_POINT('',(-1.054911855,24.172015494,9.312888473));
#12303=CARTESIAN_POINT('',(-1.235869045,24.172015494,9.208412791));
#12304=CARTESIAN_POINT('',(-1.416826235,24.172015494,9.103937108));
#12305=CARTESIAN_POINT('',(-0.873954665,24.197015494,9.417364156));
#12306=CARTESIAN_POINT('',(-1.054911855,24.197015494,9.312888473));
#12307=CARTESIAN_POINT('',(-1.235869045,24.197015494,9.208412791));
#12308=CARTESIAN_POINT('',(-1.416826235,24.197015494,9.103937108));
#12309=CARTESIAN_POINT('',(-0.870667468,24.221842484,9.411670563));
#12310=CARTESIAN_POINT('',(-1.051624658,24.221842484,9.307194881));
#12311=CARTESIAN_POINT('',(-1.232581848,24.221842484,9.202719198));
#12312=CARTESIAN_POINT('',(-1.413539038,24.221842484,9.098243516));
#12313=CARTESIAN_POINT('',(-0.865131135,24.242603729,9.402081354));
#12314=CARTESIAN_POINT('',(-1.046088325,24.242603729,9.297605672));
#12315=CARTESIAN_POINT('',(-1.227045515,24.242603729,9.19312999));
#12316=CARTESIAN_POINT('',(-1.408002706,24.242603729,9.088654307));
#12317=CARTESIAN_POINT('',(-0.859594803,24.263364975,9.392492146));
#12318=CARTESIAN_POINT('',(-1.040551993,24.263364975,9.288016463));
#12319=CARTESIAN_POINT('',(-1.221509183,24.263364975,9.183540781));
#12320=CARTESIAN_POINT('',(-1.402466373,24.263364975,9.079065099));
#12321=CARTESIAN_POINT('',(-0.851954665,24.280015494,9.379259038));
#12322=CARTESIAN_POINT('',(-1.032911855,24.280015494,9.274783355));
#12323=CARTESIAN_POINT('',(-1.213869045,24.280015494,9.170307673));
#12324=CARTESIAN_POINT('',(-1.394826235,24.280015494,9.065831991));
#12325=CARTESIAN_POINT('',(-0.843954665,24.292015494,9.365402631));
#12326=CARTESIAN_POINT('',(-1.024911855,24.292015494,9.260926949));
#12327=CARTESIAN_POINT('',(-1.205869045,24.292015494,9.156451267));
#12328=CARTESIAN_POINT('',(-1.386826235,24.292015494,9.051975584));
#12329=CARTESIAN_POINT('',(-0.83727212,24.302039312,9.353828123));
#12330=CARTESIAN_POINT('',(-1.01822931,24.302039312,9.249352441));
#12331=CARTESIAN_POINT('',(-1.1991865,24.302039312,9.144876759));
#12332=CARTESIAN_POINT('',(-1.38014369,24.302039312,9.040401076));
#12333=CARTESIAN_POINT('',(-0.830502355,24.308923226,9.342102547));
#12334=CARTESIAN_POINT('',(-1.011459545,24.308923226,9.237626864));
#12335=CARTESIAN_POINT('',(-1.192416735,24.308923226,9.133151182));
#12336=CARTESIAN_POINT('',(-1.373373925,24.308923226,9.0286755));
#12337=CARTESIAN_POINT('',(-0.823973223,24.313541509,9.330793759));
#12338=CARTESIAN_POINT('',(-1.004930413,24.313541509,9.226318076));
#12339=CARTESIAN_POINT('',(-1.185887603,24.313541509,9.121842394));
#12340=CARTESIAN_POINT('',(-1.366844793,24.313541509,9.017366711));
#12341=B_SPLINE_SURFACE_WITH_KNOTS('',3,3,((#12265,#12266,#12267,#12268),(#12269,#12270,#12271,#12272),(#12273,#12274,#12275,#12276),(#12277,#12278,#12279,#12280),(#12281,#12282,#12283,#12284),(#12285,#12286,#12287,#12288),(#12289,#12290,#12291,#12292),(#12293,#12294,#12295,#12296),(#12297,#12298,#12299,#12300),(#12301,#12302,#12303,#12304),(#12305,#12306,#12307,#12308),(#12309,#12310,#12311,#12312),(#12313,#12314,#12315,#12316),(#12317,#12318,#12319,#12320),(#12321,#12322,#12323,#12324),(#12325,#12326,#12327,#12328),(#12329,#12330,#12331,#12332),(#12333,#12334,#12335,#12336),(#12337,#12338,#12339,#12340)),.UNSPECIFIED.,.F.,.F.,.U.,(4,3,3,3,3,3,4),(4,4),(0.072792495,0.125,0.1875,0.25,0.3125,0.375,0.427207385),(0.124989229,0.565889096),.UNSPECIFIED.);
#12342=ORIENTED_EDGE('',*,*,#12148,.T.);
#12343=ORIENTED_EDGE('',*,*,#770,.T.);
#12344=CARTESIAN_POINT('',(-0.847160173,24.31343685,9.317363909));
#12345=VERTEX_POINT('',#12344);
#12346=CARTESIAN_POINT('',(-0.847160173,24.31343685,9.317363909));
#12347=CARTESIAN_POINT('',(-0.854829526,24.303317183,9.345986322));
#12348=CARTESIAN_POINT('',(-0.86164777,24.284310648,9.371432355));
#12349=CARTESIAN_POINT('',(-0.866433763,24.259382943,9.389293925));
#12350=CARTESIAN_POINT('',(-0.871219756,24.234455238,9.407155495));
#12351=CARTESIAN_POINT('',(-0.873957072,24.203292901,9.417371296));
#12352=CARTESIAN_POINT('',(-0.873955091,24.171980086,9.417363904));
#12353=CARTESIAN_POINT('',(-0.873953111,24.140667272,9.417356513));
#12354=CARTESIAN_POINT('',(-0.87125529,24.109793468,9.407288109));
#12355=CARTESIAN_POINT('',(-0.866448191,24.084723241,9.38934777));
#12356=CARTESIAN_POINT('',(-0.861641092,24.059653013,9.371407432));
#12357=CARTESIAN_POINT('',(-0.85476198,24.04062557,9.345734237));
#12358=CARTESIAN_POINT('',(-0.847160173,24.030594138,9.317363909));
#12359=B_SPLINE_CURVE_WITH_KNOTS('',3,(#12346,#12347,#12348,#12349,#12350,#12351,#12352,#12353,#12354,#12355,#12356,#12357,#12358),.UNSPECIFIED.,.F.,.F.,(4,3,3,3,4),(0.000049044,0.000142063,0.000235081,0.0003281,0.000421118),.UNSPECIFIED.);
#12360=EDGE_CURVE('',#12345,#625,#12359,.T.);
#12361=ORIENTED_EDGE('',*,*,#12360,.F.);
#12362=CARTESIAN_POINT('',(-0.847160173,24.31343685,9.317363909));
#12363=DIRECTION('',(-0.866025404,0.,-0.5));
#12364=VECTOR('',#12363,0.600058681);
#12365=LINE('',#12362,#12364);
#12366=EDGE_CURVE('',#12345,#12130,#12365,.T.);
#12367=ORIENTED_EDGE('',*,*,#12366,.T.);
#12368=EDGE_LOOP('',(#12342,#12343,#12361,#12367));
#12369=FACE_BOUND('',#12368,.T.);
#12370=ADVANCED_FACE('',(#12369),#12341,.T.);
#12371=CARTESIAN_POINT('',(-1.868964179,24.030489447,11.075166983));
#12372=CARTESIAN_POINT('',(-1.586797675,24.030489447,11.563893704));
#12373=CARTESIAN_POINT('',(-1.304631171,24.030489447,12.052620425));
#12374=CARTESIAN_POINT('',(-1.022464667,24.030489447,12.541347146));
#12375=CARTESIAN_POINT('',(-1.857655366,24.03510773,11.068637837));
#12376=CARTESIAN_POINT('',(-1.575488862,24.03510773,11.557364558));
#12377=CARTESIAN_POINT('',(-1.293322358,24.03510773,12.046091279));
#12378=CARTESIAN_POINT('',(-1.011155854,24.03510773,12.534818));
#12379=CARTESIAN_POINT('',(-1.845929762,24.041991653,11.061868056));
#12380=CARTESIAN_POINT('',(-1.563763258,24.041991653,11.550594777));
#12381=CARTESIAN_POINT('',(-1.281596754,24.041991653,12.039321498));
#12382=CARTESIAN_POINT('',(-0.99943025,24.041991653,12.528048219));
#12383=CARTESIAN_POINT('',(-1.834355228,24.052015494,11.055185496));
#12384=CARTESIAN_POINT('',(-1.552188724,24.052015494,11.543912216));
#12385=CARTESIAN_POINT('',(-1.27002222,24.052015494,12.032638937));
#12386=CARTESIAN_POINT('',(-0.987855716,24.052015494,12.521365658));
#12387=CARTESIAN_POINT('',(-1.820498821,24.064015494,11.047185496));
#12388=CARTESIAN_POINT('',(-1.538332317,24.064015494,11.535912216));
#12389=CARTESIAN_POINT('',(-1.256165813,24.064015494,12.024638937));
#12390=CARTESIAN_POINT('',(-0.973999309,24.064015494,12.513365658));
#12391=CARTESIAN_POINT('',(-1.807265713,24.080666013,11.039545357));
#12392=CARTESIAN_POINT('',(-1.525099209,24.080666013,11.528272078));
#12393=CARTESIAN_POINT('',(-1.242932705,24.080666013,12.016998799));
#12394=CARTESIAN_POINT('',(-0.960766201,24.080666013,12.50572552));
#12395=CARTESIAN_POINT('',(-1.797676505,24.101427259,11.034009025));
#12396=CARTESIAN_POINT('',(-1.515510001,24.101427259,11.522735746));
#12397=CARTESIAN_POINT('',(-1.233343497,24.101427259,12.011462467));
#12398=CARTESIAN_POINT('',(-0.951176993,24.101427259,12.500189188));
#12399=CARTESIAN_POINT('',(-1.788087296,24.122188504,11.028472693));
#12400=CARTESIAN_POINT('',(-1.505920792,24.122188504,11.517199414));
#12401=CARTESIAN_POINT('',(-1.223754288,24.122188504,12.005926135));
#12402=CARTESIAN_POINT('',(-0.941587784,24.122188504,12.494652856));
#12403=CARTESIAN_POINT('',(-1.782393703,24.147015494,11.025185496));
#12404=CARTESIAN_POINT('',(-1.500227199,24.147015494,11.513912216));
#12405=CARTESIAN_POINT('',(-1.218060696,24.147015494,12.002638937));
#12406=CARTESIAN_POINT('',(-0.935894192,24.147015494,12.491365658));
#12407=CARTESIAN_POINT('',(-1.782393703,24.172015494,11.025185496));
#12408=CARTESIAN_POINT('',(-1.500227199,24.172015494,11.513912216));
#12409=CARTESIAN_POINT('',(-1.218060696,24.172015494,12.002638937));
#12410=CARTESIAN_POINT('',(-0.935894192,24.172015494,12.491365658));
#12411=CARTESIAN_POINT('',(-1.782393703,24.197015494,11.025185496));
#12412=CARTESIAN_POINT('',(-1.500227199,24.197015494,11.513912216));
#12413=CARTESIAN_POINT('',(-1.218060696,24.197015494,12.002638937));
#12414=CARTESIAN_POINT('',(-0.935894192,24.197015494,12.491365658));
#12415=CARTESIAN_POINT('',(-1.788087296,24.221842484,11.028472693));
#12416=CARTESIAN_POINT('',(-1.505920792,24.221842484,11.517199414));
#12417=CARTESIAN_POINT('',(-1.223754288,24.221842484,12.005926135));
#12418=CARTESIAN_POINT('',(-0.941587784,24.221842484,12.494652856));
#12419=CARTESIAN_POINT('',(-1.797676505,24.242603729,11.034009025));
#12420=CARTESIAN_POINT('',(-1.515510001,24.242603729,11.522735746));
#12421=CARTESIAN_POINT('',(-1.233343497,24.242603729,12.011462467));
#12422=CARTESIAN_POINT('',(-0.951176993,24.242603729,12.500189188));
#12423=CARTESIAN_POINT('',(-1.807265713,24.263364975,11.039545357));
#12424=CARTESIAN_POINT('',(-1.525099209,24.263364975,11.528272078));
#12425=CARTESIAN_POINT('',(-1.242932705,24.263364975,12.016998799));
#12426=CARTESIAN_POINT('',(-0.960766201,24.263364975,12.50572552));
#12427=CARTESIAN_POINT('',(-1.820498821,24.280015494,11.047185496));
#12428=CARTESIAN_POINT('',(-1.538332317,24.280015494,11.535912216));
#12429=CARTESIAN_POINT('',(-1.256165813,24.280015494,12.024638937));
#12430=CARTESIAN_POINT('',(-0.973999309,24.280015494,12.513365658));
#12431=CARTESIAN_POINT('',(-1.834355228,24.292015494,11.055185496));
#12432=CARTESIAN_POINT('',(-1.552188724,24.292015494,11.543912216));
#12433=CARTESIAN_POINT('',(-1.27002222,24.292015494,12.032638937));
#12434=CARTESIAN_POINT('',(-0.987855716,24.292015494,12.521365658));
#12435=CARTESIAN_POINT('',(-1.845929735,24.302039312,11.061868041));
#12436=CARTESIAN_POINT('',(-1.563763232,24.302039312,11.550594762));
#12437=CARTESIAN_POINT('',(-1.281596728,24.302039312,12.039321483));
#12438=CARTESIAN_POINT('',(-0.999430224,24.302039312,12.528048204));
#12439=CARTESIAN_POINT('',(-1.857655312,24.308923226,11.068637806));
#12440=CARTESIAN_POINT('',(-1.575488808,24.308923226,11.557364527));
#12441=CARTESIAN_POINT('',(-1.293322304,24.308923226,12.046091247));
#12442=CARTESIAN_POINT('',(-1.0111558,24.308923226,12.534817968));
#12443=CARTESIAN_POINT('',(-1.8689641,24.313541509,11.075166938));
#12444=CARTESIAN_POINT('',(-1.586797596,24.313541509,11.563893659));
#12445=CARTESIAN_POINT('',(-1.304631093,24.313541509,12.052620379));
#12446=CARTESIAN_POINT('',(-1.022464589,24.313541509,12.5413471));
#12447=B_SPLINE_SURFACE_WITH_KNOTS('',3,3,((#12371,#12372,#12373,#12374),(#12375,#12376,#12377,#12378),(#12379,#12380,#12381,#12382),(#12383,#12384,#12385,#12386),(#12387,#12388,#12389,#12390),(#12391,#12392,#12393,#12394),(#12395,#12396,#12397,#12398),(#12399,#12400,#12401,#12402),(#12403,#12404,#12405,#12406),(#12407,#12408,#12409,#12410),(#12411,#12412,#12413,#12414),(#12415,#12416,#12417,#12418),(#12419,#12420,#12421,#12422),(#12423,#12424,#12425,#12426),(#12427,#12428,#12429,#12430),(#12431,#12432,#12433,#12434),(#12435,#12436,#12437,#12438),(#12439,#12440,#12441,#12442),(#12443,#12444,#12445,#12446)),.UNSPECIFIED.,.F.,.F.,.U.,(4,3,3,3,3,3,4),(4,4),(0.072792495,0.125,0.1875,0.25,0.3125,0.375,0.427207385),(0.087148958,0.91328489),.UNSPECIFIED.);
#12448=CARTESIAN_POINT('',(-1.035894258,24.31343685,12.518160463));
#12449=VERTEX_POINT('',#12448);
#12450=CARTESIAN_POINT('',(-1.035894258,24.31343685,12.518160463));
#12451=CARTESIAN_POINT('',(-1.007265784,24.30331504,12.510489486));
#12452=CARTESIAN_POINT('',(-0.981815221,24.284302705,12.503670028));
#12453=CARTESIAN_POINT('',(-0.963952895,24.259367105,12.498883832));
#12454=CARTESIAN_POINT('',(-0.946090569,24.234431505,12.494097637));
#12455=CARTESIAN_POINT('',(-0.935896243,24.20308783,12.491366075));
#12456=CARTESIAN_POINT('',(-0.935894258,24.172025076,12.491365543));
#12457=CARTESIAN_POINT('',(-0.935892274,24.140962321,12.491365012));
#12458=CARTESIAN_POINT('',(-0.946009373,24.109738303,12.49407588));
#12459=CARTESIAN_POINT('',(-0.963910772,24.084722716,12.498872546));
#12460=CARTESIAN_POINT('',(-0.981812172,24.059707128,12.503669211));
#12461=CARTESIAN_POINT('',(-1.00728141,24.040710458,12.510493673));
#12462=CARTESIAN_POINT('',(-1.035894258,24.030594138,12.518160463));
#12463=B_SPLINE_CURVE_WITH_KNOTS('',3,(#12450,#12451,#12452,#12453,#12454,#12455,#12456,#12457,#12458,#12459,#12460,#12461,#12462),.UNSPECIFIED.,.F.,.F.,(4,3,3,3,4),(0.000049044,0.000142083,0.000235121,0.000328159,0.000421197),.UNSPECIFIED.);
#12464=EDGE_CURVE('',#12449,#705,#12463,.T.);
#12465=ORIENTED_EDGE('',*,*,#12464,.T.);
#12466=ORIENTED_EDGE('',*,*,#712,.T.);
#12467=ORIENTED_EDGE('',*,*,#12252,.F.);
#12468=CARTESIAN_POINT('',(-1.855445278,24.31343685,11.098656457));
#12469=DIRECTION('',(0.5,0.,0.866025404));
#12470=VECTOR('',#12469,1.63910204);
#12471=LINE('',#12468,#12470);
#12472=EDGE_CURVE('',#12237,#12449,#12471,.T.);
#12473=ORIENTED_EDGE('',*,*,#12472,.T.);
#12474=EDGE_LOOP('',(#12465,#12466,#12467,#12473));
#12475=FACE_BOUND('',#12474,.T.);
#12476=ADVANCED_FACE('',(#12475),#12447,.T.);
#12477=CARTESIAN_POINT('',(0.852167078,24.030489447,9.317400934));
#12478=CARTESIAN_POINT('',(0.276792857,24.030489447,9.317400934));
#12479=CARTESIAN_POINT('',(-0.298581365,24.030489447,9.317400934));
#12480=CARTESIAN_POINT('',(-0.873955587,24.030489447,9.317400934));
#12481=CARTESIAN_POINT('',(0.852167078,24.03510773,9.330459226));
#12482=CARTESIAN_POINT('',(0.276792857,24.03510773,9.330459226));
#12483=CARTESIAN_POINT('',(-0.298581365,24.03510773,9.330459226));
#12484=CARTESIAN_POINT('',(-0.873955587,24.03510773,9.330459226));
#12485=CARTESIAN_POINT('',(0.852167078,24.041991653,9.343998787));
#12486=CARTESIAN_POINT('',(0.276792857,24.041991653,9.343998787));
#12487=CARTESIAN_POINT('',(-0.298581365,24.041991653,9.343998787));
#12488=CARTESIAN_POINT('',(-0.873955587,24.041991653,9.343998787));
#12489=CARTESIAN_POINT('',(0.852167078,24.052015494,9.357363909));
#12490=CARTESIAN_POINT('',(0.276792857,24.052015494,9.357363909));
#12491=CARTESIAN_POINT('',(-0.298581365,24.052015494,9.357363909));
#12492=CARTESIAN_POINT('',(-0.873955587,24.052015494,9.357363909));
#12493=CARTESIAN_POINT('',(0.852167078,24.064015494,9.373363909));
#12494=CARTESIAN_POINT('',(0.276792857,24.064015494,9.373363909));
#12495=CARTESIAN_POINT('',(-0.298581365,24.064015494,9.373363909));
#12496=CARTESIAN_POINT('',(-0.873955587,24.064015494,9.373363909));
#12497=CARTESIAN_POINT('',(0.852167078,24.080666013,9.388644185));
#12498=CARTESIAN_POINT('',(0.276792857,24.080666013,9.388644185));
#12499=CARTESIAN_POINT('',(-0.298581365,24.080666013,9.388644185));
#12500=CARTESIAN_POINT('',(-0.873955587,24.080666013,9.388644185));
#12501=CARTESIAN_POINT('',(0.852167078,24.101427259,9.39971685));
#12502=CARTESIAN_POINT('',(0.276792857,24.101427259,9.39971685));
#12503=CARTESIAN_POINT('',(-0.298581365,24.101427259,9.39971685));
#12504=CARTESIAN_POINT('',(-0.873955587,24.101427259,9.39971685));
#12505=CARTESIAN_POINT('',(0.852167078,24.122188504,9.410789514));
#12506=CARTESIAN_POINT('',(0.276792857,24.122188504,9.410789514));
#12507=CARTESIAN_POINT('',(-0.298581365,24.122188504,9.410789514));
#12508=CARTESIAN_POINT('',(-0.873955587,24.122188504,9.410789514));
#12509=CARTESIAN_POINT('',(0.852167078,24.147015494,9.417363909));
#12510=CARTESIAN_POINT('',(0.276792857,24.147015494,9.417363909));
#12511=CARTESIAN_POINT('',(-0.298581365,24.147015494,9.417363909));
#12512=CARTESIAN_POINT('',(-0.873955587,24.147015494,9.417363909));
#12513=CARTESIAN_POINT('',(0.852167078,24.172015494,9.417363909));
#12514=CARTESIAN_POINT('',(0.276792857,24.172015494,9.417363909));
#12515=CARTESIAN_POINT('',(-0.298581365,24.172015494,9.417363909));
#12516=CARTESIAN_POINT('',(-0.873955587,24.172015494,9.417363909));
#12517=CARTESIAN_POINT('',(0.852167078,24.197015494,9.417363909));
#12518=CARTESIAN_POINT('',(0.276792857,24.197015494,9.417363909));
#12519=CARTESIAN_POINT('',(-0.298581365,24.197015494,9.417363909));
#12520=CARTESIAN_POINT('',(-0.873955587,24.197015494,9.417363909));
#12521=CARTESIAN_POINT('',(0.852167078,24.221842484,9.410789514));
#12522=CARTESIAN_POINT('',(0.276792857,24.221842484,9.410789514));
#12523=CARTESIAN_POINT('',(-0.298581365,24.221842484,9.410789514));
#12524=CARTESIAN_POINT('',(-0.873955587,24.221842484,9.410789514));
#12525=CARTESIAN_POINT('',(0.852167078,24.242603729,9.39971685));
#12526=CARTESIAN_POINT('',(0.276792857,24.242603729,9.39971685));
#12527=CARTESIAN_POINT('',(-0.298581365,24.242603729,9.39971685));
#12528=CARTESIAN_POINT('',(-0.873955587,24.242603729,9.39971685));
#12529=CARTESIAN_POINT('',(0.852167078,24.263364975,9.388644185));
#12530=CARTESIAN_POINT('',(0.276792857,24.263364975,9.388644185));
#12531=CARTESIAN_POINT('',(-0.298581365,24.263364975,9.388644185));
#12532=CARTESIAN_POINT('',(-0.873955587,24.263364975,9.388644185));
#12533=CARTESIAN_POINT('',(0.852167078,24.280015494,9.373363909));
#12534=CARTESIAN_POINT('',(0.276792857,24.280015494,9.373363909));
#12535=CARTESIAN_POINT('',(-0.298581365,24.280015494,9.373363909));
#12536=CARTESIAN_POINT('',(-0.873955587,24.280015494,9.373363909));
#12537=CARTESIAN_POINT('',(0.852167078,24.292015494,9.357363909));
#12538=CARTESIAN_POINT('',(0.276792857,24.292015494,9.357363909));
#12539=CARTESIAN_POINT('',(-0.298581365,24.292015494,9.357363909));
#12540=CARTESIAN_POINT('',(-0.873955587,24.292015494,9.357363909));
#12541=CARTESIAN_POINT('',(0.852167078,24.302039312,9.343998818));
#12542=CARTESIAN_POINT('',(0.276792857,24.302039312,9.343998818));
#12543=CARTESIAN_POINT('',(-0.298581365,24.302039312,9.343998818));
#12544=CARTESIAN_POINT('',(-0.873955587,24.302039312,9.343998818));
#12545=CARTESIAN_POINT('',(0.852167078,24.308923226,9.330459288));
#12546=CARTESIAN_POINT('',(0.276792857,24.308923226,9.330459288));
#12547=CARTESIAN_POINT('',(-0.298581365,24.308923226,9.330459288));
#12548=CARTESIAN_POINT('',(-0.873955587,24.308923226,9.330459288));
#12549=CARTESIAN_POINT('',(0.852167078,24.313541509,9.317401024));
#12550=CARTESIAN_POINT('',(0.276792857,24.313541509,9.317401024));
#12551=CARTESIAN_POINT('',(-0.298581365,24.313541509,9.317401024));
#12552=CARTESIAN_POINT('',(-0.873955587,24.313541509,9.317401024));
#12553=B_SPLINE_SURFACE_WITH_KNOTS('',3,3,((#12477,#12478,#12479,#12480),(#12481,#12482,#12483,#12484),(#12485,#12486,#12487,#12488),(#12489,#12490,#12491,#12492),(#12493,#12494,#12495,#12496),(#12497,#12498,#12499,#12500),(#12501,#12502,#12503,#12504),(#12505,#12506,#12507,#12508),(#12509,#12510,#12511,#12512),(#12513,#12514,#12515,#12516),(#12517,#12518,#12519,#12520),(#12521,#12522,#12523,#12524),(#12525,#12526,#12527,#12528),(#12529,#12530,#12531,#12532),(#12533,#12534,#12535,#12536),(#12537,#12538,#12539,#12540),(#12541,#12542,#12543,#12544),(#12545,#12546,#12547,#12548),(#12549,#12550,#12551,#12552)),.UNSPECIFIED.,.F.,.F.,.U.,(4,3,3,3,3,3,4),(4,4),(0.072792495,0.125,0.1875,0.25,0.3125,0.375,0.427207385),(0.085372095,0.914627902),.UNSPECIFIED.);
#12554=ORIENTED_EDGE('',*,*,#12360,.T.);
#12555=ORIENTED_EDGE('',*,*,#632,.T.);
#12556=CARTESIAN_POINT('',(0.825371657,24.31343685,9.317363909));
#12557=VERTEX_POINT('',#12556);
#12558=CARTESIAN_POINT('',(0.825371657,24.31343685,9.317363909));
#12559=CARTESIAN_POINT('',(0.833041013,24.303317178,9.345986335));
#12560=CARTESIAN_POINT('',(0.83985926,24.28431063,9.371432379));
#12561=CARTESIAN_POINT('',(0.844645254,24.259382907,9.389293951));
#12562=CARTESIAN_POINT('',(0.849431248,24.234455184,9.407155523));
#12563=CARTESIAN_POINT('',(0.852168586,24.203294376,9.417371409));
#12564=CARTESIAN_POINT('',(0.852166575,24.171979546,9.417363904));
#12565=CARTESIAN_POINT('',(0.852164564,24.140664716,9.4173564));
#12566=CARTESIAN_POINT('',(0.849466964,24.109794347,9.407288816));
#12567=CARTESIAN_POINT('',(0.844659627,24.084722989,9.38934759));
#12568=CARTESIAN_POINT('',(0.83985229,24.059651631,9.371406364));
#12569=CARTESIAN_POINT('',(0.832973625,24.04062578,9.345734839));
#12570=CARTESIAN_POINT('',(0.825371657,24.030594138,9.317363909));
#12571=B_SPLINE_CURVE_WITH_KNOTS('',3,(#12558,#12559,#12560,#12561,#12562,#12563,#12564,#12565,#12566,#12567,#12568,#12569,#12570),.UNSPECIFIED.,.F.,.F.,(4,3,3,3,4),(0.000049044,0.000142063,0.000235081,0.0003281,0.000421119),.UNSPECIFIED.);
#12572=EDGE_CURVE('',#12557,#627,#12571,.T.);
#12573=ORIENTED_EDGE('',*,*,#12572,.F.);
#12574=CARTESIAN_POINT('',(0.825371657,24.31343685,9.317363909));
#12575=DIRECTION('',(-1.,0.,-0.));
#12576=VECTOR('',#12575,1.672531831);
#12577=LINE('',#12574,#12576);
#12578=EDGE_CURVE('',#12557,#12345,#12577,.T.);
#12579=ORIENTED_EDGE('',*,*,#12578,.T.);
#12580=EDGE_LOOP('',(#12554,#12555,#12573,#12579));
#12581=FACE_BOUND('',#12580,.T.);
#12582=ADVANCED_FACE('',(#12581),#12553,.T.);
#12583=CARTESIAN_POINT('',(-1.035857232,24.030489447,12.491365411));
#12584=CARTESIAN_POINT('',(-1.035857232,24.030489447,12.706209377));
#12585=CARTESIAN_POINT('',(-1.035857232,24.030489447,12.921053343));
#12586=CARTESIAN_POINT('',(-1.035857232,24.030489447,13.135897309));
#12587=CARTESIAN_POINT('',(-1.022798941,24.03510773,12.491365411));
#12588=CARTESIAN_POINT('',(-1.022798941,24.03510773,12.706209377));
#12589=CARTESIAN_POINT('',(-1.022798941,24.03510773,12.921053343));
#12590=CARTESIAN_POINT('',(-1.022798941,24.03510773,13.135897309));
#12591=CARTESIAN_POINT('',(-1.009259379,24.041991653,12.491365411));
#12592=CARTESIAN_POINT('',(-1.009259379,24.041991653,12.706209377));
#12593=CARTESIAN_POINT('',(-1.009259379,24.041991653,12.921053343));
#12594=CARTESIAN_POINT('',(-1.009259379,24.041991653,13.135897309));
#12595=CARTESIAN_POINT('',(-0.995894258,24.052015494,12.491365411));
#12596=CARTESIAN_POINT('',(-0.995894258,24.052015494,12.706209377));
#12597=CARTESIAN_POINT('',(-0.995894258,24.052015494,12.921053343));
#12598=CARTESIAN_POINT('',(-0.995894258,24.052015494,13.135897309));
#12599=CARTESIAN_POINT('',(-0.979894258,24.064015494,12.491365411));
#12600=CARTESIAN_POINT('',(-0.979894258,24.064015494,12.706209377));
#12601=CARTESIAN_POINT('',(-0.979894258,24.064015494,12.921053343));
#12602=CARTESIAN_POINT('',(-0.979894258,24.064015494,13.135897309));
#12603=CARTESIAN_POINT('',(-0.964613981,24.080666013,12.491365411));
#12604=CARTESIAN_POINT('',(-0.964613981,24.080666013,12.706209377));
#12605=CARTESIAN_POINT('',(-0.964613981,24.080666013,12.921053343));
#12606=CARTESIAN_POINT('',(-0.964613981,24.080666013,13.135897309));
#12607=CARTESIAN_POINT('',(-0.953541317,24.101427259,12.491365411));
#12608=CARTESIAN_POINT('',(-0.953541317,24.101427259,12.706209377));
#12609=CARTESIAN_POINT('',(-0.953541317,24.101427259,12.921053343));
#12610=CARTESIAN_POINT('',(-0.953541317,24.101427259,13.135897309));
#12611=CARTESIAN_POINT('',(-0.942468653,24.122188504,12.491365411));
#12612=CARTESIAN_POINT('',(-0.942468653,24.122188504,12.706209377));
#12613=CARTESIAN_POINT('',(-0.942468653,24.122188504,12.921053343));
#12614=CARTESIAN_POINT('',(-0.942468653,24.122188504,13.135897309));
#12615=CARTESIAN_POINT('',(-0.935894258,24.147015494,12.491365411));
#12616=CARTESIAN_POINT('',(-0.935894258,24.147015494,12.706209377));
#12617=CARTESIAN_POINT('',(-0.935894258,24.147015494,12.921053343));
#12618=CARTESIAN_POINT('',(-0.935894258,24.147015494,13.135897309));
#12619=CARTESIAN_POINT('',(-0.935894258,24.172015494,12.491365411));
#12620=CARTESIAN_POINT('',(-0.935894258,24.172015494,12.706209377));
#12621=CARTESIAN_POINT('',(-0.935894258,24.172015494,12.921053343));
#12622=CARTESIAN_POINT('',(-0.935894258,24.172015494,13.135897309));
#12623=CARTESIAN_POINT('',(-0.935894258,24.197015494,12.491365411));
#12624=CARTESIAN_POINT('',(-0.935894258,24.197015494,12.706209377));
#12625=CARTESIAN_POINT('',(-0.935894258,24.197015494,12.921053343));
#12626=CARTESIAN_POINT('',(-0.935894258,24.197015494,13.135897309));
#12627=CARTESIAN_POINT('',(-0.942468653,24.221842484,12.491365411));
#12628=CARTESIAN_POINT('',(-0.942468653,24.221842484,12.706209377));
#12629=CARTESIAN_POINT('',(-0.942468653,24.221842484,12.921053343));
#12630=CARTESIAN_POINT('',(-0.942468653,24.221842484,13.135897309));
#12631=CARTESIAN_POINT('',(-0.953541317,24.242603729,12.491365411));
#12632=CARTESIAN_POINT('',(-0.953541317,24.242603729,12.706209377));
#12633=CARTESIAN_POINT('',(-0.953541317,24.242603729,12.921053343));
#12634=CARTESIAN_POINT('',(-0.953541317,24.242603729,13.135897309));
#12635=CARTESIAN_POINT('',(-0.964613981,24.263364975,12.491365411));
#12636=CARTESIAN_POINT('',(-0.964613981,24.263364975,12.706209377));
#12637=CARTESIAN_POINT('',(-0.964613981,24.263364975,12.921053343));
#12638=CARTESIAN_POINT('',(-0.964613981,24.263364975,13.135897309));
#12639=CARTESIAN_POINT('',(-0.979894258,24.280015494,12.491365411));
#12640=CARTESIAN_POINT('',(-0.979894258,24.280015494,12.706209377));
#12641=CARTESIAN_POINT('',(-0.979894258,24.280015494,12.921053343));
#12642=CARTESIAN_POINT('',(-0.979894258,24.280015494,13.135897309));
#12643=CARTESIAN_POINT('',(-0.995894258,24.292015494,12.491365411));
#12644=CARTESIAN_POINT('',(-0.995894258,24.292015494,12.706209377));
#12645=CARTESIAN_POINT('',(-0.995894258,24.292015494,12.921053343));
#12646=CARTESIAN_POINT('',(-0.995894258,24.292015494,13.135897309));
#12647=CARTESIAN_POINT('',(-1.009259349,24.302039312,12.491365411));
#12648=CARTESIAN_POINT('',(-1.009259349,24.302039312,12.706209377));
#12649=CARTESIAN_POINT('',(-1.009259349,24.302039312,12.921053343));
#12650=CARTESIAN_POINT('',(-1.009259349,24.302039312,13.135897309));
#12651=CARTESIAN_POINT('',(-1.022798878,24.308923226,12.491365411));
#12652=CARTESIAN_POINT('',(-1.022798878,24.308923226,12.706209377));
#12653=CARTESIAN_POINT('',(-1.022798878,24.308923226,12.921053343));
#12654=CARTESIAN_POINT('',(-1.022798878,24.308923226,13.135897309));
#12655=CARTESIAN_POINT('',(-1.035857142,24.313541509,12.491365411));
#12656=CARTESIAN_POINT('',(-1.035857142,24.313541509,12.706209377));
#12657=CARTESIAN_POINT('',(-1.035857142,24.313541509,12.921053343));
#12658=CARTESIAN_POINT('',(-1.035857142,24.313541509,13.135897309));
#12659=B_SPLINE_SURFACE_WITH_KNOTS('',3,3,((#12583,#12584,#12585,#12586),(#12587,#12588,#12589,#12590),(#12591,#12592,#12593,#12594),(#12595,#12596,#12597,#12598),(#12599,#12600,#12601,#12602),(#12603,#12604,#12605,#12606),(#12607,#12608,#12609,#12610),(#12611,#12612,#12613,#12614),(#12615,#12616,#12617,#12618),(#12619,#12620,#12621,#12622),(#12623,#12624,#12625,#12626),(#12627,#12628,#12629,#12630),(#12631,#12632,#12633,#12634),(#12635,#12636,#12637,#12638),(#12639,#12640,#12641,#12642),(#12643,#12644,#12645,#12646),(#12647,#12648,#12649,#12650),(#12651,#12652,#12653,#12654),(#12655,#12656,#12657,#12658)),.UNSPECIFIED.,.F.,.F.,.U.,(4,3,3,3,3,3,4),(4,4),(0.072792495,0.125,0.1875,0.25,0.3125,0.375,0.427207385),(0.12583237,0.582223106),.UNSPECIFIED.);
#12660=CARTESIAN_POINT('',(-1.035894258,24.31343685,13.135897309));
#12661=VERTEX_POINT('',#12660);
#12662=CARTESIAN_POINT('',(-1.035894258,24.313436851,13.135897309));
#12663=CARTESIAN_POINT('',(-1.011500234,24.304810747,13.111503285));
#12664=CARTESIAN_POINT('',(-0.987668551,24.289394572,13.087671601));
#12665=CARTESIAN_POINT('',(-0.96867906,24.265613556,13.06868211));
#12666=CARTESIAN_POINT('',(-0.949689568,24.241832541,13.049692619));
#12667=CARTESIAN_POINT('',(-0.935866913,24.208134305,13.035869964));
#12668=CARTESIAN_POINT('',(-0.935894309,24.171890855,13.03589736));
#12669=CARTESIAN_POINT('',(-0.935921706,24.135647405,13.035924757));
#12670=CARTESIAN_POINT('',(-0.949831216,24.101981233,13.049834267));
#12671=CARTESIAN_POINT('',(-0.968756027,24.078321125,13.068759077));
#12672=CARTESIAN_POINT('',(-0.987680837,24.054661018,13.087683888));
#12673=CARTESIAN_POINT('',(-1.011323727,24.039281364,13.111326778));
#12674=CARTESIAN_POINT('',(-1.035894258,24.030594138,13.135897309));
#12675=B_SPLINE_CURVE_WITH_KNOTS('',3,(#12662,#12663,#12664,#12665,#12666,#12667,#12668,#12669,#12670,#12671,#12672,#12673,#12674),.UNSPECIFIED.,.F.,.F.,(4,3,3,3,4),(0.000068707,0.000175134,0.000281561,0.000387988,0.000494414),.UNSPECIFIED.);
#12676=EDGE_CURVE('',#12661,#507,#12675,.T.);
#12677=ORIENTED_EDGE('',*,*,#12676,.T.);
#12678=ORIENTED_EDGE('',*,*,#814,.T.);
#12679=ORIENTED_EDGE('',*,*,#12464,.F.);
#12680=CARTESIAN_POINT('',(-1.035894258,24.31343685,12.518160463));
#12681=DIRECTION('',(-0.,0.,1.));
#12682=VECTOR('',#12681,0.617736846);
#12683=LINE('',#12680,#12682);
#12684=EDGE_CURVE('',#12449,#12661,#12683,.T.);
#12685=ORIENTED_EDGE('',*,*,#12684,.T.);
#12686=EDGE_LOOP('',(#12677,#12678,#12679,#12685));
#12687=FACE_BOUND('',#12686,.T.);
#12688=ADVANCED_FACE('',(#12687),#12659,.T.);
#12689=CARTESIAN_POINT('',(1.340438272,24.030489479,9.020032918));
#12690=CARTESIAN_POINT('',(1.161020415,24.030489479,9.123619866));
#12691=CARTESIAN_POINT('',(0.981602557,24.030489479,9.227206814));
#12692=CARTESIAN_POINT('',(0.8021847,24.030489479,9.330793762));
#12693=CARTESIAN_POINT('',(1.346967404,24.035107762,9.031341706));
#12694=CARTESIAN_POINT('',(1.167549547,24.035107762,9.134928654));
#12695=CARTESIAN_POINT('',(0.988131689,24.035107762,9.238515602));
#12696=CARTESIAN_POINT('',(0.808713832,24.035107762,9.342102551));
#12697=CARTESIAN_POINT('',(1.353737169,24.041991676,9.043067283));
#12698=CARTESIAN_POINT('',(1.174319311,24.041991676,9.146654231));
#12699=CARTESIAN_POINT('',(0.994901454,24.041991676,9.250241179));
#12700=CARTESIAN_POINT('',(0.815483597,24.041991676,9.353828127));
#12701=CARTESIAN_POINT('',(1.360419714,24.052015494,9.054641791));
#12702=CARTESIAN_POINT('',(1.181001857,24.052015494,9.158228739));
#12703=CARTESIAN_POINT('',(1.001583999,24.052015494,9.261815687));
#12704=CARTESIAN_POINT('',(0.822166142,24.052015494,9.365402635));
#12705=CARTESIAN_POINT('',(1.368419714,24.064015494,9.068498197));
#12706=CARTESIAN_POINT('',(1.189001857,24.064015494,9.172085145));
#12707=CARTESIAN_POINT('',(1.009583999,24.064015494,9.275672093));
#12708=CARTESIAN_POINT('',(0.830166142,24.064015494,9.379259042));
#12709=CARTESIAN_POINT('',(1.376059852,24.080666013,9.081731305));
#12710=CARTESIAN_POINT('',(1.196641995,24.080666013,9.185318253));
#12711=CARTESIAN_POINT('',(1.017224138,24.080666013,9.288905201));
#12712=CARTESIAN_POINT('',(0.837806281,24.080666013,9.392492149));
#12713=CARTESIAN_POINT('',(1.381596185,24.101427259,9.091320514));
#12714=CARTESIAN_POINT('',(1.202178327,24.101427259,9.194907462));
#12715=CARTESIAN_POINT('',(1.02276047,24.101427259,9.29849441));
#12716=CARTESIAN_POINT('',(0.843342613,24.101427259,9.402081358));
#12717=CARTESIAN_POINT('',(1.387132517,24.122188504,9.100909722));
#12718=CARTESIAN_POINT('',(1.207714659,24.122188504,9.20449667));
#12719=CARTESIAN_POINT('',(1.028296802,24.122188504,9.308083619));
#12720=CARTESIAN_POINT('',(0.848878945,24.122188504,9.411670567));
#12721=CARTESIAN_POINT('',(1.390419714,24.147015494,9.106603315));
#12722=CARTESIAN_POINT('',(1.211001857,24.147015494,9.210190263));
#12723=CARTESIAN_POINT('',(1.031583999,24.147015494,9.313777211));
#12724=CARTESIAN_POINT('',(0.852166142,24.147015494,9.417364159));
#12725=CARTESIAN_POINT('',(1.390419714,24.172015494,9.106603315));
#12726=CARTESIAN_POINT('',(1.211001857,24.172015494,9.210190263));
#12727=CARTESIAN_POINT('',(1.031583999,24.172015494,9.313777211));
#12728=CARTESIAN_POINT('',(0.852166142,24.172015494,9.417364159));
#12729=CARTESIAN_POINT('',(1.390419714,24.197015494,9.106603315));
#12730=CARTESIAN_POINT('',(1.211001857,24.197015494,9.210190263));
#12731=CARTESIAN_POINT('',(1.031583999,24.197015494,9.313777211));
#12732=CARTESIAN_POINT('',(0.852166142,24.197015494,9.417364159));
#12733=CARTESIAN_POINT('',(1.387132517,24.221842484,9.100909722));
#12734=CARTESIAN_POINT('',(1.207714659,24.221842484,9.20449667));
#12735=CARTESIAN_POINT('',(1.028296802,24.221842484,9.308083619));
#12736=CARTESIAN_POINT('',(0.848878945,24.221842484,9.411670567));
#12737=CARTESIAN_POINT('',(1.381596185,24.242603729,9.091320514));
#12738=CARTESIAN_POINT('',(1.202178327,24.242603729,9.194907462));
#12739=CARTESIAN_POINT('',(1.02276047,24.242603729,9.29849441));
#12740=CARTESIAN_POINT('',(0.843342613,24.242603729,9.402081358));
#12741=CARTESIAN_POINT('',(1.376059852,24.263364975,9.081731305));
#12742=CARTESIAN_POINT('',(1.196641995,24.263364975,9.185318253));
#12743=CARTESIAN_POINT('',(1.017224138,24.263364975,9.288905201));
#12744=CARTESIAN_POINT('',(0.837806281,24.263364975,9.392492149));
#12745=CARTESIAN_POINT('',(1.368419714,24.280015494,9.068498197));
#12746=CARTESIAN_POINT('',(1.189001857,24.280015494,9.172085145));
#12747=CARTESIAN_POINT('',(1.009583999,24.280015494,9.275672093));
#12748=CARTESIAN_POINT('',(0.830166142,24.280015494,9.379259042));
#12749=CARTESIAN_POINT('',(1.360419714,24.292015494,9.054641791));
#12750=CARTESIAN_POINT('',(1.181001857,24.292015494,9.158228739));
#12751=CARTESIAN_POINT('',(1.001583999,24.292015494,9.261815687));
#12752=CARTESIAN_POINT('',(0.822166142,24.292015494,9.365402635));
#12753=CARTESIAN_POINT('',(1.353737153,24.302039335,9.043067256));
#12754=CARTESIAN_POINT('',(1.174319296,24.302039335,9.146654204));
#12755=CARTESIAN_POINT('',(0.994901439,24.302039335,9.250241152));
#12756=CARTESIAN_POINT('',(0.815483581,24.302039335,9.353828101));
#12757=CARTESIAN_POINT('',(1.346967373,24.308923258,9.031341652));
#12758=CARTESIAN_POINT('',(1.167549515,24.308923258,9.1349286));
#12759=CARTESIAN_POINT('',(0.988131658,24.308923258,9.238515548));
#12760=CARTESIAN_POINT('',(0.808713801,24.308923258,9.342102497));
#12761=CARTESIAN_POINT('',(1.340438227,24.313541541,9.020032839));
#12762=CARTESIAN_POINT('',(1.161020369,24.313541541,9.123619788));
#12763=CARTESIAN_POINT('',(0.981602512,24.313541541,9.227206736));
#12764=CARTESIAN_POINT('',(0.802184655,24.313541541,9.330793684));
#12765=B_SPLINE_SURFACE_WITH_KNOTS('',3,3,((#12689,#12690,#12691,#12692),(#12693,#12694,#12695,#12696),(#12697,#12698,#12699,#12700),(#12701,#12702,#12703,#12704),(#12705,#12706,#12707,#12708),(#12709,#12710,#12711,#12712),(#12713,#12714,#12715,#12716),(#12717,#12718,#12719,#12720),(#12721,#12722,#12723,#12724),(#12725,#12726,#12727,#12728),(#12729,#12730,#12731,#12732),(#12733,#12734,#12735,#12736),(#12737,#12738,#12739,#12740),(#12741,#12742,#12743,#12744),(#12745,#12746,#12747,#12748),(#12749,#12750,#12751,#12752),(#12753,#12754,#12755,#12756),(#12757,#12758,#12759,#12760),(#12761,#12762,#12763,#12764)),.UNSPECIFIED.,.F.,.F.,.U.,(4,3,3,3,3,3,4),(4,4),(0.072792615,0.125,0.1875,0.25,0.3125,0.375,0.427207505),(0.424696779,0.872083659),.UNSPECIFIED.);
#12766=ORIENTED_EDGE('',*,*,#12572,.T.);
#12767=ORIENTED_EDGE('',*,*,#748,.T.);
#12768=CARTESIAN_POINT('',(1.340419714,24.31343685,9.020000774));
#12769=VERTEX_POINT('',#12768);
#12770=CARTESIAN_POINT('',(1.340419714,24.313436851,9.020000774));
#12771=CARTESIAN_POINT('',(1.331488321,24.304808273,9.053333188));
#12772=CARTESIAN_POINT('',(1.322762539,24.289384772,9.085898249));
#12773=CARTESIAN_POINT('',(1.315811291,24.265593185,9.111840659));
#12774=CARTESIAN_POINT('',(1.308860043,24.241801599,9.13778307));
#12775=CARTESIAN_POINT('',(1.303799067,24.207589617,9.156670891));
#12776=CARTESIAN_POINT('',(1.303817226,24.171807514,9.156603118));
#12777=CARTESIAN_POINT('',(1.303835386,24.136025411,9.156535345));
#12778=CARTESIAN_POINT('',(1.308860684,24.102157835,9.137780678));
#12779=CARTESIAN_POINT('',(1.315859942,24.078271532,9.111659093));
#12780=CARTESIAN_POINT('',(1.322859199,24.054385229,9.085537509));
#12781=CARTESIAN_POINT('',(1.331501182,24.039210188,9.053285189));
#12782=CARTESIAN_POINT('',(1.340419714,24.030594138,9.020000774));
#12783=B_SPLINE_CURVE_WITH_KNOTS('',3,(#12770,#12771,#12772,#12773,#12774,#12775,#12776,#12777,#12778,#12779,#12780,#12781,#12782),.UNSPECIFIED.,.F.,.F.,(4,3,3,3,4),(0.000068707,0.000175165,0.000281622,0.000388079,0.000494536),.UNSPECIFIED.);
#12784=EDGE_CURVE('',#12769,#665,#12783,.T.);
#12785=ORIENTED_EDGE('',*,*,#12784,.F.);
#12786=CARTESIAN_POINT('',(1.340419714,24.31343685,9.020000774));
#12787=DIRECTION('',(-0.866025404,0.,0.5));
#12788=VECTOR('',#12787,0.594726268);
#12789=LINE('',#12786,#12788);
#12790=EDGE_CURVE('',#12769,#12557,#12789,.T.);
#12791=ORIENTED_EDGE('',*,*,#12790,.T.);
#12792=EDGE_LOOP('',(#12766,#12767,#12785,#12791));
#12793=FACE_BOUND('',#12792,.T.);
#12794=ADVANCED_FACE('',(#12793),#12765,.T.);
#12795=CARTESIAN_POINT('',(-1.035894258,24.030489495,13.135860148));
#12796=CARTESIAN_POINT('',(-0.352560925,24.030489495,13.135860148));
#12797=CARTESIAN_POINT('',(0.330772409,24.030489495,13.135860148));
#12798=CARTESIAN_POINT('',(1.014105742,24.030489495,13.135860148));
#12799=CARTESIAN_POINT('',(-1.035894258,24.035107778,13.122801898));
#12800=CARTESIAN_POINT('',(-0.352560925,24.035107778,13.122801898));
#12801=CARTESIAN_POINT('',(0.330772409,24.035107778,13.122801898));
#12802=CARTESIAN_POINT('',(1.014105742,24.035107778,13.122801898));
#12803=CARTESIAN_POINT('',(-1.035894258,24.041991688,13.109262384));
#12804=CARTESIAN_POINT('',(-0.352560925,24.041991688,13.109262384));
#12805=CARTESIAN_POINT('',(0.330772409,24.041991688,13.109262384));
#12806=CARTESIAN_POINT('',(1.014105742,24.041991688,13.109262384));
#12807=CARTESIAN_POINT('',(-1.035894258,24.052015494,13.095897309));
#12808=CARTESIAN_POINT('',(-0.352560925,24.052015494,13.095897309));
#12809=CARTESIAN_POINT('',(0.330772409,24.052015494,13.095897309));
#12810=CARTESIAN_POINT('',(1.014105742,24.052015494,13.095897309));
#12811=CARTESIAN_POINT('',(-1.035894258,24.064015494,13.079897309));
#12812=CARTESIAN_POINT('',(-0.352560925,24.064015494,13.079897309));
#12813=CARTESIAN_POINT('',(0.330772409,24.064015494,13.079897309));
#12814=CARTESIAN_POINT('',(1.014105742,24.064015494,13.079897309));
#12815=CARTESIAN_POINT('',(-1.035894258,24.080666013,13.064617032));
#12816=CARTESIAN_POINT('',(-0.352560925,24.080666013,13.064617032));
#12817=CARTESIAN_POINT('',(0.330772409,24.080666013,13.064617032));
#12818=CARTESIAN_POINT('',(1.014105742,24.080666013,13.064617032));
#12819=CARTESIAN_POINT('',(-1.035894258,24.101427259,13.053544368));
#12820=CARTESIAN_POINT('',(-0.352560925,24.101427259,13.053544368));
#12821=CARTESIAN_POINT('',(0.330772409,24.101427259,13.053544368));
#12822=CARTESIAN_POINT('',(1.014105742,24.101427259,13.053544368));
#12823=CARTESIAN_POINT('',(-1.035894258,24.122188504,13.042471703));
#12824=CARTESIAN_POINT('',(-0.352560925,24.122188504,13.042471703));
#12825=CARTESIAN_POINT('',(0.330772409,24.122188504,13.042471703));
#12826=CARTESIAN_POINT('',(1.014105742,24.122188504,13.042471703));
#12827=CARTESIAN_POINT('',(-1.035894258,24.147015494,13.035897309));
#12828=CARTESIAN_POINT('',(-0.352560925,24.147015494,13.035897309));
#12829=CARTESIAN_POINT('',(0.330772409,24.147015494,13.035897309));
#12830=CARTESIAN_POINT('',(1.014105742,24.147015494,13.035897309));
#12831=CARTESIAN_POINT('',(-1.035894258,24.172015494,13.035897309));
#12832=CARTESIAN_POINT('',(-0.352560925,24.172015494,13.035897309));
#12833=CARTESIAN_POINT('',(0.330772409,24.172015494,13.035897309));
#12834=CARTESIAN_POINT('',(1.014105742,24.172015494,13.035897309));
#12835=CARTESIAN_POINT('',(-1.035894258,24.197015494,13.035897309));
#12836=CARTESIAN_POINT('',(-0.352560925,24.197015494,13.035897309));
#12837=CARTESIAN_POINT('',(0.330772409,24.197015494,13.035897309));
#12838=CARTESIAN_POINT('',(1.014105742,24.197015494,13.035897309));
#12839=CARTESIAN_POINT('',(-1.035894258,24.221842484,13.042471703));
#12840=CARTESIAN_POINT('',(-0.352560925,24.221842484,13.042471703));
#12841=CARTESIAN_POINT('',(0.330772409,24.221842484,13.042471703));
#12842=CARTESIAN_POINT('',(1.014105742,24.221842484,13.042471703));
#12843=CARTESIAN_POINT('',(-1.035894258,24.242603729,13.053544368));
#12844=CARTESIAN_POINT('',(-0.352560925,24.242603729,13.053544368));
#12845=CARTESIAN_POINT('',(0.330772409,24.242603729,13.053544368));
#12846=CARTESIAN_POINT('',(1.014105742,24.242603729,13.053544368));
#12847=CARTESIAN_POINT('',(-1.035894258,24.263364975,13.064617032));
#12848=CARTESIAN_POINT('',(-0.352560925,24.263364975,13.064617032));
#12849=CARTESIAN_POINT('',(0.330772409,24.263364975,13.064617032));
#12850=CARTESIAN_POINT('',(1.014105742,24.263364975,13.064617032));
#12851=CARTESIAN_POINT('',(-1.035894258,24.280015494,13.079897309));
#12852=CARTESIAN_POINT('',(-0.352560925,24.280015494,13.079897309));
#12853=CARTESIAN_POINT('',(0.330772409,24.280015494,13.079897309));
#12854=CARTESIAN_POINT('',(1.014105742,24.280015494,13.079897309));
#12855=CARTESIAN_POINT('',(-1.035894258,24.292015494,13.095897309));
#12856=CARTESIAN_POINT('',(-0.352560925,24.292015494,13.095897309));
#12857=CARTESIAN_POINT('',(0.330772409,24.292015494,13.095897309));
#12858=CARTESIAN_POINT('',(1.014105742,24.292015494,13.095897309));
#12859=CARTESIAN_POINT('',(-1.035894258,24.302039312,13.109262399));
#12860=CARTESIAN_POINT('',(-0.352560925,24.302039312,13.109262399));
#12861=CARTESIAN_POINT('',(0.330772409,24.302039312,13.109262399));
#12862=CARTESIAN_POINT('',(1.014105742,24.302039312,13.109262399));
#12863=CARTESIAN_POINT('',(-1.035894258,24.308923226,13.122801929));
#12864=CARTESIAN_POINT('',(-0.352560925,24.308923226,13.122801929));
#12865=CARTESIAN_POINT('',(0.330772409,24.308923226,13.122801929));
#12866=CARTESIAN_POINT('',(1.014105742,24.308923226,13.122801929));
#12867=CARTESIAN_POINT('',(-1.035894258,24.313541509,13.135860193));
#12868=CARTESIAN_POINT('',(-0.352560925,24.313541509,13.135860193));
#12869=CARTESIAN_POINT('',(0.330772409,24.313541509,13.135860193));
#12870=CARTESIAN_POINT('',(1.014105742,24.313541509,13.135860193));
#12871=B_SPLINE_SURFACE_WITH_KNOTS('',3,3,((#12795,#12796,#12797,#12798),(#12799,#12800,#12801,#12802),(#12803,#12804,#12805,#12806),(#12807,#12808,#12809,#12810),(#12811,#12812,#12813,#12814),(#12815,#12816,#12817,#12818),(#12819,#12820,#12821,#12822),(#12823,#12824,#12825,#12826),(#12827,#12828,#12829,#12830),(#12831,#12832,#12833,#12834),(#12835,#12836,#12837,#12838),(#12839,#12840,#12841,#12842),(#12843,#12844,#12845,#12846),(#12847,#12848,#12849,#12850),(#12851,#12852,#12853,#12854),(#12855,#12856,#12857,#12858),(#12859,#12860,#12861,#12862),(#12863,#12864,#12865,#12866),(#12867,#12868,#12869,#12870)),.UNSPECIFIED.,.F.,.F.,.U.,(4,3,3,3,3,3,4),(4,4),(0.072792676,0.125,0.1875,0.25,0.3125,0.375,0.427207385),(0.182662539,0.817337461),.UNSPECIFIED.);
#12872=CARTESIAN_POINT('',(1.014105742,24.31343685,13.135897309));
#12873=VERTEX_POINT('',#12872);
#12874=CARTESIAN_POINT('',(1.014105742,24.313436851,13.135897309));
#12875=CARTESIAN_POINT('',(0.989706109,24.304808764,13.111497676));
#12876=CARTESIAN_POINT('',(0.965868663,24.289387155,13.08766023));
#12877=CARTESIAN_POINT('',(0.946877447,24.265597152,13.068669013));
#12878=CARTESIAN_POINT('',(0.937381838,24.253702151,13.059173405));
#12879=CARTESIAN_POINT('',(0.92913503,24.239615292,13.050926597));
#12880=CARTESIAN_POINT('',(0.923297588,24.223717174,13.045089154));
#12881=CARTESIAN_POINT('',(0.917460145,24.207819055,13.039251712));
#12882=CARTESIAN_POINT('',(0.914082092,24.189693531,13.035873659));
#12883=CARTESIAN_POINT('',(0.914105875,24.171815946,13.035897441));
#12884=CARTESIAN_POINT('',(0.914153441,24.136060776,13.035945007));
#12885=CARTESIAN_POINT('',(0.927907649,24.102139265,13.049699216));
#12886=CARTESIAN_POINT('',(0.946988241,24.078295214,13.068779808));
#12887=CARTESIAN_POINT('',(0.966068832,24.054451162,13.087860399));
#12888=CARTESIAN_POINT('',(0.989755898,24.039204874,13.111547465));
#12889=CARTESIAN_POINT('',(1.014105742,24.030594138,13.135897309));
#12890=B_SPLINE_CURVE_WITH_KNOTS('',3,(#12874,#12875,#12876,#12877,#12878,#12879,#12880,#12881,#12882,#12883,#12884,#12885,#12886,#12887,#12888,#12889),.UNSPECIFIED.,.F.,.F.,(4,3,3,3,3,4),(0.000068707,0.000175159,0.000228384,0.00028161,0.000388061,0.000494512),.UNSPECIFIED.);
#12891=EDGE_CURVE('',#12873,#505,#12890,.T.);
#12892=ORIENTED_EDGE('',*,*,#12891,.T.);
#12893=ORIENTED_EDGE('',*,*,#512,.T.);
#12894=ORIENTED_EDGE('',*,*,#12676,.F.);
#12895=CARTESIAN_POINT('',(-1.035894258,24.31343685,13.135897309));
#12896=DIRECTION('',(1.,0.,-0.));
#12897=VECTOR('',#12896,2.05);
#12898=LINE('',#12895,#12897);
#12899=EDGE_CURVE('',#12661,#12873,#12898,.T.);
#12900=ORIENTED_EDGE('',*,*,#12899,.T.);
#12901=EDGE_LOOP('',(#12892,#12893,#12894,#12900));
#12902=FACE_BOUND('',#12901,.T.);
#12903=ADVANCED_FACE('',(#12902),#12871,.T.);
#12904=CARTESIAN_POINT('',(2.36526891,24.030489495,10.795165974));
#12905=CARTESIAN_POINT('',(2.023641784,24.030489495,10.203450434));
#12906=CARTESIAN_POINT('',(1.682014658,24.030489495,9.611734894));
#12907=CARTESIAN_POINT('',(1.340387532,24.030489495,9.020019355));
#12908=CARTESIAN_POINT('',(2.353960133,24.035107778,10.801695099));
#12909=CARTESIAN_POINT('',(2.012333007,24.035107778,10.209979559));
#12910=CARTESIAN_POINT('',(1.670705881,24.035107778,9.61826402));
#12911=CARTESIAN_POINT('',(1.329078755,24.035107778,9.02654848));
#12912=CARTESIAN_POINT('',(2.342234571,24.041991688,10.808464856));
#12913=CARTESIAN_POINT('',(2.000607445,24.041991688,10.216749316));
#12914=CARTESIAN_POINT('',(1.658980318,24.041991688,9.625033776));
#12915=CARTESIAN_POINT('',(1.317353192,24.041991688,9.033318237));
#12916=CARTESIAN_POINT('',(2.330660076,24.052015494,10.815147393));
#12917=CARTESIAN_POINT('',(1.98903295,24.052015494,10.223431854));
#12918=CARTESIAN_POINT('',(1.647405824,24.052015494,9.631716314));
#12919=CARTESIAN_POINT('',(1.305778698,24.052015494,9.040000774));
#12920=CARTESIAN_POINT('',(2.31680367,24.064015494,10.823147393));
#12921=CARTESIAN_POINT('',(1.975176544,24.064015494,10.231431854));
#12922=CARTESIAN_POINT('',(1.633549417,24.064015494,9.639716314));
#12923=CARTESIAN_POINT('',(1.291922291,24.064015494,9.048000774));
#12924=CARTESIAN_POINT('',(2.303570562,24.080666013,10.830787532));
#12925=CARTESIAN_POINT('',(1.961943436,24.080666013,10.239071992));
#12926=CARTESIAN_POINT('',(1.62031631,24.080666013,9.647356452));
#12927=CARTESIAN_POINT('',(1.278689184,24.080666013,9.055640913));
#12928=CARTESIAN_POINT('',(2.293981353,24.101427259,10.836323864));
#12929=CARTESIAN_POINT('',(1.952354227,24.101427259,10.244608324));
#12930=CARTESIAN_POINT('',(1.610727101,24.101427259,9.652892785));
#12931=CARTESIAN_POINT('',(1.269099975,24.101427259,9.061177245));
#12932=CARTESIAN_POINT('',(2.284392144,24.122188504,10.841860196));
#12933=CARTESIAN_POINT('',(1.942765018,24.122188504,10.250144656));
#12934=CARTESIAN_POINT('',(1.601137892,24.122188504,9.658429117));
#12935=CARTESIAN_POINT('',(1.259510766,24.122188504,9.066713577));
#12936=CARTESIAN_POINT('',(2.278698552,24.147015494,10.845147393));
#12937=CARTESIAN_POINT('',(1.937071426,24.147015494,10.253431854));
#12938=CARTESIAN_POINT('',(1.5954443,24.147015494,9.661716314));
#12939=CARTESIAN_POINT('',(1.253817174,24.147015494,9.070000774));
#12940=CARTESIAN_POINT('',(2.278698552,24.172015494,10.845147393));
#12941=CARTESIAN_POINT('',(1.937071426,24.172015494,10.253431854));
#12942=CARTESIAN_POINT('',(1.5954443,24.172015494,9.661716314));
#12943=CARTESIAN_POINT('',(1.253817174,24.172015494,9.070000774));
#12944=CARTESIAN_POINT('',(2.278698552,24.197015494,10.845147393));
#12945=CARTESIAN_POINT('',(1.937071426,24.197015494,10.253431854));
#12946=CARTESIAN_POINT('',(1.5954443,24.197015494,9.661716314));
#12947=CARTESIAN_POINT('',(1.253817174,24.197015494,9.070000774));
#12948=CARTESIAN_POINT('',(2.284392144,24.221842484,10.841860196));
#12949=CARTESIAN_POINT('',(1.942765018,24.221842484,10.250144656));
#12950=CARTESIAN_POINT('',(1.601137892,24.221842484,9.658429117));
#12951=CARTESIAN_POINT('',(1.259510766,24.221842484,9.066713577));
#12952=CARTESIAN_POINT('',(2.293981353,24.242603729,10.836323864));
#12953=CARTESIAN_POINT('',(1.952354227,24.242603729,10.244608324));
#12954=CARTESIAN_POINT('',(1.610727101,24.242603729,9.652892785));
#12955=CARTESIAN_POINT('',(1.269099975,24.242603729,9.061177245));
#12956=CARTESIAN_POINT('',(2.303570562,24.263364975,10.830787532));
#12957=CARTESIAN_POINT('',(1.961943436,24.263364975,10.239071992));
#12958=CARTESIAN_POINT('',(1.62031631,24.263364975,9.647356452));
#12959=CARTESIAN_POINT('',(1.278689184,24.263364975,9.055640913));
#12960=CARTESIAN_POINT('',(2.31680367,24.280015494,10.823147393));
#12961=CARTESIAN_POINT('',(1.975176544,24.280015494,10.231431854));
#12962=CARTESIAN_POINT('',(1.633549417,24.280015494,9.639716314));
#12963=CARTESIAN_POINT('',(1.291922291,24.280015494,9.048000774));
#12964=CARTESIAN_POINT('',(2.330660076,24.292015494,10.815147393));
#12965=CARTESIAN_POINT('',(1.98903295,24.292015494,10.223431854));
#12966=CARTESIAN_POINT('',(1.647405824,24.292015494,9.631716314));
#12967=CARTESIAN_POINT('',(1.305778698,24.292015494,9.040000774));
#12968=CARTESIAN_POINT('',(2.342234584,24.302039312,10.808464848));
#12969=CARTESIAN_POINT('',(2.000607458,24.302039312,10.216749308));
#12970=CARTESIAN_POINT('',(1.658980332,24.302039312,9.625033769));
#12971=CARTESIAN_POINT('',(1.317353206,24.302039312,9.033318229));
#12972=CARTESIAN_POINT('',(2.353960161,24.308923226,10.801695083));
#12973=CARTESIAN_POINT('',(2.012333035,24.308923226,10.209979543));
#12974=CARTESIAN_POINT('',(1.670705908,24.308923226,9.618264004));
#12975=CARTESIAN_POINT('',(1.329078782,24.308923226,9.026548464));
#12976=CARTESIAN_POINT('',(2.365268949,24.313541509,10.795165951));
#12977=CARTESIAN_POINT('',(2.023641823,24.313541509,10.203450411));
#12978=CARTESIAN_POINT('',(1.682014697,24.313541509,9.611734872));
#12979=CARTESIAN_POINT('',(1.340387571,24.313541509,9.020019332));
#12980=B_SPLINE_SURFACE_WITH_KNOTS('',3,3,((#12904,#12905,#12906,#12907),(#12908,#12909,#12910,#12911),(#12912,#12913,#12914,#12915),(#12916,#12917,#12918,#12919),(#12920,#12921,#12922,#12923),(#12924,#12925,#12926,#12927),(#12928,#12929,#12930,#12931),(#12932,#12933,#12934,#12935),(#12936,#12937,#12938,#12939),(#12940,#12941,#12942,#12943),(#12944,#12945,#12946,#12947),(#12948,#12949,#12950,#12951),(#12952,#12953,#12954,#12955),(#12956,#12957,#12958,#12959),(#12960,#12961,#12962,#12963),(#12964,#12965,#12966,#12967),(#12968,#12969,#12970,#12971),(#12972,#12973,#12974,#12975),(#12976,#12977,#12978,#12979)),.UNSPECIFIED.,.F.,.F.,.U.,(4,3,3,3,3,3,4),(4,4),(0.072792676,0.125,0.1875,0.25,0.3125,0.375,0.427207385),(0.183268116,0.817456394),.UNSPECIFIED.);
#12981=ORIENTED_EDGE('',*,*,#12784,.T.);
#12982=ORIENTED_EDGE('',*,*,#672,.T.);
#12983=CARTESIAN_POINT('',(2.365301092,24.31343685,10.795147393));
#12984=VERTEX_POINT('',#12983);
#12985=CARTESIAN_POINT('',(2.365301092,24.313436851,10.795147393));
#12986=CARTESIAN_POINT('',(2.331946826,24.304817674,10.786124872));
#12987=CARTESIAN_POINT('',(2.299348881,24.289420666,10.77730694));
#12988=CARTESIAN_POINT('',(2.273351762,24.265640042,10.77027457));
#12989=CARTESIAN_POINT('',(2.247354643,24.241859419,10.763242199));
#12990=CARTESIAN_POINT('',(2.228391738,24.207627995,10.758112624));
#12991=CARTESIAN_POINT('',(2.228459802,24.171807211,10.758131036));
#12992=CARTESIAN_POINT('',(2.228493833,24.15389682,10.758140242));
#12993=CARTESIAN_POINT('',(2.233101343,24.136010573,10.759386599));
#12994=CARTESIAN_POINT('',(2.241180966,24.120029888,10.761572184));
#12995=CARTESIAN_POINT('',(2.24926059,24.104049203,10.763757769));
#12996=CARTESIAN_POINT('',(2.26044468,24.09016155,10.76678313));
#12997=CARTESIAN_POINT('',(2.273541514,24.078217635,10.770325899));
#12998=CARTESIAN_POINT('',(2.299735183,24.054329806,10.777411437));
#12999=CARTESIAN_POINT('',(2.33199615,24.039200455,10.786138214));
#13000=CARTESIAN_POINT('',(2.365301092,24.030594138,10.795147393));
#13001=B_SPLINE_CURVE_WITH_KNOTS('',3,(#12985,#12986,#12987,#12988,#12989,#12990,#12991,#12992,#12993,#12994,#12995,#12996,#12997,#12998,#12999,#13000),.UNSPECIFIED.,.F.,.F.,(4,3,3,3,3,4),(0.000068874,0.000175459,0.000282043,0.000335336,0.000388628,0.000495213),.UNSPECIFIED.);
#13002=EDGE_CURVE('',#12984,#667,#13001,.T.);
#13003=ORIENTED_EDGE('',*,*,#13002,.F.);
#13004=CARTESIAN_POINT('',(2.365301092,24.31343685,10.795147393));
#13005=DIRECTION('',(-0.5,0.,-0.866025404));
#13006=VECTOR('',#13005,2.049762756);
#13007=LINE('',#13004,#13006);
#13008=EDGE_CURVE('',#12984,#12769,#13007,.T.);
#13009=ORIENTED_EDGE('',*,*,#13008,.T.);
#13010=EDGE_LOOP('',(#12981,#12982,#13003,#13009));
#13011=FACE_BOUND('',#13010,.T.);
#13012=ADVANCED_FACE('',(#13011),#12980,.T.);
#13013=CARTESIAN_POINT('',(1.014068626,24.030489479,13.135897309));
#13014=CARTESIAN_POINT('',(1.014068626,24.030489479,13.0495215));
#13015=CARTESIAN_POINT('',(1.014068626,24.030489479,12.963145691));
#13016=CARTESIAN_POINT('',(1.014068626,24.030489479,12.876769882));
#13017=CARTESIAN_POINT('',(1.001010362,24.035107762,13.135897309));
#13018=CARTESIAN_POINT('',(1.001010362,24.035107762,13.0495215));
#13019=CARTESIAN_POINT('',(1.001010362,24.035107762,12.963145691));
#13020=CARTESIAN_POINT('',(1.001010362,24.035107762,12.876769882));
#13021=CARTESIAN_POINT('',(0.987470832,24.041991676,13.135897309));
#13022=CARTESIAN_POINT('',(0.987470832,24.041991676,13.0495215));
#13023=CARTESIAN_POINT('',(0.987470832,24.041991676,12.963145691));
#13024=CARTESIAN_POINT('',(0.987470832,24.041991676,12.876769882));
#13025=CARTESIAN_POINT('',(0.974105742,24.052015494,13.135897309));
#13026=CARTESIAN_POINT('',(0.974105742,24.052015494,13.0495215));
#13027=CARTESIAN_POINT('',(0.974105742,24.052015494,12.963145691));
#13028=CARTESIAN_POINT('',(0.974105742,24.052015494,12.876769882));
#13029=CARTESIAN_POINT('',(0.958105742,24.064015494,13.135897309));
#13030=CARTESIAN_POINT('',(0.958105742,24.064015494,13.0495215));
#13031=CARTESIAN_POINT('',(0.958105742,24.064015494,12.963145691));
#13032=CARTESIAN_POINT('',(0.958105742,24.064015494,12.876769882));
#13033=CARTESIAN_POINT('',(0.942825465,24.080666013,13.135897309));
#13034=CARTESIAN_POINT('',(0.942825465,24.080666013,13.0495215));
#13035=CARTESIAN_POINT('',(0.942825465,24.080666013,12.963145691));
#13036=CARTESIAN_POINT('',(0.942825465,24.080666013,12.876769882));
#13037=CARTESIAN_POINT('',(0.931752801,24.101427259,13.135897309));
#13038=CARTESIAN_POINT('',(0.931752801,24.101427259,13.0495215));
#13039=CARTESIAN_POINT('',(0.931752801,24.101427259,12.963145691));
#13040=CARTESIAN_POINT('',(0.931752801,24.101427259,12.876769882));
#13041=CARTESIAN_POINT('',(0.920680136,24.122188504,13.135897309));
#13042=CARTESIAN_POINT('',(0.920680136,24.122188504,13.0495215));
#13043=CARTESIAN_POINT('',(0.920680136,24.122188504,12.963145691));
#13044=CARTESIAN_POINT('',(0.920680136,24.122188504,12.876769882));
#13045=CARTESIAN_POINT('',(0.914105742,24.147015494,13.135897309));
#13046=CARTESIAN_POINT('',(0.914105742,24.147015494,13.0495215));
#13047=CARTESIAN_POINT('',(0.914105742,24.147015494,12.963145691));
#13048=CARTESIAN_POINT('',(0.914105742,24.147015494,12.876769882));
#13049=CARTESIAN_POINT('',(0.914105742,24.172015494,13.135897309));
#13050=CARTESIAN_POINT('',(0.914105742,24.172015494,13.0495215));
#13051=CARTESIAN_POINT('',(0.914105742,24.172015494,12.963145691));
#13052=CARTESIAN_POINT('',(0.914105742,24.172015494,12.876769882));
#13053=CARTESIAN_POINT('',(0.914105742,24.197015494,13.135897309));
#13054=CARTESIAN_POINT('',(0.914105742,24.197015494,13.0495215));
#13055=CARTESIAN_POINT('',(0.914105742,24.197015494,12.963145691));
#13056=CARTESIAN_POINT('',(0.914105742,24.197015494,12.876769882));
#13057=CARTESIAN_POINT('',(0.920680136,24.221842484,13.135897309));
#13058=CARTESIAN_POINT('',(0.920680136,24.221842484,13.0495215));
#13059=CARTESIAN_POINT('',(0.920680136,24.221842484,12.963145691));
#13060=CARTESIAN_POINT('',(0.920680136,24.221842484,12.876769882));
#13061=CARTESIAN_POINT('',(0.931752801,24.242603729,13.135897309));
#13062=CARTESIAN_POINT('',(0.931752801,24.242603729,13.0495215));
#13063=CARTESIAN_POINT('',(0.931752801,24.242603729,12.963145691));
#13064=CARTESIAN_POINT('',(0.931752801,24.242603729,12.876769882));
#13065=CARTESIAN_POINT('',(0.942825465,24.263364975,13.135897309));
#13066=CARTESIAN_POINT('',(0.942825465,24.263364975,13.0495215));
#13067=CARTESIAN_POINT('',(0.942825465,24.263364975,12.963145691));
#13068=CARTESIAN_POINT('',(0.942825465,24.263364975,12.876769882));
#13069=CARTESIAN_POINT('',(0.958105742,24.280015494,13.135897309));
#13070=CARTESIAN_POINT('',(0.958105742,24.280015494,13.0495215));
#13071=CARTESIAN_POINT('',(0.958105742,24.280015494,12.963145691));
#13072=CARTESIAN_POINT('',(0.958105742,24.280015494,12.876769882));
#13073=CARTESIAN_POINT('',(0.974105742,24.292015494,13.135897309));
#13074=CARTESIAN_POINT('',(0.974105742,24.292015494,13.0495215));
#13075=CARTESIAN_POINT('',(0.974105742,24.292015494,12.963145691));
#13076=CARTESIAN_POINT('',(0.974105742,24.292015494,12.876769882));
#13077=CARTESIAN_POINT('',(0.987470863,24.302039335,13.135897309));
#13078=CARTESIAN_POINT('',(0.987470863,24.302039335,13.0495215));
#13079=CARTESIAN_POINT('',(0.987470863,24.302039335,12.963145691));
#13080=CARTESIAN_POINT('',(0.987470863,24.302039335,12.876769882));
#13081=CARTESIAN_POINT('',(1.001010424,24.308923258,13.135897309));
#13082=CARTESIAN_POINT('',(1.001010424,24.308923258,13.0495215));
#13083=CARTESIAN_POINT('',(1.001010424,24.308923258,12.963145691));
#13084=CARTESIAN_POINT('',(1.001010424,24.308923258,12.876769882));
#13085=CARTESIAN_POINT('',(1.014068716,24.313541541,13.135897309));
#13086=CARTESIAN_POINT('',(1.014068716,24.313541541,13.0495215));
#13087=CARTESIAN_POINT('',(1.014068716,24.313541541,12.963145691));
#13088=CARTESIAN_POINT('',(1.014068716,24.313541541,12.876769882));
#13089=B_SPLINE_SURFACE_WITH_KNOTS('',3,3,((#13013,#13014,#13015,#13016),(#13017,#13018,#13019,#13020),(#13021,#13022,#13023,#13024),(#13025,#13026,#13027,#13028),(#13029,#13030,#13031,#13032),(#13033,#13034,#13035,#13036),(#13037,#13038,#13039,#13040),(#13041,#13042,#13043,#13044),(#13045,#13046,#13047,#13048),(#13049,#13050,#13051,#13052),(#13053,#13054,#13055,#13056),(#13057,#13058,#13059,#13060),(#13061,#13062,#13063,#13064),(#13065,#13066,#13067,#13068),(#13069,#13070,#13071,#13072),(#13073,#13074,#13075,#13076),(#13077,#13078,#13079,#13080),(#13081,#13082,#13083,#13084),(#13085,#13086,#13087,#13088)),.UNSPECIFIED.,.F.,.F.,.U.,(4,3,3,3,3,3,4),(4,4),(0.072792615,0.125,0.1875,0.25,0.3125,0.375,0.427207505),(0.694830931,1.),.UNSPECIFIED.);
#13090=CARTESIAN_POINT('',(1.014105742,24.31343685,12.876769882));
#13091=VERTEX_POINT('',#13090);
#13092=CARTESIAN_POINT('',(1.014096322,24.030597174,12.876769882));
#13093=CARTESIAN_POINT('',(1.001054636,24.035207829,12.876769882));
#13094=CARTESIAN_POINT('',(0.987360576,24.042074369,12.876769882));
#13095=CARTESIAN_POINT('',(0.974105742,24.052015494,12.876769882));
#13096=CARTESIAN_POINT('',(0.958105742,24.064015494,12.876769882));
#13097=CARTESIAN_POINT('',(0.942825465,24.080666013,12.876769882));
#13098=CARTESIAN_POINT('',(0.931752801,24.101427259,12.876769882));
#13099=CARTESIAN_POINT('',(0.920680136,24.122188504,12.876769882));
#13100=CARTESIAN_POINT('',(0.914105742,24.147015494,12.876769882));
#13101=CARTESIAN_POINT('',(0.914105742,24.172015494,12.876769882));
#13102=CARTESIAN_POINT('',(0.914105742,24.197015494,12.876769882));
#13103=CARTESIAN_POINT('',(0.920680136,24.221842484,12.876769882));
#13104=CARTESIAN_POINT('',(0.931752801,24.242603729,12.876769882));
#13105=CARTESIAN_POINT('',(0.942825465,24.263364975,12.876769882));
#13106=CARTESIAN_POINT('',(0.958105742,24.280015494,12.876769882));
#13107=CARTESIAN_POINT('',(0.974105742,24.292015494,12.876769882));
#13108=CARTESIAN_POINT('',(0.987360308,24.301956419,12.876769882));
#13109=CARTESIAN_POINT('',(1.00078644,24.308809156,12.876769882));
#13110=CARTESIAN_POINT('',(1.013744566,24.313426469,12.876769882));
#13111=B_SPLINE_CURVE_WITH_KNOTS('',3,(#13092,#13093,#13094,#13095,#13096,#13097,#13098,#13099,#13100,#13101,#13102,#13103,#13104,#13105,#13106,#13107,#13108,#13109,#13110),.UNSPECIFIED.,.F.,.F.,(4,3,3,3,3,3,4),(0.073223305,0.125,0.1875,0.25,0.3125,0.375,0.426775648),.UNSPECIFIED.);
#13112=EDGE_CURVE('',#833,#13091,#13111,.T.);
#13113=ORIENTED_EDGE('',*,*,#13112,.F.);
#13114=ORIENTED_EDGE('',*,*,#838,.T.);
#13115=ORIENTED_EDGE('',*,*,#12891,.F.);
#13116=CARTESIAN_POINT('',(1.014105742,24.31343685,13.135897309));
#13117=DIRECTION('',(-0.,0.,-1.));
#13118=VECTOR('',#13117,0.259127427);
#13119=LINE('',#13116,#13118);
#13120=EDGE_CURVE('',#12873,#13091,#13119,.T.);
#13121=ORIENTED_EDGE('',*,*,#13120,.T.);
#13122=EDGE_LOOP('',(#13113,#13114,#13115,#13121));
#13123=FACE_BOUND('',#13122,.T.);
#13124=ADVANCED_FACE('',(#13123),#13089,.T.);
#13125=CARTESIAN_POINT('',(1.014068716,24.030489447,12.876769882));
#13126=CARTESIAN_POINT('',(1.014068716,24.030489447,12.760329822));
#13127=CARTESIAN_POINT('',(1.014068716,24.030489447,12.643889761));
#13128=CARTESIAN_POINT('',(1.014068716,24.030489447,12.527449701));
#13129=CARTESIAN_POINT('',(1.001010424,24.03510773,12.876769882));
#13130=CARTESIAN_POINT('',(1.001010424,24.03510773,12.760329822));
#13131=CARTESIAN_POINT('',(1.001010424,24.03510773,12.643889761));
#13132=CARTESIAN_POINT('',(1.001010424,24.03510773,12.527449701));
#13133=CARTESIAN_POINT('',(0.987470863,24.041991653,12.876769882));
#13134=CARTESIAN_POINT('',(0.987470863,24.041991653,12.760329822));
#13135=CARTESIAN_POINT('',(0.987470863,24.041991653,12.643889761));
#13136=CARTESIAN_POINT('',(0.987470863,24.041991653,12.527449701));
#13137=CARTESIAN_POINT('',(0.974105742,24.052015494,12.876769882));
#13138=CARTESIAN_POINT('',(0.974105742,24.052015494,12.760329822));
#13139=CARTESIAN_POINT('',(0.974105742,24.052015494,12.643889761));
#13140=CARTESIAN_POINT('',(0.974105742,24.052015494,12.527449701));
#13141=CARTESIAN_POINT('',(0.958105742,24.064015494,12.876769882));
#13142=CARTESIAN_POINT('',(0.958105742,24.064015494,12.760329822));
#13143=CARTESIAN_POINT('',(0.958105742,24.064015494,12.643889761));
#13144=CARTESIAN_POINT('',(0.958105742,24.064015494,12.527449701));
#13145=CARTESIAN_POINT('',(0.942825465,24.080666013,12.876769882));
#13146=CARTESIAN_POINT('',(0.942825465,24.080666013,12.760329822));
#13147=CARTESIAN_POINT('',(0.942825465,24.080666013,12.643889761));
#13148=CARTESIAN_POINT('',(0.942825465,24.080666013,12.527449701));
#13149=CARTESIAN_POINT('',(0.931752801,24.101427259,12.876769882));
#13150=CARTESIAN_POINT('',(0.931752801,24.101427259,12.760329822));
#13151=CARTESIAN_POINT('',(0.931752801,24.101427259,12.643889761));
#13152=CARTESIAN_POINT('',(0.931752801,24.101427259,12.527449701));
#13153=CARTESIAN_POINT('',(0.920680136,24.122188504,12.876769882));
#13154=CARTESIAN_POINT('',(0.920680136,24.122188504,12.760329822));
#13155=CARTESIAN_POINT('',(0.920680136,24.122188504,12.643889761));
#13156=CARTESIAN_POINT('',(0.920680136,24.122188504,12.527449701));
#13157=CARTESIAN_POINT('',(0.914105742,24.147015494,12.876769882));
#13158=CARTESIAN_POINT('',(0.914105742,24.147015494,12.760329822));
#13159=CARTESIAN_POINT('',(0.914105742,24.147015494,12.643889761));
#13160=CARTESIAN_POINT('',(0.914105742,24.147015494,12.527449701));
#13161=CARTESIAN_POINT('',(0.914105742,24.172015494,12.876769882));
#13162=CARTESIAN_POINT('',(0.914105742,24.172015494,12.760329822));
#13163=CARTESIAN_POINT('',(0.914105742,24.172015494,12.643889761));
#13164=CARTESIAN_POINT('',(0.914105742,24.172015494,12.527449701));
#13165=CARTESIAN_POINT('',(0.914105742,24.197015494,12.876769882));
#13166=CARTESIAN_POINT('',(0.914105742,24.197015494,12.760329822));
#13167=CARTESIAN_POINT('',(0.914105742,24.197015494,12.643889761));
#13168=CARTESIAN_POINT('',(0.914105742,24.197015494,12.527449701));
#13169=CARTESIAN_POINT('',(0.920680136,24.221842484,12.876769882));
#13170=CARTESIAN_POINT('',(0.920680136,24.221842484,12.760329822));
#13171=CARTESIAN_POINT('',(0.920680136,24.221842484,12.643889761));
#13172=CARTESIAN_POINT('',(0.920680136,24.221842484,12.527449701));
#13173=CARTESIAN_POINT('',(0.931752801,24.242603729,12.876769882));
#13174=CARTESIAN_POINT('',(0.931752801,24.242603729,12.760329822));
#13175=CARTESIAN_POINT('',(0.931752801,24.242603729,12.643889761));
#13176=CARTESIAN_POINT('',(0.931752801,24.242603729,12.527449701));
#13177=CARTESIAN_POINT('',(0.942825465,24.263364975,12.876769882));
#13178=CARTESIAN_POINT('',(0.942825465,24.263364975,12.760329822));
#13179=CARTESIAN_POINT('',(0.942825465,24.263364975,12.643889761));
#13180=CARTESIAN_POINT('',(0.942825465,24.263364975,12.527449701));
#13181=CARTESIAN_POINT('',(0.958105742,24.280015494,12.876769882));
#13182=CARTESIAN_POINT('',(0.958105742,24.280015494,12.760329822));
#13183=CARTESIAN_POINT('',(0.958105742,24.280015494,12.643889761));
#13184=CARTESIAN_POINT('',(0.958105742,24.280015494,12.527449701));
#13185=CARTESIAN_POINT('',(0.974105742,24.292015494,12.876769882));
#13186=CARTESIAN_POINT('',(0.974105742,24.292015494,12.760329822));
#13187=CARTESIAN_POINT('',(0.974105742,24.292015494,12.643889761));
#13188=CARTESIAN_POINT('',(0.974105742,24.292015494,12.527449701));
#13189=CARTESIAN_POINT('',(0.987470832,24.302039312,12.876769882));
#13190=CARTESIAN_POINT('',(0.987470832,24.302039312,12.760329822));
#13191=CARTESIAN_POINT('',(0.987470832,24.302039312,12.643889761));
#13192=CARTESIAN_POINT('',(0.987470832,24.302039312,12.527449701));
#13193=CARTESIAN_POINT('',(1.001010362,24.308923226,12.876769882));
#13194=CARTESIAN_POINT('',(1.001010362,24.308923226,12.760329822));
#13195=CARTESIAN_POINT('',(1.001010362,24.308923226,12.643889761));
#13196=CARTESIAN_POINT('',(1.001010362,24.308923226,12.527449701));
#13197=CARTESIAN_POINT('',(1.014068626,24.313541509,12.876769882));
#13198=CARTESIAN_POINT('',(1.014068626,24.313541509,12.760329822));
#13199=CARTESIAN_POINT('',(1.014068626,24.313541509,12.643889761));
#13200=CARTESIAN_POINT('',(1.014068626,24.313541509,12.527449701));
#13201=B_SPLINE_SURFACE_WITH_KNOTS('',3,3,((#13125,#13126,#13127,#13128),(#13129,#13130,#13131,#13132),(#13133,#13134,#13135,#13136),(#13137,#13138,#13139,#13140),(#13141,#13142,#13143,#13144),(#13145,#13146,#13147,#13148),(#13149,#13150,#13151,#13152),(#13153,#13154,#13155,#13156),(#13157,#13158,#13159,#13160),(#13161,#13162,#13163,#13164),(#13165,#13166,#13167,#13168),(#13169,#13170,#13171,#13172),(#13173,#13174,#13175,#13176),(#13177,#13178,#13179,#13180),(#13181,#13182,#13183,#13184),(#13185,#13186,#13187,#13188),(#13189,#13190,#13191,#13192),(#13193,#13194,#13195,#13196),(#13197,#13198,#13199,#13200)),.UNSPECIFIED.,.F.,.F.,.U.,(4,3,3,3,3,3,4),(4,4),(0.072792495,0.125,0.1875,0.25,0.3125,0.375,0.427207385),(0.,0.662815111),.UNSPECIFIED.);
#13202=CARTESIAN_POINT('',(1.014105742,24.31343685,12.554244996));
#13203=VERTEX_POINT('',#13202);
#13204=CARTESIAN_POINT('',(1.014105742,24.31343685,12.554244996));
#13205=CARTESIAN_POINT('',(0.985483534,24.303317256,12.546575699));
#13206=CARTESIAN_POINT('',(0.960037655,24.284310917,12.539757496));
#13207=CARTESIAN_POINT('',(0.94217611,24.259383479,12.534971509));
#13208=CARTESIAN_POINT('',(0.924314566,24.234456042,12.530185523));
#13209=CARTESIAN_POINT('',(0.914100127,24.203269905,12.527448572));
#13210=CARTESIAN_POINT('',(0.914105744,24.171988559,12.527450077));
#13211=CARTESIAN_POINT('',(0.914111361,24.140707213,12.527451582));
#13212=CARTESIAN_POINT('',(0.924192461,24.109779928,12.530152805));
#13213=CARTESIAN_POINT('',(0.942119062,24.084727179,12.534956223));
#13214=CARTESIAN_POINT('',(0.960045663,24.059674431,12.539759641));
#13215=CARTESIAN_POINT('',(0.985744305,24.040622477,12.546645572));
#13216=CARTESIAN_POINT('',(1.014105742,24.030594138,12.554244996));
#13217=B_SPLINE_CURVE_WITH_KNOTS('',3,(#13204,#13205,#13206,#13207,#13208,#13209,#13210,#13211,#13212,#13213,#13214,#13215,#13216),.UNSPECIFIED.,.F.,.F.,(4,3,3,3,4),(0.000049044,0.000142062,0.00023508,0.000328098,0.000421116),.UNSPECIFIED.);
#13218=EDGE_CURVE('',#13203,#547,#13217,.T.);
#13219=ORIENTED_EDGE('',*,*,#13218,.T.);
#13220=ORIENTED_EDGE('',*,*,#844,.T.);
#13221=ORIENTED_EDGE('',*,*,#13112,.T.);
#13222=CARTESIAN_POINT('',(1.014105742,24.31343685,12.876769882));
#13223=DIRECTION('',(-0.,0.,-1.));
#13224=VECTOR('',#13223,0.322524886);
#13225=LINE('',#13222,#13224);
#13226=EDGE_CURVE('',#13091,#13203,#13225,.T.);
#13227=ORIENTED_EDGE('',*,*,#13226,.T.);
#13228=EDGE_LOOP('',(#13219,#13220,#13221,#13227));
#13229=FACE_BOUND('',#13228,.T.);
#13230=ADVANCED_FACE('',(#13229),#13201,.T.);
#13231=CARTESIAN_POINT('',(1.841170336,24.030489447,11.094389141));
#13232=CARTESIAN_POINT('',(2.015874468,24.030489447,10.994631174));
#13233=CARTESIAN_POINT('',(2.1905786,24.030489447,10.894873207));
#13234=CARTESIAN_POINT('',(2.365282733,24.030489447,10.79511524));
#13235=CARTESIAN_POINT('',(1.83469518,24.03510773,11.083049329));
#13236=CARTESIAN_POINT('',(2.009399312,24.03510773,10.983291362));
#13237=CARTESIAN_POINT('',(2.184103444,24.03510773,10.883533395));
#13238=CARTESIAN_POINT('',(2.358807576,24.03510773,10.783775428));
#13239=CARTESIAN_POINT('',(1.827981378,24.041991653,11.071291583));
#13240=CARTESIAN_POINT('',(2.00268551,24.041991653,10.971533616));
#13241=CARTESIAN_POINT('',(2.177389643,24.041991653,10.871775649));
#13242=CARTESIAN_POINT('',(2.352093775,24.041991653,10.772017682));
#13243=CARTESIAN_POINT('',(1.821354076,24.052015494,11.059685321));
#13244=CARTESIAN_POINT('',(1.996058208,24.052015494,10.959927354));
#13245=CARTESIAN_POINT('',(2.17076234,24.052015494,10.860169387));
#13246=CARTESIAN_POINT('',(2.345466472,24.052015494,10.76041142));
#13247=CARTESIAN_POINT('',(1.813420228,24.064015494,11.045790931));
#13248=CARTESIAN_POINT('',(1.98812436,24.064015494,10.946032964));
#13249=CARTESIAN_POINT('',(2.162828492,24.064015494,10.846274997));
#13250=CARTESIAN_POINT('',(2.337532624,24.064015494,10.74651703));
#13251=CARTESIAN_POINT('',(1.805843266,24.080666013,11.032521549));
#13252=CARTESIAN_POINT('',(1.980547398,24.080666013,10.932763582));
#13253=CARTESIAN_POINT('',(2.15525153,24.080666013,10.833005615));
#13254=CARTESIAN_POINT('',(2.329955662,24.080666013,10.733247648));
#13255=CARTESIAN_POINT('',(1.800352713,24.101427259,11.022906055));
#13256=CARTESIAN_POINT('',(1.975056845,24.101427259,10.923148088));
#13257=CARTESIAN_POINT('',(2.149760978,24.101427259,10.823390121));
#13258=CARTESIAN_POINT('',(2.32446511,24.101427259,10.723632154));
#13259=CARTESIAN_POINT('',(1.794862161,24.122188504,11.01329056));
#13260=CARTESIAN_POINT('',(1.969566293,24.122188504,10.913532594));
#13261=CARTESIAN_POINT('',(2.144270425,24.122188504,10.813774627));
#13262=CARTESIAN_POINT('',(2.318974557,24.122188504,10.71401666));
#13263=CARTESIAN_POINT('',(1.791602146,24.147015494,11.007581361));
#13264=CARTESIAN_POINT('',(1.966306278,24.147015494,10.907823394));
#13265=CARTESIAN_POINT('',(2.14101041,24.147015494,10.808065427));
#13266=CARTESIAN_POINT('',(2.315714542,24.147015494,10.70830746));
#13267=CARTESIAN_POINT('',(1.791602146,24.172015494,11.007581361));
#13268=CARTESIAN_POINT('',(1.966306278,24.172015494,10.907823394));
#13269=CARTESIAN_POINT('',(2.14101041,24.172015494,10.808065427));
#13270=CARTESIAN_POINT('',(2.315714542,24.172015494,10.70830746));
#13271=CARTESIAN_POINT('',(1.791602146,24.197015494,11.007581361));
#13272=CARTESIAN_POINT('',(1.966306278,24.197015494,10.907823394));
#13273=CARTESIAN_POINT('',(2.14101041,24.197015494,10.808065427));
#13274=CARTESIAN_POINT('',(2.315714542,24.197015494,10.70830746));
#13275=CARTESIAN_POINT('',(1.794862161,24.221842484,11.01329056));
#13276=CARTESIAN_POINT('',(1.969566293,24.221842484,10.913532594));
#13277=CARTESIAN_POINT('',(2.144270425,24.221842484,10.813774627));
#13278=CARTESIAN_POINT('',(2.318974557,24.221842484,10.71401666));
#13279=CARTESIAN_POINT('',(1.800352713,24.242603729,11.022906055));
#13280=CARTESIAN_POINT('',(1.975056845,24.242603729,10.923148088));
#13281=CARTESIAN_POINT('',(2.149760978,24.242603729,10.823390121));
#13282=CARTESIAN_POINT('',(2.32446511,24.242603729,10.723632154));
#13283=CARTESIAN_POINT('',(1.805843266,24.263364975,11.032521549));
#13284=CARTESIAN_POINT('',(1.980547398,24.263364975,10.932763582));
#13285=CARTESIAN_POINT('',(2.15525153,24.263364975,10.833005615));
#13286=CARTESIAN_POINT('',(2.329955662,24.263364975,10.733247648));
#13287=CARTESIAN_POINT('',(1.813420228,24.280015494,11.045790931));
#13288=CARTESIAN_POINT('',(1.98812436,24.280015494,10.946032964));
#13289=CARTESIAN_POINT('',(2.162828492,24.280015494,10.846274997));
#13290=CARTESIAN_POINT('',(2.337532624,24.280015494,10.74651703));
#13291=CARTESIAN_POINT('',(1.821354076,24.292015494,11.059685321));
#13292=CARTESIAN_POINT('',(1.996058208,24.292015494,10.959927354));
#13293=CARTESIAN_POINT('',(2.17076234,24.292015494,10.860169387));
#13294=CARTESIAN_POINT('',(2.345466472,24.292015494,10.76041142));
#13295=CARTESIAN_POINT('',(1.827981363,24.302039312,11.071291556));
#13296=CARTESIAN_POINT('',(2.002685495,24.302039312,10.971533589));
#13297=CARTESIAN_POINT('',(2.177389627,24.302039312,10.871775623));
#13298=CARTESIAN_POINT('',(2.352093759,24.302039312,10.772017656));
#13299=CARTESIAN_POINT('',(1.834695149,24.308923226,11.083049275));
#13300=CARTESIAN_POINT('',(2.009399281,24.308923226,10.983291308));
#13301=CARTESIAN_POINT('',(2.184103413,24.308923226,10.883533341));
#13302=CARTESIAN_POINT('',(2.358807545,24.308923226,10.783775374));
#13303=CARTESIAN_POINT('',(1.841170291,24.313541509,11.094389063));
#13304=CARTESIAN_POINT('',(2.015874423,24.313541509,10.994631096));
#13305=CARTESIAN_POINT('',(2.190578556,24.313541509,10.894873129));
#13306=CARTESIAN_POINT('',(2.365282688,24.313541509,10.795115162));
#13307=B_SPLINE_SURFACE_WITH_KNOTS('',3,3,((#13231,#13232,#13233,#13234),(#13235,#13236,#13237,#13238),(#13239,#13240,#13241,#13242),(#13243,#13244,#13245,#13246),(#13247,#13248,#13249,#13250),(#13251,#13252,#13253,#13254),(#13255,#13256,#13257,#13258),(#13259,#13260,#13261,#13262),(#13263,#13264,#13265,#13266),(#13267,#13268,#13269,#13270),(#13271,#13272,#13273,#13274),(#13275,#13276,#13277,#13278),(#13279,#13280,#13281,#13282),(#13283,#13284,#13285,#13286),(#13287,#13288,#13289,#13290),(#13291,#13292,#13293,#13294),(#13295,#13296,#13297,#13298),(#13299,#13300,#13301,#13302),(#13303,#13304,#13305,#13306)),.UNSPECIFIED.,.F.,.F.,.U.,(4,3,3,3,3,3,4),(4,4),(0.072792495,0.125,0.1875,0.25,0.3125,0.375,0.427207385),(0.129842739,0.568994916),.UNSPECIFIED.);
#13308=ORIENTED_EDGE('',*,*,#13002,.T.);
#13309=ORIENTED_EDGE('',*,*,#866,.T.);
#13310=CARTESIAN_POINT('',(1.864679709,24.31343685,11.081007669));
#13311=VERTEX_POINT('',#13310);
#13312=CARTESIAN_POINT('',(1.864679709,24.31343685,11.081007669));
#13313=CARTESIAN_POINT('',(1.843770576,24.303320734,11.059998612));
#13314=CARTESIAN_POINT('',(1.825176732,24.284321414,11.041315908));
#13315=CARTESIAN_POINT('',(1.812122454,24.259396738,11.028199244));
#13316=CARTESIAN_POINT('',(1.799068176,24.234472061,11.01508258));
#13317=CARTESIAN_POINT('',(1.791598579,24.203276825,11.007577287));
#13318=CARTESIAN_POINT('',(1.791602458,24.171990044,11.007581185));
#13319=CARTESIAN_POINT('',(1.791606338,24.140703263,11.007585082));
#13320=CARTESIAN_POINT('',(1.798977892,24.109766296,11.014991865));
#13321=CARTESIAN_POINT('',(1.812080253,24.084714882,11.028156841));
#13322=CARTESIAN_POINT('',(1.825182613,24.059663468,11.041321818));
#13323=CARTESIAN_POINT('',(1.843960919,24.040619106,11.060189864));
#13324=CARTESIAN_POINT('',(1.864679709,24.030594138,11.081007669));
#13325=B_SPLINE_CURVE_WITH_KNOTS('',3,(#13312,#13313,#13314,#13315,#13316,#13317,#13318,#13319,#13320,#13321,#13322,#13323,#13324),.UNSPECIFIED.,.F.,.F.,(4,3,3,3,4),(0.000049091,0.000142131,0.000235171,0.000328212,0.000421252),.UNSPECIFIED.);
#13326=EDGE_CURVE('',#13311,#545,#13325,.T.);
#13327=ORIENTED_EDGE('',*,*,#13326,.F.);
#13328=CARTESIAN_POINT('',(1.864679709,24.31343685,11.081007669));
#13329=DIRECTION('',(0.868399335,0.,-0.495865502));
#13330=VECTOR('',#13329,0.576487525);
#13331=LINE('',#13328,#13330);
#13332=EDGE_CURVE('',#13311,#12984,#13331,.T.);
#13333=ORIENTED_EDGE('',*,*,#13332,.T.);
#13334=EDGE_LOOP('',(#13308,#13309,#13327,#13333));
#13335=FACE_BOUND('',#13334,.T.);
#13336=ADVANCED_FACE('',(#13335),#13307,.T.);
#13337=CARTESIAN_POINT('',(1.000676029,24.030489447,12.577431889));
#13338=CARTESIAN_POINT('',(1.293175057,24.030489447,12.070808713));
#13339=CARTESIAN_POINT('',(1.585674084,24.030489447,11.564185536));
#13340=CARTESIAN_POINT('',(1.878173111,24.030489447,11.05756236));
#13341=CARTESIAN_POINT('',(0.989367217,24.03510773,12.570902743));
#13342=CARTESIAN_POINT('',(1.281866244,24.03510773,12.064279567));
#13343=CARTESIAN_POINT('',(1.574365272,24.03510773,11.55765639));
#13344=CARTESIAN_POINT('',(1.866864299,24.03510773,11.051033214));
#13345=CARTESIAN_POINT('',(0.977641613,24.041991653,12.564132963));
#13346=CARTESIAN_POINT('',(1.27014064,24.041991653,12.057509786));
#13347=CARTESIAN_POINT('',(1.562639668,24.041991653,11.55088661));
#13348=CARTESIAN_POINT('',(1.855138695,24.041991653,11.044263433));
#13349=CARTESIAN_POINT('',(0.966067078,24.052015494,12.557450402));
#13350=CARTESIAN_POINT('',(1.258566106,24.052015494,12.050827226));
#13351=CARTESIAN_POINT('',(1.551065133,24.052015494,11.544204049));
#13352=CARTESIAN_POINT('',(1.84356416,24.052015494,11.037580873));
#13353=CARTESIAN_POINT('',(0.952210672,24.064015494,12.549450402));
#13354=CARTESIAN_POINT('',(1.244709699,24.064015494,12.042827226));
#13355=CARTESIAN_POINT('',(1.537208727,24.064015494,11.536204049));
#13356=CARTESIAN_POINT('',(1.829707754,24.064015494,11.029580873));
#13357=CARTESIAN_POINT('',(0.938977564,24.080666013,12.541810264));
#13358=CARTESIAN_POINT('',(1.231476591,24.080666013,12.035187087));
#13359=CARTESIAN_POINT('',(1.523975619,24.080666013,11.528563911));
#13360=CARTESIAN_POINT('',(1.816474646,24.080666013,11.021940734));
#13361=CARTESIAN_POINT('',(0.929388355,24.101427259,12.536273931));
#13362=CARTESIAN_POINT('',(1.221887383,24.101427259,12.029650755));
#13363=CARTESIAN_POINT('',(1.51438641,24.101427259,11.523027578));
#13364=CARTESIAN_POINT('',(1.806885437,24.101427259,11.016404402));
#13365=CARTESIAN_POINT('',(0.919799147,24.122188504,12.530737599));
#13366=CARTESIAN_POINT('',(1.212298174,24.122188504,12.024114423));
#13367=CARTESIAN_POINT('',(1.504797201,24.122188504,11.517491246));
#13368=CARTESIAN_POINT('',(1.797296229,24.122188504,11.01086807));
#13369=CARTESIAN_POINT('',(0.914105554,24.147015494,12.527450402));
#13370=CARTESIAN_POINT('',(1.206604581,24.147015494,12.020827226));
#13371=CARTESIAN_POINT('',(1.499103609,24.147015494,11.514204049));
#13372=CARTESIAN_POINT('',(1.791602636,24.147015494,11.007580873));
#13373=CARTESIAN_POINT('',(0.914105554,24.172015494,12.527450402));
#13374=CARTESIAN_POINT('',(1.206604581,24.172015494,12.020827226));
#13375=CARTESIAN_POINT('',(1.499103609,24.172015494,11.514204049));
#13376=CARTESIAN_POINT('',(1.791602636,24.172015494,11.007580873));
#13377=CARTESIAN_POINT('',(0.914105554,24.197015494,12.527450402));
#13378=CARTESIAN_POINT('',(1.206604581,24.197015494,12.020827226));
#13379=CARTESIAN_POINT('',(1.499103609,24.197015494,11.514204049));
#13380=CARTESIAN_POINT('',(1.791602636,24.197015494,11.007580873));
#13381=CARTESIAN_POINT('',(0.919799147,24.221842484,12.530737599));
#13382=CARTESIAN_POINT('',(1.212298174,24.221842484,12.024114423));
#13383=CARTESIAN_POINT('',(1.504797201,24.221842484,11.517491246));
#13384=CARTESIAN_POINT('',(1.797296229,24.221842484,11.01086807));
#13385=CARTESIAN_POINT('',(0.929388355,24.242603729,12.536273931));
#13386=CARTESIAN_POINT('',(1.221887383,24.242603729,12.029650755));
#13387=CARTESIAN_POINT('',(1.51438641,24.242603729,11.523027578));
#13388=CARTESIAN_POINT('',(1.806885437,24.242603729,11.016404402));
#13389=CARTESIAN_POINT('',(0.938977564,24.263364975,12.541810264));
#13390=CARTESIAN_POINT('',(1.231476591,24.263364975,12.035187087));
#13391=CARTESIAN_POINT('',(1.523975619,24.263364975,11.528563911));
#13392=CARTESIAN_POINT('',(1.816474646,24.263364975,11.021940734));
#13393=CARTESIAN_POINT('',(0.952210672,24.280015494,12.549450402));
#13394=CARTESIAN_POINT('',(1.244709699,24.280015494,12.042827226));
#13395=CARTESIAN_POINT('',(1.537208727,24.280015494,11.536204049));
#13396=CARTESIAN_POINT('',(1.829707754,24.280015494,11.029580873));
#13397=CARTESIAN_POINT('',(0.966067078,24.292015494,12.557450402));
#13398=CARTESIAN_POINT('',(1.258566106,24.292015494,12.050827226));
#13399=CARTESIAN_POINT('',(1.551065133,24.292015494,11.544204049));
#13400=CARTESIAN_POINT('',(1.84356416,24.292015494,11.037580873));
#13401=CARTESIAN_POINT('',(0.977641586,24.302039312,12.564132947));
#13402=CARTESIAN_POINT('',(1.270140614,24.302039312,12.057509771));
#13403=CARTESIAN_POINT('',(1.562639641,24.302039312,11.550886594));
#13404=CARTESIAN_POINT('',(1.855138668,24.302039312,11.044263418));
#13405=CARTESIAN_POINT('',(0.989367163,24.308923226,12.570902712));
#13406=CARTESIAN_POINT('',(1.28186619,24.308923226,12.064279536));
#13407=CARTESIAN_POINT('',(1.574365217,24.308923226,11.557656359));
#13408=CARTESIAN_POINT('',(1.866864245,24.308923226,11.051033183));
#13409=CARTESIAN_POINT('',(1.000675951,24.313541509,12.577431844));
#13410=CARTESIAN_POINT('',(1.293174978,24.313541509,12.070808668));
#13411=CARTESIAN_POINT('',(1.585674006,24.313541509,11.564185491));
#13412=CARTESIAN_POINT('',(1.878173033,24.313541509,11.057562315));
#13413=B_SPLINE_SURFACE_WITH_KNOTS('',3,3,((#13337,#13338,#13339,#13340),(#13341,#13342,#13343,#13344),(#13345,#13346,#13347,#13348),(#13349,#13350,#13351,#13352),(#13353,#13354,#13355,#13356),(#13357,#13358,#13359,#13360),(#13361,#13362,#13363,#13364),(#13365,#13366,#13367,#13368),(#13369,#13370,#13371,#13372),(#13373,#13374,#13375,#13376),(#13377,#13378,#13379,#13380),(#13381,#13382,#13383,#13384),(#13385,#13386,#13387,#13388),(#13389,#13390,#13391,#13392),(#13393,#13394,#13395,#13396),(#13397,#13398,#13399,#13400),(#13401,#13402,#13403,#13404),(#13405,#13406,#13407,#13408),(#13409,#13410,#13411,#13412)),.UNSPECIFIED.,.F.,.F.,.U.,(4,3,3,3,3,3,4),(4,4),(0.072792495,0.125,0.1875,0.25,0.3125,0.375,0.427207385),(0.084174635,0.915474171),.UNSPECIFIED.);
#13414=ORIENTED_EDGE('',*,*,#13326,.T.);
#13415=ORIENTED_EDGE('',*,*,#552,.T.);
#13416=ORIENTED_EDGE('',*,*,#13218,.F.);
#13417=CARTESIAN_POINT('',(1.014105742,24.31343685,12.554244996));
#13418=DIRECTION('',(0.5,0.,-0.866025404));
#13419=VECTOR('',#13418,1.701147935);
#13420=LINE('',#13417,#13419);
#13421=EDGE_CURVE('',#13203,#13311,#13420,.T.);
#13422=ORIENTED_EDGE('',*,*,#13421,.T.);
#13423=EDGE_LOOP('',(#13414,#13415,#13416,#13422));
#13424=FACE_BOUND('',#13423,.T.);
#13425=ADVANCED_FACE('',(#13424),#13413,.T.);
#13426=CARTESIAN_POINT('',(1.014105742,30.301464793,12.876769882));
#13427=DIRECTION('',(-1.,0.,-0.));
#13428=DIRECTION('',(0.,0.,-1.));
#13429=AXIS2_PLACEMENT_3D('',#13426,#13427,#13428);
#13430=PLANE('',#13429);
#13431=CARTESIAN_POINT('',(1.014105742,26.930594138,12.876769882));
#13432=VERTEX_POINT('',#13431);
#13433=CARTESIAN_POINT('',(1.014105742,26.930594138,13.135897309));
#13434=VERTEX_POINT('',#13433);
#13435=CARTESIAN_POINT('',(1.014105742,26.930594138,12.876769882));
#13436=DIRECTION('',(0.,-0.,1.));
#13437=VECTOR('',#13436,0.259127427);
#13438=LINE('',#13435,#13437);
#13439=EDGE_CURVE('',#13432,#13434,#13438,.T.);
#13440=ORIENTED_EDGE('',*,*,#13439,.F.);
#13441=CARTESIAN_POINT('',(1.014105742,26.930594138,12.554244996));
#13442=VERTEX_POINT('',#13441);
#13443=CARTESIAN_POINT('',(1.014105742,26.930594138,12.554244996));
#13444=DIRECTION('',(0.,-0.,1.));
#13445=VECTOR('',#13444,0.322524886);
#13446=LINE('',#13443,#13445);
#13447=EDGE_CURVE('',#13442,#13432,#13446,.T.);
#13448=ORIENTED_EDGE('',*,*,#13447,.F.);
#13449=CARTESIAN_POINT('',(1.014105742,26.930594138,12.554244996));
#13450=DIRECTION('',(-0.,-1.,-0.));
#13451=VECTOR('',#13450,2.617157288);
#13452=LINE('',#13449,#13451);
#13453=EDGE_CURVE('',#13442,#13203,#13452,.T.);
#13454=ORIENTED_EDGE('',*,*,#13453,.T.);
#13455=ORIENTED_EDGE('',*,*,#13226,.F.);
#13456=ORIENTED_EDGE('',*,*,#13120,.F.);
#13457=CARTESIAN_POINT('',(1.014105742,26.930594138,13.135897309));
#13458=DIRECTION('',(-0.,-1.,-0.));
#13459=VECTOR('',#13458,2.617157288);
#13460=LINE('',#13457,#13459);
#13461=EDGE_CURVE('',#13434,#12873,#13460,.T.);
#13462=ORIENTED_EDGE('',*,*,#13461,.F.);
#13463=EDGE_LOOP('',(#13440,#13448,#13454,#13455,#13456,#13462));
#13464=FACE_BOUND('',#13463,.T.);
#13465=ADVANCED_FACE('',(#13464),#13430,.T.);
#13466=CARTESIAN_POINT('',(2.142676811,30.301464793,10.922268289));
#13467=DIRECTION('',(-0.495865502,0.,-0.868399335));
#13468=DIRECTION('',(0.868399335,-0.,-0.495865502));
#13469=AXIS2_PLACEMENT_3D('',#13466,#13467,#13468);
#13470=PLANE('',#13469);
#13471=CARTESIAN_POINT('',(2.365301092,26.930594138,10.795147393));
#13472=VERTEX_POINT('',#13471);
#13473=CARTESIAN_POINT('',(1.864679709,26.930594138,11.081007669));
#13474=VERTEX_POINT('',#13473);
#13475=CARTESIAN_POINT('',(2.365301092,26.930594138,10.795147393));
#13476=DIRECTION('',(-0.868399335,-0.,0.495865502));
#13477=VECTOR('',#13476,0.576487525);
#13478=LINE('',#13475,#13477);
#13479=EDGE_CURVE('',#13472,#13474,#13478,.T.);
#13480=ORIENTED_EDGE('',*,*,#13479,.F.);
#13481=CARTESIAN_POINT('',(2.365301092,26.930594138,10.795147393));
#13482=DIRECTION('',(-0.,-1.,-0.));
#13483=VECTOR('',#13482,2.617157288);
#13484=LINE('',#13481,#13483);
#13485=EDGE_CURVE('',#13472,#12984,#13484,.T.);
#13486=ORIENTED_EDGE('',*,*,#13485,.T.);
#13487=ORIENTED_EDGE('',*,*,#13332,.F.);
#13488=CARTESIAN_POINT('',(1.864679709,26.930594138,11.081007669));
#13489=DIRECTION('',(-0.,-1.,-0.));
#13490=VECTOR('',#13489,2.617157288);
#13491=LINE('',#13488,#13490);
#13492=EDGE_CURVE('',#13474,#13311,#13491,.T.);
#13493=ORIENTED_EDGE('',*,*,#13492,.F.);
#13494=EDGE_LOOP('',(#13480,#13486,#13487,#13493));
#13495=FACE_BOUND('',#13494,.T.);
#13496=ADVANCED_FACE('',(#13495),#13470,.T.);
#13497=CARTESIAN_POINT('',(1.110347591,30.301464793,9.152832977));
#13498=DIRECTION('',(0.5,-0.,0.866025404));
#13499=DIRECTION('',(-0.866025404,0.,0.5));
#13500=AXIS2_PLACEMENT_3D('',#13497,#13498,#13499);
#13501=PLANE('',#13500);
#13502=CARTESIAN_POINT('',(0.825371657,26.930594138,9.317363909));
#13503=VERTEX_POINT('',#13502);
#13504=CARTESIAN_POINT('',(1.340419714,26.930594138,9.020000774));
#13505=VERTEX_POINT('',#13504);
#13506=CARTESIAN_POINT('',(0.825371657,26.930594138,9.317363909));
#13507=DIRECTION('',(0.866025404,-0.,-0.5));
#13508=VECTOR('',#13507,0.594726268);
#13509=LINE('',#13506,#13508);
#13510=EDGE_CURVE('',#13503,#13505,#13509,.T.);
#13511=ORIENTED_EDGE('',*,*,#13510,.F.);
#13512=CARTESIAN_POINT('',(0.825371657,26.930594138,9.317363909));
#13513=DIRECTION('',(-0.,-1.,-0.));
#13514=VECTOR('',#13513,2.617157288);
#13515=LINE('',#13512,#13514);
#13516=EDGE_CURVE('',#13503,#12557,#13515,.T.);
#13517=ORIENTED_EDGE('',*,*,#13516,.T.);
#13518=ORIENTED_EDGE('',*,*,#12790,.F.);
#13519=CARTESIAN_POINT('',(1.340419714,26.930594138,9.020000774));
#13520=DIRECTION('',(-0.,-1.,-0.));
#13521=VECTOR('',#13520,2.617157288);
#13522=LINE('',#13519,#13521);
#13523=EDGE_CURVE('',#13505,#12769,#13522,.T.);
#13524=ORIENTED_EDGE('',*,*,#13523,.F.);
#13525=EDGE_LOOP('',(#13511,#13517,#13518,#13524));
#13526=FACE_BOUND('',#13525,.T.);
#13527=ADVANCED_FACE('',(#13526),#13501,.T.);
#13528=CARTESIAN_POINT('',(1.85292014,30.301464793,9.907677551));
#13529=DIRECTION('',(-0.866025404,0.,0.5));
#13530=DIRECTION('',(-0.5,0.,-0.866025404));
#13531=AXIS2_PLACEMENT_3D('',#13528,#13529,#13530);
#13532=PLANE('',#13531);
#13533=CARTESIAN_POINT('',(1.340419714,26.930594138,9.020000774));
#13534=DIRECTION('',(0.5,-0.,0.866025404));
#13535=VECTOR('',#13534,2.049762756);
#13536=LINE('',#13533,#13535);
#13537=EDGE_CURVE('',#13505,#13472,#13536,.T.);
#13538=ORIENTED_EDGE('',*,*,#13537,.F.);
#13539=ORIENTED_EDGE('',*,*,#13523,.T.);
#13540=ORIENTED_EDGE('',*,*,#13008,.F.);
#13541=ORIENTED_EDGE('',*,*,#13485,.F.);
#13542=EDGE_LOOP('',(#13538,#13539,#13540,#13541));
#13543=FACE_BOUND('',#13542,.T.);
#13544=ADVANCED_FACE('',(#13543),#13532,.T.);
#13545=CARTESIAN_POINT('',(-1.135647021,30.301464793,9.15080595));
#13546=DIRECTION('',(-0.5,-0.,0.866025404));
#13547=DIRECTION('',(-0.866025404,0.,-0.5));
#13548=AXIS2_PLACEMENT_3D('',#13545,#13546,#13547);
#13549=PLANE('',#13548);
#13550=CARTESIAN_POINT('',(-1.366826235,26.930594138,9.017334568));
#13551=VERTEX_POINT('',#13550);
#13552=CARTESIAN_POINT('',(-0.847160173,26.930594138,9.317363909));
#13553=VERTEX_POINT('',#13552);
#13554=CARTESIAN_POINT('',(-1.366826235,26.930594138,9.017334568));
#13555=DIRECTION('',(0.866025404,-0.,0.5));
#13556=VECTOR('',#13555,0.600058681);
#13557=LINE('',#13554,#13556);
#13558=EDGE_CURVE('',#13551,#13553,#13557,.T.);
#13559=ORIENTED_EDGE('',*,*,#13558,.F.);
#13560=CARTESIAN_POINT('',(-1.366826235,26.930594138,9.017334568));
#13561=DIRECTION('',(-0.,-1.,-0.));
#13562=VECTOR('',#13561,2.617157288);
#13563=LINE('',#13560,#13562);
#13564=EDGE_CURVE('',#13551,#12130,#13563,.T.);
#13565=ORIENTED_EDGE('',*,*,#13564,.T.);
#13566=ORIENTED_EDGE('',*,*,#12366,.F.);
#13567=CARTESIAN_POINT('',(-0.847160173,26.930594138,9.317363909));
#13568=DIRECTION('',(-0.,-1.,-0.));
#13569=VECTOR('',#13568,2.617157288);
#13570=LINE('',#13567,#13569);
#13571=EDGE_CURVE('',#13553,#12345,#13570,.T.);
#13572=ORIENTED_EDGE('',*,*,#13571,.F.);
#13573=EDGE_LOOP('',(#13559,#13565,#13566,#13572));
#13574=FACE_BOUND('',#13573,.T.);
#13575=ADVANCED_FACE('',(#13574),#13549,.T.);
#13576=CARTESIAN_POINT('',(-0.010894258,30.301464793,9.317363909));
#13577=DIRECTION('',(-0.,-0.,1.));
#13578=DIRECTION('',(-1.,0.,-0.));
#13579=AXIS2_PLACEMENT_3D('',#13576,#13577,#13578);
#13580=PLANE('',#13579);
#13581=CARTESIAN_POINT('',(-0.847160173,26.930594138,9.317363909));
#13582=DIRECTION('',(1.,-0.,0.));
#13583=VECTOR('',#13582,1.672531831);
#13584=LINE('',#13581,#13583);
#13585=EDGE_CURVE('',#13553,#13503,#13584,.T.);
#13586=ORIENTED_EDGE('',*,*,#13585,.F.);
#13587=ORIENTED_EDGE('',*,*,#13571,.T.);
#13588=ORIENTED_EDGE('',*,*,#12578,.F.);
#13589=ORIENTED_EDGE('',*,*,#13516,.F.);
#13590=EDGE_LOOP('',(#13586,#13587,#13588,#13589));
#13591=FACE_BOUND('',#13590,.T.);
#13592=ADVANCED_FACE('',(#13591),#13580,.T.);
#13593=CARTESIAN_POINT('',(-2.102166197,30.301464793,10.95808687));
#13594=DIRECTION('',(0.495039998,0.,-0.868870186));
#13595=DIRECTION('',(0.868870186,-0.,0.495039998));
#13596=AXIS2_PLACEMENT_3D('',#13593,#13594,#13595);
#13597=PLANE('',#13596);
#13598=CARTESIAN_POINT('',(-1.855445278,26.930594138,11.098656457));
#13599=VERTEX_POINT('',#13598);
#13600=CARTESIAN_POINT('',(-2.295718281,26.930594138,10.847810301));
#13601=VERTEX_POINT('',#13600);
#13602=CARTESIAN_POINT('',(-1.855445278,26.930594138,11.098656457));
#13603=DIRECTION('',(-0.868870186,-0.,-0.495039998));
#13604=VECTOR('',#13603,0.506718967);
#13605=LINE('',#13602,#13604);
#13606=EDGE_CURVE('',#13599,#13601,#13605,.T.);
#13607=ORIENTED_EDGE('',*,*,#13606,.F.);
#13608=CARTESIAN_POINT('',(-1.855445278,26.930594138,11.098656457));
#13609=DIRECTION('',(-0.,-1.,-0.));
#13610=VECTOR('',#13609,2.617157288);
#13611=LINE('',#13608,#13610);
#13612=EDGE_CURVE('',#13599,#12237,#13611,.T.);
#13613=ORIENTED_EDGE('',*,*,#13612,.T.);
#13614=ORIENTED_EDGE('',*,*,#12260,.F.);
#13615=CARTESIAN_POINT('',(-2.295718281,26.930594138,10.847810301));
#13616=DIRECTION('',(-0.,-1.,-0.));
#13617=VECTOR('',#13616,2.617157288);
#13618=LINE('',#13615,#13617);
#13619=EDGE_CURVE('',#13601,#12111,#13618,.T.);
#13620=ORIENTED_EDGE('',*,*,#13619,.F.);
#13621=EDGE_LOOP('',(#13607,#13613,#13614,#13620));
#13622=FACE_BOUND('',#13621,.T.);
#13623=ADVANCED_FACE('',(#13622),#13597,.T.);
#13624=CARTESIAN_POINT('',(-1.035894258,30.301464793,12.858727615));
#13625=DIRECTION('',(1.,-0.,0.));
#13626=DIRECTION('',(-0.,-0.,1.));
#13627=AXIS2_PLACEMENT_3D('',#13624,#13625,#13626);
#13628=PLANE('',#13627);
#13629=CARTESIAN_POINT('',(-1.035894258,26.930594138,13.135897309));
#13630=VERTEX_POINT('',#13629);
#13631=CARTESIAN_POINT('',(-1.035894258,26.930594138,12.518160463));
#13632=VERTEX_POINT('',#13631);
#13633=CARTESIAN_POINT('',(-1.035894258,26.930594138,13.135897309));
#13634=DIRECTION('',(0.,-0.,-1.));
#13635=VECTOR('',#13634,0.617736846);
#13636=LINE('',#13633,#13635);
#13637=EDGE_CURVE('',#13630,#13632,#13636,.T.);
#13638=ORIENTED_EDGE('',*,*,#13637,.F.);
#13639=CARTESIAN_POINT('',(-1.035894258,26.930594138,13.135897309));
#13640=DIRECTION('',(-0.,-1.,-0.));
#13641=VECTOR('',#13640,2.617157288);
#13642=LINE('',#13639,#13641);
#13643=EDGE_CURVE('',#13630,#12661,#13642,.T.);
#13644=ORIENTED_EDGE('',*,*,#13643,.T.);
#13645=ORIENTED_EDGE('',*,*,#12684,.F.);
#13646=CARTESIAN_POINT('',(-1.035894258,26.930594138,12.518160463));
#13647=DIRECTION('',(-0.,-1.,-0.));
#13648=VECTOR('',#13647,2.617157288);
#13649=LINE('',#13646,#13648);
#13650=EDGE_CURVE('',#13632,#12449,#13649,.T.);
#13651=ORIENTED_EDGE('',*,*,#13650,.F.);
#13652=EDGE_LOOP('',(#13638,#13644,#13645,#13651));
#13653=FACE_BOUND('',#13652,.T.);
#13654=ADVANCED_FACE('',(#13653),#13628,.T.);
#13655=CARTESIAN_POINT('',(-1.445631436,30.301464793,11.808474853));
#13656=DIRECTION('',(0.866025404,-0.,-0.5));
#13657=DIRECTION('',(0.5,-0.,0.866025404));
#13658=AXIS2_PLACEMENT_3D('',#13655,#13656,#13657);
#13659=PLANE('',#13658);
#13660=CARTESIAN_POINT('',(-1.035894258,26.930594138,12.518160463));
#13661=DIRECTION('',(-0.5,-0.,-0.866025404));
#13662=VECTOR('',#13661,1.63910204);
#13663=LINE('',#13660,#13662);
#13664=EDGE_CURVE('',#13632,#13599,#13663,.T.);
#13665=ORIENTED_EDGE('',*,*,#13664,.F.);
#13666=ORIENTED_EDGE('',*,*,#13650,.T.);
#13667=ORIENTED_EDGE('',*,*,#12472,.F.);
#13668=ORIENTED_EDGE('',*,*,#13612,.F.);
#13669=EDGE_LOOP('',(#13665,#13666,#13667,#13668));
#13670=FACE_BOUND('',#13669,.T.);
#13671=ADVANCED_FACE('',(#13670),#13659,.T.);
#13672=CARTESIAN_POINT('',(-1.830110753,30.301464793,9.930283572));
#13673=DIRECTION('',(0.891750604,-0.,0.452527192));
#13674=DIRECTION('',(-0.452527192,-0.,0.891750604));
#13675=AXIS2_PLACEMENT_3D('',#13672,#13673,#13674);
#13676=PLANE('',#13675);
#13677=CARTESIAN_POINT('',(-2.295718281,26.930594138,10.847810301));
#13678=DIRECTION('',(0.452527192,-0.,-0.891750604));
#13679=VECTOR('',#13678,2.05267675);
#13680=LINE('',#13677,#13679);
#13681=EDGE_CURVE('',#13601,#13551,#13680,.T.);
#13682=ORIENTED_EDGE('',*,*,#13681,.F.);
#13683=ORIENTED_EDGE('',*,*,#13619,.T.);
#13684=ORIENTED_EDGE('',*,*,#12154,.F.);
#13685=ORIENTED_EDGE('',*,*,#13564,.F.);
#13686=EDGE_LOOP('',(#13682,#13683,#13684,#13685));
#13687=FACE_BOUND('',#13686,.T.);
#13688=ADVANCED_FACE('',(#13687),#13676,.T.);
#13689=CARTESIAN_POINT('',(1.439360769,30.301464793,11.817681684));
#13690=DIRECTION('',(-0.866025404,0.,-0.5));
#13691=DIRECTION('',(0.5,0.,-0.866025404));
#13692=AXIS2_PLACEMENT_3D('',#13689,#13690,#13691);
#13693=PLANE('',#13692);
#13694=CARTESIAN_POINT('',(1.864679709,26.930594138,11.081007669));
#13695=DIRECTION('',(-0.5,-0.,0.866025404));
#13696=VECTOR('',#13695,1.701147935);
#13697=LINE('',#13694,#13696);
#13698=EDGE_CURVE('',#13474,#13442,#13697,.T.);
#13699=ORIENTED_EDGE('',*,*,#13698,.F.);
#13700=ORIENTED_EDGE('',*,*,#13492,.T.);
#13701=ORIENTED_EDGE('',*,*,#13421,.F.);
#13702=ORIENTED_EDGE('',*,*,#13453,.F.);
#13703=EDGE_LOOP('',(#13699,#13700,#13701,#13702));
#13704=FACE_BOUND('',#13703,.T.);
#13705=ADVANCED_FACE('',(#13704),#13693,.T.);
#13706=CARTESIAN_POINT('',(-0.010894258,30.301464793,13.135897309));
#13707=DIRECTION('',(0.,0.,-1.));
#13708=DIRECTION('',(1.,-0.,0.));
#13709=AXIS2_PLACEMENT_3D('',#13706,#13707,#13708);
#13710=PLANE('',#13709);
#13711=CARTESIAN_POINT('',(1.014105742,26.930594138,13.135897309));
#13712=DIRECTION('',(-1.,-0.,0.));
#13713=VECTOR('',#13712,2.05);
#13714=LINE('',#13711,#13713);
#13715=EDGE_CURVE('',#13434,#13630,#13714,.T.);
#13716=ORIENTED_EDGE('',*,*,#13715,.F.);
#13717=ORIENTED_EDGE('',*,*,#13461,.T.);
#13718=ORIENTED_EDGE('',*,*,#12899,.F.);
#13719=ORIENTED_EDGE('',*,*,#13643,.F.);
#13720=EDGE_LOOP('',(#13716,#13717,#13718,#13719));
#13721=FACE_BOUND('',#13720,.T.);
#13722=ADVANCED_FACE('',(#13721),#13710,.T.);
#13723=CARTESIAN_POINT('',(-1.366793137,26.930489479,9.017351364));
#13724=CARTESIAN_POINT('',(-1.676423819,26.930489479,9.627509941));
#13725=CARTESIAN_POINT('',(-1.986054501,26.930489479,10.237668519));
#13726=CARTESIAN_POINT('',(-2.295685183,26.930489479,10.847827096));
#13727=CARTESIAN_POINT('',(-1.355148422,26.935107762,9.023260584));
#13728=CARTESIAN_POINT('',(-1.664779104,26.935107762,9.633419161));
#13729=CARTESIAN_POINT('',(-1.974409786,26.935107762,10.243577739));
#13730=CARTESIAN_POINT('',(-2.284040468,26.935107762,10.853736316));
#13731=CARTESIAN_POINT('',(-1.343074538,26.941991676,9.029387589));
#13732=CARTESIAN_POINT('',(-1.65270522,26.941991676,9.639546166));
#13733=CARTESIAN_POINT('',(-1.962335902,26.941991676,10.249704744));
#13734=CARTESIAN_POINT('',(-2.271966584,26.941991676,10.859863321));
#13735=CARTESIAN_POINT('',(-1.331156211,26.952015494,9.035435656));
#13736=CARTESIAN_POINT('',(-1.640786893,26.952015494,9.645594233));
#13737=CARTESIAN_POINT('',(-1.950417575,26.952015494,10.255752811));
#13738=CARTESIAN_POINT('',(-2.260048257,26.952015494,10.865911388));
#13739=CARTESIAN_POINT('',(-1.316888201,26.964015494,9.042676091));
#13740=CARTESIAN_POINT('',(-1.626518883,26.964015494,9.652834668));
#13741=CARTESIAN_POINT('',(-1.936149565,26.964015494,10.262993246));
#13742=CARTESIAN_POINT('',(-2.245780247,26.964015494,10.873151823));
#13743=CARTESIAN_POINT('',(-1.303262005,26.980666013,9.049590832));
#13744=CARTESIAN_POINT('',(-1.612892687,26.980666013,9.659749409));
#13745=CARTESIAN_POINT('',(-1.922523369,26.980666013,10.269907987));
#13746=CARTESIAN_POINT('',(-2.232154051,26.980666013,10.880066564));
#13747=CARTESIAN_POINT('',(-1.29338795,27.001427259,9.054601513));
#13748=CARTESIAN_POINT('',(-1.603018632,27.001427259,9.664760091));
#13749=CARTESIAN_POINT('',(-1.912649314,27.001427259,10.274918668));
#13750=CARTESIAN_POINT('',(-2.222279996,27.001427259,10.885077246));
#13751=CARTESIAN_POINT('',(-1.283513895,27.022188504,9.059612195));
#13752=CARTESIAN_POINT('',(-1.593144577,27.022188504,9.669770772));
#13753=CARTESIAN_POINT('',(-1.902775259,27.022188504,10.27992935));
#13754=CARTESIAN_POINT('',(-2.212405941,27.022188504,10.890087927));
#13755=CARTESIAN_POINT('',(-1.277651175,27.047015494,9.062587287));
#13756=CARTESIAN_POINT('',(-1.587281856,27.047015494,9.672745865));
#13757=CARTESIAN_POINT('',(-1.896912538,27.047015494,10.282904442));
#13758=CARTESIAN_POINT('',(-2.20654322,27.047015494,10.89306302));
#13759=CARTESIAN_POINT('',(-1.277651175,27.072015494,9.062587287));
#13760=CARTESIAN_POINT('',(-1.587281856,27.072015494,9.672745865));
#13761=CARTESIAN_POINT('',(-1.896912538,27.072015494,10.282904442));
#13762=CARTESIAN_POINT('',(-2.20654322,27.072015494,10.89306302));
#13763=CARTESIAN_POINT('',(-1.277651175,27.097015494,9.062587287));
#13764=CARTESIAN_POINT('',(-1.587281856,27.097015494,9.672745865));
#13765=CARTESIAN_POINT('',(-1.896912538,27.097015494,10.282904442));
#13766=CARTESIAN_POINT('',(-2.20654322,27.097015494,10.89306302));
#13767=CARTESIAN_POINT('',(-1.283513895,27.121842484,9.059612195));
#13768=CARTESIAN_POINT('',(-1.593144577,27.121842484,9.669770772));
#13769=CARTESIAN_POINT('',(-1.902775259,27.121842484,10.27992935));
#13770=CARTESIAN_POINT('',(-2.212405941,27.121842484,10.890087927));
#13771=CARTESIAN_POINT('',(-1.29338795,27.142603729,9.054601513));
#13772=CARTESIAN_POINT('',(-1.603018632,27.142603729,9.664760091));
#13773=CARTESIAN_POINT('',(-1.912649314,27.142603729,10.274918668));
#13774=CARTESIAN_POINT('',(-2.222279996,27.142603729,10.885077246));
#13775=CARTESIAN_POINT('',(-1.303262005,27.163364975,9.049590832));
#13776=CARTESIAN_POINT('',(-1.612892687,27.163364975,9.659749409));
#13777=CARTESIAN_POINT('',(-1.922523369,27.163364975,10.269907987));
#13778=CARTESIAN_POINT('',(-2.232154051,27.163364975,10.880066564));
#13779=CARTESIAN_POINT('',(-1.316888201,27.180015494,9.042676091));
#13780=CARTESIAN_POINT('',(-1.626518883,27.180015494,9.652834668));
#13781=CARTESIAN_POINT('',(-1.936149565,27.180015494,10.262993246));
#13782=CARTESIAN_POINT('',(-2.245780247,27.180015494,10.873151823));
#13783=CARTESIAN_POINT('',(-1.331156211,27.192015494,9.035435656));
#13784=CARTESIAN_POINT('',(-1.640786893,27.192015494,9.645594233));
#13785=CARTESIAN_POINT('',(-1.950417575,27.192015494,10.255752811));
#13786=CARTESIAN_POINT('',(-2.260048257,27.192015494,10.865911388));
#13787=CARTESIAN_POINT('',(-1.343074538,27.202039312,9.029387589));
#13788=CARTESIAN_POINT('',(-1.65270522,27.202039312,9.639546166));
#13789=CARTESIAN_POINT('',(-1.962335902,27.202039312,10.249704744));
#13790=CARTESIAN_POINT('',(-2.271966584,27.202039312,10.859863321));
#13791=CARTESIAN_POINT('',(-1.355148422,27.208923226,9.023260583));
#13792=CARTESIAN_POINT('',(-1.664779104,27.208923226,9.633419161));
#13793=CARTESIAN_POINT('',(-1.974409786,27.208923226,10.243577738));
#13794=CARTESIAN_POINT('',(-2.284040468,27.208923226,10.853736316));
#13795=CARTESIAN_POINT('',(-1.366793137,27.213541509,9.017351364));
#13796=CARTESIAN_POINT('',(-1.676423819,27.213541509,9.627509941));
#13797=CARTESIAN_POINT('',(-1.986054501,27.213541509,10.237668519));
#13798=CARTESIAN_POINT('',(-2.295685183,27.213541509,10.847827096));
#13799=B_SPLINE_SURFACE_WITH_KNOTS('',3,3,((#13723,#13724,#13725,#13726),(#13727,#13728,#13729,#13730),(#13731,#13732,#13733,#13734),(#13735,#13736,#13737,#13738),(#13739,#13740,#13741,#13742),(#13743,#13744,#13745,#13746),(#13747,#13748,#13749,#13750),(#13751,#13752,#13753,#13754),(#13755,#13756,#13757,#13758),(#13759,#13760,#13761,#13762),(#13763,#13764,#13765,#13766),(#13767,#13768,#13769,#13770),(#13771,#13772,#13773,#13774),(#13775,#13776,#13777,#13778),(#13779,#13780,#13781,#13782),(#13783,#13784,#13785,#13786),(#13787,#13788,#13789,#13790),(#13791,#13792,#13793,#13794),(#13795,#13796,#13797,#13798)),.UNSPECIFIED.,.F.,.F.,.U.,(4,3,3,3,3,3,4),(4,4),(0.072792615,0.125,0.1875,0.25,0.3125,0.375,0.427207385),(0.190684311,0.824858161),.UNSPECIFIED.);
#13800=CARTESIAN_POINT('',(-1.366826235,27.213436851,9.017334568));
#13801=CARTESIAN_POINT('',(-1.356848281,27.204916111,9.050918325));
#13802=CARTESIAN_POINT('',(-1.347063752,27.189802219,9.083851054));
#13803=CARTESIAN_POINT('',(-1.339166727,27.166138648,9.110430828));
#13804=CARTESIAN_POINT('',(-1.331269702,27.142475078,9.137010602));
#13805=CARTESIAN_POINT('',(-1.325415174,27.108358795,9.156715749));
#13806=CARTESIAN_POINT('',(-1.325416049,27.072006772,9.156712803));
#13807=CARTESIAN_POINT('',(-1.325416487,27.05383076,9.15671133));
#13808=CARTESIAN_POINT('',(-1.326855217,27.035613344,9.151868859));
#13809=CARTESIAN_POINT('',(-1.32934186,27.019534881,9.143499325));
#13810=CARTESIAN_POINT('',(-1.331828503,27.003456419,9.135129791));
#13811=CARTESIAN_POINT('',(-1.335285895,26.989484345,9.123492916));
#13812=CARTESIAN_POINT('',(-1.339226981,26.977712073,9.110228025));
#13813=CARTESIAN_POINT('',(-1.347109153,26.954167527,9.083698242));
#13814=CARTESIAN_POINT('',(-1.356837947,26.939122883,9.050953107));
#13815=CARTESIAN_POINT('',(-1.366826235,26.930594138,9.017334568));
#13816=B_SPLINE_CURVE_WITH_KNOTS('',3,(#13800,#13801,#13802,#13803,#13804,#13805,#13806,#13807,#13808,#13809,#13810,#13811,#13812,#13813,#13814,#13815),.UNSPECIFIED.,.F.,.F.,(4,3,3,3,3,4),(0.000070663,0.00017862,0.000286577,0.000340555,0.000394534,0.000502491),.UNSPECIFIED.);
#13817=EDGE_CURVE('',#253,#13551,#13816,.T.);
#13818=ORIENTED_EDGE('',*,*,#13817,.F.);
#13819=ORIENTED_EDGE('',*,*,#260,.T.);
#13820=CARTESIAN_POINT('',(-2.295718281,27.21343685,10.847810301));
#13821=CARTESIAN_POINT('',(-2.263085892,27.204714554,10.838013388));
#13822=CARTESIAN_POINT('',(-2.231322372,27.189027445,10.828477327));
#13823=CARTESIAN_POINT('',(-2.206292734,27.165134525,10.820962916));
#13824=CARTESIAN_POINT('',(-2.181263095,27.141241605,10.813448505));
#13825=CARTESIAN_POINT('',(-2.163367893,27.107185948,10.808075999));
#13826=CARTESIAN_POINT('',(-2.16342451,27.07183391,10.808092996));
#13827=CARTESIAN_POINT('',(-2.163481126,27.036481873,10.808109993));
#13828=CARTESIAN_POINT('',(-2.181314485,27.002701978,10.813463934));
#13829=CARTESIAN_POINT('',(-2.206389119,26.97880453,10.820991853));
#13830=CARTESIAN_POINT('',(-2.231463752,26.954907081,10.828519772));
#13831=CARTESIAN_POINT('',(-2.263094474,26.939314048,10.838015964));
#13832=CARTESIAN_POINT('',(-2.295718281,26.930594138,10.847810301));
#13833=B_SPLINE_CURVE_WITH_KNOTS('',3,(#13820,#13821,#13822,#13823,#13824,#13825,#13826,#13827,#13828,#13829,#13830,#13831,#13832),.UNSPECIFIED.,.F.,.F.,(4,3,3,3,4),(0.000067084,0.0001723,0.000277515,0.00038273,0.000487946),.UNSPECIFIED.);
#13834=EDGE_CURVE('',#255,#13601,#13833,.T.);
#13835=ORIENTED_EDGE('',*,*,#13834,.T.);
#13836=ORIENTED_EDGE('',*,*,#13681,.T.);
#13837=EDGE_LOOP('',(#13818,#13819,#13835,#13836));
#13838=FACE_BOUND('',#13837,.T.);
#13839=ADVANCED_FACE('',(#13838),#13799,.T.);
#13840=CARTESIAN_POINT('',(-2.295699907,26.930489479,10.847778052));
#13841=CARTESIAN_POINT('',(-2.141092886,26.930489479,10.935865617));
#13842=CARTESIAN_POINT('',(-1.986485865,26.930489479,11.023953183));
#13843=CARTESIAN_POINT('',(-1.831878843,26.930489479,11.112040748));
#13844=CARTESIAN_POINT('',(-2.289235544,26.935107762,10.836432115));
#13845=CARTESIAN_POINT('',(-2.134628523,26.935107762,10.924519681));
#13846=CARTESIAN_POINT('',(-1.980021502,26.935107762,11.012607246));
#13847=CARTESIAN_POINT('',(-1.825414481,26.935107762,11.100694812));
#13848=CARTESIAN_POINT('',(-2.282532935,26.941991676,10.824668022));
#13849=CARTESIAN_POINT('',(-2.127925914,26.941991676,10.912755587));
#13850=CARTESIAN_POINT('',(-1.973318893,26.941991676,11.000843153));
#13851=CARTESIAN_POINT('',(-1.818711872,26.941991676,11.088930718));
#13852=CARTESIAN_POINT('',(-2.275916681,26.952015494,10.813055493));
#13853=CARTESIAN_POINT('',(-2.12130966,26.952015494,10.901143059));
#13854=CARTESIAN_POINT('',(-1.966702639,26.952015494,10.989230624));
#13855=CARTESIAN_POINT('',(-1.812095617,26.952015494,11.07731819));
#13856=CARTESIAN_POINT('',(-2.267996041,26.964015494,10.79915357));
#13857=CARTESIAN_POINT('',(-2.11338902,26.964015494,10.887241136));
#13858=CARTESIAN_POINT('',(-1.958781999,26.964015494,10.975328701));
#13859=CARTESIAN_POINT('',(-1.804174977,26.964015494,11.063416267));
#13860=CARTESIAN_POINT('',(-2.260431693,26.980666013,10.785876993));
#13861=CARTESIAN_POINT('',(-2.105824672,26.980666013,10.873964559));
#13862=CARTESIAN_POINT('',(-1.95121765,26.980666013,10.962052124));
#13863=CARTESIAN_POINT('',(-1.796610629,26.980666013,11.05013969));
#13864=CARTESIAN_POINT('',(-2.254950281,27.001427259,10.776256285));
#13865=CARTESIAN_POINT('',(-2.10034326,27.001427259,10.864343851));
#13866=CARTESIAN_POINT('',(-1.945736239,27.001427259,10.952431416));
#13867=CARTESIAN_POINT('',(-1.791129218,27.001427259,11.040518982));
#13868=CARTESIAN_POINT('',(-2.249468869,27.022188504,10.766635577));
#13869=CARTESIAN_POINT('',(-2.094861848,27.022188504,10.854723143));
#13870=CARTESIAN_POINT('',(-1.940254827,27.022188504,10.942810708));
#13871=CARTESIAN_POINT('',(-1.785647806,27.022188504,11.030898274));
#13872=CARTESIAN_POINT('',(-2.246214281,27.047015494,10.760923282));
#13873=CARTESIAN_POINT('',(-2.09160726,27.047015494,10.849010847));
#13874=CARTESIAN_POINT('',(-1.937000239,27.047015494,10.937098413));
#13875=CARTESIAN_POINT('',(-1.782393218,27.047015494,11.025185979));
#13876=CARTESIAN_POINT('',(-2.246214281,27.072015494,10.760923282));
#13877=CARTESIAN_POINT('',(-2.09160726,27.072015494,10.849010847));
#13878=CARTESIAN_POINT('',(-1.937000239,27.072015494,10.937098413));
#13879=CARTESIAN_POINT('',(-1.782393218,27.072015494,11.025185979));
#13880=CARTESIAN_POINT('',(-2.246214281,27.097015494,10.760923282));
#13881=CARTESIAN_POINT('',(-2.09160726,27.097015494,10.849010847));
#13882=CARTESIAN_POINT('',(-1.937000239,27.097015494,10.937098413));
#13883=CARTESIAN_POINT('',(-1.782393218,27.097015494,11.025185979));
#13884=CARTESIAN_POINT('',(-2.249468869,27.121842484,10.766635577));
#13885=CARTESIAN_POINT('',(-2.094861848,27.121842484,10.854723143));
#13886=CARTESIAN_POINT('',(-1.940254827,27.121842484,10.942810708));
#13887=CARTESIAN_POINT('',(-1.785647806,27.121842484,11.030898274));
#13888=CARTESIAN_POINT('',(-2.254950281,27.142603729,10.776256285));
#13889=CARTESIAN_POINT('',(-2.10034326,27.142603729,10.864343851));
#13890=CARTESIAN_POINT('',(-1.945736239,27.142603729,10.952431416));
#13891=CARTESIAN_POINT('',(-1.791129218,27.142603729,11.040518982));
#13892=CARTESIAN_POINT('',(-2.260431693,27.163364975,10.785876993));
#13893=CARTESIAN_POINT('',(-2.105824672,27.163364975,10.873964559));
#13894=CARTESIAN_POINT('',(-1.95121765,27.163364975,10.962052124));
#13895=CARTESIAN_POINT('',(-1.796610629,27.163364975,11.05013969));
#13896=CARTESIAN_POINT('',(-2.267996041,27.180015494,10.79915357));
#13897=CARTESIAN_POINT('',(-2.11338902,27.180015494,10.887241136));
#13898=CARTESIAN_POINT('',(-1.958781999,27.180015494,10.975328701));
#13899=CARTESIAN_POINT('',(-1.804174977,27.180015494,11.063416267));
#13900=CARTESIAN_POINT('',(-2.275916681,27.192015494,10.813055493));
#13901=CARTESIAN_POINT('',(-2.12130966,27.192015494,10.901143059));
#13902=CARTESIAN_POINT('',(-1.966702639,27.192015494,10.989230624));
#13903=CARTESIAN_POINT('',(-1.812095617,27.192015494,11.07731819));
#13904=CARTESIAN_POINT('',(-2.28253295,27.202039335,10.824668049));
#13905=CARTESIAN_POINT('',(-2.127925929,27.202039335,10.912755614));
#13906=CARTESIAN_POINT('',(-1.973318908,27.202039335,11.00084318));
#13907=CARTESIAN_POINT('',(-1.818711887,27.202039335,11.088930745));
#13908=CARTESIAN_POINT('',(-2.289235575,27.208923258,10.83643217));
#13909=CARTESIAN_POINT('',(-2.134628554,27.208923258,10.924519735));
#13910=CARTESIAN_POINT('',(-1.980021533,27.208923258,11.012607301));
#13911=CARTESIAN_POINT('',(-1.825414511,27.208923258,11.100694866));
#13912=CARTESIAN_POINT('',(-2.295699952,27.213541541,10.84777813));
#13913=CARTESIAN_POINT('',(-2.14109293,27.213541541,10.935865696));
#13914=CARTESIAN_POINT('',(-1.986485909,27.213541541,11.023953261));
#13915=CARTESIAN_POINT('',(-1.831878888,27.213541541,11.112040827));
#13916=B_SPLINE_SURFACE_WITH_KNOTS('',3,3,((#13840,#13841,#13842,#13843),(#13844,#13845,#13846,#13847),(#13848,#13849,#13850,#13851),(#13852,#13853,#13854,#13855),(#13856,#13857,#13858,#13859),(#13860,#13861,#13862,#13863),(#13864,#13865,#13866,#13867),(#13868,#13869,#13870,#13871),(#13872,#13873,#13874,#13875),(#13876,#13877,#13878,#13879),(#13880,#13881,#13882,#13883),(#13884,#13885,#13886,#13887),(#13888,#13889,#13890,#13891),(#13892,#13893,#13894,#13895),(#13896,#13897,#13898,#13899),(#13900,#13901,#13902,#13903),(#13904,#13905,#13906,#13907),(#13908,#13909,#13910,#13911),(#13912,#13913,#13914,#13915)),.UNSPECIFIED.,.F.,.F.,.U.,(4,3,3,3,3,3,4),(4,4),(0.072792615,0.125,0.1875,0.25,0.3125,0.375,0.427207505),(0.443125274,0.860397956),.UNSPECIFIED.);
#13917=ORIENTED_EDGE('',*,*,#13834,.F.);
#13918=ORIENTED_EDGE('',*,*,#432,.T.);
#13919=CARTESIAN_POINT('',(-1.855445278,27.21343685,11.098656457));
#13920=CARTESIAN_POINT('',(-1.834544882,27.203321431,11.077636212));
#13921=CARTESIAN_POINT('',(-1.815957787,27.184323518,11.058942532));
#13922=CARTESIAN_POINT('',(-1.802907754,27.159399395,11.045817666));
#13923=CARTESIAN_POINT('',(-1.789857721,27.134475273,11.0326928));
#13924=CARTESIAN_POINT('',(-1.782389695,27.103278213,11.02518195));
#13925=CARTESIAN_POINT('',(-1.782393527,27.071990342,11.025185804));
#13926=CARTESIAN_POINT('',(-1.78239736,27.04070247,11.025189659));
#13927=CARTESIAN_POINT('',(-1.789767257,27.009763562,11.032601817));
#13928=CARTESIAN_POINT('',(-1.802865465,26.984712416,11.045775135));
#13929=CARTESIAN_POINT('',(-1.815963673,26.95966127,11.058948452));
#13930=CARTESIAN_POINT('',(-1.834735113,26.940618431,11.077827534));
#13931=CARTESIAN_POINT('',(-1.855445278,26.930594138,11.098656457));
#13932=B_SPLINE_CURVE_WITH_KNOTS('',3,(#13919,#13920,#13921,#13922,#13923,#13924,#13925,#13926,#13927,#13928,#13929,#13930,#13931),.UNSPECIFIED.,.F.,.F.,(4,3,3,3,4),(0.0000491,0.000142145,0.00023519,0.000328234,0.000421279),.UNSPECIFIED.);
#13933=EDGE_CURVE('',#355,#13599,#13932,.T.);
#13934=ORIENTED_EDGE('',*,*,#13933,.T.);
#13935=ORIENTED_EDGE('',*,*,#13606,.T.);
#13936=EDGE_LOOP('',(#13917,#13918,#13934,#13935));
#13937=FACE_BOUND('',#13936,.T.);
#13938=ADVANCED_FACE('',(#13937),#13916,.T.);
#13939=CARTESIAN_POINT('',(-0.823980215,26.930489447,9.330789617));
#13940=CARTESIAN_POINT('',(-1.005715263,26.930489447,9.225864839));
#13941=CARTESIAN_POINT('',(-1.18745031,26.930489447,9.12094006));
#13942=CARTESIAN_POINT('',(-1.369185357,26.930489447,9.016015282));
#13943=CARTESIAN_POINT('',(-0.830509361,26.93510773,9.342098429));
#13944=CARTESIAN_POINT('',(-1.012244409,26.93510773,9.237173651));
#13945=CARTESIAN_POINT('',(-1.193979456,26.93510773,9.132248873));
#13946=CARTESIAN_POINT('',(-1.375714503,26.93510773,9.027324094));
#13947=CARTESIAN_POINT('',(-0.837279142,26.941991653,9.353824033));
#13948=CARTESIAN_POINT('',(-1.019014189,26.941991653,9.248899255));
#13949=CARTESIAN_POINT('',(-1.200749236,26.941991653,9.143974477));
#13950=CARTESIAN_POINT('',(-1.382484284,26.941991653,9.039049698));
#13951=CARTESIAN_POINT('',(-0.843961703,26.952015494,9.365398568));
#13952=CARTESIAN_POINT('',(-1.02569675,26.952015494,9.26047379));
#13953=CARTESIAN_POINT('',(-1.207431797,26.952015494,9.155549011));
#13954=CARTESIAN_POINT('',(-1.389166844,26.952015494,9.050624233));
#13955=CARTESIAN_POINT('',(-0.851961703,26.964015494,9.379254974));
#13956=CARTESIAN_POINT('',(-1.03369675,26.964015494,9.274330196));
#13957=CARTESIAN_POINT('',(-1.215431797,26.964015494,9.169405418));
#13958=CARTESIAN_POINT('',(-1.397166844,26.964015494,9.064480639));
#13959=CARTESIAN_POINT('',(-0.859601841,26.980666013,9.392488082));
#13960=CARTESIAN_POINT('',(-1.041336888,26.980666013,9.287563304));
#13961=CARTESIAN_POINT('',(-1.223071935,26.980666013,9.182638526));
#13962=CARTESIAN_POINT('',(-1.404806983,26.980666013,9.077713747));
#13963=CARTESIAN_POINT('',(-0.865138173,27.001427259,9.402077291));
#13964=CARTESIAN_POINT('',(-1.04687322,27.001427259,9.297152513));
#13965=CARTESIAN_POINT('',(-1.228608268,27.001427259,9.192227734));
#13966=CARTESIAN_POINT('',(-1.410343315,27.001427259,9.087302956));
#13967=CARTESIAN_POINT('',(-0.870674505,27.022188504,9.4116665));
#13968=CARTESIAN_POINT('',(-1.052409553,27.022188504,9.306741721));
#13969=CARTESIAN_POINT('',(-1.2341446,27.022188504,9.201816943));
#13970=CARTESIAN_POINT('',(-1.415879647,27.022188504,9.096892164));
#13971=CARTESIAN_POINT('',(-0.873961703,27.047015494,9.417360092));
#13972=CARTESIAN_POINT('',(-1.05569675,27.047015494,9.312435314));
#13973=CARTESIAN_POINT('',(-1.237431797,27.047015494,9.207510535));
#13974=CARTESIAN_POINT('',(-1.419166844,27.047015494,9.102585757));
#13975=CARTESIAN_POINT('',(-0.873961703,27.072015494,9.417360092));
#13976=CARTESIAN_POINT('',(-1.05569675,27.072015494,9.312435314));
#13977=CARTESIAN_POINT('',(-1.237431797,27.072015494,9.207510535));
#13978=CARTESIAN_POINT('',(-1.419166844,27.072015494,9.102585757));
#13979=CARTESIAN_POINT('',(-0.873961703,27.097015494,9.417360092));
#13980=CARTESIAN_POINT('',(-1.05569675,27.097015494,9.312435314));
#13981=CARTESIAN_POINT('',(-1.237431797,27.097015494,9.207510535));
#13982=CARTESIAN_POINT('',(-1.419166844,27.097015494,9.102585757));
#13983=CARTESIAN_POINT('',(-0.870674505,27.121842484,9.4116665));
#13984=CARTESIAN_POINT('',(-1.052409553,27.121842484,9.306741721));
#13985=CARTESIAN_POINT('',(-1.2341446,27.121842484,9.201816943));
#13986=CARTESIAN_POINT('',(-1.415879647,27.121842484,9.096892164));
#13987=CARTESIAN_POINT('',(-0.865138173,27.142603729,9.402077291));
#13988=CARTESIAN_POINT('',(-1.04687322,27.142603729,9.297152513));
#13989=CARTESIAN_POINT('',(-1.228608268,27.142603729,9.192227734));
#13990=CARTESIAN_POINT('',(-1.410343315,27.142603729,9.087302956));
#13991=CARTESIAN_POINT('',(-0.859601841,27.163364975,9.392488082));
#13992=CARTESIAN_POINT('',(-1.041336888,27.163364975,9.287563304));
#13993=CARTESIAN_POINT('',(-1.223071935,27.163364975,9.182638526));
#13994=CARTESIAN_POINT('',(-1.404806983,27.163364975,9.077713747));
#13995=CARTESIAN_POINT('',(-0.851961703,27.180015494,9.379254974));
#13996=CARTESIAN_POINT('',(-1.03369675,27.180015494,9.274330196));
#13997=CARTESIAN_POINT('',(-1.215431797,27.180015494,9.169405418));
#13998=CARTESIAN_POINT('',(-1.397166844,27.180015494,9.064480639));
#13999=CARTESIAN_POINT('',(-0.843961703,27.192015494,9.365398568));
#14000=CARTESIAN_POINT('',(-1.02569675,27.192015494,9.26047379));
#14001=CARTESIAN_POINT('',(-1.207431797,27.192015494,9.155549011));
#14002=CARTESIAN_POINT('',(-1.389166844,27.192015494,9.050624233));
#14003=CARTESIAN_POINT('',(-0.827961703,27.216015494,9.337685755));
#14004=CARTESIAN_POINT('',(-1.00969675,27.216015494,9.232760977));
#14005=CARTESIAN_POINT('',(-1.191431797,27.216015494,9.127836198));
#14006=CARTESIAN_POINT('',(-1.373166844,27.216015494,9.02291142));
#14007=CARTESIAN_POINT('',(-0.811461703,27.222015494,9.309106917));
#14008=CARTESIAN_POINT('',(-0.99319675,27.222015494,9.204182138));
#14009=CARTESIAN_POINT('',(-1.174931797,27.222015494,9.09925736));
#14010=CARTESIAN_POINT('',(-1.356666844,27.222015494,8.994332582));
#14011=CARTESIAN_POINT('',(-0.798961703,27.222015494,9.287456282));
#14012=CARTESIAN_POINT('',(-0.98069675,27.222015494,9.182531503));
#14013=CARTESIAN_POINT('',(-1.162431797,27.222015494,9.077606725));
#14014=CARTESIAN_POINT('',(-1.344166844,27.222015494,8.972681946));
#14015=B_SPLINE_SURFACE_WITH_KNOTS('',3,3,((#13939,#13940,#13941,#13942),(#13943,#13944,#13945,#13946),(#13947,#13948,#13949,#13950),(#13951,#13952,#13953,#13954),(#13955,#13956,#13957,#13958),(#13959,#13960,#13961,#13962),(#13963,#13964,#13965,#13966),(#13967,#13968,#13969,#13970),(#13971,#13972,#13973,#13974),(#13975,#13976,#13977,#13978),(#13979,#13980,#13981,#13982),(#13983,#13984,#13985,#13986),(#13987,#13988,#13989,#13990),(#13991,#13992,#13993,#13994),(#13995,#13996,#13997,#13998),(#13999,#14000,#14001,#14002),(#14003,#14004,#14005,#14006),(#14007,#14008,#14009,#14010),(#14011,#14012,#14013,#14014)),.UNSPECIFIED.,.F.,.F.,.U.,(4,3,3,3,3,3,4),(4,4),(0.072792495,0.125,0.1875,0.25,0.3125,0.375,0.5),(0.124994945,0.56779005),.UNSPECIFIED.);
#14016=CARTESIAN_POINT('',(-0.833762714,27.222015494,9.267363909));
#14017=CARTESIAN_POINT('',(-0.843181695,27.222015487,9.302516026));
#14018=CARTESIAN_POINT('',(-0.852103023,27.210000157,9.335810874));
#14019=CARTESIAN_POINT('',(-0.859337039,27.187732015,9.362808588));
#14020=CARTESIAN_POINT('',(-0.866571054,27.165463873,9.389806302));
#14021=CARTESIAN_POINT('',(-0.871685036,27.133036052,9.408891942));
#14022=CARTESIAN_POINT('',(-0.873339355,27.09817097,9.415065943));
#14023=CARTESIAN_POINT('',(-0.874993673,27.063305887,9.421239944));
#14024=CARTESIAN_POINT('',(-0.873143127,27.025843025,9.414333612));
#14025=CARTESIAN_POINT('',(-0.868354049,26.995634459,9.396460529));
#14026=CARTESIAN_POINT('',(-0.863564971,26.965425893,9.378587447));
#14027=CARTESIAN_POINT('',(-0.855834776,26.942041245,9.349737967));
#14028=CARTESIAN_POINT('',(-0.847160173,26.930594138,9.317363909));
#14029=B_SPLINE_CURVE_WITH_KNOTS('',3,(#14016,#14017,#14018,#14019,#14020,#14021,#14022,#14023,#14024,#14025,#14026,#14027,#14028),.UNSPECIFIED.,.F.,.F.,(4,3,3,3,4),(-0.000003464,0.000102681,0.000208827,0.000314973,0.000421118),.UNSPECIFIED.);
#14030=EDGE_CURVE('',#403,#13553,#14029,.T.);
#14031=ORIENTED_EDGE('',*,*,#14030,.F.);
#14032=ORIENTED_EDGE('',*,*,#408,.T.);
#14033=ORIENTED_EDGE('',*,*,#269,.T.);
#14034=ORIENTED_EDGE('',*,*,#13817,.T.);
#14035=ORIENTED_EDGE('',*,*,#13558,.T.);
#14036=EDGE_LOOP('',(#14031,#14032,#14033,#14034,#14035));
#14037=FACE_BOUND('',#14036,.T.);
#14038=ADVANCED_FACE('',(#14037),#14015,.T.);
#14039=CARTESIAN_POINT('',(-1.868964179,26.930489447,11.075166983));
#14040=CARTESIAN_POINT('',(-1.586797675,26.930489447,11.563893704));
#14041=CARTESIAN_POINT('',(-1.304631171,26.930489447,12.052620425));
#14042=CARTESIAN_POINT('',(-1.022464667,26.930489447,12.541347146));
#14043=CARTESIAN_POINT('',(-1.857655366,26.93510773,11.068637837));
#14044=CARTESIAN_POINT('',(-1.575488862,26.93510773,11.557364558));
#14045=CARTESIAN_POINT('',(-1.293322358,26.93510773,12.046091279));
#14046=CARTESIAN_POINT('',(-1.011155854,26.93510773,12.534818));
#14047=CARTESIAN_POINT('',(-1.845929762,26.941991653,11.061868056));
#14048=CARTESIAN_POINT('',(-1.563763258,26.941991653,11.550594777));
#14049=CARTESIAN_POINT('',(-1.281596754,26.941991653,12.039321498));
#14050=CARTESIAN_POINT('',(-0.99943025,26.941991653,12.528048219));
#14051=CARTESIAN_POINT('',(-1.834355228,26.952015494,11.055185496));
#14052=CARTESIAN_POINT('',(-1.552188724,26.952015494,11.543912216));
#14053=CARTESIAN_POINT('',(-1.27002222,26.952015494,12.032638937));
#14054=CARTESIAN_POINT('',(-0.987855716,26.952015494,12.521365658));
#14055=CARTESIAN_POINT('',(-1.820498821,26.964015494,11.047185496));
#14056=CARTESIAN_POINT('',(-1.538332317,26.964015494,11.535912216));
#14057=CARTESIAN_POINT('',(-1.256165813,26.964015494,12.024638937));
#14058=CARTESIAN_POINT('',(-0.973999309,26.964015494,12.513365658));
#14059=CARTESIAN_POINT('',(-1.807265713,26.980666013,11.039545357));
#14060=CARTESIAN_POINT('',(-1.525099209,26.980666013,11.528272078));
#14061=CARTESIAN_POINT('',(-1.242932705,26.980666013,12.016998799));
#14062=CARTESIAN_POINT('',(-0.960766201,26.980666013,12.50572552));
#14063=CARTESIAN_POINT('',(-1.797676505,27.001427259,11.034009025));
#14064=CARTESIAN_POINT('',(-1.515510001,27.001427259,11.522735746));
#14065=CARTESIAN_POINT('',(-1.233343497,27.001427259,12.011462467));
#14066=CARTESIAN_POINT('',(-0.951176993,27.001427259,12.500189188));
#14067=CARTESIAN_POINT('',(-1.788087296,27.022188504,11.028472693));
#14068=CARTESIAN_POINT('',(-1.505920792,27.022188504,11.517199414));
#14069=CARTESIAN_POINT('',(-1.223754288,27.022188504,12.005926135));
#14070=CARTESIAN_POINT('',(-0.941587784,27.022188504,12.494652856));
#14071=CARTESIAN_POINT('',(-1.782393703,27.047015494,11.025185496));
#14072=CARTESIAN_POINT('',(-1.500227199,27.047015494,11.513912216));
#14073=CARTESIAN_POINT('',(-1.218060696,27.047015494,12.002638937));
#14074=CARTESIAN_POINT('',(-0.935894192,27.047015494,12.491365658));
#14075=CARTESIAN_POINT('',(-1.782393703,27.072015494,11.025185496));
#14076=CARTESIAN_POINT('',(-1.500227199,27.072015494,11.513912216));
#14077=CARTESIAN_POINT('',(-1.218060696,27.072015494,12.002638937));
#14078=CARTESIAN_POINT('',(-0.935894192,27.072015494,12.491365658));
#14079=CARTESIAN_POINT('',(-1.782393703,27.097015494,11.025185496));
#14080=CARTESIAN_POINT('',(-1.500227199,27.097015494,11.513912216));
#14081=CARTESIAN_POINT('',(-1.218060696,27.097015494,12.002638937));
#14082=CARTESIAN_POINT('',(-0.935894192,27.097015494,12.491365658));
#14083=CARTESIAN_POINT('',(-1.788087296,27.121842484,11.028472693));
#14084=CARTESIAN_POINT('',(-1.505920792,27.121842484,11.517199414));
#14085=CARTESIAN_POINT('',(-1.223754288,27.121842484,12.005926135));
#14086=CARTESIAN_POINT('',(-0.941587784,27.121842484,12.494652856));
#14087=CARTESIAN_POINT('',(-1.797676505,27.142603729,11.034009025));
#14088=CARTESIAN_POINT('',(-1.515510001,27.142603729,11.522735746));
#14089=CARTESIAN_POINT('',(-1.233343497,27.142603729,12.011462467));
#14090=CARTESIAN_POINT('',(-0.951176993,27.142603729,12.500189188));
#14091=CARTESIAN_POINT('',(-1.807265713,27.163364975,11.039545357));
#14092=CARTESIAN_POINT('',(-1.525099209,27.163364975,11.528272078));
#14093=CARTESIAN_POINT('',(-1.242932705,27.163364975,12.016998799));
#14094=CARTESIAN_POINT('',(-0.960766201,27.163364975,12.50572552));
#14095=CARTESIAN_POINT('',(-1.820498821,27.180015494,11.047185496));
#14096=CARTESIAN_POINT('',(-1.538332317,27.180015494,11.535912216));
#14097=CARTESIAN_POINT('',(-1.256165813,27.180015494,12.024638937));
#14098=CARTESIAN_POINT('',(-0.973999309,27.180015494,12.513365658));
#14099=CARTESIAN_POINT('',(-1.834355228,27.192015494,11.055185496));
#14100=CARTESIAN_POINT('',(-1.552188724,27.192015494,11.543912216));
#14101=CARTESIAN_POINT('',(-1.27002222,27.192015494,12.032638937));
#14102=CARTESIAN_POINT('',(-0.987855716,27.192015494,12.521365658));
#14103=CARTESIAN_POINT('',(-1.845929735,27.202039312,11.061868041));
#14104=CARTESIAN_POINT('',(-1.563763232,27.202039312,11.550594762));
#14105=CARTESIAN_POINT('',(-1.281596728,27.202039312,12.039321483));
#14106=CARTESIAN_POINT('',(-0.999430224,27.202039312,12.528048204));
#14107=CARTESIAN_POINT('',(-1.857655312,27.208923226,11.068637806));
#14108=CARTESIAN_POINT('',(-1.575488808,27.208923226,11.557364527));
#14109=CARTESIAN_POINT('',(-1.293322304,27.208923226,12.046091247));
#14110=CARTESIAN_POINT('',(-1.0111558,27.208923226,12.534817968));
#14111=CARTESIAN_POINT('',(-1.8689641,27.213541509,11.075166938));
#14112=CARTESIAN_POINT('',(-1.586797596,27.213541509,11.563893659));
#14113=CARTESIAN_POINT('',(-1.304631093,27.213541509,12.052620379));
#14114=CARTESIAN_POINT('',(-1.022464589,27.213541509,12.5413471));
#14115=B_SPLINE_SURFACE_WITH_KNOTS('',3,3,((#14039,#14040,#14041,#14042),(#14043,#14044,#14045,#14046),(#14047,#14048,#14049,#14050),(#14051,#14052,#14053,#14054),(#14055,#14056,#14057,#14058),(#14059,#14060,#14061,#14062),(#14063,#14064,#14065,#14066),(#14067,#14068,#14069,#14070),(#14071,#14072,#14073,#14074),(#14075,#14076,#14077,#14078),(#14079,#14080,#14081,#14082),(#14083,#14084,#14085,#14086),(#14087,#14088,#14089,#14090),(#14091,#14092,#14093,#14094),(#14095,#14096,#14097,#14098),(#14099,#14100,#14101,#14102),(#14103,#14104,#14105,#14106),(#14107,#14108,#14109,#14110),(#14111,#14112,#14113,#14114)),.UNSPECIFIED.,.F.,.F.,.U.,(4,3,3,3,3,3,4),(4,4),(0.072792495,0.125,0.1875,0.25,0.3125,0.375,0.427207385),(0.087148958,0.91328489),.UNSPECIFIED.);
#14116=ORIENTED_EDGE('',*,*,#13933,.F.);
#14117=ORIENTED_EDGE('',*,*,#362,.T.);
#14118=CARTESIAN_POINT('',(-1.035894258,27.21343685,12.518160463));
#14119=CARTESIAN_POINT('',(-1.007265784,27.20331504,12.510489486));
#14120=CARTESIAN_POINT('',(-0.981815221,27.184302705,12.503670028));
#14121=CARTESIAN_POINT('',(-0.963952895,27.159367105,12.498883832));
#14122=CARTESIAN_POINT('',(-0.946090569,27.134431505,12.494097637));
#14123=CARTESIAN_POINT('',(-0.935896243,27.10308783,12.491366075));
#14124=CARTESIAN_POINT('',(-0.935894258,27.072025076,12.491365543));
#14125=CARTESIAN_POINT('',(-0.935892274,27.040962321,12.491365012));
#14126=CARTESIAN_POINT('',(-0.946009373,27.009738303,12.49407588));
#14127=CARTESIAN_POINT('',(-0.963910772,26.984722716,12.498872546));
#14128=CARTESIAN_POINT('',(-0.981812172,26.959707128,12.503669211));
#14129=CARTESIAN_POINT('',(-1.00728141,26.940710458,12.510493673));
#14130=CARTESIAN_POINT('',(-1.035894258,26.930594138,12.518160463));
#14131=B_SPLINE_CURVE_WITH_KNOTS('',3,(#14118,#14119,#14120,#14121,#14122,#14123,#14124,#14125,#14126,#14127,#14128,#14129,#14130),.UNSPECIFIED.,.F.,.F.,(4,3,3,3,4),(0.000049044,0.000142083,0.000235121,0.000328159,0.000421197),.UNSPECIFIED.);
#14132=EDGE_CURVE('',#357,#13632,#14131,.T.);
#14133=ORIENTED_EDGE('',*,*,#14132,.T.);
#14134=ORIENTED_EDGE('',*,*,#13664,.T.);
#14135=EDGE_LOOP('',(#14116,#14117,#14133,#14134));
#14136=FACE_BOUND('',#14135,.T.);
#14137=ADVANCED_FACE('',(#14136),#14115,.T.);
#14138=CARTESIAN_POINT('',(0.852167078,26.930489447,9.317400934));
#14139=CARTESIAN_POINT('',(0.276795565,26.930489447,9.317400934));
#14140=CARTESIAN_POINT('',(-0.298575947,26.930489447,9.317400934));
#14141=CARTESIAN_POINT('',(-0.87394746,26.930489447,9.317400934));
#14142=CARTESIAN_POINT('',(0.852167078,26.93510773,9.330459226));
#14143=CARTESIAN_POINT('',(0.276795565,26.93510773,9.330459226));
#14144=CARTESIAN_POINT('',(-0.298575947,26.93510773,9.330459226));
#14145=CARTESIAN_POINT('',(-0.87394746,26.93510773,9.330459226));
#14146=CARTESIAN_POINT('',(0.852167078,26.941991653,9.343998787));
#14147=CARTESIAN_POINT('',(0.276795565,26.941991653,9.343998787));
#14148=CARTESIAN_POINT('',(-0.298575947,26.941991653,9.343998787));
#14149=CARTESIAN_POINT('',(-0.87394746,26.941991653,9.343998787));
#14150=CARTESIAN_POINT('',(0.852167078,26.952015494,9.357363909));
#14151=CARTESIAN_POINT('',(0.276795565,26.952015494,9.357363909));
#14152=CARTESIAN_POINT('',(-0.298575947,26.952015494,9.357363909));
#14153=CARTESIAN_POINT('',(-0.87394746,26.952015494,9.357363909));
#14154=CARTESIAN_POINT('',(0.852167078,26.964015494,9.373363909));
#14155=CARTESIAN_POINT('',(0.276795565,26.964015494,9.373363909));
#14156=CARTESIAN_POINT('',(-0.298575947,26.964015494,9.373363909));
#14157=CARTESIAN_POINT('',(-0.87394746,26.964015494,9.373363909));
#14158=CARTESIAN_POINT('',(0.852167078,26.980666013,9.388644185));
#14159=CARTESIAN_POINT('',(0.276795565,26.980666013,9.388644185));
#14160=CARTESIAN_POINT('',(-0.298575947,26.980666013,9.388644185));
#14161=CARTESIAN_POINT('',(-0.87394746,26.980666013,9.388644185));
#14162=CARTESIAN_POINT('',(0.852167078,27.001427259,9.39971685));
#14163=CARTESIAN_POINT('',(0.276795565,27.001427259,9.39971685));
#14164=CARTESIAN_POINT('',(-0.298575947,27.001427259,9.39971685));
#14165=CARTESIAN_POINT('',(-0.87394746,27.001427259,9.39971685));
#14166=CARTESIAN_POINT('',(0.852167078,27.022188504,9.410789514));
#14167=CARTESIAN_POINT('',(0.276795565,27.022188504,9.410789514));
#14168=CARTESIAN_POINT('',(-0.298575947,27.022188504,9.410789514));
#14169=CARTESIAN_POINT('',(-0.87394746,27.022188504,9.410789514));
#14170=CARTESIAN_POINT('',(0.852167078,27.047015494,9.417363909));
#14171=CARTESIAN_POINT('',(0.276795565,27.047015494,9.417363909));
#14172=CARTESIAN_POINT('',(-0.298575947,27.047015494,9.417363909));
#14173=CARTESIAN_POINT('',(-0.87394746,27.047015494,9.417363909));
#14174=CARTESIAN_POINT('',(0.852167078,27.072015494,9.417363909));
#14175=CARTESIAN_POINT('',(0.276795565,27.072015494,9.417363909));
#14176=CARTESIAN_POINT('',(-0.298575947,27.072015494,9.417363909));
#14177=CARTESIAN_POINT('',(-0.87394746,27.072015494,9.417363909));
#14178=CARTESIAN_POINT('',(0.852167078,27.097015494,9.417363909));
#14179=CARTESIAN_POINT('',(0.276795565,27.097015494,9.417363909));
#14180=CARTESIAN_POINT('',(-0.298575947,27.097015494,9.417363909));
#14181=CARTESIAN_POINT('',(-0.87394746,27.097015494,9.417363909));
#14182=CARTESIAN_POINT('',(0.852167078,27.121842484,9.410789514));
#14183=CARTESIAN_POINT('',(0.276795565,27.121842484,9.410789514));
#14184=CARTESIAN_POINT('',(-0.298575947,27.121842484,9.410789514));
#14185=CARTESIAN_POINT('',(-0.87394746,27.121842484,9.410789514));
#14186=CARTESIAN_POINT('',(0.852167078,27.142603729,9.39971685));
#14187=CARTESIAN_POINT('',(0.276795565,27.142603729,9.39971685));
#14188=CARTESIAN_POINT('',(-0.298575947,27.142603729,9.39971685));
#14189=CARTESIAN_POINT('',(-0.87394746,27.142603729,9.39971685));
#14190=CARTESIAN_POINT('',(0.852167078,27.163364975,9.388644185));
#14191=CARTESIAN_POINT('',(0.276795565,27.163364975,9.388644185));
#14192=CARTESIAN_POINT('',(-0.298575947,27.163364975,9.388644185));
#14193=CARTESIAN_POINT('',(-0.87394746,27.163364975,9.388644185));
#14194=CARTESIAN_POINT('',(0.852167078,27.180015494,9.373363909));
#14195=CARTESIAN_POINT('',(0.276795565,27.180015494,9.373363909));
#14196=CARTESIAN_POINT('',(-0.298575947,27.180015494,9.373363909));
#14197=CARTESIAN_POINT('',(-0.87394746,27.180015494,9.373363909));
#14198=CARTESIAN_POINT('',(0.852167078,27.192015494,9.357363909));
#14199=CARTESIAN_POINT('',(0.276795565,27.192015494,9.357363909));
#14200=CARTESIAN_POINT('',(-0.298575947,27.192015494,9.357363909));
#14201=CARTESIAN_POINT('',(-0.87394746,27.192015494,9.357363909));
#14202=CARTESIAN_POINT('',(0.852167078,27.216015494,9.325363909));
#14203=CARTESIAN_POINT('',(0.276795565,27.216015494,9.325363909));
#14204=CARTESIAN_POINT('',(-0.298575947,27.216015494,9.325363909));
#14205=CARTESIAN_POINT('',(-0.87394746,27.216015494,9.325363909));
#14206=CARTESIAN_POINT('',(0.852167078,27.222015494,9.292363909));
#14207=CARTESIAN_POINT('',(0.276795565,27.222015494,9.292363909));
#14208=CARTESIAN_POINT('',(-0.298575947,27.222015494,9.292363909));
#14209=CARTESIAN_POINT('',(-0.87394746,27.222015494,9.292363909));
#14210=CARTESIAN_POINT('',(0.852167078,27.222015494,9.267363909));
#14211=CARTESIAN_POINT('',(0.276795565,27.222015494,9.267363909));
#14212=CARTESIAN_POINT('',(-0.298575947,27.222015494,9.267363909));
#14213=CARTESIAN_POINT('',(-0.87394746,27.222015494,9.267363909));
#14214=B_SPLINE_SURFACE_WITH_KNOTS('',3,3,((#14138,#14139,#14140,#14141),(#14142,#14143,#14144,#14145),(#14146,#14147,#14148,#14149),(#14150,#14151,#14152,#14153),(#14154,#14155,#14156,#14157),(#14158,#14159,#14160,#14161),(#14162,#14163,#14164,#14165),(#14166,#14167,#14168,#14169),(#14170,#14171,#14172,#14173),(#14174,#14175,#14176,#14177),(#14178,#14179,#14180,#14181),(#14182,#14183,#14184,#14185),(#14186,#14187,#14188,#14189),(#14190,#14191,#14192,#14193),(#14194,#14195,#14196,#14197),(#14198,#14199,#14200,#14201),(#14202,#14203,#14204,#14205),(#14206,#14207,#14208,#14209),(#14210,#14211,#14212,#14213)),.UNSPECIFIED.,.F.,.F.,.U.,(4,3,3,3,3,3,4),(4,4),(0.072792495,0.125,0.1875,0.25,0.3125,0.375,0.5),(0.085372095,0.914623997),.UNSPECIFIED.);
#14215=CARTESIAN_POINT('',(0.825371657,27.21343685,9.317363909));
#14216=CARTESIAN_POINT('',(0.833041013,27.203317178,9.345986335));
#14217=CARTESIAN_POINT('',(0.83985926,27.18431063,9.371432379));
#14218=CARTESIAN_POINT('',(0.844645254,27.159382907,9.389293951));
#14219=CARTESIAN_POINT('',(0.849431248,27.134455184,9.407155523));
#14220=CARTESIAN_POINT('',(0.852168586,27.103294376,9.417371409));
#14221=CARTESIAN_POINT('',(0.852166575,27.071979546,9.417363904));
#14222=CARTESIAN_POINT('',(0.852164564,27.040664716,9.4173564));
#14223=CARTESIAN_POINT('',(0.849466964,27.009794347,9.407288816));
#14224=CARTESIAN_POINT('',(0.844659627,26.984722989,9.38934759));
#14225=CARTESIAN_POINT('',(0.83985229,26.959651631,9.371406364));
#14226=CARTESIAN_POINT('',(0.832973625,26.94062578,9.345734839));
#14227=CARTESIAN_POINT('',(0.825371657,26.930594138,9.317363909));
#14228=B_SPLINE_CURVE_WITH_KNOTS('',3,(#14215,#14216,#14217,#14218,#14219,#14220,#14221,#14222,#14223,#14224,#14225,#14226,#14227),.UNSPECIFIED.,.F.,.F.,(4,3,3,3,4),(0.000049044,0.000142063,0.000235081,0.0003281,0.000421119),.UNSPECIFIED.);
#14229=EDGE_CURVE('',#293,#13503,#14228,.T.);
#14230=ORIENTED_EDGE('',*,*,#14229,.F.);
#14231=ORIENTED_EDGE('',*,*,#300,.T.);
#14232=ORIENTED_EDGE('',*,*,#415,.T.);
#14233=ORIENTED_EDGE('',*,*,#14030,.T.);
#14234=ORIENTED_EDGE('',*,*,#13585,.T.);
#14235=EDGE_LOOP('',(#14230,#14231,#14232,#14233,#14234));
#14236=FACE_BOUND('',#14235,.T.);
#14237=ADVANCED_FACE('',(#14236),#14214,.T.);
#14238=CARTESIAN_POINT('',(-1.035857232,26.930489447,12.491365411));
#14239=CARTESIAN_POINT('',(-1.035857232,26.930489447,12.706209377));
#14240=CARTESIAN_POINT('',(-1.035857232,26.930489447,12.921053343));
#14241=CARTESIAN_POINT('',(-1.035857232,26.930489447,13.135897309));
#14242=CARTESIAN_POINT('',(-1.022798941,26.93510773,12.491365411));
#14243=CARTESIAN_POINT('',(-1.022798941,26.93510773,12.706209377));
#14244=CARTESIAN_POINT('',(-1.022798941,26.93510773,12.921053343));
#14245=CARTESIAN_POINT('',(-1.022798941,26.93510773,13.135897309));
#14246=CARTESIAN_POINT('',(-1.009259379,26.941991653,12.491365411));
#14247=CARTESIAN_POINT('',(-1.009259379,26.941991653,12.706209377));
#14248=CARTESIAN_POINT('',(-1.009259379,26.941991653,12.921053343));
#14249=CARTESIAN_POINT('',(-1.009259379,26.941991653,13.135897309));
#14250=CARTESIAN_POINT('',(-0.995894258,26.952015494,12.491365411));
#14251=CARTESIAN_POINT('',(-0.995894258,26.952015494,12.706209377));
#14252=CARTESIAN_POINT('',(-0.995894258,26.952015494,12.921053343));
#14253=CARTESIAN_POINT('',(-0.995894258,26.952015494,13.135897309));
#14254=CARTESIAN_POINT('',(-0.979894258,26.964015494,12.491365411));
#14255=CARTESIAN_POINT('',(-0.979894258,26.964015494,12.706209377));
#14256=CARTESIAN_POINT('',(-0.979894258,26.964015494,12.921053343));
#14257=CARTESIAN_POINT('',(-0.979894258,26.964015494,13.135897309));
#14258=CARTESIAN_POINT('',(-0.964613981,26.980666013,12.491365411));
#14259=CARTESIAN_POINT('',(-0.964613981,26.980666013,12.706209377));
#14260=CARTESIAN_POINT('',(-0.964613981,26.980666013,12.921053343));
#14261=CARTESIAN_POINT('',(-0.964613981,26.980666013,13.135897309));
#14262=CARTESIAN_POINT('',(-0.953541317,27.001427259,12.491365411));
#14263=CARTESIAN_POINT('',(-0.953541317,27.001427259,12.706209377));
#14264=CARTESIAN_POINT('',(-0.953541317,27.001427259,12.921053343));
#14265=CARTESIAN_POINT('',(-0.953541317,27.001427259,13.135897309));
#14266=CARTESIAN_POINT('',(-0.942468653,27.022188504,12.491365411));
#14267=CARTESIAN_POINT('',(-0.942468653,27.022188504,12.706209377));
#14268=CARTESIAN_POINT('',(-0.942468653,27.022188504,12.921053343));
#14269=CARTESIAN_POINT('',(-0.942468653,27.022188504,13.135897309));
#14270=CARTESIAN_POINT('',(-0.935894258,27.047015494,12.491365411));
#14271=CARTESIAN_POINT('',(-0.935894258,27.047015494,12.706209377));
#14272=CARTESIAN_POINT('',(-0.935894258,27.047015494,12.921053343));
#14273=CARTESIAN_POINT('',(-0.935894258,27.047015494,13.135897309));
#14274=CARTESIAN_POINT('',(-0.935894258,27.072015494,12.491365411));
#14275=CARTESIAN_POINT('',(-0.935894258,27.072015494,12.706209377));
#14276=CARTESIAN_POINT('',(-0.935894258,27.072015494,12.921053343));
#14277=CARTESIAN_POINT('',(-0.935894258,27.072015494,13.135897309));
#14278=CARTESIAN_POINT('',(-0.935894258,27.097015494,12.491365411));
#14279=CARTESIAN_POINT('',(-0.935894258,27.097015494,12.706209377));
#14280=CARTESIAN_POINT('',(-0.935894258,27.097015494,12.921053343));
#14281=CARTESIAN_POINT('',(-0.935894258,27.097015494,13.135897309));
#14282=CARTESIAN_POINT('',(-0.942468653,27.121842484,12.491365411));
#14283=CARTESIAN_POINT('',(-0.942468653,27.121842484,12.706209377));
#14284=CARTESIAN_POINT('',(-0.942468653,27.121842484,12.921053343));
#14285=CARTESIAN_POINT('',(-0.942468653,27.121842484,13.135897309));
#14286=CARTESIAN_POINT('',(-0.953541317,27.142603729,12.491365411));
#14287=CARTESIAN_POINT('',(-0.953541317,27.142603729,12.706209377));
#14288=CARTESIAN_POINT('',(-0.953541317,27.142603729,12.921053343));
#14289=CARTESIAN_POINT('',(-0.953541317,27.142603729,13.135897309));
#14290=CARTESIAN_POINT('',(-0.964613981,27.163364975,12.491365411));
#14291=CARTESIAN_POINT('',(-0.964613981,27.163364975,12.706209377));
#14292=CARTESIAN_POINT('',(-0.964613981,27.163364975,12.921053343));
#14293=CARTESIAN_POINT('',(-0.964613981,27.163364975,13.135897309));
#14294=CARTESIAN_POINT('',(-0.979894258,27.180015494,12.491365411));
#14295=CARTESIAN_POINT('',(-0.979894258,27.180015494,12.706209377));
#14296=CARTESIAN_POINT('',(-0.979894258,27.180015494,12.921053343));
#14297=CARTESIAN_POINT('',(-0.979894258,27.180015494,13.135897309));
#14298=CARTESIAN_POINT('',(-0.995894258,27.192015494,12.491365411));
#14299=CARTESIAN_POINT('',(-0.995894258,27.192015494,12.706209377));
#14300=CARTESIAN_POINT('',(-0.995894258,27.192015494,12.921053343));
#14301=CARTESIAN_POINT('',(-0.995894258,27.192015494,13.135897309));
#14302=CARTESIAN_POINT('',(-1.009259349,27.202039312,12.491365411));
#14303=CARTESIAN_POINT('',(-1.009259349,27.202039312,12.706209377));
#14304=CARTESIAN_POINT('',(-1.009259349,27.202039312,12.921053343));
#14305=CARTESIAN_POINT('',(-1.009259349,27.202039312,13.135897309));
#14306=CARTESIAN_POINT('',(-1.022798878,27.208923226,12.491365411));
#14307=CARTESIAN_POINT('',(-1.022798878,27.208923226,12.706209377));
#14308=CARTESIAN_POINT('',(-1.022798878,27.208923226,12.921053343));
#14309=CARTESIAN_POINT('',(-1.022798878,27.208923226,13.135897309));
#14310=CARTESIAN_POINT('',(-1.035857142,27.213541509,12.491365411));
#14311=CARTESIAN_POINT('',(-1.035857142,27.213541509,12.706209377));
#14312=CARTESIAN_POINT('',(-1.035857142,27.213541509,12.921053343));
#14313=CARTESIAN_POINT('',(-1.035857142,27.213541509,13.135897309));
#14314=B_SPLINE_SURFACE_WITH_KNOTS('',3,3,((#14238,#14239,#14240,#14241),(#14242,#14243,#14244,#14245),(#14246,#14247,#14248,#14249),(#14250,#14251,#14252,#14253),(#14254,#14255,#14256,#14257),(#14258,#14259,#14260,#14261),(#14262,#14263,#14264,#14265),(#14266,#14267,#14268,#14269),(#14270,#14271,#14272,#14273),(#14274,#14275,#14276,#14277),(#14278,#14279,#14280,#14281),(#14282,#14283,#14284,#14285),(#14286,#14287,#14288,#14289),(#14290,#14291,#14292,#14293),(#14294,#14295,#14296,#14297),(#14298,#14299,#14300,#14301),(#14302,#14303,#14304,#14305),(#14306,#14307,#14308,#14309),(#14310,#14311,#14312,#14313)),.UNSPECIFIED.,.F.,.F.,.U.,(4,3,3,3,3,3,4),(4,4),(0.072792495,0.125,0.1875,0.25,0.3125,0.375,0.427207385),(0.12583237,0.582223106),.UNSPECIFIED.);
#14315=ORIENTED_EDGE('',*,*,#14132,.F.);
#14316=ORIENTED_EDGE('',*,*,#449,.T.);
#14317=CARTESIAN_POINT('',(-1.035894258,27.213436851,13.135897309));
#14318=CARTESIAN_POINT('',(-1.011500234,27.204810747,13.111503285));
#14319=CARTESIAN_POINT('',(-0.987668551,27.189394572,13.087671601));
#14320=CARTESIAN_POINT('',(-0.96867906,27.165613556,13.06868211));
#14321=CARTESIAN_POINT('',(-0.949689568,27.141832541,13.049692619));
#14322=CARTESIAN_POINT('',(-0.935866913,27.108134305,13.035869964));
#14323=CARTESIAN_POINT('',(-0.935894309,27.071890855,13.03589736));
#14324=CARTESIAN_POINT('',(-0.935921706,27.035647405,13.035924757));
#14325=CARTESIAN_POINT('',(-0.949831216,27.001981233,13.049834267));
#14326=CARTESIAN_POINT('',(-0.968756027,26.978321125,13.068759077));
#14327=CARTESIAN_POINT('',(-0.987680837,26.954661018,13.087683888));
#14328=CARTESIAN_POINT('',(-1.011323727,26.939281364,13.111326778));
#14329=CARTESIAN_POINT('',(-1.035894258,26.930594138,13.135897309));
#14330=B_SPLINE_CURVE_WITH_KNOTS('',3,(#14317,#14318,#14319,#14320,#14321,#14322,#14323,#14324,#14325,#14326,#14327,#14328,#14329),.UNSPECIFIED.,.F.,.F.,(4,3,3,3,4),(0.000068707,0.000175134,0.000281561,0.000387988,0.000494414),.UNSPECIFIED.);
#14331=EDGE_CURVE('',#190,#13630,#14330,.T.);
#14332=ORIENTED_EDGE('',*,*,#14331,.T.);
#14333=ORIENTED_EDGE('',*,*,#13637,.T.);
#14334=EDGE_LOOP('',(#14315,#14316,#14332,#14333));
#14335=FACE_BOUND('',#14334,.T.);
#14336=ADVANCED_FACE('',(#14335),#14314,.T.);
#14337=CARTESIAN_POINT('',(1.340438272,26.930489479,9.020032918));
#14338=CARTESIAN_POINT('',(1.161020415,26.930489479,9.123619866));
#14339=CARTESIAN_POINT('',(0.981602557,26.930489479,9.227206814));
#14340=CARTESIAN_POINT('',(0.8021847,26.930489479,9.330793762));
#14341=CARTESIAN_POINT('',(1.346967404,26.935107762,9.031341706));
#14342=CARTESIAN_POINT('',(1.167549547,26.935107762,9.134928654));
#14343=CARTESIAN_POINT('',(0.988131689,26.935107762,9.238515602));
#14344=CARTESIAN_POINT('',(0.808713832,26.935107762,9.342102551));
#14345=CARTESIAN_POINT('',(1.353737169,26.941991676,9.043067283));
#14346=CARTESIAN_POINT('',(1.174319311,26.941991676,9.146654231));
#14347=CARTESIAN_POINT('',(0.994901454,26.941991676,9.250241179));
#14348=CARTESIAN_POINT('',(0.815483597,26.941991676,9.353828127));
#14349=CARTESIAN_POINT('',(1.360419714,26.952015494,9.054641791));
#14350=CARTESIAN_POINT('',(1.181001857,26.952015494,9.158228739));
#14351=CARTESIAN_POINT('',(1.001583999,26.952015494,9.261815687));
#14352=CARTESIAN_POINT('',(0.822166142,26.952015494,9.365402635));
#14353=CARTESIAN_POINT('',(1.368419714,26.964015494,9.068498197));
#14354=CARTESIAN_POINT('',(1.189001857,26.964015494,9.172085145));
#14355=CARTESIAN_POINT('',(1.009583999,26.964015494,9.275672093));
#14356=CARTESIAN_POINT('',(0.830166142,26.964015494,9.379259042));
#14357=CARTESIAN_POINT('',(1.376059852,26.980666013,9.081731305));
#14358=CARTESIAN_POINT('',(1.196641995,26.980666013,9.185318253));
#14359=CARTESIAN_POINT('',(1.017224138,26.980666013,9.288905201));
#14360=CARTESIAN_POINT('',(0.837806281,26.980666013,9.392492149));
#14361=CARTESIAN_POINT('',(1.381596185,27.001427259,9.091320514));
#14362=CARTESIAN_POINT('',(1.202178327,27.001427259,9.194907462));
#14363=CARTESIAN_POINT('',(1.02276047,27.001427259,9.29849441));
#14364=CARTESIAN_POINT('',(0.843342613,27.001427259,9.402081358));
#14365=CARTESIAN_POINT('',(1.387132517,27.022188504,9.100909722));
#14366=CARTESIAN_POINT('',(1.207714659,27.022188504,9.20449667));
#14367=CARTESIAN_POINT('',(1.028296802,27.022188504,9.308083619));
#14368=CARTESIAN_POINT('',(0.848878945,27.022188504,9.411670567));
#14369=CARTESIAN_POINT('',(1.390419714,27.047015494,9.106603315));
#14370=CARTESIAN_POINT('',(1.211001857,27.047015494,9.210190263));
#14371=CARTESIAN_POINT('',(1.031583999,27.047015494,9.313777211));
#14372=CARTESIAN_POINT('',(0.852166142,27.047015494,9.417364159));
#14373=CARTESIAN_POINT('',(1.390419714,27.072015494,9.106603315));
#14374=CARTESIAN_POINT('',(1.211001857,27.072015494,9.210190263));
#14375=CARTESIAN_POINT('',(1.031583999,27.072015494,9.313777211));
#14376=CARTESIAN_POINT('',(0.852166142,27.072015494,9.417364159));
#14377=CARTESIAN_POINT('',(1.390419714,27.097015494,9.106603315));
#14378=CARTESIAN_POINT('',(1.211001857,27.097015494,9.210190263));
#14379=CARTESIAN_POINT('',(1.031583999,27.097015494,9.313777211));
#14380=CARTESIAN_POINT('',(0.852166142,27.097015494,9.417364159));
#14381=CARTESIAN_POINT('',(1.387132517,27.121842484,9.100909722));
#14382=CARTESIAN_POINT('',(1.207714659,27.121842484,9.20449667));
#14383=CARTESIAN_POINT('',(1.028296802,27.121842484,9.308083619));
#14384=CARTESIAN_POINT('',(0.848878945,27.121842484,9.411670567));
#14385=CARTESIAN_POINT('',(1.381596185,27.142603729,9.091320514));
#14386=CARTESIAN_POINT('',(1.202178327,27.142603729,9.194907462));
#14387=CARTESIAN_POINT('',(1.02276047,27.142603729,9.29849441));
#14388=CARTESIAN_POINT('',(0.843342613,27.142603729,9.402081358));
#14389=CARTESIAN_POINT('',(1.376059852,27.163364975,9.081731305));
#14390=CARTESIAN_POINT('',(1.196641995,27.163364975,9.185318253));
#14391=CARTESIAN_POINT('',(1.017224138,27.163364975,9.288905201));
#14392=CARTESIAN_POINT('',(0.837806281,27.163364975,9.392492149));
#14393=CARTESIAN_POINT('',(1.368419714,27.180015494,9.068498197));
#14394=CARTESIAN_POINT('',(1.189001857,27.180015494,9.172085145));
#14395=CARTESIAN_POINT('',(1.009583999,27.180015494,9.275672093));
#14396=CARTESIAN_POINT('',(0.830166142,27.180015494,9.379259042));
#14397=CARTESIAN_POINT('',(1.360419714,27.192015494,9.054641791));
#14398=CARTESIAN_POINT('',(1.181001857,27.192015494,9.158228739));
#14399=CARTESIAN_POINT('',(1.001583999,27.192015494,9.261815687));
#14400=CARTESIAN_POINT('',(0.822166142,27.192015494,9.365402635));
#14401=CARTESIAN_POINT('',(1.353737153,27.202039335,9.043067256));
#14402=CARTESIAN_POINT('',(1.174319296,27.202039335,9.146654204));
#14403=CARTESIAN_POINT('',(0.994901439,27.202039335,9.250241152));
#14404=CARTESIAN_POINT('',(0.815483581,27.202039335,9.353828101));
#14405=CARTESIAN_POINT('',(1.346967373,27.208923258,9.031341652));
#14406=CARTESIAN_POINT('',(1.167549515,27.208923258,9.1349286));
#14407=CARTESIAN_POINT('',(0.988131658,27.208923258,9.238515548));
#14408=CARTESIAN_POINT('',(0.808713801,27.208923258,9.342102497));
#14409=CARTESIAN_POINT('',(1.340438227,27.213541541,9.020032839));
#14410=CARTESIAN_POINT('',(1.161020369,27.213541541,9.123619788));
#14411=CARTESIAN_POINT('',(0.981602512,27.213541541,9.227206736));
#14412=CARTESIAN_POINT('',(0.802184655,27.213541541,9.330793684));
#14413=B_SPLINE_SURFACE_WITH_KNOTS('',3,3,((#14337,#14338,#14339,#14340),(#14341,#14342,#14343,#14344),(#14345,#14346,#14347,#14348),(#14349,#14350,#14351,#14352),(#14353,#14354,#14355,#14356),(#14357,#14358,#14359,#14360),(#14361,#14362,#14363,#14364),(#14365,#14366,#14367,#14368),(#14369,#14370,#14371,#14372),(#14373,#14374,#14375,#14376),(#14377,#14378,#14379,#14380),(#14381,#14382,#14383,#14384),(#14385,#14386,#14387,#14388),(#14389,#14390,#14391,#14392),(#14393,#14394,#14395,#14396),(#14397,#14398,#14399,#14400),(#14401,#14402,#14403,#14404),(#14405,#14406,#14407,#14408),(#14409,#14410,#14411,#14412)),.UNSPECIFIED.,.F.,.F.,.U.,(4,3,3,3,3,3,4),(4,4),(0.072792615,0.125,0.1875,0.25,0.3125,0.375,0.427207505),(0.424696779,0.872083659),.UNSPECIFIED.);
#14414=CARTESIAN_POINT('',(1.340419714,27.213436851,9.020000774));
#14415=CARTESIAN_POINT('',(1.331488321,27.204808273,9.053333188));
#14416=CARTESIAN_POINT('',(1.322762539,27.189384772,9.085898249));
#14417=CARTESIAN_POINT('',(1.315811291,27.165593185,9.111840659));
#14418=CARTESIAN_POINT('',(1.308860043,27.141801599,9.13778307));
#14419=CARTESIAN_POINT('',(1.303799067,27.107589617,9.156670891));
#14420=CARTESIAN_POINT('',(1.303817226,27.071807514,9.156603118));
#14421=CARTESIAN_POINT('',(1.303835386,27.036025411,9.156535345));
#14422=CARTESIAN_POINT('',(1.308860684,27.002157835,9.137780678));
#14423=CARTESIAN_POINT('',(1.315859942,26.978271532,9.111659093));
#14424=CARTESIAN_POINT('',(1.322859199,26.954385229,9.085537509));
#14425=CARTESIAN_POINT('',(1.331501182,26.939210188,9.053285189));
#14426=CARTESIAN_POINT('',(1.340419714,26.930594138,9.020000774));
#14427=B_SPLINE_CURVE_WITH_KNOTS('',3,(#14414,#14415,#14416,#14417,#14418,#14419,#14420,#14421,#14422,#14423,#14424,#14425,#14426),.UNSPECIFIED.,.F.,.F.,(4,3,3,3,4),(0.000068707,0.000175165,0.000281622,0.000388079,0.000494536),.UNSPECIFIED.);
#14428=EDGE_CURVE('',#326,#13505,#14427,.T.);
#14429=ORIENTED_EDGE('',*,*,#14428,.F.);
#14430=ORIENTED_EDGE('',*,*,#389,.T.);
#14431=ORIENTED_EDGE('',*,*,#14229,.T.);
#14432=ORIENTED_EDGE('',*,*,#13510,.T.);
#14433=EDGE_LOOP('',(#14429,#14430,#14431,#14432));
#14434=FACE_BOUND('',#14433,.T.);
#14435=ADVANCED_FACE('',(#14434),#14413,.T.);
#14436=CARTESIAN_POINT('',(-1.035894258,26.930489495,13.135860148));
#14437=CARTESIAN_POINT('',(-0.352560925,26.930489495,13.135860148));
#14438=CARTESIAN_POINT('',(0.330772409,26.930489495,13.135860148));
#14439=CARTESIAN_POINT('',(1.014105742,26.930489495,13.135860148));
#14440=CARTESIAN_POINT('',(-1.035894258,26.935107778,13.122801898));
#14441=CARTESIAN_POINT('',(-0.352560925,26.935107778,13.122801898));
#14442=CARTESIAN_POINT('',(0.330772409,26.935107778,13.122801898));
#14443=CARTESIAN_POINT('',(1.014105742,26.935107778,13.122801898));
#14444=CARTESIAN_POINT('',(-1.035894258,26.941991688,13.109262384));
#14445=CARTESIAN_POINT('',(-0.352560925,26.941991688,13.109262384));
#14446=CARTESIAN_POINT('',(0.330772409,26.941991688,13.109262384));
#14447=CARTESIAN_POINT('',(1.014105742,26.941991688,13.109262384));
#14448=CARTESIAN_POINT('',(-1.035894258,26.952015494,13.095897309));
#14449=CARTESIAN_POINT('',(-0.352560925,26.952015494,13.095897309));
#14450=CARTESIAN_POINT('',(0.330772409,26.952015494,13.095897309));
#14451=CARTESIAN_POINT('',(1.014105742,26.952015494,13.095897309));
#14452=CARTESIAN_POINT('',(-1.035894258,26.964015494,13.079897309));
#14453=CARTESIAN_POINT('',(-0.352560925,26.964015494,13.079897309));
#14454=CARTESIAN_POINT('',(0.330772409,26.964015494,13.079897309));
#14455=CARTESIAN_POINT('',(1.014105742,26.964015494,13.079897309));
#14456=CARTESIAN_POINT('',(-1.035894258,26.980666013,13.064617032));
#14457=CARTESIAN_POINT('',(-0.352560925,26.980666013,13.064617032));
#14458=CARTESIAN_POINT('',(0.330772409,26.980666013,13.064617032));
#14459=CARTESIAN_POINT('',(1.014105742,26.980666013,13.064617032));
#14460=CARTESIAN_POINT('',(-1.035894258,27.001427259,13.053544368));
#14461=CARTESIAN_POINT('',(-0.352560925,27.001427259,13.053544368));
#14462=CARTESIAN_POINT('',(0.330772409,27.001427259,13.053544368));
#14463=CARTESIAN_POINT('',(1.014105742,27.001427259,13.053544368));
#14464=CARTESIAN_POINT('',(-1.035894258,27.022188504,13.042471703));
#14465=CARTESIAN_POINT('',(-0.352560925,27.022188504,13.042471703));
#14466=CARTESIAN_POINT('',(0.330772409,27.022188504,13.042471703));
#14467=CARTESIAN_POINT('',(1.014105742,27.022188504,13.042471703));
#14468=CARTESIAN_POINT('',(-1.035894258,27.047015494,13.035897309));
#14469=CARTESIAN_POINT('',(-0.352560925,27.047015494,13.035897309));
#14470=CARTESIAN_POINT('',(0.330772409,27.047015494,13.035897309));
#14471=CARTESIAN_POINT('',(1.014105742,27.047015494,13.035897309));
#14472=CARTESIAN_POINT('',(-1.035894258,27.072015494,13.035897309));
#14473=CARTESIAN_POINT('',(-0.352560925,27.072015494,13.035897309));
#14474=CARTESIAN_POINT('',(0.330772409,27.072015494,13.035897309));
#14475=CARTESIAN_POINT('',(1.014105742,27.072015494,13.035897309));
#14476=CARTESIAN_POINT('',(-1.035894258,27.097015494,13.035897309));
#14477=CARTESIAN_POINT('',(-0.352560925,27.097015494,13.035897309));
#14478=CARTESIAN_POINT('',(0.330772409,27.097015494,13.035897309));
#14479=CARTESIAN_POINT('',(1.014105742,27.097015494,13.035897309));
#14480=CARTESIAN_POINT('',(-1.035894258,27.121842484,13.042471703));
#14481=CARTESIAN_POINT('',(-0.352560925,27.121842484,13.042471703));
#14482=CARTESIAN_POINT('',(0.330772409,27.121842484,13.042471703));
#14483=CARTESIAN_POINT('',(1.014105742,27.121842484,13.042471703));
#14484=CARTESIAN_POINT('',(-1.035894258,27.142603729,13.053544368));
#14485=CARTESIAN_POINT('',(-0.352560925,27.142603729,13.053544368));
#14486=CARTESIAN_POINT('',(0.330772409,27.142603729,13.053544368));
#14487=CARTESIAN_POINT('',(1.014105742,27.142603729,13.053544368));
#14488=CARTESIAN_POINT('',(-1.035894258,27.163364975,13.064617032));
#14489=CARTESIAN_POINT('',(-0.352560925,27.163364975,13.064617032));
#14490=CARTESIAN_POINT('',(0.330772409,27.163364975,13.064617032));
#14491=CARTESIAN_POINT('',(1.014105742,27.163364975,13.064617032));
#14492=CARTESIAN_POINT('',(-1.035894258,27.180015494,13.079897309));
#14493=CARTESIAN_POINT('',(-0.352560925,27.180015494,13.079897309));
#14494=CARTESIAN_POINT('',(0.330772409,27.180015494,13.079897309));
#14495=CARTESIAN_POINT('',(1.014105742,27.180015494,13.079897309));
#14496=CARTESIAN_POINT('',(-1.035894258,27.192015494,13.095897309));
#14497=CARTESIAN_POINT('',(-0.352560925,27.192015494,13.095897309));
#14498=CARTESIAN_POINT('',(0.330772409,27.192015494,13.095897309));
#14499=CARTESIAN_POINT('',(1.014105742,27.192015494,13.095897309));
#14500=CARTESIAN_POINT('',(-1.035894258,27.202039312,13.109262399));
#14501=CARTESIAN_POINT('',(-0.352560925,27.202039312,13.109262399));
#14502=CARTESIAN_POINT('',(0.330772409,27.202039312,13.109262399));
#14503=CARTESIAN_POINT('',(1.014105742,27.202039312,13.109262399));
#14504=CARTESIAN_POINT('',(-1.035894258,27.208923226,13.122801929));
#14505=CARTESIAN_POINT('',(-0.352560925,27.208923226,13.122801929));
#14506=CARTESIAN_POINT('',(0.330772409,27.208923226,13.122801929));
#14507=CARTESIAN_POINT('',(1.014105742,27.208923226,13.122801929));
#14508=CARTESIAN_POINT('',(-1.035894258,27.213541509,13.135860193));
#14509=CARTESIAN_POINT('',(-0.352560925,27.213541509,13.135860193));
#14510=CARTESIAN_POINT('',(0.330772409,27.213541509,13.135860193));
#14511=CARTESIAN_POINT('',(1.014105742,27.213541509,13.135860193));
#14512=B_SPLINE_SURFACE_WITH_KNOTS('',3,3,((#14436,#14437,#14438,#14439),(#14440,#14441,#14442,#14443),(#14444,#14445,#14446,#14447),(#14448,#14449,#14450,#14451),(#14452,#14453,#14454,#14455),(#14456,#14457,#14458,#14459),(#14460,#14461,#14462,#14463),(#14464,#14465,#14466,#14467),(#14468,#14469,#14470,#14471),(#14472,#14473,#14474,#14475),(#14476,#14477,#14478,#14479),(#14480,#14481,#14482,#14483),(#14484,#14485,#14486,#14487),(#14488,#14489,#14490,#14491),(#14492,#14493,#14494,#14495),(#14496,#14497,#14498,#14499),(#14500,#14501,#14502,#14503),(#14504,#14505,#14506,#14507),(#14508,#14509,#14510,#14511)),.UNSPECIFIED.,.F.,.F.,.U.,(4,3,3,3,3,3,4),(4,4),(0.072792676,0.125,0.1875,0.25,0.3125,0.375,0.427207385),(0.182662539,0.817337461),.UNSPECIFIED.);
#14513=ORIENTED_EDGE('',*,*,#14331,.F.);
#14514=ORIENTED_EDGE('',*,*,#197,.T.);
#14515=CARTESIAN_POINT('',(1.014105742,27.213436851,13.135897309));
#14516=CARTESIAN_POINT('',(0.989706109,27.204808764,13.111497676));
#14517=CARTESIAN_POINT('',(0.965868663,27.189387155,13.08766023));
#14518=CARTESIAN_POINT('',(0.946877447,27.165597152,13.068669013));
#14519=CARTESIAN_POINT('',(0.937381838,27.153702151,13.059173405));
#14520=CARTESIAN_POINT('',(0.92913503,27.139615292,13.050926597));
#14521=CARTESIAN_POINT('',(0.923297588,27.123717174,13.045089154));
#14522=CARTESIAN_POINT('',(0.917460145,27.107819055,13.039251712));
#14523=CARTESIAN_POINT('',(0.914082092,27.089693531,13.035873659));
#14524=CARTESIAN_POINT('',(0.914105875,27.071815946,13.035897441));
#14525=CARTESIAN_POINT('',(0.914153441,27.036060776,13.035945007));
#14526=CARTESIAN_POINT('',(0.927907649,27.002139265,13.049699216));
#14527=CARTESIAN_POINT('',(0.946988241,26.978295214,13.068779808));
#14528=CARTESIAN_POINT('',(0.966068832,26.954451162,13.087860399));
#14529=CARTESIAN_POINT('',(0.989755898,26.939204874,13.111547465));
#14530=CARTESIAN_POINT('',(1.014105742,26.930594138,13.135897309));
#14531=B_SPLINE_CURVE_WITH_KNOTS('',3,(#14515,#14516,#14517,#14518,#14519,#14520,#14521,#14522,#14523,#14524,#14525,#14526,#14527,#14528,#14529,#14530),.UNSPECIFIED.,.F.,.F.,(4,3,3,3,3,4),(0.000068707,0.000175159,0.000228384,0.00028161,0.000388061,0.000494512),.UNSPECIFIED.);
#14532=EDGE_CURVE('',#192,#13434,#14531,.T.);
#14533=ORIENTED_EDGE('',*,*,#14532,.T.);
#14534=ORIENTED_EDGE('',*,*,#13715,.T.);
#14535=EDGE_LOOP('',(#14513,#14514,#14533,#14534));
#14536=FACE_BOUND('',#14535,.T.);
#14537=ADVANCED_FACE('',(#14536),#14512,.T.);
#14538=CARTESIAN_POINT('',(2.365268949,26.930489479,10.795165951));
#14539=CARTESIAN_POINT('',(2.023641823,26.930489479,10.203450411));
#14540=CARTESIAN_POINT('',(1.682014697,26.930489479,9.611734872));
#14541=CARTESIAN_POINT('',(1.340387571,26.930489479,9.020019332));
#14542=CARTESIAN_POINT('',(2.353960161,26.935107762,10.801695083));
#14543=CARTESIAN_POINT('',(2.012333034,26.935107762,10.209979543));
#14544=CARTESIAN_POINT('',(1.670705908,26.935107762,9.618264004));
#14545=CARTESIAN_POINT('',(1.329078782,26.935107762,9.026548464));
#14546=CARTESIAN_POINT('',(2.342234584,26.941991676,10.808464848));
#14547=CARTESIAN_POINT('',(2.000607458,26.941991676,10.216749308));
#14548=CARTESIAN_POINT('',(1.658980332,26.941991676,9.625033769));
#14549=CARTESIAN_POINT('',(1.317353206,26.941991676,9.033318229));
#14550=CARTESIAN_POINT('',(2.330660076,26.952015494,10.815147393));
#14551=CARTESIAN_POINT('',(1.98903295,26.952015494,10.223431854));
#14552=CARTESIAN_POINT('',(1.647405824,26.952015494,9.631716314));
#14553=CARTESIAN_POINT('',(1.305778698,26.952015494,9.040000774));
#14554=CARTESIAN_POINT('',(2.31680367,26.964015494,10.823147393));
#14555=CARTESIAN_POINT('',(1.975176544,26.964015494,10.231431854));
#14556=CARTESIAN_POINT('',(1.633549417,26.964015494,9.639716314));
#14557=CARTESIAN_POINT('',(1.291922291,26.964015494,9.048000774));
#14558=CARTESIAN_POINT('',(2.303570562,26.980666013,10.830787532));
#14559=CARTESIAN_POINT('',(1.961943436,26.980666013,10.239071992));
#14560=CARTESIAN_POINT('',(1.62031631,26.980666013,9.647356452));
#14561=CARTESIAN_POINT('',(1.278689184,26.980666013,9.055640913));
#14562=CARTESIAN_POINT('',(2.293981353,27.001427259,10.836323864));
#14563=CARTESIAN_POINT('',(1.952354227,27.001427259,10.244608324));
#14564=CARTESIAN_POINT('',(1.610727101,27.001427259,9.652892785));
#14565=CARTESIAN_POINT('',(1.269099975,27.001427259,9.061177245));
#14566=CARTESIAN_POINT('',(2.284392144,27.022188504,10.841860196));
#14567=CARTESIAN_POINT('',(1.942765018,27.022188504,10.250144656));
#14568=CARTESIAN_POINT('',(1.601137892,27.022188504,9.658429117));
#14569=CARTESIAN_POINT('',(1.259510766,27.022188504,9.066713577));
#14570=CARTESIAN_POINT('',(2.278698552,27.047015494,10.845147393));
#14571=CARTESIAN_POINT('',(1.937071426,27.047015494,10.253431854));
#14572=CARTESIAN_POINT('',(1.5954443,27.047015494,9.661716314));
#14573=CARTESIAN_POINT('',(1.253817174,27.047015494,9.070000774));
#14574=CARTESIAN_POINT('',(2.278698552,27.072015494,10.845147393));
#14575=CARTESIAN_POINT('',(1.937071426,27.072015494,10.253431854));
#14576=CARTESIAN_POINT('',(1.5954443,27.072015494,9.661716314));
#14577=CARTESIAN_POINT('',(1.253817174,27.072015494,9.070000774));
#14578=CARTESIAN_POINT('',(2.278698552,27.097015494,10.845147393));
#14579=CARTESIAN_POINT('',(1.937071426,27.097015494,10.253431854));
#14580=CARTESIAN_POINT('',(1.5954443,27.097015494,9.661716314));
#14581=CARTESIAN_POINT('',(1.253817174,27.097015494,9.070000774));
#14582=CARTESIAN_POINT('',(2.284392144,27.121842484,10.841860196));
#14583=CARTESIAN_POINT('',(1.942765018,27.121842484,10.250144656));
#14584=CARTESIAN_POINT('',(1.601137892,27.121842484,9.658429117));
#14585=CARTESIAN_POINT('',(1.259510766,27.121842484,9.066713577));
#14586=CARTESIAN_POINT('',(2.293981353,27.142603729,10.836323864));
#14587=CARTESIAN_POINT('',(1.952354227,27.142603729,10.244608324));
#14588=CARTESIAN_POINT('',(1.610727101,27.142603729,9.652892785));
#14589=CARTESIAN_POINT('',(1.269099975,27.142603729,9.061177245));
#14590=CARTESIAN_POINT('',(2.303570562,27.163364975,10.830787532));
#14591=CARTESIAN_POINT('',(1.961943436,27.163364975,10.239071992));
#14592=CARTESIAN_POINT('',(1.62031631,27.163364975,9.647356452));
#14593=CARTESIAN_POINT('',(1.278689184,27.163364975,9.055640913));
#14594=CARTESIAN_POINT('',(2.31680367,27.180015494,10.823147393));
#14595=CARTESIAN_POINT('',(1.975176544,27.180015494,10.231431854));
#14596=CARTESIAN_POINT('',(1.633549417,27.180015494,9.639716314));
#14597=CARTESIAN_POINT('',(1.291922291,27.180015494,9.048000774));
#14598=CARTESIAN_POINT('',(2.330660076,27.192015494,10.815147393));
#14599=CARTESIAN_POINT('',(1.98903295,27.192015494,10.223431854));
#14600=CARTESIAN_POINT('',(1.647405824,27.192015494,9.631716314));
#14601=CARTESIAN_POINT('',(1.305778698,27.192015494,9.040000774));
#14602=CARTESIAN_POINT('',(2.342234584,27.202039312,10.808464848));
#14603=CARTESIAN_POINT('',(2.000607458,27.202039312,10.216749308));
#14604=CARTESIAN_POINT('',(1.658980332,27.202039312,9.625033769));
#14605=CARTESIAN_POINT('',(1.317353206,27.202039312,9.033318229));
#14606=CARTESIAN_POINT('',(2.353960161,27.208923226,10.801695083));
#14607=CARTESIAN_POINT('',(2.012333034,27.208923226,10.209979543));
#14608=CARTESIAN_POINT('',(1.670705908,27.208923226,9.618264004));
#14609=CARTESIAN_POINT('',(1.329078782,27.208923226,9.026548464));
#14610=CARTESIAN_POINT('',(2.365268949,27.213541509,10.795165951));
#14611=CARTESIAN_POINT('',(2.023641823,27.213541509,10.203450411));
#14612=CARTESIAN_POINT('',(1.682014697,27.213541509,9.611734872));
#14613=CARTESIAN_POINT('',(1.340387571,27.213541509,9.020019332));
#14614=B_SPLINE_SURFACE_WITH_KNOTS('',3,3,((#14538,#14539,#14540,#14541),(#14542,#14543,#14544,#14545),(#14546,#14547,#14548,#14549),(#14550,#14551,#14552,#14553),(#14554,#14555,#14556,#14557),(#14558,#14559,#14560,#14561),(#14562,#14563,#14564,#14565),(#14566,#14567,#14568,#14569),(#14570,#14571,#14572,#14573),(#14574,#14575,#14576,#14577),(#14578,#14579,#14580,#14581),(#14582,#14583,#14584,#14585),(#14586,#14587,#14588,#14589),(#14590,#14591,#14592,#14593),(#14594,#14595,#14596,#14597),(#14598,#14599,#14600,#14601),(#14602,#14603,#14604,#14605),(#14606,#14607,#14608,#14609),(#14610,#14611,#14612,#14613)),.UNSPECIFIED.,.F.,.F.,.U.,(4,3,3,3,3,3,4),(4,4),(0.072792615,0.125,0.1875,0.25,0.3125,0.375,0.427207385),(0.183268116,0.817456394),.UNSPECIFIED.);
#14615=CARTESIAN_POINT('',(2.365301092,27.213436851,10.795147393));
#14616=CARTESIAN_POINT('',(2.331946826,27.204817674,10.786124872));
#14617=CARTESIAN_POINT('',(2.299348881,27.189420666,10.77730694));
#14618=CARTESIAN_POINT('',(2.273351762,27.165640042,10.77027457));
#14619=CARTESIAN_POINT('',(2.247354643,27.141859419,10.763242199));
#14620=CARTESIAN_POINT('',(2.228391738,27.107627995,10.758112624));
#14621=CARTESIAN_POINT('',(2.228459802,27.071807211,10.758131036));
#14622=CARTESIAN_POINT('',(2.228493833,27.05389682,10.758140242));
#14623=CARTESIAN_POINT('',(2.233101343,27.036010573,10.759386599));
#14624=CARTESIAN_POINT('',(2.241180966,27.020029888,10.761572184));
#14625=CARTESIAN_POINT('',(2.24926059,27.004049203,10.763757769));
#14626=CARTESIAN_POINT('',(2.26044468,26.99016155,10.76678313));
#14627=CARTESIAN_POINT('',(2.273541514,26.978217635,10.770325899));
#14628=CARTESIAN_POINT('',(2.299735183,26.954329806,10.777411437));
#14629=CARTESIAN_POINT('',(2.33199615,26.939200455,10.786138214));
#14630=CARTESIAN_POINT('',(2.365301092,26.930594138,10.795147393));
#14631=B_SPLINE_CURVE_WITH_KNOTS('',3,(#14615,#14616,#14617,#14618,#14619,#14620,#14621,#14622,#14623,#14624,#14625,#14626,#14627,#14628,#14629,#14630),.UNSPECIFIED.,.F.,.F.,(4,3,3,3,3,4),(0.000068874,0.000175459,0.000282043,0.000335336,0.000388628,0.000495213),.UNSPECIFIED.);
#14632=EDGE_CURVE('',#324,#13472,#14631,.T.);
#14633=ORIENTED_EDGE('',*,*,#14632,.F.);
#14634=ORIENTED_EDGE('',*,*,#331,.T.);
#14635=ORIENTED_EDGE('',*,*,#14428,.T.);
#14636=ORIENTED_EDGE('',*,*,#13537,.T.);
#14637=EDGE_LOOP('',(#14633,#14634,#14635,#14636));
#14638=FACE_BOUND('',#14637,.T.);
#14639=ADVANCED_FACE('',(#14638),#14614,.T.);
#14640=CARTESIAN_POINT('',(1.014068626,26.930489479,13.135897309));
#14641=CARTESIAN_POINT('',(1.014068626,26.930489479,13.0495215));
#14642=CARTESIAN_POINT('',(1.014068626,26.930489479,12.963145691));
#14643=CARTESIAN_POINT('',(1.014068626,26.930489479,12.876769882));
#14644=CARTESIAN_POINT('',(1.001010362,26.935107762,13.135897309));
#14645=CARTESIAN_POINT('',(1.001010362,26.935107762,13.0495215));
#14646=CARTESIAN_POINT('',(1.001010362,26.935107762,12.963145691));
#14647=CARTESIAN_POINT('',(1.001010362,26.935107762,12.876769882));
#14648=CARTESIAN_POINT('',(0.987470832,26.941991676,13.135897309));
#14649=CARTESIAN_POINT('',(0.987470832,26.941991676,13.0495215));
#14650=CARTESIAN_POINT('',(0.987470832,26.941991676,12.963145691));
#14651=CARTESIAN_POINT('',(0.987470832,26.941991676,12.876769882));
#14652=CARTESIAN_POINT('',(0.974105742,26.952015494,13.135897309));
#14653=CARTESIAN_POINT('',(0.974105742,26.952015494,13.0495215));
#14654=CARTESIAN_POINT('',(0.974105742,26.952015494,12.963145691));
#14655=CARTESIAN_POINT('',(0.974105742,26.952015494,12.876769882));
#14656=CARTESIAN_POINT('',(0.958105742,26.964015494,13.135897309));
#14657=CARTESIAN_POINT('',(0.958105742,26.964015494,13.0495215));
#14658=CARTESIAN_POINT('',(0.958105742,26.964015494,12.963145691));
#14659=CARTESIAN_POINT('',(0.958105742,26.964015494,12.876769882));
#14660=CARTESIAN_POINT('',(0.942825465,26.980666013,13.135897309));
#14661=CARTESIAN_POINT('',(0.942825465,26.980666013,13.0495215));
#14662=CARTESIAN_POINT('',(0.942825465,26.980666013,12.963145691));
#14663=CARTESIAN_POINT('',(0.942825465,26.980666013,12.876769882));
#14664=CARTESIAN_POINT('',(0.931752801,27.001427259,13.135897309));
#14665=CARTESIAN_POINT('',(0.931752801,27.001427259,13.0495215));
#14666=CARTESIAN_POINT('',(0.931752801,27.001427259,12.963145691));
#14667=CARTESIAN_POINT('',(0.931752801,27.001427259,12.876769882));
#14668=CARTESIAN_POINT('',(0.920680136,27.022188504,13.135897309));
#14669=CARTESIAN_POINT('',(0.920680136,27.022188504,13.0495215));
#14670=CARTESIAN_POINT('',(0.920680136,27.022188504,12.963145691));
#14671=CARTESIAN_POINT('',(0.920680136,27.022188504,12.876769882));
#14672=CARTESIAN_POINT('',(0.914105742,27.047015494,13.135897309));
#14673=CARTESIAN_POINT('',(0.914105742,27.047015494,13.0495215));
#14674=CARTESIAN_POINT('',(0.914105742,27.047015494,12.963145691));
#14675=CARTESIAN_POINT('',(0.914105742,27.047015494,12.876769882));
#14676=CARTESIAN_POINT('',(0.914105742,27.072015494,13.135897309));
#14677=CARTESIAN_POINT('',(0.914105742,27.072015494,13.0495215));
#14678=CARTESIAN_POINT('',(0.914105742,27.072015494,12.963145691));
#14679=CARTESIAN_POINT('',(0.914105742,27.072015494,12.876769882));
#14680=CARTESIAN_POINT('',(0.914105742,27.097015494,13.135897309));
#14681=CARTESIAN_POINT('',(0.914105742,27.097015494,13.0495215));
#14682=CARTESIAN_POINT('',(0.914105742,27.097015494,12.963145691));
#14683=CARTESIAN_POINT('',(0.914105742,27.097015494,12.876769882));
#14684=CARTESIAN_POINT('',(0.920680136,27.121842484,13.135897309));
#14685=CARTESIAN_POINT('',(0.920680136,27.121842484,13.0495215));
#14686=CARTESIAN_POINT('',(0.920680136,27.121842484,12.963145691));
#14687=CARTESIAN_POINT('',(0.920680136,27.121842484,12.876769882));
#14688=CARTESIAN_POINT('',(0.931752801,27.142603729,13.135897309));
#14689=CARTESIAN_POINT('',(0.931752801,27.142603729,13.0495215));
#14690=CARTESIAN_POINT('',(0.931752801,27.142603729,12.963145691));
#14691=CARTESIAN_POINT('',(0.931752801,27.142603729,12.876769882));
#14692=CARTESIAN_POINT('',(0.942825465,27.163364975,13.135897309));
#14693=CARTESIAN_POINT('',(0.942825465,27.163364975,13.0495215));
#14694=CARTESIAN_POINT('',(0.942825465,27.163364975,12.963145691));
#14695=CARTESIAN_POINT('',(0.942825465,27.163364975,12.876769882));
#14696=CARTESIAN_POINT('',(0.958105742,27.180015494,13.135897309));
#14697=CARTESIAN_POINT('',(0.958105742,27.180015494,13.0495215));
#14698=CARTESIAN_POINT('',(0.958105742,27.180015494,12.963145691));
#14699=CARTESIAN_POINT('',(0.958105742,27.180015494,12.876769882));
#14700=CARTESIAN_POINT('',(0.974105742,27.192015494,13.135897309));
#14701=CARTESIAN_POINT('',(0.974105742,27.192015494,13.0495215));
#14702=CARTESIAN_POINT('',(0.974105742,27.192015494,12.963145691));
#14703=CARTESIAN_POINT('',(0.974105742,27.192015494,12.876769882));
#14704=CARTESIAN_POINT('',(0.987470863,27.202039335,13.135897309));
#14705=CARTESIAN_POINT('',(0.987470863,27.202039335,13.0495215));
#14706=CARTESIAN_POINT('',(0.987470863,27.202039335,12.963145691));
#14707=CARTESIAN_POINT('',(0.987470863,27.202039335,12.876769882));
#14708=CARTESIAN_POINT('',(1.001010424,27.208923258,13.135897309));
#14709=CARTESIAN_POINT('',(1.001010424,27.208923258,13.0495215));
#14710=CARTESIAN_POINT('',(1.001010424,27.208923258,12.963145691));
#14711=CARTESIAN_POINT('',(1.001010424,27.208923258,12.876769882));
#14712=CARTESIAN_POINT('',(1.014068716,27.213541541,13.135897309));
#14713=CARTESIAN_POINT('',(1.014068716,27.213541541,13.0495215));
#14714=CARTESIAN_POINT('',(1.014068716,27.213541541,12.963145691));
#14715=CARTESIAN_POINT('',(1.014068716,27.213541541,12.876769882));
#14716=B_SPLINE_SURFACE_WITH_KNOTS('',3,3,((#14640,#14641,#14642,#14643),(#14644,#14645,#14646,#14647),(#14648,#14649,#14650,#14651),(#14652,#14653,#14654,#14655),(#14656,#14657,#14658,#14659),(#14660,#14661,#14662,#14663),(#14664,#14665,#14666,#14667),(#14668,#14669,#14670,#14671),(#14672,#14673,#14674,#14675),(#14676,#14677,#14678,#14679),(#14680,#14681,#14682,#14683),(#14684,#14685,#14686,#14687),(#14688,#14689,#14690,#14691),(#14692,#14693,#14694,#14695),(#14696,#14697,#14698,#14699),(#14700,#14701,#14702,#14703),(#14704,#14705,#14706,#14707),(#14708,#14709,#14710,#14711),(#14712,#14713,#14714,#14715)),.UNSPECIFIED.,.F.,.F.,.U.,(4,3,3,3,3,3,4),(4,4),(0.072792615,0.125,0.1875,0.25,0.3125,0.375,0.427207505),(0.694830931,1.),.UNSPECIFIED.);
#14717=ORIENTED_EDGE('',*,*,#14532,.F.);
#14718=ORIENTED_EDGE('',*,*,#468,.T.);
#14719=CARTESIAN_POINT('',(1.014096322,26.930597174,12.876769882));
#14720=CARTESIAN_POINT('',(1.001054636,26.935207829,12.876769882));
#14721=CARTESIAN_POINT('',(0.987360576,26.942074369,12.876769882));
#14722=CARTESIAN_POINT('',(0.974105742,26.952015494,12.876769882));
#14723=CARTESIAN_POINT('',(0.958105742,26.964015494,12.876769882));
#14724=CARTESIAN_POINT('',(0.942825465,26.980666013,12.876769882));
#14725=CARTESIAN_POINT('',(0.931752801,27.001427259,12.876769882));
#14726=CARTESIAN_POINT('',(0.920680136,27.022188504,12.876769882));
#14727=CARTESIAN_POINT('',(0.914105742,27.047015494,12.876769882));
#14728=CARTESIAN_POINT('',(0.914105742,27.072015494,12.876769882));
#14729=CARTESIAN_POINT('',(0.914105742,27.097015494,12.876769882));
#14730=CARTESIAN_POINT('',(0.920680136,27.121842484,12.876769882));
#14731=CARTESIAN_POINT('',(0.931752801,27.142603729,12.876769882));
#14732=CARTESIAN_POINT('',(0.942825465,27.163364975,12.876769882));
#14733=CARTESIAN_POINT('',(0.958105742,27.180015494,12.876769882));
#14734=CARTESIAN_POINT('',(0.974105742,27.192015494,12.876769882));
#14735=CARTESIAN_POINT('',(0.987360308,27.201956419,12.876769882));
#14736=CARTESIAN_POINT('',(1.00078644,27.208809156,12.876769882));
#14737=CARTESIAN_POINT('',(1.013744566,27.213426469,12.876769882));
#14738=B_SPLINE_CURVE_WITH_KNOTS('',3,(#14719,#14720,#14721,#14722,#14723,#14724,#14725,#14726,#14727,#14728,#14729,#14730,#14731,#14732,#14733,#14734,#14735,#14736,#14737),.UNSPECIFIED.,.F.,.F.,(4,3,3,3,3,3,4),(0.073223305,0.125,0.1875,0.25,0.3125,0.375,0.426775648),.UNSPECIFIED.);
#14739=EDGE_CURVE('',#13432,#463,#14738,.T.);
#14740=ORIENTED_EDGE('',*,*,#14739,.F.);
#14741=ORIENTED_EDGE('',*,*,#13439,.T.);
#14742=EDGE_LOOP('',(#14717,#14718,#14740,#14741));
#14743=FACE_BOUND('',#14742,.T.);
#14744=ADVANCED_FACE('',(#14743),#14716,.T.);
#14745=CARTESIAN_POINT('',(1.014068716,26.930489447,12.876769882));
#14746=CARTESIAN_POINT('',(1.014068716,26.930489447,12.760329822));
#14747=CARTESIAN_POINT('',(1.014068716,26.930489447,12.643889761));
#14748=CARTESIAN_POINT('',(1.014068716,26.930489447,12.527449701));
#14749=CARTESIAN_POINT('',(1.001010424,26.93510773,12.876769882));
#14750=CARTESIAN_POINT('',(1.001010424,26.93510773,12.760329822));
#14751=CARTESIAN_POINT('',(1.001010424,26.93510773,12.643889761));
#14752=CARTESIAN_POINT('',(1.001010424,26.93510773,12.527449701));
#14753=CARTESIAN_POINT('',(0.987470863,26.941991653,12.876769882));
#14754=CARTESIAN_POINT('',(0.987470863,26.941991653,12.760329822));
#14755=CARTESIAN_POINT('',(0.987470863,26.941991653,12.643889761));
#14756=CARTESIAN_POINT('',(0.987470863,26.941991653,12.527449701));
#14757=CARTESIAN_POINT('',(0.974105742,26.952015494,12.876769882));
#14758=CARTESIAN_POINT('',(0.974105742,26.952015494,12.760329822));
#14759=CARTESIAN_POINT('',(0.974105742,26.952015494,12.643889761));
#14760=CARTESIAN_POINT('',(0.974105742,26.952015494,12.527449701));
#14761=CARTESIAN_POINT('',(0.958105742,26.964015494,12.876769882));
#14762=CARTESIAN_POINT('',(0.958105742,26.964015494,12.760329822));
#14763=CARTESIAN_POINT('',(0.958105742,26.964015494,12.643889761));
#14764=CARTESIAN_POINT('',(0.958105742,26.964015494,12.527449701));
#14765=CARTESIAN_POINT('',(0.942825465,26.980666013,12.876769882));
#14766=CARTESIAN_POINT('',(0.942825465,26.980666013,12.760329822));
#14767=CARTESIAN_POINT('',(0.942825465,26.980666013,12.643889761));
#14768=CARTESIAN_POINT('',(0.942825465,26.980666013,12.527449701));
#14769=CARTESIAN_POINT('',(0.931752801,27.001427259,12.876769882));
#14770=CARTESIAN_POINT('',(0.931752801,27.001427259,12.760329822));
#14771=CARTESIAN_POINT('',(0.931752801,27.001427259,12.643889761));
#14772=CARTESIAN_POINT('',(0.931752801,27.001427259,12.527449701));
#14773=CARTESIAN_POINT('',(0.920680136,27.022188504,12.876769882));
#14774=CARTESIAN_POINT('',(0.920680136,27.022188504,12.760329822));
#14775=CARTESIAN_POINT('',(0.920680136,27.022188504,12.643889761));
#14776=CARTESIAN_POINT('',(0.920680136,27.022188504,12.527449701));
#14777=CARTESIAN_POINT('',(0.914105742,27.047015494,12.876769882));
#14778=CARTESIAN_POINT('',(0.914105742,27.047015494,12.760329822));
#14779=CARTESIAN_POINT('',(0.914105742,27.047015494,12.643889761));
#14780=CARTESIAN_POINT('',(0.914105742,27.047015494,12.527449701));
#14781=CARTESIAN_POINT('',(0.914105742,27.072015494,12.876769882));
#14782=CARTESIAN_POINT('',(0.914105742,27.072015494,12.760329822));
#14783=CARTESIAN_POINT('',(0.914105742,27.072015494,12.643889761));
#14784=CARTESIAN_POINT('',(0.914105742,27.072015494,12.527449701));
#14785=CARTESIAN_POINT('',(0.914105742,27.097015494,12.876769882));
#14786=CARTESIAN_POINT('',(0.914105742,27.097015494,12.760329822));
#14787=CARTESIAN_POINT('',(0.914105742,27.097015494,12.643889761));
#14788=CARTESIAN_POINT('',(0.914105742,27.097015494,12.527449701));
#14789=CARTESIAN_POINT('',(0.920680136,27.121842484,12.876769882));
#14790=CARTESIAN_POINT('',(0.920680136,27.121842484,12.760329822));
#14791=CARTESIAN_POINT('',(0.920680136,27.121842484,12.643889761));
#14792=CARTESIAN_POINT('',(0.920680136,27.121842484,12.527449701));
#14793=CARTESIAN_POINT('',(0.931752801,27.142603729,12.876769882));
#14794=CARTESIAN_POINT('',(0.931752801,27.142603729,12.760329822));
#14795=CARTESIAN_POINT('',(0.931752801,27.142603729,12.643889761));
#14796=CARTESIAN_POINT('',(0.931752801,27.142603729,12.527449701));
#14797=CARTESIAN_POINT('',(0.942825465,27.163364975,12.876769882));
#14798=CARTESIAN_POINT('',(0.942825465,27.163364975,12.760329822));
#14799=CARTESIAN_POINT('',(0.942825465,27.163364975,12.643889761));
#14800=CARTESIAN_POINT('',(0.942825465,27.163364975,12.527449701));
#14801=CARTESIAN_POINT('',(0.958105742,27.180015494,12.876769882));
#14802=CARTESIAN_POINT('',(0.958105742,27.180015494,12.760329822));
#14803=CARTESIAN_POINT('',(0.958105742,27.180015494,12.643889761));
#14804=CARTESIAN_POINT('',(0.958105742,27.180015494,12.527449701));
#14805=CARTESIAN_POINT('',(0.974105742,27.192015494,12.876769882));
#14806=CARTESIAN_POINT('',(0.974105742,27.192015494,12.760329822));
#14807=CARTESIAN_POINT('',(0.974105742,27.192015494,12.643889761));
#14808=CARTESIAN_POINT('',(0.974105742,27.192015494,12.527449701));
#14809=CARTESIAN_POINT('',(0.987470832,27.202039312,12.876769882));
#14810=CARTESIAN_POINT('',(0.987470832,27.202039312,12.760329822));
#14811=CARTESIAN_POINT('',(0.987470832,27.202039312,12.643889761));
#14812=CARTESIAN_POINT('',(0.987470832,27.202039312,12.527449701));
#14813=CARTESIAN_POINT('',(1.001010362,27.208923226,12.876769882));
#14814=CARTESIAN_POINT('',(1.001010362,27.208923226,12.760329822));
#14815=CARTESIAN_POINT('',(1.001010362,27.208923226,12.643889761));
#14816=CARTESIAN_POINT('',(1.001010362,27.208923226,12.527449701));
#14817=CARTESIAN_POINT('',(1.014068626,27.213541509,12.876769882));
#14818=CARTESIAN_POINT('',(1.014068626,27.213541509,12.760329822));
#14819=CARTESIAN_POINT('',(1.014068626,27.213541509,12.643889761));
#14820=CARTESIAN_POINT('',(1.014068626,27.213541509,12.527449701));
#14821=B_SPLINE_SURFACE_WITH_KNOTS('',3,3,((#14745,#14746,#14747,#14748),(#14749,#14750,#14751,#14752),(#14753,#14754,#14755,#14756),(#14757,#14758,#14759,#14760),(#14761,#14762,#14763,#14764),(#14765,#14766,#14767,#14768),(#14769,#14770,#14771,#14772),(#14773,#14774,#14775,#14776),(#14777,#14778,#14779,#14780),(#14781,#14782,#14783,#14784),(#14785,#14786,#14787,#14788),(#14789,#14790,#14791,#14792),(#14793,#14794,#14795,#14796),(#14797,#14798,#14799,#14800),(#14801,#14802,#14803,#14804),(#14805,#14806,#14807,#14808),(#14809,#14810,#14811,#14812),(#14813,#14814,#14815,#14816),(#14817,#14818,#14819,#14820)),.UNSPECIFIED.,.F.,.F.,.U.,(4,3,3,3,3,3,4),(4,4),(0.072792495,0.125,0.1875,0.25,0.3125,0.375,0.427207385),(0.,0.662815111),.UNSPECIFIED.);
#14822=ORIENTED_EDGE('',*,*,#14739,.T.);
#14823=ORIENTED_EDGE('',*,*,#477,.T.);
#14824=CARTESIAN_POINT('',(1.014105742,27.21343685,12.554244996));
#14825=CARTESIAN_POINT('',(0.985483534,27.203317256,12.546575699));
#14826=CARTESIAN_POINT('',(0.960037655,27.184310917,12.539757496));
#14827=CARTESIAN_POINT('',(0.94217611,27.159383479,12.534971509));
#14828=CARTESIAN_POINT('',(0.924314566,27.134456042,12.530185523));
#14829=CARTESIAN_POINT('',(0.914100127,27.103269905,12.527448572));
#14830=CARTESIAN_POINT('',(0.914105744,27.071988559,12.527450077));
#14831=CARTESIAN_POINT('',(0.914111361,27.040707213,12.527451582));
#14832=CARTESIAN_POINT('',(0.924192461,27.009779928,12.530152805));
#14833=CARTESIAN_POINT('',(0.942119062,26.984727179,12.534956223));
#14834=CARTESIAN_POINT('',(0.960045663,26.959674431,12.539759641));
#14835=CARTESIAN_POINT('',(0.985744305,26.940622477,12.546645572));
#14836=CARTESIAN_POINT('',(1.014105742,26.930594138,12.554244996));
#14837=B_SPLINE_CURVE_WITH_KNOTS('',3,(#14824,#14825,#14826,#14827,#14828,#14829,#14830,#14831,#14832,#14833,#14834,#14835,#14836),.UNSPECIFIED.,.F.,.F.,(4,3,3,3,4),(0.000049044,0.000142062,0.00023508,0.000328098,0.000421116),.UNSPECIFIED.);
#14838=EDGE_CURVE('',#222,#13442,#14837,.T.);
#14839=ORIENTED_EDGE('',*,*,#14838,.T.);
#14840=ORIENTED_EDGE('',*,*,#13447,.T.);
#14841=EDGE_LOOP('',(#14822,#14823,#14839,#14840));
#14842=FACE_BOUND('',#14841,.T.);
#14843=ADVANCED_FACE('',(#14842),#14821,.T.);
#14844=CARTESIAN_POINT('',(1.841170336,26.930489447,11.094389141));
#14845=CARTESIAN_POINT('',(2.015874468,26.930489447,10.994631174));
#14846=CARTESIAN_POINT('',(2.1905786,26.930489447,10.894873207));
#14847=CARTESIAN_POINT('',(2.365282733,26.930489447,10.79511524));
#14848=CARTESIAN_POINT('',(1.83469518,26.93510773,11.083049329));
#14849=CARTESIAN_POINT('',(2.009399312,26.93510773,10.983291362));
#14850=CARTESIAN_POINT('',(2.184103444,26.93510773,10.883533395));
#14851=CARTESIAN_POINT('',(2.358807576,26.93510773,10.783775428));
#14852=CARTESIAN_POINT('',(1.827981378,26.941991653,11.071291583));
#14853=CARTESIAN_POINT('',(2.00268551,26.941991653,10.971533616));
#14854=CARTESIAN_POINT('',(2.177389643,26.941991653,10.871775649));
#14855=CARTESIAN_POINT('',(2.352093775,26.941991653,10.772017682));
#14856=CARTESIAN_POINT('',(1.821354076,26.952015494,11.059685321));
#14857=CARTESIAN_POINT('',(1.996058208,26.952015494,10.959927354));
#14858=CARTESIAN_POINT('',(2.17076234,26.952015494,10.860169387));
#14859=CARTESIAN_POINT('',(2.345466472,26.952015494,10.76041142));
#14860=CARTESIAN_POINT('',(1.813420228,26.964015494,11.045790931));
#14861=CARTESIAN_POINT('',(1.98812436,26.964015494,10.946032964));
#14862=CARTESIAN_POINT('',(2.162828492,26.964015494,10.846274997));
#14863=CARTESIAN_POINT('',(2.337532624,26.964015494,10.74651703));
#14864=CARTESIAN_POINT('',(1.805843266,26.980666013,11.032521549));
#14865=CARTESIAN_POINT('',(1.980547398,26.980666013,10.932763582));
#14866=CARTESIAN_POINT('',(2.15525153,26.980666013,10.833005615));
#14867=CARTESIAN_POINT('',(2.329955662,26.980666013,10.733247648));
#14868=CARTESIAN_POINT('',(1.800352713,27.001427259,11.022906055));
#14869=CARTESIAN_POINT('',(1.975056845,27.001427259,10.923148088));
#14870=CARTESIAN_POINT('',(2.149760978,27.001427259,10.823390121));
#14871=CARTESIAN_POINT('',(2.32446511,27.001427259,10.723632154));
#14872=CARTESIAN_POINT('',(1.794862161,27.022188504,11.01329056));
#14873=CARTESIAN_POINT('',(1.969566293,27.022188504,10.913532593));
#14874=CARTESIAN_POINT('',(2.144270425,27.022188504,10.813774627));
#14875=CARTESIAN_POINT('',(2.318974558,27.022188504,10.71401666));
#14876=CARTESIAN_POINT('',(1.791602146,27.047015494,11.007581361));
#14877=CARTESIAN_POINT('',(1.966306278,27.047015494,10.907823394));
#14878=CARTESIAN_POINT('',(2.14101041,27.047015494,10.808065427));
#14879=CARTESIAN_POINT('',(2.315714542,27.047015494,10.70830746));
#14880=CARTESIAN_POINT('',(1.791602146,27.072015494,11.007581361));
#14881=CARTESIAN_POINT('',(1.966306278,27.072015494,10.907823394));
#14882=CARTESIAN_POINT('',(2.14101041,27.072015494,10.808065427));
#14883=CARTESIAN_POINT('',(2.315714542,27.072015494,10.70830746));
#14884=CARTESIAN_POINT('',(1.791602146,27.097015494,11.007581361));
#14885=CARTESIAN_POINT('',(1.966306278,27.097015494,10.907823394));
#14886=CARTESIAN_POINT('',(2.14101041,27.097015494,10.808065427));
#14887=CARTESIAN_POINT('',(2.315714542,27.097015494,10.70830746));
#14888=CARTESIAN_POINT('',(1.794862161,27.121842484,11.01329056));
#14889=CARTESIAN_POINT('',(1.969566293,27.121842484,10.913532593));
#14890=CARTESIAN_POINT('',(2.144270425,27.121842484,10.813774627));
#14891=CARTESIAN_POINT('',(2.318974558,27.121842484,10.71401666));
#14892=CARTESIAN_POINT('',(1.800352713,27.142603729,11.022906055));
#14893=CARTESIAN_POINT('',(1.975056845,27.142603729,10.923148088));
#14894=CARTESIAN_POINT('',(2.149760978,27.142603729,10.823390121));
#14895=CARTESIAN_POINT('',(2.32446511,27.142603729,10.723632154));
#14896=CARTESIAN_POINT('',(1.805843266,27.163364975,11.032521549));
#14897=CARTESIAN_POINT('',(1.980547398,27.163364975,10.932763582));
#14898=CARTESIAN_POINT('',(2.15525153,27.163364975,10.833005615));
#14899=CARTESIAN_POINT('',(2.329955662,27.163364975,10.733247648));
#14900=CARTESIAN_POINT('',(1.813420228,27.180015494,11.045790931));
#14901=CARTESIAN_POINT('',(1.98812436,27.180015494,10.946032964));
#14902=CARTESIAN_POINT('',(2.162828492,27.180015494,10.846274997));
#14903=CARTESIAN_POINT('',(2.337532624,27.180015494,10.74651703));
#14904=CARTESIAN_POINT('',(1.821354076,27.192015494,11.059685321));
#14905=CARTESIAN_POINT('',(1.996058208,27.192015494,10.959927354));
#14906=CARTESIAN_POINT('',(2.17076234,27.192015494,10.860169387));
#14907=CARTESIAN_POINT('',(2.345466472,27.192015494,10.76041142));
#14908=CARTESIAN_POINT('',(1.827981363,27.202039312,11.071291556));
#14909=CARTESIAN_POINT('',(2.002685495,27.202039312,10.971533589));
#14910=CARTESIAN_POINT('',(2.177389627,27.202039312,10.871775622));
#14911=CARTESIAN_POINT('',(2.35209376,27.202039312,10.772017655));
#14912=CARTESIAN_POINT('',(1.834695149,27.208923226,11.083049275));
#14913=CARTESIAN_POINT('',(2.009399281,27.208923226,10.983291308));
#14914=CARTESIAN_POINT('',(2.184103413,27.208923226,10.883533341));
#14915=CARTESIAN_POINT('',(2.358807545,27.208923226,10.783775374));
#14916=CARTESIAN_POINT('',(1.841170291,27.213541509,11.094389063));
#14917=CARTESIAN_POINT('',(2.015874423,27.213541509,10.994631096));
#14918=CARTESIAN_POINT('',(2.190578556,27.213541509,10.894873129));
#14919=CARTESIAN_POINT('',(2.365282688,27.213541509,10.795115162));
#14920=B_SPLINE_SURFACE_WITH_KNOTS('',3,3,((#14844,#14845,#14846,#14847),(#14848,#14849,#14850,#14851),(#14852,#14853,#14854,#14855),(#14856,#14857,#14858,#14859),(#14860,#14861,#14862,#14863),(#14864,#14865,#14866,#14867),(#14868,#14869,#14870,#14871),(#14872,#14873,#14874,#14875),(#14876,#14877,#14878,#14879),(#14880,#14881,#14882,#14883),(#14884,#14885,#14886,#14887),(#14888,#14889,#14890,#14891),(#14892,#14893,#14894,#14895),(#14896,#14897,#14898,#14899),(#14900,#14901,#14902,#14903),(#14904,#14905,#14906,#14907),(#14908,#14909,#14910,#14911),(#14912,#14913,#14914,#14915),(#14916,#14917,#14918,#14919)),.UNSPECIFIED.,.F.,.F.,.U.,(4,3,3,3,3,3,4),(4,4),(0.072792495,0.125,0.1875,0.25,0.3125,0.375,0.427207385),(0.129842739,0.568994916),.UNSPECIFIED.);
#14921=CARTESIAN_POINT('',(1.864679709,27.21343685,11.081007669));
#14922=CARTESIAN_POINT('',(1.843770576,27.203320734,11.059998612));
#14923=CARTESIAN_POINT('',(1.825176732,27.184321414,11.041315908));
#14924=CARTESIAN_POINT('',(1.812122454,27.159396738,11.028199244));
#14925=CARTESIAN_POINT('',(1.799068176,27.134472061,11.01508258));
#14926=CARTESIAN_POINT('',(1.791598579,27.103276825,11.007577287));
#14927=CARTESIAN_POINT('',(1.791602458,27.071990044,11.007581185));
#14928=CARTESIAN_POINT('',(1.791606338,27.040703263,11.007585082));
#14929=CARTESIAN_POINT('',(1.798977892,27.009766296,11.014991865));
#14930=CARTESIAN_POINT('',(1.812080253,26.984714882,11.028156841));
#14931=CARTESIAN_POINT('',(1.825182613,26.959663468,11.041321818));
#14932=CARTESIAN_POINT('',(1.843960919,26.940619106,11.060189864));
#14933=CARTESIAN_POINT('',(1.864679709,26.930594138,11.081007669));
#14934=B_SPLINE_CURVE_WITH_KNOTS('',3,(#14921,#14922,#14923,#14924,#14925,#14926,#14927,#14928,#14929,#14930,#14931,#14932,#14933),.UNSPECIFIED.,.F.,.F.,(4,3,3,3,4),(0.000049091,0.000142131,0.000235171,0.000328212,0.000421252),.UNSPECIFIED.);
#14935=EDGE_CURVE('',#224,#13474,#14934,.T.);
#14936=ORIENTED_EDGE('',*,*,#14935,.F.);
#14937=ORIENTED_EDGE('',*,*,#491,.T.);
#14938=ORIENTED_EDGE('',*,*,#14632,.T.);
#14939=ORIENTED_EDGE('',*,*,#13479,.T.);
#14940=EDGE_LOOP('',(#14936,#14937,#14938,#14939));
#14941=FACE_BOUND('',#14940,.T.);
#14942=ADVANCED_FACE('',(#14941),#14920,.T.);
#14943=CARTESIAN_POINT('',(1.000676029,26.930489447,12.577431889));
#14944=CARTESIAN_POINT('',(1.293175057,26.930489447,12.070808713));
#14945=CARTESIAN_POINT('',(1.585674084,26.930489447,11.564185536));
#14946=CARTESIAN_POINT('',(1.878173111,26.930489447,11.05756236));
#14947=CARTESIAN_POINT('',(0.989367217,26.93510773,12.570902743));
#14948=CARTESIAN_POINT('',(1.281866244,26.93510773,12.064279567));
#14949=CARTESIAN_POINT('',(1.574365272,26.93510773,11.55765639));
#14950=CARTESIAN_POINT('',(1.866864299,26.93510773,11.051033214));
#14951=CARTESIAN_POINT('',(0.977641613,26.941991653,12.564132963));
#14952=CARTESIAN_POINT('',(1.27014064,26.941991653,12.057509786));
#14953=CARTESIAN_POINT('',(1.562639668,26.941991653,11.55088661));
#14954=CARTESIAN_POINT('',(1.855138695,26.941991653,11.044263433));
#14955=CARTESIAN_POINT('',(0.966067078,26.952015494,12.557450402));
#14956=CARTESIAN_POINT('',(1.258566106,26.952015494,12.050827226));
#14957=CARTESIAN_POINT('',(1.551065133,26.952015494,11.544204049));
#14958=CARTESIAN_POINT('',(1.84356416,26.952015494,11.037580873));
#14959=CARTESIAN_POINT('',(0.952210672,26.964015494,12.549450402));
#14960=CARTESIAN_POINT('',(1.244709699,26.964015494,12.042827226));
#14961=CARTESIAN_POINT('',(1.537208727,26.964015494,11.536204049));
#14962=CARTESIAN_POINT('',(1.829707754,26.964015494,11.029580873));
#14963=CARTESIAN_POINT('',(0.938977564,26.980666013,12.541810264));
#14964=CARTESIAN_POINT('',(1.231476591,26.980666013,12.035187087));
#14965=CARTESIAN_POINT('',(1.523975619,26.980666013,11.528563911));
#14966=CARTESIAN_POINT('',(1.816474646,26.980666013,11.021940734));
#14967=CARTESIAN_POINT('',(0.929388355,27.001427259,12.536273931));
#14968=CARTESIAN_POINT('',(1.221887383,27.001427259,12.029650755));
#14969=CARTESIAN_POINT('',(1.51438641,27.001427259,11.523027578));
#14970=CARTESIAN_POINT('',(1.806885437,27.001427259,11.016404402));
#14971=CARTESIAN_POINT('',(0.919799147,27.022188504,12.530737599));
#14972=CARTESIAN_POINT('',(1.212298174,27.022188504,12.024114423));
#14973=CARTESIAN_POINT('',(1.504797201,27.022188504,11.517491246));
#14974=CARTESIAN_POINT('',(1.797296229,27.022188504,11.01086807));
#14975=CARTESIAN_POINT('',(0.914105554,27.047015494,12.527450402));
#14976=CARTESIAN_POINT('',(1.206604581,27.047015494,12.020827226));
#14977=CARTESIAN_POINT('',(1.499103609,27.047015494,11.514204049));
#14978=CARTESIAN_POINT('',(1.791602636,27.047015494,11.007580873));
#14979=CARTESIAN_POINT('',(0.914105554,27.072015494,12.527450402));
#14980=CARTESIAN_POINT('',(1.206604581,27.072015494,12.020827226));
#14981=CARTESIAN_POINT('',(1.499103609,27.072015494,11.514204049));
#14982=CARTESIAN_POINT('',(1.791602636,27.072015494,11.007580873));
#14983=CARTESIAN_POINT('',(0.914105554,27.097015494,12.527450402));
#14984=CARTESIAN_POINT('',(1.206604581,27.097015494,12.020827226));
#14985=CARTESIAN_POINT('',(1.499103609,27.097015494,11.514204049));
#14986=CARTESIAN_POINT('',(1.791602636,27.097015494,11.007580873));
#14987=CARTESIAN_POINT('',(0.919799147,27.121842484,12.530737599));
#14988=CARTESIAN_POINT('',(1.212298174,27.121842484,12.024114423));
#14989=CARTESIAN_POINT('',(1.504797201,27.121842484,11.517491246));
#14990=CARTESIAN_POINT('',(1.797296229,27.121842484,11.01086807));
#14991=CARTESIAN_POINT('',(0.929388355,27.142603729,12.536273931));
#14992=CARTESIAN_POINT('',(1.221887383,27.142603729,12.029650755));
#14993=CARTESIAN_POINT('',(1.51438641,27.142603729,11.523027578));
#14994=CARTESIAN_POINT('',(1.806885437,27.142603729,11.016404402));
#14995=CARTESIAN_POINT('',(0.938977564,27.163364975,12.541810264));
#14996=CARTESIAN_POINT('',(1.231476591,27.163364975,12.035187087));
#14997=CARTESIAN_POINT('',(1.523975619,27.163364975,11.528563911));
#14998=CARTESIAN_POINT('',(1.816474646,27.163364975,11.021940734));
#14999=CARTESIAN_POINT('',(0.952210672,27.180015494,12.549450402));
#15000=CARTESIAN_POINT('',(1.244709699,27.180015494,12.042827226));
#15001=CARTESIAN_POINT('',(1.537208727,27.180015494,11.536204049));
#15002=CARTESIAN_POINT('',(1.829707754,27.180015494,11.029580873));
#15003=CARTESIAN_POINT('',(0.966067078,27.192015494,12.557450402));
#15004=CARTESIAN_POINT('',(1.258566106,27.192015494,12.050827226));
#15005=CARTESIAN_POINT('',(1.551065133,27.192015494,11.544204049));
#15006=CARTESIAN_POINT('',(1.84356416,27.192015494,11.037580873));
#15007=CARTESIAN_POINT('',(0.977641586,27.202039312,12.564132947));
#15008=CARTESIAN_POINT('',(1.270140614,27.202039312,12.057509771));
#15009=CARTESIAN_POINT('',(1.562639641,27.202039312,11.550886594));
#15010=CARTESIAN_POINT('',(1.855138668,27.202039312,11.044263418));
#15011=CARTESIAN_POINT('',(0.989367163,27.208923226,12.570902712));
#15012=CARTESIAN_POINT('',(1.28186619,27.208923226,12.064279536));
#15013=CARTESIAN_POINT('',(1.574365217,27.208923226,11.557656359));
#15014=CARTESIAN_POINT('',(1.866864245,27.208923226,11.051033183));
#15015=CARTESIAN_POINT('',(1.000675951,27.213541509,12.577431844));
#15016=CARTESIAN_POINT('',(1.293174978,27.213541509,12.070808668));
#15017=CARTESIAN_POINT('',(1.585674006,27.213541509,11.564185491));
#15018=CARTESIAN_POINT('',(1.878173033,27.213541509,11.057562315));
#15019=B_SPLINE_SURFACE_WITH_KNOTS('',3,3,((#14943,#14944,#14945,#14946),(#14947,#14948,#14949,#14950),(#14951,#14952,#14953,#14954),(#14955,#14956,#14957,#14958),(#14959,#14960,#14961,#14962),(#14963,#14964,#14965,#14966),(#14967,#14968,#14969,#14970),(#14971,#14972,#14973,#14974),(#14975,#14976,#14977,#14978),(#14979,#14980,#14981,#14982),(#14983,#14984,#14985,#14986),(#14987,#14988,#14989,#14990),(#14991,#14992,#14993,#14994),(#14995,#14996,#14997,#14998),(#14999,#15000,#15001,#15002),(#15003,#15004,#15005,#15006),(#15007,#15008,#15009,#15010),(#15011,#15012,#15013,#15014),(#15015,#15016,#15017,#15018)),.UNSPECIFIED.,.F.,.F.,.U.,(4,3,3,3,3,3,4),(4,4),(0.072792495,0.125,0.1875,0.25,0.3125,0.375,0.427207385),(0.084174635,0.915474171),.UNSPECIFIED.);
#15020=ORIENTED_EDGE('',*,*,#14838,.F.);
#15021=ORIENTED_EDGE('',*,*,#229,.T.);
#15022=ORIENTED_EDGE('',*,*,#14935,.T.);
#15023=ORIENTED_EDGE('',*,*,#13698,.T.);
#15024=EDGE_LOOP('',(#15020,#15021,#15022,#15023));
#15025=FACE_BOUND('',#15024,.T.);
#15026=ADVANCED_FACE('',(#15025),#15019,.T.);
#15027=CARTESIAN_POINT('',(0.,27.771464793,10.982094208));
#15028=DIRECTION('',(0.,-1.,-0.));
#15029=DIRECTION('',(0.,0.,-1.));
#15030=AXIS2_PLACEMENT_3D('',#15027,#15028,#15029);
#15031=TOROIDAL_SURFACE('',#15030,9.005074195,0.2);
#15032=ORIENTED_EDGE('',*,*,#5356,.T.);
#15033=ORIENTED_EDGE('',*,*,#10897,.T.);
#15034=ORIENTED_EDGE('',*,*,#2096,.F.);
#15035=ORIENTED_EDGE('',*,*,#10807,.T.);
#15036=ORIENTED_EDGE('',*,*,#10856,.T.);
#15037=ORIENTED_EDGE('',*,*,#2138,.F.);
#15038=ORIENTED_EDGE('',*,*,#10729,.T.);
#15039=ORIENTED_EDGE('',*,*,#10781,.T.);
#15040=ORIENTED_EDGE('',*,*,#2180,.F.);
#15041=ORIENTED_EDGE('',*,*,#10654,.T.);
#15042=ORIENTED_EDGE('',*,*,#10703,.T.);
#15043=ORIENTED_EDGE('',*,*,#2222,.F.);
#15044=ORIENTED_EDGE('',*,*,#10582,.T.);
#15045=ORIENTED_EDGE('',*,*,#10631,.T.);
#15046=ORIENTED_EDGE('',*,*,#2264,.F.);
#15047=ORIENTED_EDGE('',*,*,#9246,.T.);
#15048=ORIENTED_EDGE('',*,*,#9295,.T.);
#15049=ORIENTED_EDGE('',*,*,#3877,.F.);
#15050=ORIENTED_EDGE('',*,*,#9318,.T.);
#15051=ORIENTED_EDGE('',*,*,#9367,.T.);
#15052=ORIENTED_EDGE('',*,*,#3835,.F.);
#15053=ORIENTED_EDGE('',*,*,#9956,.T.);
#15054=ORIENTED_EDGE('',*,*,#10005,.T.);
#15055=ORIENTED_EDGE('',*,*,#2642,.F.);
#15056=ORIENTED_EDGE('',*,*,#9884,.T.);
#15057=ORIENTED_EDGE('',*,*,#9933,.T.);
#15058=ORIENTED_EDGE('',*,*,#2684,.F.);
#15059=ORIENTED_EDGE('',*,*,#9812,.T.);
#15060=ORIENTED_EDGE('',*,*,#9861,.T.);
#15061=ORIENTED_EDGE('',*,*,#2726,.F.);
#15062=ORIENTED_EDGE('',*,*,#9740,.T.);
#15063=ORIENTED_EDGE('',*,*,#9789,.T.);
#15064=ORIENTED_EDGE('',*,*,#2785,.F.);
#15065=ORIENTED_EDGE('',*,*,#10028,.T.);
#15066=ORIENTED_EDGE('',*,*,#10077,.T.);
#15067=ORIENTED_EDGE('',*,*,#2617,.F.);
#15068=ORIENTED_EDGE('',*,*,#10100,.T.);
#15069=ORIENTED_EDGE('',*,*,#10149,.T.);
#15070=ORIENTED_EDGE('',*,*,#2575,.F.);
#15071=ORIENTED_EDGE('',*,*,#10172,.T.);
#15072=ORIENTED_EDGE('',*,*,#10221,.T.);
#15073=ORIENTED_EDGE('',*,*,#2533,.F.);
#15074=ORIENTED_EDGE('',*,*,#10244,.T.);
#15075=ORIENTED_EDGE('',*,*,#10293,.T.);
#15076=ORIENTED_EDGE('',*,*,#2491,.F.);
#15077=ORIENTED_EDGE('',*,*,#10316,.T.);
#15078=ORIENTED_EDGE('',*,*,#10365,.T.);
#15079=ORIENTED_EDGE('',*,*,#2449,.F.);
#15080=ORIENTED_EDGE('',*,*,#10391,.T.);
#15081=ORIENTED_EDGE('',*,*,#10443,.T.);
#15082=ORIENTED_EDGE('',*,*,#2407,.F.);
#15083=ORIENTED_EDGE('',*,*,#10466,.T.);
#15084=ORIENTED_EDGE('',*,*,#10518,.T.);
#15085=ORIENTED_EDGE('',*,*,#2365,.F.);
#15086=ORIENTED_EDGE('',*,*,#10539,.T.);
#15087=ORIENTED_EDGE('',*,*,#5366,.F.);
#15088=ORIENTED_EDGE('',*,*,#5332,.T.);
#15089=EDGE_LOOP('',(#15032,#15033,#15034,#15035,#15036,#15037,#15038,#15039,#15040,#15041,#15042,#15043,#15044,#15045,#15046,#15047,#15048,#15049,#15050,#15051,#15052,#15053,#15054,#15055,#15056,#15057,
#15058,#15059,#15060,#15061,#15062,#15063,#15064,#15065,#15066,#15067,#15068,#15069,#15070,#15071,#15072,#15073,#15074,#15075,#15076,#15077,#15078,#15079,#15080,#15081,#15082,
#15083,#15084,#15085,#15086,#15087,#15088));
#15090=FACE_BOUND('',#15089,.T.);
#15091=ADVANCED_FACE('',(#15090),#15031,.F.);
#15092=CARTESIAN_POINT('',(0.,22.571464793,10.982094208));
#15093=DIRECTION('',(0.,-1.,-0.));
#15094=DIRECTION('',(0.,0.,-1.));
#15095=AXIS2_PLACEMENT_3D('',#15092,#15093,#15094);
#15096=TOROIDAL_SURFACE('',#15095,9.005074195,0.2);
#15097=ORIENTED_EDGE('',*,*,#7180,.T.);
#15098=ORIENTED_EDGE('',*,*,#8984,.T.);
#15099=ORIENTED_EDGE('',*,*,#8944,.F.);
#15100=ORIENTED_EDGE('',*,*,#10556,.T.);
#15101=ORIENTED_EDGE('',*,*,#2348,.F.);
#15102=ORIENTED_EDGE('',*,*,#10501,.T.);
#15103=ORIENTED_EDGE('',*,*,#10485,.T.);
#15104=ORIENTED_EDGE('',*,*,#2390,.F.);
#15105=ORIENTED_EDGE('',*,*,#10426,.T.);
#15106=ORIENTED_EDGE('',*,*,#10410,.T.);
#15107=ORIENTED_EDGE('',*,*,#2432,.F.);
#15108=ORIENTED_EDGE('',*,*,#10348,.T.);
#15109=ORIENTED_EDGE('',*,*,#10335,.T.);
#15110=ORIENTED_EDGE('',*,*,#2474,.F.);
#15111=ORIENTED_EDGE('',*,*,#10276,.T.);
#15112=ORIENTED_EDGE('',*,*,#10263,.T.);
#15113=ORIENTED_EDGE('',*,*,#2516,.F.);
#15114=ORIENTED_EDGE('',*,*,#10204,.T.);
#15115=ORIENTED_EDGE('',*,*,#10191,.T.);
#15116=ORIENTED_EDGE('',*,*,#2558,.F.);
#15117=ORIENTED_EDGE('',*,*,#10132,.T.);
#15118=ORIENTED_EDGE('',*,*,#10119,.T.);
#15119=ORIENTED_EDGE('',*,*,#2600,.F.);
#15120=ORIENTED_EDGE('',*,*,#10060,.T.);
#15121=ORIENTED_EDGE('',*,*,#10047,.T.);
#15122=ORIENTED_EDGE('',*,*,#2768,.F.);
#15123=ORIENTED_EDGE('',*,*,#9772,.T.);
#15124=ORIENTED_EDGE('',*,*,#9759,.T.);
#15125=ORIENTED_EDGE('',*,*,#2743,.F.);
#15126=ORIENTED_EDGE('',*,*,#9844,.T.);
#15127=ORIENTED_EDGE('',*,*,#9831,.T.);
#15128=ORIENTED_EDGE('',*,*,#2701,.F.);
#15129=ORIENTED_EDGE('',*,*,#9916,.T.);
#15130=ORIENTED_EDGE('',*,*,#9903,.T.);
#15131=ORIENTED_EDGE('',*,*,#2659,.F.);
#15132=ORIENTED_EDGE('',*,*,#9988,.T.);
#15133=ORIENTED_EDGE('',*,*,#9975,.T.);
#15134=ORIENTED_EDGE('',*,*,#3818,.F.);
#15135=ORIENTED_EDGE('',*,*,#9350,.T.);
#15136=ORIENTED_EDGE('',*,*,#9337,.T.);
#15137=ORIENTED_EDGE('',*,*,#3860,.F.);
#15138=ORIENTED_EDGE('',*,*,#9278,.T.);
#15139=ORIENTED_EDGE('',*,*,#9265,.T.);
#15140=ORIENTED_EDGE('',*,*,#2281,.F.);
#15141=ORIENTED_EDGE('',*,*,#10614,.T.);
#15142=ORIENTED_EDGE('',*,*,#10601,.T.);
#15143=ORIENTED_EDGE('',*,*,#2239,.F.);
#15144=ORIENTED_EDGE('',*,*,#10686,.T.);
#15145=ORIENTED_EDGE('',*,*,#10673,.T.);
#15146=ORIENTED_EDGE('',*,*,#2197,.F.);
#15147=ORIENTED_EDGE('',*,*,#10764,.T.);
#15148=ORIENTED_EDGE('',*,*,#10748,.T.);
#15149=ORIENTED_EDGE('',*,*,#2155,.F.);
#15150=ORIENTED_EDGE('',*,*,#10839,.T.);
#15151=ORIENTED_EDGE('',*,*,#10826,.T.);
#15152=ORIENTED_EDGE('',*,*,#2113,.F.);
#15153=ORIENTED_EDGE('',*,*,#10880,.T.);
#15154=EDGE_LOOP('',(#15097,#15098,#15099,#15100,#15101,#15102,#15103,#15104,#15105,#15106,#15107,#15108,#15109,#15110,#15111,#15112,#15113,#15114,#15115,#15116,#15117,#15118,#15119,#15120,#15121,#15122,
#15123,#15124,#15125,#15126,#15127,#15128,#15129,#15130,#15131,#15132,#15133,#15134,#15135,#15136,#15137,#15138,#15139,#15140,#15141,#15142,#15143,#15144,#15145,#15146,#15147,
#15148,#15149,#15150,#15151,#15152,#15153));
#15155=FACE_BOUND('',#15154,.T.);
#15156=ADVANCED_FACE('',(#15155),#15096,.F.);
#15157=CARTESIAN_POINT('',(1.5,20.771464793,16.906040675));
#15158=DIRECTION('',(-0.,1.,0.));
#15159=DIRECTION('',(0.,-0.,1.));
#15160=AXIS2_PLACEMENT_3D('',#15157,#15158,#15159);
#15161=CYLINDRICAL_SURFACE('',#15160,0.5);
#15162=ORIENTED_EDGE('',*,*,#11153,.T.);
#15163=ORIENTED_EDGE('',*,*,#1031,.F.);
#15164=ORIENTED_EDGE('',*,*,#1423,.T.);
#15165=ORIENTED_EDGE('',*,*,#5288,.F.);
#15166=EDGE_LOOP('',(#15162,#15163,#15164,#15165));
#15167=FACE_BOUND('',#15166,.T.);
#15168=ADVANCED_FACE('',(#15167),#15161,.F.);
#15169=CARTESIAN_POINT('',(5.880288131,20.771464793,12.645029336));
#15170=DIRECTION('',(0.,1.,0.));
#15171=DIRECTION('',(0.,-0.,1.));
#15172=AXIS2_PLACEMENT_3D('',#15169,#15170,#15171);
#15173=CYLINDRICAL_SURFACE('',#15172,0.5);
#15174=ORIENTED_EDGE('',*,*,#11311,.T.);
#15175=ORIENTED_EDGE('',*,*,#1112,.F.);
#15176=ORIENTED_EDGE('',*,*,#1455,.T.);
#15177=ORIENTED_EDGE('',*,*,#5181,.F.);
#15178=EDGE_LOOP('',(#15174,#15175,#15176,#15177));
#15179=FACE_BOUND('',#15178,.T.);
#15180=ADVANCED_FACE('',(#15179),#15173,.F.);
#15181=CARTESIAN_POINT('',(-5.880288131,20.771464793,12.645029336));
#15182=DIRECTION('',(-0.,1.,-0.));
#15183=DIRECTION('',(0.,0.,1.));
#15184=AXIS2_PLACEMENT_3D('',#15181,#15182,#15183);
#15185=CYLINDRICAL_SURFACE('',#15184,0.5);
#15186=ORIENTED_EDGE('',*,*,#11457,.T.);
#15187=ORIENTED_EDGE('',*,*,#954,.F.);
#15188=ORIENTED_EDGE('',*,*,#11413,.T.);
#15189=ORIENTED_EDGE('',*,*,#4844,.F.);
#15190=EDGE_LOOP('',(#15186,#15187,#15188,#15189));
#15191=FACE_BOUND('',#15190,.T.);
#15192=ADVANCED_FACE('',(#15191),#15185,.F.);
#15193=CARTESIAN_POINT('',(-1.5,20.771464793,16.906040675));
#15194=DIRECTION('',(0.,1.,-0.));
#15195=DIRECTION('',(0.,0.,1.));
#15196=AXIS2_PLACEMENT_3D('',#15193,#15194,#15195);
#15197=CYLINDRICAL_SURFACE('',#15196,0.5);
#15198=ORIENTED_EDGE('',*,*,#11583,.T.);
#15199=ORIENTED_EDGE('',*,*,#1303,.F.);
#15200=ORIENTED_EDGE('',*,*,#11539,.T.);
#15201=ORIENTED_EDGE('',*,*,#4737,.F.);
#15202=EDGE_LOOP('',(#15198,#15199,#15200,#15201));
#15203=FACE_BOUND('',#15202,.T.);
#15204=ADVANCED_FACE('',(#15203),#15197,.F.);
#15205=CARTESIAN_POINT('',(-4.380288131,20.771464793,6.721082869));
#15206=DIRECTION('',(0.,1.,-0.));
#15207=DIRECTION('',(-1.,0.,0.));
#15208=AXIS2_PLACEMENT_3D('',#15205,#15206,#15207);
#15209=CYLINDRICAL_SURFACE('',#15208,0.5);
#15210=ORIENTED_EDGE('',*,*,#11741,.T.);
#15211=ORIENTED_EDGE('',*,*,#1222,.F.);
#15212=ORIENTED_EDGE('',*,*,#11697,.T.);
#15213=ORIENTED_EDGE('',*,*,#4951,.F.);
#15214=EDGE_LOOP('',(#15210,#15211,#15212,#15213));
#15215=FACE_BOUND('',#15214,.T.);
#15216=ADVANCED_FACE('',(#15215),#15209,.F.);
#15217=CARTESIAN_POINT('',(3.107460304,20.771464793,7.455950357));
#15218=DIRECTION('',(0.,1.,0.));
#15219=DIRECTION('',(0.,-0.,1.));
#15220=AXIS2_PLACEMENT_3D('',#15217,#15218,#15219);
#15221=CYLINDRICAL_SURFACE('',#15220,0.5);
#15222=ORIENTED_EDGE('',*,*,#11925,.T.);
#15223=ORIENTED_EDGE('',*,*,#1323,.F.);
#15224=ORIENTED_EDGE('',*,*,#11840,.T.);
#15225=ORIENTED_EDGE('',*,*,#12025,.T.);
#15226=EDGE_LOOP('',(#15222,#15223,#15224,#15225));
#15227=FACE_BOUND('',#15226,.T.);
#15228=ADVANCED_FACE('',(#15227),#15221,.F.);
#15229=CLOSED_SHELL('',(#149,#183,#215,#246,#286,#317,#348,#379,#396,#422,#439,#456,#481,#498,#538,#578,#618,#658,#698,#738,#760,#782,#804,#826,#856,#878,
#1395,#1427,#1459,#1491,#1523,#1555,#1587,#1619,#1661,#1703,#1745,#1787,#1829,#1871,#1913,#1955,#1997,#2039,#2081,#2123,#2165,#2207,#2249,#2291,#2333,
#2375,#2417,#2459,#2501,#2543,#2585,#2627,#2669,#2711,#2753,#2795,#2837,#2879,#2921,#2963,#3005,#3047,#3089,#3131,#3173,#3215,#3257,#3299,#3341,#3383,
#3425,#3467,#3509,#3551,#3593,#3635,#3677,#3719,#3761,#3803,#3845,#3887,#3929,#3971,#4013,#4055,#4097,#4139,#4181,#4223,#4265,#4307,#4349,#4391,#4433,
#4475,#4517,#4559,#4601,#4629,#4654,#5309,#5343,#7133,#7165,#8964,#8989,#9003,#9017,#9031,#9045,#9059,#9073,#9087,#9101,#9115,#9129,#9143,#9157,#9171,
#9185,#9199,#9213,#9227,#9299,#9371,#9385,#9399,#9413,#9427,#9441,#9455,#9469,#9483,#9497,#9511,#9525,#9539,#9553,#9567,#9581,#9595,#9609,#9623,#9637,
#9651,#9665,#9679,#9693,#9707,#9721,#9793,#9865,#9937,#10009,#10081,#10153,#10225,#10297,#10369,#10447,#10522,#10563,#10635,#10707,#10785,#10860,#10901,#10915,#10929,
#10943,#10957,#10971,#10985,#10999,#11013,#11027,#11041,#11055,#11087,#11109,#11131,#11143,#11160,#11188,#11213,#11245,#11267,#11289,#11301,#11318,#11346,#11371,#11403,#11425,
#11447,#11464,#11476,#11504,#11529,#11551,#11573,#11590,#11602,#11630,#11655,#11687,#11709,#11731,#11748,#11760,#11788,#11813,#11845,#11867,#11889,#11901,#11913,#11948,#11973,
#12032,#12158,#12264,#12370,#12476,#12582,#12688,#12794,#12903,#13012,#13124,#13230,#13336,#13425,#13465,#13496,#13527,#13544,#13575,#13592,#13623,#13654,#13671,#13688,#13705,
#13722,#13839,#13938,#14038,#14137,#14237,#14336,#14435,#14537,#14639,#14744,#14843,#14942,#15026,#15091,#15156,#15168,#15180,#15192,#15204,#15216,#15228));
#15230=MANIFOLD_SOLID_BREP('Revolved.001',#15229);
#26=STYLED_ITEM('',(),#15230);
#16=SHAPE_REPRESENTATION('root',(#15),#10);
#17=ADVANCED_BREP_SHAPE_REPRESENTATION('root',(#15230),#10);
#15238=SHAPE_REPRESENTATION_RELATIONSHIP('','',#16,#17);
#15239=APPLICATION_CONTEXT('configuration controlled 3D design of mechanical parts and assemblies');
#15240=APPLICATION_PROTOCOL_DEFINITION('international standard','configuration_control_3d_design_ed2_mim',2004,#15239);
#15241=PRODUCT_CONTEXT('',#15239,'mechanical');
#15242=PRODUCT_DEFINITION_CONTEXT('part definition',#15239,'design');
#24=PRODUCT('root','root','',(#15241));
#15243=PRODUCT_RELATED_PRODUCT_CATEGORY('part','',(#24));
#15244=PRODUCT_DEFINITION_FORMATION_WITH_SPECIFIED_SOURCE('','',#24,.NOT_KNOWN.);
#25=PRODUCT_DEFINITION('design','',#15244,#15242);
#23=PRODUCT_DEFINITION_SHAPE('','',#25);
#15245=SHAPE_DEFINITION_REPRESENTATION(#23,#16);
#11=DRAUGHTING_MODEL('',(),#10);
#1=MECHANICAL_DESIGN_GEOMETRIC_PRESENTATION_REPRESENTATION('',(#26),#10);
ENDSEC;
END-ISO-10303-21;
