ISO-10303-21;
HEADER;

/* File generated by HOOPS Exchange Version 25.8.0 */

FILE_DESCRIPTION(('HOOPS Exchange Step'),'2;1');

FILE_NAME('/Volumes/Primary/Projects/THQWGD001/step/THQWGD001C/THQWGD001C_base.stp',
'2026-05-24T03:52:57-15:00',
('hayashi'),
('Unknown organisation'),
'HOOPS Exchange 2025.8',
'HOOPS Exchange',
'Unknown authorisation');

FILE_SCHEMA( ('AP203_CONFIGURATION_CONTROLLED_3D_DESIGN_OF_MECHANICAL_PARTS_AND_ASSEMBLIES_MIM_LF') );

ENDSEC;

DATA;
#3=(NAMED_UNIT(*)PLANE_ANGLE_UNIT()SI_UNIT($,.RADIAN.));
#4=PLANE_ANGLE_MEASURE_WITH_UNIT(PLANE_ANGLE_MEASURE(0.0174532925),#3);
#5=(CONVERSION_BASED_UNIT('DEGREE',#4)NAMED_UNIT(#6)PLANE_ANGLE_UNIT());
#6=DIMENSIONAL_EXPONENTS(0.,0.,0.,0.,0.,0.,0.);
#7=(NAMED_UNIT(*)SI_UNIT($,.STERADIAN.)SOLID_ANGLE_UNIT());
#8=(LENGTH_UNIT()NAMED_UNIT(*)SI_UNIT(.MILLI.,.METRE.));
#9=UNCERTAINTY_MEASURE_WITH_UNIT(LENGTH_MEASURE(1.000000E-05),#8,'DISTANCE_ACCURACY_VALUE','Maximum Tolerance applied to model');
#10=(GEOMETRIC_REPRESENTATION_CONTEXT(3)GLOBAL_UNCERTAINTY_ASSIGNED_CONTEXT((#9))GLOBAL_UNIT_ASSIGNED_CONTEXT((#8,#5,#7))REPRESENTATION_CONTEXT('','root'));
#12=CARTESIAN_POINT('',(0.,0.,0.));
#13=DIRECTION('',(0.,0.,1.));
#14=DIRECTION('',(1.,0.,0.));
#15=AXIS2_PLACEMENT_3D('TS3D_PRODUCT_CSYS',#12,#13,#14);
#27=CARTESIAN_POINT('',(-3.1,-8.728535207,4.181929313));
#28=DIRECTION('',(-1.,-0.,0.));
#29=DIRECTION('',(0.,0.,-1.));
#30=AXIS2_PLACEMENT_3D('',#27,#28,#29);
#31=PLANE('',#30);
#32=CARTESIAN_POINT('',(-3.1,-8.728535207,3.916695832));
#33=VERTEX_POINT('',#32);
#34=CARTESIAN_POINT('',(-3.1,-3.728535207,3.917894302));
#35=VERTEX_POINT('',#34);
#36=CARTESIAN_POINT('',(-3.1,-8.728535207,3.916695832));
#37=DIRECTION('',(-0.,0.999999971,0.000239694));
#38=VECTOR('',#37,5.000000144);
#39=LINE('',#36,#38);
#40=EDGE_CURVE('',#33,#35,#39,.T.);
#41=ORIENTED_EDGE('',*,*,#40,.F.);
#42=CARTESIAN_POINT('',(-3.1,-8.728535207,3.416695829));
#43=VERTEX_POINT('',#42);
#44=CARTESIAN_POINT('',(-3.1,-8.728535207,3.416695829));
#45=DIRECTION('',(0.,0.,1.));
#46=VECTOR('',#45,0.500000003);
#47=LINE('',#44,#46);
#48=EDGE_CURVE('',#43,#33,#47,.T.);
#49=ORIENTED_EDGE('',*,*,#48,.F.);
#50=CARTESIAN_POINT('',(-3.1,-5.089669689,3.416695829));
#51=VERTEX_POINT('',#50);
#52=CARTESIAN_POINT('',(-3.1,-8.728535207,3.416695829));
#53=DIRECTION('',(-0.,1.,-0.));
#54=VECTOR('',#53,3.638865517);
#55=LINE('',#52,#54);
#56=EDGE_CURVE('',#43,#51,#55,.T.);
#57=ORIENTED_EDGE('',*,*,#56,.T.);
#58=CARTESIAN_POINT('',(-3.1,-5.089669689,1.616695829));
#59=VERTEX_POINT('',#58);
#60=CARTESIAN_POINT('',(-3.1,-5.089669689,3.416695829));
#61=DIRECTION('',(0.,-0.,-1.));
#62=VECTOR('',#61,1.8);
#63=LINE('',#60,#62);
#64=EDGE_CURVE('',#51,#59,#63,.T.);
#65=ORIENTED_EDGE('',*,*,#64,.T.);
#66=CARTESIAN_POINT('',(-3.1,-8.728535207,1.616695829));
#67=VERTEX_POINT('',#66);
#68=CARTESIAN_POINT('',(-3.1,-8.728535207,1.616695829));
#69=DIRECTION('',(-0.,1.,-0.));
#70=VECTOR('',#69,3.638865517);
#71=LINE('',#68,#70);
#72=EDGE_CURVE('',#67,#59,#71,.T.);
#73=ORIENTED_EDGE('',*,*,#72,.F.);
#74=CARTESIAN_POINT('',(-3.1,-8.728535207,0.016695829));
#75=VERTEX_POINT('',#74);
#76=CARTESIAN_POINT('',(-3.1,-8.728535207,0.016695829));
#77=DIRECTION('',(0.,0.,1.));
#78=VECTOR('',#77,1.6);
#79=LINE('',#76,#78);
#80=EDGE_CURVE('',#75,#67,#79,.T.);
#81=ORIENTED_EDGE('',*,*,#80,.F.);
#82=CARTESIAN_POINT('',(-3.1,-3.728535207,0.016695829));
#83=VERTEX_POINT('',#82);
#84=CARTESIAN_POINT('',(-3.1,-8.728535207,0.016695829));
#85=DIRECTION('',(-0.,1.,0.));
#86=VECTOR('',#85,5.);
#87=LINE('',#84,#86);
#88=EDGE_CURVE('',#75,#83,#87,.T.);
#89=ORIENTED_EDGE('',*,*,#88,.T.);
#90=CARTESIAN_POINT('',(-3.1,-3.728535207,0.016695829));
#91=DIRECTION('',(0.,0.,1.));
#92=VECTOR('',#91,3.901198473);
#93=LINE('',#90,#92);
#94=EDGE_CURVE('',#83,#35,#93,.T.);
#95=ORIENTED_EDGE('',*,*,#94,.T.);
#96=EDGE_LOOP('',(#41,#49,#57,#65,#73,#81,#89,#95));
#97=FACE_BOUND('',#96,.T.);
#98=ADVANCED_FACE('',(#97),#31,.F.);
#99=CARTESIAN_POINT('',(3.1,-8.728535207,4.181929313));
#100=DIRECTION('',(-1.,-0.,0.));
#101=DIRECTION('',(0.,0.,-1.));
#102=AXIS2_PLACEMENT_3D('',#99,#100,#101);
#103=PLANE('',#102);
#104=CARTESIAN_POINT('',(3.1,-8.728535207,3.416695829));
#105=VERTEX_POINT('',#104);
#106=CARTESIAN_POINT('',(3.1,-8.728535207,3.916695829));
#107=VERTEX_POINT('',#106);
#108=CARTESIAN_POINT('',(3.1,-8.728535207,3.416695829));
#109=DIRECTION('',(0.,0.,1.));
#110=VECTOR('',#109,0.5);
#111=LINE('',#108,#110);
#112=EDGE_CURVE('',#105,#107,#111,.T.);
#113=ORIENTED_EDGE('',*,*,#112,.T.);
#114=CARTESIAN_POINT('',(3.1,-3.728535207,3.916695829));
#115=VERTEX_POINT('',#114);
#116=CARTESIAN_POINT('',(3.1,-8.728535207,3.916695829));
#117=DIRECTION('',(-0.,1.,0.));
#118=VECTOR('',#117,5.);
#119=LINE('',#116,#118);
#120=EDGE_CURVE('',#107,#115,#119,.T.);
#121=ORIENTED_EDGE('',*,*,#120,.T.);
#122=CARTESIAN_POINT('',(3.1,-3.728535207,0.016695829));
#123=VERTEX_POINT('',#122);
#124=CARTESIAN_POINT('',(3.1,-3.728535207,0.016695829));
#125=DIRECTION('',(0.,0.,1.));
#126=VECTOR('',#125,3.9);
#127=LINE('',#124,#126);
#128=EDGE_CURVE('',#123,#115,#127,.T.);
#129=ORIENTED_EDGE('',*,*,#128,.F.);
#130=CARTESIAN_POINT('',(3.1,-8.728535207,0.016695829));
#131=VERTEX_POINT('',#130);
#132=CARTESIAN_POINT('',(3.1,-8.728535207,0.016695829));
#133=DIRECTION('',(-0.,1.,0.));
#134=VECTOR('',#133,5.);
#135=LINE('',#132,#134);
#136=EDGE_CURVE('',#131,#123,#135,.T.);
#137=ORIENTED_EDGE('',*,*,#136,.F.);
#138=CARTESIAN_POINT('',(3.1,-8.728535207,1.616695829));
#139=VERTEX_POINT('',#138);
#140=CARTESIAN_POINT('',(3.1,-8.728535207,0.016695829));
#141=DIRECTION('',(0.,0.,1.));
#142=VECTOR('',#141,1.6);
#143=LINE('',#140,#142);
#144=EDGE_CURVE('',#131,#139,#143,.T.);
#145=ORIENTED_EDGE('',*,*,#144,.T.);
#146=CARTESIAN_POINT('',(3.1,-5.089669689,1.616695829));
#147=VERTEX_POINT('',#146);
#148=CARTESIAN_POINT('',(3.1,-8.728535207,1.616695829));
#149=DIRECTION('',(-0.,1.,-0.));
#150=VECTOR('',#149,3.638865517);
#151=LINE('',#148,#150);
#152=EDGE_CURVE('',#139,#147,#151,.T.);
#153=ORIENTED_EDGE('',*,*,#152,.T.);
#154=CARTESIAN_POINT('',(3.1,-5.089669689,3.416695829));
#155=VERTEX_POINT('',#154);
#156=CARTESIAN_POINT('',(3.1,-5.089669689,1.616695829));
#157=DIRECTION('',(-0.,0.,1.));
#158=VECTOR('',#157,1.8);
#159=LINE('',#156,#158);
#160=EDGE_CURVE('',#147,#155,#159,.T.);
#161=ORIENTED_EDGE('',*,*,#160,.T.);
#162=CARTESIAN_POINT('',(3.1,-8.728535207,3.416695829));
#163=DIRECTION('',(-0.,1.,-0.));
#164=VECTOR('',#163,3.638865517);
#165=LINE('',#162,#164);
#166=EDGE_CURVE('',#105,#155,#165,.T.);
#167=ORIENTED_EDGE('',*,*,#166,.F.);
#168=EDGE_LOOP('',(#113,#121,#129,#137,#145,#153,#161,#167));
#169=FACE_BOUND('',#168,.T.);
#170=ADVANCED_FACE('',(#169),#103,.T.);
#171=CARTESIAN_POINT('',(7.,-8.728535207,1.466695829));
#172=DIRECTION('',(1.,0.,0.));
#173=DIRECTION('',(0.,0.,1.));
#174=AXIS2_PLACEMENT_3D('',#171,#172,#173);
#175=PLANE('',#174);
#176=CARTESIAN_POINT('',(7.,-5.147404716,1.616695829));
#177=VERTEX_POINT('',#176);
#178=CARTESIAN_POINT('',(7.,-7.228535207,1.616695829));
#179=VERTEX_POINT('',#178);
#180=CARTESIAN_POINT('',(7.,-5.147404716,1.616695829));
#181=DIRECTION('',(0.,-1.,0.));
#182=VECTOR('',#181,2.081130491);
#183=LINE('',#180,#182);
#184=EDGE_CURVE('',#177,#179,#183,.T.);
#185=ORIENTED_EDGE('',*,*,#184,.T.);
#186=CARTESIAN_POINT('',(7.,-7.228535207,0.016695829));
#187=VERTEX_POINT('',#186);
#188=CARTESIAN_POINT('',(7.,-7.228535207,1.616695829));
#189=DIRECTION('',(0.,0.,-1.));
#190=VECTOR('',#189,1.6);
#191=LINE('',#188,#190);
#192=EDGE_CURVE('',#179,#187,#191,.T.);
#193=ORIENTED_EDGE('',*,*,#192,.T.);
#194=CARTESIAN_POINT('',(7.,-3.728535207,0.016695829));
#195=VERTEX_POINT('',#194);
#196=CARTESIAN_POINT('',(7.,-7.228535207,0.016695829));
#197=DIRECTION('',(-0.,1.,0.));
#198=VECTOR('',#197,3.5);
#199=LINE('',#196,#198);
#200=EDGE_CURVE('',#187,#195,#199,.T.);
#201=ORIENTED_EDGE('',*,*,#200,.T.);
#202=CARTESIAN_POINT('',(7.,-3.728535207,2.816695829));
#203=VERTEX_POINT('',#202);
#204=CARTESIAN_POINT('',(7.,-3.728535207,2.816695829));
#205=DIRECTION('',(0.,0.,-1.));
#206=VECTOR('',#205,2.8);
#207=LINE('',#204,#206);
#208=EDGE_CURVE('',#203,#195,#207,.T.);
#209=ORIENTED_EDGE('',*,*,#208,.F.);
#210=CARTESIAN_POINT('',(7.,-5.147404716,2.816695829));
#211=VERTEX_POINT('',#210);
#212=CARTESIAN_POINT('',(7.,-5.147404716,2.816695829));
#213=DIRECTION('',(-0.,1.,0.));
#214=VECTOR('',#213,1.418869509);
#215=LINE('',#212,#214);
#216=EDGE_CURVE('',#211,#203,#215,.T.);
#217=ORIENTED_EDGE('',*,*,#216,.F.);
#218=CARTESIAN_POINT('',(7.,-5.147404716,2.816695829));
#219=DIRECTION('',(0.,-0.,-1.));
#220=VECTOR('',#219,1.2);
#221=LINE('',#218,#220);
#222=EDGE_CURVE('',#211,#177,#221,.T.);
#223=ORIENTED_EDGE('',*,*,#222,.T.);
#224=EDGE_LOOP('',(#185,#193,#201,#209,#217,#223));
#225=FACE_BOUND('',#224,.T.);
#226=ADVANCED_FACE('',(#225),#175,.T.);
#227=CARTESIAN_POINT('',(-7.,-8.728535207,11.116695829));
#228=DIRECTION('',(0.,-1.,0.));
#229=DIRECTION('',(0.,0.,1.));
#230=AXIS2_PLACEMENT_3D('',#227,#228,#229);
#231=PLANE('',#230);
#232=CARTESIAN_POINT('',(5.5,-8.728535207,0.016695829));
#233=VERTEX_POINT('',#232);
#234=CARTESIAN_POINT('',(3.1,-8.728535207,0.016695829));
#235=DIRECTION('',(1.,0.,0.));
#236=VECTOR('',#235,2.4);
#237=LINE('',#234,#236);
#238=EDGE_CURVE('',#131,#233,#237,.T.);
#239=ORIENTED_EDGE('',*,*,#238,.T.);
#240=CARTESIAN_POINT('',(5.5,-8.728535207,1.616695829));
#241=VERTEX_POINT('',#240);
#242=CARTESIAN_POINT('',(5.5,-8.728535207,0.016695829));
#243=DIRECTION('',(-0.,-0.,1.));
#244=VECTOR('',#243,1.6);
#245=LINE('',#242,#244);
#246=EDGE_CURVE('',#233,#241,#245,.T.);
#247=ORIENTED_EDGE('',*,*,#246,.T.);
#248=CARTESIAN_POINT('',(5.5,-8.728535207,1.616695829));
#249=DIRECTION('',(-1.,-0.,0.));
#250=VECTOR('',#249,2.4);
#251=LINE('',#248,#250);
#252=EDGE_CURVE('',#241,#139,#251,.T.);
#253=ORIENTED_EDGE('',*,*,#252,.T.);
#254=ORIENTED_EDGE('',*,*,#144,.F.);
#255=EDGE_LOOP('',(#239,#247,#253,#254));
#256=FACE_BOUND('',#255,.T.);
#257=ADVANCED_FACE('',(#256),#231,.T.);
#258=CARTESIAN_POINT('',(-7.,-8.728535207,11.116695829));
#259=DIRECTION('',(0.,-1.,0.));
#260=DIRECTION('',(0.,0.,1.));
#261=AXIS2_PLACEMENT_3D('',#258,#259,#260);
#262=PLANE('',#261);
#263=CARTESIAN_POINT('',(4.35,-8.728535207,10.516695829));
#264=VERTEX_POINT('',#263);
#265=CARTESIAN_POINT('',(1.75,-8.728535207,6.534234279));
#266=VERTEX_POINT('',#265);
#267=CARTESIAN_POINT('',(0.,-8.728535207,10.516695829));
#268=DIRECTION('',(-0.,1.,-0.));
#269=DIRECTION('',(0.,0.,1.));
#270=AXIS2_PLACEMENT_3D('',#267,#268,#269);
#271=CIRCLE('',#270,4.35);
#272=EDGE_CURVE('',#264,#266,#271,.T.);
#273=ORIENTED_EDGE('',*,*,#272,.T.);
#274=CARTESIAN_POINT('',(1.75,-8.728535207,3.916695829));
#275=VERTEX_POINT('',#274);
#276=CARTESIAN_POINT('',(1.75,-8.728535207,3.916695829));
#277=DIRECTION('',(0.,0.,1.));
#278=VECTOR('',#277,2.61753845);
#279=LINE('',#276,#278);
#280=EDGE_CURVE('',#275,#266,#279,.T.);
#281=ORIENTED_EDGE('',*,*,#280,.F.);
#282=CARTESIAN_POINT('',(1.75,-8.728535207,3.916695829));
#283=DIRECTION('',(1.,0.,0.));
#284=VECTOR('',#283,1.35);
#285=LINE('',#282,#284);
#286=EDGE_CURVE('',#275,#107,#285,.T.);
#287=ORIENTED_EDGE('',*,*,#286,.T.);
#288=ORIENTED_EDGE('',*,*,#112,.F.);
#289=CARTESIAN_POINT('',(5.419901198,-8.728535207,3.416695829));
#290=VERTEX_POINT('',#289);
#291=CARTESIAN_POINT('',(5.419901198,-8.728535207,3.416695829));
#292=DIRECTION('',(-1.,-0.,0.));
#293=VECTOR('',#292,2.319901198);
#294=LINE('',#291,#293);
#295=EDGE_CURVE('',#290,#105,#294,.T.);
#296=ORIENTED_EDGE('',*,*,#295,.F.);
#297=CARTESIAN_POINT('',(4.5,-8.728535207,6.616695829));
#298=VERTEX_POINT('',#297);
#299=CARTESIAN_POINT('',(5.419901208,-8.728535207,3.416695833));
#300=CARTESIAN_POINT('',(5.37596666,-8.728535207,3.550718898));
#301=CARTESIAN_POINT('',(5.312066738,-8.728535207,3.676607517));
#302=CARTESIAN_POINT('',(5.246793823,-8.728535207,3.801936741));
#303=CARTESIAN_POINT('',(5.181520907,-8.728535207,3.927265965));
#304=CARTESIAN_POINT('',(5.114476233,-8.728535207,4.051839023));
#305=CARTESIAN_POINT('',(5.051526465,-8.728535207,4.178199009));
#306=CARTESIAN_POINT('',(4.988576697,-8.728535207,4.304558996));
#307=CARTESIAN_POINT('',(4.929372383,-8.728535207,4.432574905));
#308=CARTESIAN_POINT('',(4.875706705,-8.728535207,4.56303953));
#309=CARTESIAN_POINT('',(4.822041027,-8.728535207,4.693504155));
#310=CARTESIAN_POINT('',(4.773632383,-8.728535206,4.826916084));
#311=CARTESIAN_POINT('',(4.731710697,-8.728535206,4.961382076));
#312=CARTESIAN_POINT('',(4.564023954,-8.728535206,5.499246043));
#313=CARTESIAN_POINT('',(4.5,-8.728535207,6.053048875));
#314=CARTESIAN_POINT('',(4.5,-8.728535207,6.616695829));
#315=B_SPLINE_CURVE_WITH_KNOTS('',3,(#299,#300,#301,#302,#303,#304,#305,#306,#307,#308,#309,#310,#311,#312,#313,#314),.UNSPECIFIED.,.F.,.F.,(4,3,3,3,3,4),(0.,0.000417825,0.00083565,0.001253475,0.001671301,0.003342601),.UNSPECIFIED.);
#316=EDGE_CURVE('',#290,#298,#315,.T.);
#317=ORIENTED_EDGE('',*,*,#316,.T.);
#318=CARTESIAN_POINT('',(5.25,-8.728535207,11.116695829));
#319=VERTEX_POINT('',#318);
#320=CARTESIAN_POINT('',(4.5,-8.728535207,6.616695829));
#321=CARTESIAN_POINT('',(4.5,-8.728535207,7.001003941));
#322=CARTESIAN_POINT('',(4.535699004,-8.728535207,7.379904758));
#323=CARTESIAN_POINT('',(4.597797196,-8.728535207,7.754806912));
#324=CARTESIAN_POINT('',(4.659895388,-8.728535207,8.129709067));
#325=CARTESIAN_POINT('',(4.748805358,-8.728535207,8.500584354));
#326=CARTESIAN_POINT('',(4.844836532,-8.728535207,8.870310832));
#327=CARTESIAN_POINT('',(4.940867706,-8.728535207,9.240037311));
#328=CARTESIAN_POINT('',(5.04360603,-8.728535207,9.608216895));
#329=CARTESIAN_POINT('',(5.121719065,-8.728535207,9.982289672));
#330=CARTESIAN_POINT('',(5.199832101,-8.728535207,10.356362448));
#331=CARTESIAN_POINT('',(5.25,-8.728535207,10.733646581));
#332=CARTESIAN_POINT('',(5.25,-8.728535207,11.116695829));
#333=B_SPLINE_CURVE_WITH_KNOTS('',3,(#320,#321,#322,#323,#324,#325,#326,#327,#328,#329,#330,#331,#332),.UNSPECIFIED.,.F.,.F.,(4,3,3,3,4),(-0.,0.001141634,0.002283269,0.003424903,0.004566538),.UNSPECIFIED.);
#334=EDGE_CURVE('',#298,#319,#333,.T.);
#335=ORIENTED_EDGE('',*,*,#334,.T.);
#336=CARTESIAN_POINT('',(0.,-8.728535207,16.366695829));
#337=VERTEX_POINT('',#336);
#338=CARTESIAN_POINT('',(0.,-8.728535207,11.116695829));
#339=DIRECTION('',(0.,-1.,0.));
#340=DIRECTION('',(0.,0.,1.));
#341=AXIS2_PLACEMENT_3D('',#338,#339,#340);
#342=CIRCLE('',#341,5.25);
#343=EDGE_CURVE('',#319,#337,#342,.T.);
#344=ORIENTED_EDGE('',*,*,#343,.T.);
#345=CARTESIAN_POINT('',(-5.25,-8.728535207,11.116695829));
#346=VERTEX_POINT('',#345);
#347=CARTESIAN_POINT('',(0.,-8.728535207,11.116695829));
#348=DIRECTION('',(0.,-1.,0.));
#349=DIRECTION('',(0.,0.,1.));
#350=AXIS2_PLACEMENT_3D('',#347,#348,#349);
#351=CIRCLE('',#350,5.25);
#352=EDGE_CURVE('',#337,#346,#351,.T.);
#353=ORIENTED_EDGE('',*,*,#352,.T.);
#354=CARTESIAN_POINT('',(-4.5,-8.728535207,6.616695829));
#355=VERTEX_POINT('',#354);
#356=CARTESIAN_POINT('',(-5.25,-8.728535207,11.116695829));
#357=CARTESIAN_POINT('',(-5.25,-8.728535207,10.733016544));
#358=CARTESIAN_POINT('',(-5.199766242,-8.728535207,10.356245419));
#359=CARTESIAN_POINT('',(-5.1219284,-8.728535207,9.983270415));
#360=CARTESIAN_POINT('',(-5.044090558,-8.728535207,9.610295411));
#361=CARTESIAN_POINT('',(-4.941233044,-8.728535207,9.241459492));
#362=CARTESIAN_POINT('',(-4.845185777,-8.728535207,8.871727585));
#363=CARTESIAN_POINT('',(-4.74913851,-8.728535207,8.501995677));
#364=CARTESIAN_POINT('',(-4.659761977,-8.728535205,8.129600341));
#365=CARTESIAN_POINT('',(-4.597593162,-8.728535205,7.75402408));
#366=CARTESIAN_POINT('',(-4.535424347,-8.728535205,7.378447818));
#367=CARTESIAN_POINT('',(-4.5,-8.728535207,6.999683315));
#368=CARTESIAN_POINT('',(-4.5,-8.728535207,6.616695829));
#369=B_SPLINE_CURVE_WITH_KNOTS('',3,(#356,#357,#358,#359,#360,#361,#362,#363,#364,#365,#366,#367,#368),.UNSPECIFIED.,.F.,.F.,(4,3,3,3,4),(-0.,0.001140884,0.002281769,0.003422653,0.004563537),.UNSPECIFIED.);
#370=EDGE_CURVE('',#346,#355,#369,.T.);
#371=ORIENTED_EDGE('',*,*,#370,.T.);
#372=CARTESIAN_POINT('',(-5.419901198,-8.728535207,3.416695829));
#373=VERTEX_POINT('',#372);
#374=CARTESIAN_POINT('',(-4.5,-8.728535207,6.616695829));
#375=CARTESIAN_POINT('',(-4.5,-8.728535207,6.053048875));
#376=CARTESIAN_POINT('',(-4.564023954,-8.728535206,5.499246043));
#377=CARTESIAN_POINT('',(-4.731710697,-8.728535206,4.961382076));
#378=CARTESIAN_POINT('',(-4.773632383,-8.728535206,4.826916084));
#379=CARTESIAN_POINT('',(-4.822041027,-8.728535207,4.693504155));
#380=CARTESIAN_POINT('',(-4.875706705,-8.728535207,4.56303953));
#381=CARTESIAN_POINT('',(-4.929372383,-8.728535207,4.432574905));
#382=CARTESIAN_POINT('',(-4.988576697,-8.728535207,4.304558996));
#383=CARTESIAN_POINT('',(-5.051526465,-8.728535207,4.178199009));
#384=CARTESIAN_POINT('',(-5.114476233,-8.728535207,4.051839023));
#385=CARTESIAN_POINT('',(-5.181520907,-8.728535207,3.927265965));
#386=CARTESIAN_POINT('',(-5.246793823,-8.728535207,3.801936741));
#387=CARTESIAN_POINT('',(-5.312066738,-8.728535207,3.676607517));
#388=CARTESIAN_POINT('',(-5.37596666,-8.728535207,3.550718898));
#389=CARTESIAN_POINT('',(-5.419901208,-8.728535207,3.416695833));
#390=B_SPLINE_CURVE_WITH_KNOTS('',3,(#374,#375,#376,#377,#378,#379,#380,#381,#382,#383,#384,#385,#386,#387,#388,#389),.UNSPECIFIED.,.F.,.F.,(4,3,3,3,3,4),(0.,0.001671301,0.002089126,0.002506951,0.002924776,0.003342601),.UNSPECIFIED.);
#391=EDGE_CURVE('',#355,#373,#390,.T.);
#392=ORIENTED_EDGE('',*,*,#391,.T.);
#393=CARTESIAN_POINT('',(-5.419901198,-8.728535207,3.416695829));
#394=DIRECTION('',(1.,0.,-0.));
#395=VECTOR('',#394,2.319901198);
#396=LINE('',#393,#395);
#397=EDGE_CURVE('',#373,#43,#396,.T.);
#398=ORIENTED_EDGE('',*,*,#397,.T.);
#399=ORIENTED_EDGE('',*,*,#48,.T.);
#400=CARTESIAN_POINT('',(-1.75,-8.728535207,3.916695832));
#401=VERTEX_POINT('',#400);
#402=CARTESIAN_POINT('',(-1.75,-8.728535207,3.916695832));
#403=DIRECTION('',(-1.,-0.,0.));
#404=VECTOR('',#403,1.35);
#405=LINE('',#402,#404);
#406=EDGE_CURVE('',#401,#33,#405,.T.);
#407=ORIENTED_EDGE('',*,*,#406,.F.);
#408=CARTESIAN_POINT('',(-1.75,-8.728535207,6.534234279));
#409=VERTEX_POINT('',#408);
#410=CARTESIAN_POINT('',(-1.75,-8.728535207,3.916695832));
#411=DIRECTION('',(0.,0.,1.));
#412=VECTOR('',#411,2.617538447);
#413=LINE('',#410,#412);
#414=EDGE_CURVE('',#401,#409,#413,.T.);
#415=ORIENTED_EDGE('',*,*,#414,.T.);
#416=CARTESIAN_POINT('',(-4.35,-8.728535207,10.516695829));
#417=VERTEX_POINT('',#416);
#418=CARTESIAN_POINT('',(0.,-8.728535207,10.516695829));
#419=DIRECTION('',(-0.,1.,-0.));
#420=DIRECTION('',(0.,0.,1.));
#421=AXIS2_PLACEMENT_3D('',#418,#419,#420);
#422=CIRCLE('',#421,4.35);
#423=EDGE_CURVE('',#409,#417,#422,.T.);
#424=ORIENTED_EDGE('',*,*,#423,.T.);
#425=CARTESIAN_POINT('',(-4.35,-8.728535207,11.166695829));
#426=VERTEX_POINT('',#425);
#427=CARTESIAN_POINT('',(-4.35,-8.728535207,10.516695829));
#428=DIRECTION('',(0.,0.,1.));
#429=VECTOR('',#428,0.65);
#430=LINE('',#427,#429);
#431=EDGE_CURVE('',#417,#426,#430,.T.);
#432=ORIENTED_EDGE('',*,*,#431,.T.);
#433=CARTESIAN_POINT('',(0.,-8.728535207,15.516695829));
#434=VERTEX_POINT('',#433);
#435=CARTESIAN_POINT('',(0.,-8.728535207,11.166695829));
#436=DIRECTION('',(-0.,1.,-0.));
#437=DIRECTION('',(0.,0.,1.));
#438=AXIS2_PLACEMENT_3D('',#435,#436,#437);
#439=CIRCLE('',#438,4.35);
#440=EDGE_CURVE('',#426,#434,#439,.T.);
#441=ORIENTED_EDGE('',*,*,#440,.T.);
#442=CARTESIAN_POINT('',(4.35,-8.728535207,11.166695829));
#443=VERTEX_POINT('',#442);
#444=CARTESIAN_POINT('',(0.,-8.728535207,11.166695829));
#445=DIRECTION('',(-0.,1.,-0.));
#446=DIRECTION('',(0.,0.,1.));
#447=AXIS2_PLACEMENT_3D('',#444,#445,#446);
#448=CIRCLE('',#447,4.35);
#449=EDGE_CURVE('',#434,#443,#448,.T.);
#450=ORIENTED_EDGE('',*,*,#449,.T.);
#451=CARTESIAN_POINT('',(4.35,-8.728535207,11.166695829));
#452=DIRECTION('',(0.,0.,-1.));
#453=VECTOR('',#452,0.65);
#454=LINE('',#451,#453);
#455=EDGE_CURVE('',#443,#264,#454,.T.);
#456=ORIENTED_EDGE('',*,*,#455,.T.);
#457=EDGE_LOOP('',(#273,#281,#287,#288,#296,#317,#335,#344,#353,#371,#392,#398,#399,#407,#415,#424,#432,#441,#450,#456));
#458=FACE_BOUND('',#457,.T.);
#459=ADVANCED_FACE('',(#458),#262,.T.);
#460=CARTESIAN_POINT('',(5.,-8.728535207,0.016695829));
#461=DIRECTION('',(0.,0.,1.));
#462=DIRECTION('',(-1.,-0.,0.));
#463=AXIS2_PLACEMENT_3D('',#460,#461,#462);
#464=PLANE('',#463);
#465=ORIENTED_EDGE('',*,*,#200,.F.);
#466=CARTESIAN_POINT('',(5.5,-7.228535207,0.016695829));
#467=DIRECTION('',(-0.,-0.,-1.));
#468=DIRECTION('',(-1.,-0.,0.));
#469=AXIS2_PLACEMENT_3D('',#466,#467,#468);
#470=CIRCLE('',#469,1.5);
#471=EDGE_CURVE('',#187,#233,#470,.T.);
#472=ORIENTED_EDGE('',*,*,#471,.T.);
#473=ORIENTED_EDGE('',*,*,#238,.F.);
#474=ORIENTED_EDGE('',*,*,#136,.T.);
#475=CARTESIAN_POINT('',(3.1,-3.728535207,0.016695829));
#476=DIRECTION('',(1.,0.,0.));
#477=VECTOR('',#476,3.9);
#478=LINE('',#475,#477);
#479=EDGE_CURVE('',#123,#195,#478,.T.);
#480=ORIENTED_EDGE('',*,*,#479,.T.);
#481=EDGE_LOOP('',(#465,#472,#473,#474,#480));
#482=FACE_BOUND('',#481,.T.);
#483=CARTESIAN_POINT('',(4.02800314,-7.343532396,0.016695829));
#484=VERTEX_POINT('',#483);
#485=CARTESIAN_POINT('',(4.538959751,-8.228535207,0.016695829));
#486=VERTEX_POINT('',#485);
#487=CARTESIAN_POINT('',(4.02800314,-7.343532396,0.016695829));
#488=DIRECTION('',(0.5,-0.866025404,0.));
#489=VECTOR('',#488,1.021913222);
#490=LINE('',#487,#489);
#491=EDGE_CURVE('',#484,#486,#490,.T.);
#492=ORIENTED_EDGE('',*,*,#491,.T.);
#493=CARTESIAN_POINT('',(5.46794694,-8.228535207,0.016695829));
#494=VERTEX_POINT('',#493);
#495=CARTESIAN_POINT('',(5.46794694,-8.228535207,0.016695829));
#496=DIRECTION('',(-1.,-0.,0.));
#497=VECTOR('',#496,0.928987189);
#498=LINE('',#495,#497);
#499=EDGE_CURVE('',#494,#486,#498,.T.);
#500=ORIENTED_EDGE('',*,*,#499,.F.);
#501=CARTESIAN_POINT('',(5.954902966,-7.379848691,0.016695829));
#502=VERTEX_POINT('',#501);
#503=CARTESIAN_POINT('',(5.957177988,-7.381162176,0.016695829));
#504=DIRECTION('',(-0.5,-0.866025404,0.));
#505=VECTOR('',#504,0.978462095);
#506=LINE('',#503,#505);
#507=EDGE_CURVE('',#502,#494,#506,.T.);
#508=ORIENTED_EDGE('',*,*,#507,.F.);
#509=CARTESIAN_POINT('',(5.,-6.828535207,0.016695829));
#510=DIRECTION('',(0.,0.,1.));
#511=DIRECTION('',(-1.,-0.,0.));
#512=AXIS2_PLACEMENT_3D('',#509,#510,#511);
#513=CIRCLE('',#512,1.1);
#514=EDGE_CURVE('',#502,#484,#513,.T.);
#515=ORIENTED_EDGE('',*,*,#514,.T.);
#516=EDGE_LOOP('',(#492,#500,#508,#515));
#517=FACE_BOUND('',#516,.T.);
#518=ADVANCED_FACE('',(#482,#517),#464,.F.);
#519=CARTESIAN_POINT('',(-4.05,-8.728535207,10.966695829));
#520=DIRECTION('',(1.,0.,0.));
#521=DIRECTION('',(0.,0.,1.));
#522=AXIS2_PLACEMENT_3D('',#519,#520,#521);
#523=PLANE('',#522);
#524=CARTESIAN_POINT('',(-4.05,-8.428535207,11.166695829));
#525=VERTEX_POINT('',#524);
#526=CARTESIAN_POINT('',(-4.05,-3.728535207,11.166695829));
#527=VERTEX_POINT('',#526);
#528=CARTESIAN_POINT('',(-4.05,-8.428535207,11.166695829));
#529=DIRECTION('',(-0.,1.,0.));
#530=VECTOR('',#529,4.7);
#531=LINE('',#528,#530);
#532=EDGE_CURVE('',#525,#527,#531,.T.);
#533=ORIENTED_EDGE('',*,*,#532,.F.);
#534=CARTESIAN_POINT('',(-4.05,-8.428535207,10.516695829));
#535=VERTEX_POINT('',#534);
#536=CARTESIAN_POINT('',(-4.05,-8.428535207,11.166695829));
#537=DIRECTION('',(-0.,-0.,-1.));
#538=VECTOR('',#537,0.65);
#539=LINE('',#536,#538);
#540=EDGE_CURVE('',#525,#535,#539,.T.);
#541=ORIENTED_EDGE('',*,*,#540,.T.);
#542=CARTESIAN_POINT('',(-4.05,-3.728535207,10.516695829));
#543=VERTEX_POINT('',#542);
#544=CARTESIAN_POINT('',(-4.05,-8.428535207,10.516695829));
#545=DIRECTION('',(-0.,1.,-0.));
#546=VECTOR('',#545,4.7);
#547=LINE('',#544,#546);
#548=EDGE_CURVE('',#535,#543,#547,.T.);
#549=ORIENTED_EDGE('',*,*,#548,.T.);
#550=CARTESIAN_POINT('',(-4.05,-3.728535207,11.166695829));
#551=DIRECTION('',(0.,0.,-1.));
#552=VECTOR('',#551,0.65);
#553=LINE('',#550,#552);
#554=EDGE_CURVE('',#527,#543,#553,.T.);
#555=ORIENTED_EDGE('',*,*,#554,.F.);
#556=EDGE_LOOP('',(#533,#541,#549,#555));
#557=FACE_BOUND('',#556,.T.);
#558=ADVANCED_FACE('',(#557),#523,.T.);
#559=CARTESIAN_POINT('',(0.,-8.728535207,11.166695829));
#560=DIRECTION('',(-0.,1.,0.));
#561=DIRECTION('',(0.,0.,-1.));
#562=AXIS2_PLACEMENT_3D('',#559,#560,#561);
#563=CYLINDRICAL_SURFACE('',#562,4.05);
#564=CARTESIAN_POINT('',(4.05,-8.428535207,11.166695829));
#565=VERTEX_POINT('',#564);
#566=CARTESIAN_POINT('',(4.05,-3.728535207,11.166695829));
#567=VERTEX_POINT('',#566);
#568=CARTESIAN_POINT('',(4.05,-8.428535207,11.166695829));
#569=DIRECTION('',(-0.,1.,-0.));
#570=VECTOR('',#569,4.7);
#571=LINE('',#568,#570);
#572=EDGE_CURVE('',#565,#567,#571,.T.);
#573=ORIENTED_EDGE('',*,*,#572,.F.);
#574=CARTESIAN_POINT('',(0.,-8.428535207,15.216695829));
#575=VERTEX_POINT('',#574);
#576=CARTESIAN_POINT('',(0.,-8.428535207,11.166695829));
#577=DIRECTION('',(0.,-1.,0.));
#578=DIRECTION('',(0.,0.,1.));
#579=AXIS2_PLACEMENT_3D('',#576,#577,#578);
#580=CIRCLE('',#579,4.05);
#581=EDGE_CURVE('',#565,#575,#580,.T.);
#582=ORIENTED_EDGE('',*,*,#581,.T.);
#583=CARTESIAN_POINT('',(0.,-8.428535207,11.166695829));
#584=DIRECTION('',(0.,-1.,0.));
#585=DIRECTION('',(0.,0.,1.));
#586=AXIS2_PLACEMENT_3D('',#583,#584,#585);
#587=CIRCLE('',#586,4.05);
#588=EDGE_CURVE('',#575,#525,#587,.T.);
#589=ORIENTED_EDGE('',*,*,#588,.T.);
#590=ORIENTED_EDGE('',*,*,#532,.T.);
#591=CARTESIAN_POINT('',(0.,-3.728535207,11.166695829));
#592=DIRECTION('',(0.,-1.,0.));
#593=DIRECTION('',(1.,0.,0.));
#594=AXIS2_PLACEMENT_3D('',#591,#592,#593);
#595=CIRCLE('',#594,4.05);
#596=EDGE_CURVE('',#567,#527,#595,.T.);
#597=ORIENTED_EDGE('',*,*,#596,.F.);
#598=EDGE_LOOP('',(#573,#582,#589,#590,#597));
#599=FACE_BOUND('',#598,.T.);
#600=ADVANCED_FACE('',(#599),#563,.F.);
#601=CARTESIAN_POINT('',(4.05,-8.728535207,10.966695829));
#602=DIRECTION('',(1.,0.,0.));
#603=DIRECTION('',(0.,0.,1.));
#604=AXIS2_PLACEMENT_3D('',#601,#602,#603);
#605=PLANE('',#604);
#606=CARTESIAN_POINT('',(4.05,-8.428535207,10.516695829));
#607=VERTEX_POINT('',#606);
#608=CARTESIAN_POINT('',(4.05,-3.728535207,10.516695829));
#609=VERTEX_POINT('',#608);
#610=CARTESIAN_POINT('',(4.05,-8.428535207,10.516695829));
#611=DIRECTION('',(-0.,1.,0.));
#612=VECTOR('',#611,4.7);
#613=LINE('',#610,#612);
#614=EDGE_CURVE('',#607,#609,#613,.T.);
#615=ORIENTED_EDGE('',*,*,#614,.F.);
#616=CARTESIAN_POINT('',(4.05,-8.428535207,10.516695829));
#617=DIRECTION('',(0.,0.,1.));
#618=VECTOR('',#617,0.65);
#619=LINE('',#616,#618);
#620=EDGE_CURVE('',#607,#565,#619,.T.);
#621=ORIENTED_EDGE('',*,*,#620,.T.);
#622=ORIENTED_EDGE('',*,*,#572,.T.);
#623=CARTESIAN_POINT('',(4.05,-3.728535207,11.166695829));
#624=DIRECTION('',(0.,0.,-1.));
#625=VECTOR('',#624,0.65);
#626=LINE('',#623,#625);
#627=EDGE_CURVE('',#567,#609,#626,.T.);
#628=ORIENTED_EDGE('',*,*,#627,.T.);
#629=EDGE_LOOP('',(#615,#621,#622,#628));
#630=FACE_BOUND('',#629,.T.);
#631=ADVANCED_FACE('',(#630),#605,.F.);
#632=CARTESIAN_POINT('',(0.,-8.728535207,10.516695829));
#633=DIRECTION('',(-0.,1.,0.));
#634=DIRECTION('',(0.,0.,-1.));
#635=AXIS2_PLACEMENT_3D('',#632,#633,#634);
#636=CYLINDRICAL_SURFACE('',#635,4.05);
#637=CARTESIAN_POINT('',(2.002751359,-3.728535207,6.996541429));
#638=VERTEX_POINT('',#637);
#639=CARTESIAN_POINT('',(0.,-3.728535207,10.516695829));
#640=DIRECTION('',(0.,-1.,0.));
#641=DIRECTION('',(1.,0.,0.));
#642=AXIS2_PLACEMENT_3D('',#639,#640,#641);
#643=CIRCLE('',#642,4.05);
#644=EDGE_CURVE('',#638,#609,#643,.T.);
#645=ORIENTED_EDGE('',*,*,#644,.F.);
#646=CARTESIAN_POINT('',(2.002751359,-8.428535207,6.996541429));
#647=VERTEX_POINT('',#646);
#648=CARTESIAN_POINT('',(2.002751359,-3.728535207,6.996541429));
#649=DIRECTION('',(0.,-1.,-0.));
#650=VECTOR('',#649,4.7);
#651=LINE('',#648,#650);
#652=EDGE_CURVE('',#638,#647,#651,.T.);
#653=ORIENTED_EDGE('',*,*,#652,.T.);
#654=CARTESIAN_POINT('',(0.,-8.428535207,10.516695829));
#655=DIRECTION('',(0.,-1.,0.));
#656=DIRECTION('',(0.,0.,1.));
#657=AXIS2_PLACEMENT_3D('',#654,#655,#656);
#658=CIRCLE('',#657,4.05);
#659=EDGE_CURVE('',#647,#607,#658,.T.);
#660=ORIENTED_EDGE('',*,*,#659,.T.);
#661=ORIENTED_EDGE('',*,*,#614,.T.);
#662=EDGE_LOOP('',(#645,#653,#660,#661));
#663=FACE_BOUND('',#662,.T.);
#664=ADVANCED_FACE('',(#663),#636,.F.);
#665=CARTESIAN_POINT('',(6.,-7.228535207,6.616695829));
#666=CARTESIAN_POINT('',(6.,-3.728535207,6.616695829));
#667=CARTESIAN_POINT('',(6.,-7.228535207,4.616695829));
#668=CARTESIAN_POINT('',(6.,-3.728535207,4.616695829));
#669=CARTESIAN_POINT('',(7.,-7.228535207,4.616695829));
#670=CARTESIAN_POINT('',(7.,-3.728535207,4.616695829));
#671=CARTESIAN_POINT('',(7.,-7.228535207,2.816695829));
#672=CARTESIAN_POINT('',(7.,-3.728535207,2.816695829));
#673=B_SPLINE_SURFACE_WITH_KNOTS('',3,1,((#665,#666),(#667,#668),(#669,#670),(#671,#672)),.UNSPECIFIED.,.F.,.F.,.U.,(4,4),(2,2),(0.,1.),(0.277777778,0.925925926),.UNSPECIFIED.);
#674=CARTESIAN_POINT('',(6.956727492,-5.124849555,3.416695829));
#675=VERTEX_POINT('',#674);
#676=CARTESIAN_POINT('',(6.956727492,-7.228535207,3.416695829));
#677=VERTEX_POINT('',#676);
#678=CARTESIAN_POINT('',(6.956727492,-5.124849555,3.416695829));
#679=DIRECTION('',(0.,-1.,-0.));
#680=VECTOR('',#679,2.103685652);
#681=LINE('',#678,#680);
#682=EDGE_CURVE('',#675,#677,#681,.T.);
#683=ORIENTED_EDGE('',*,*,#682,.F.);
#684=CARTESIAN_POINT('',(6.956727552,-5.124849608,3.416695447));
#685=CARTESIAN_POINT('',(6.988094897,-5.140980808,3.215412914));
#686=CARTESIAN_POINT('',(7.,-5.147404716,3.015282805));
#687=CARTESIAN_POINT('',(7.,-5.147404716,2.816695829));
#688=B_SPLINE_CURVE_WITH_KNOTS('',3,(#684,#685,#686,#687),.UNSPECIFIED.,.F.,.F.,(4,4),(0.,0.000546298),.UNSPECIFIED.);
#689=EDGE_CURVE('',#675,#211,#688,.T.);
#690=ORIENTED_EDGE('',*,*,#689,.T.);
#691=ORIENTED_EDGE('',*,*,#216,.T.);
#692=CARTESIAN_POINT('',(6.,-3.728535207,6.616695829));
#693=VERTEX_POINT('',#692);
#694=CARTESIAN_POINT('',(7.,-3.728535207,2.816695829));
#695=CARTESIAN_POINT('',(7.,-3.728535207,2.983781115));
#696=CARTESIAN_POINT('',(6.991493901,-3.728535207,3.150646781));
#697=CARTESIAN_POINT('',(6.970679991,-3.728535207,3.317194672));
#698=CARTESIAN_POINT('',(6.94986608,-3.728535207,3.483742564));
#699=CARTESIAN_POINT('',(6.916666994,-3.728535207,3.647182065));
#700=CARTESIAN_POINT('',(6.869888534,-3.728535207,3.805047646));
#701=CARTESIAN_POINT('',(6.823110075,-3.728535207,3.962913228));
#702=CARTESIAN_POINT('',(6.762290089,-3.728535207,4.115681893));
#703=CARTESIAN_POINT('',(6.691978476,-3.728535207,4.265005204));
#704=CARTESIAN_POINT('',(6.621666863,-3.728535207,4.414328514));
#705=CARTESIAN_POINT('',(6.542258379,-3.728535207,4.560332865));
#706=CARTESIAN_POINT('',(6.465570388,-3.728535207,4.707362466));
#707=CARTESIAN_POINT('',(6.388882397,-3.728535207,4.854392066));
#708=CARTESIAN_POINT('',(6.315641772,-3.728535207,5.002797957));
#709=CARTESIAN_POINT('',(6.253911665,-3.728535207,5.155799183));
#710=CARTESIAN_POINT('',(6.192181558,-3.728535207,5.30880041));
#711=CARTESIAN_POINT('',(6.1417423,-3.728535207,5.466309275));
#712=CARTESIAN_POINT('',(6.103440458,-3.728535207,5.628663752));
#713=CARTESIAN_POINT('',(6.026836773,-3.728535207,5.953372707));
#714=CARTESIAN_POINT('',(6.,-3.728535207,6.283912397));
#715=CARTESIAN_POINT('',(6.,-3.728535207,6.616695829));
#716=B_SPLINE_CURVE_WITH_KNOTS('',3,(#694,#695,#696,#697,#698,#699,#700,#701,#702,#703,#704,#705,#706,#707,#708,#709,#710,#711,#712,#713,#714,#715),.UNSPECIFIED.,.F.,.F.,(4,3,3,3,3,3,3,4),(0.012833984,0.013333159,0.013832334,0.014331509,0.014830685,0.01532986,0.015829035,0.016827385),.UNSPECIFIED.);
#717=EDGE_CURVE('',#203,#693,#716,.T.);
#718=ORIENTED_EDGE('',*,*,#717,.T.);
#719=CARTESIAN_POINT('',(6.,-7.228535207,6.616695829));
#720=VERTEX_POINT('',#719);
#721=CARTESIAN_POINT('',(6.,-7.228535207,6.616695829));
#722=DIRECTION('',(-0.,1.,0.));
#723=VECTOR('',#722,3.5);
#724=LINE('',#721,#723);
#725=EDGE_CURVE('',#720,#693,#724,.T.);
#726=ORIENTED_EDGE('',*,*,#725,.F.);
#727=CARTESIAN_POINT('',(6.,-7.228535207,6.616695829));
#728=CARTESIAN_POINT('',(6.,-7.228535207,6.611986472));
#729=CARTESIAN_POINT('',(6.000003548,-7.228535207,6.609164503));
#730=CARTESIAN_POINT('',(6.000010653,-7.228535207,6.605403797));
#731=CARTESIAN_POINT('',(6.000017757,-7.228535207,6.601643091));
#732=CARTESIAN_POINT('',(6.000028416,-7.228535207,6.597886543));
#733=CARTESIAN_POINT('',(6.000042639,-7.228535207,6.594132639));
#734=CARTESIAN_POINT('',(6.000071084,-7.228535207,6.586624831));
#735=CARTESIAN_POINT('',(6.000113775,-7.228535207,6.579133566));
#736=CARTESIAN_POINT('',(6.00017078,-7.228535207,6.571653092));
#737=CARTESIAN_POINT('',(6.000284789,-7.228535207,6.556692146));
#738=CARTESIAN_POINT('',(6.00045599,-7.228535207,6.541796709));
#739=CARTESIAN_POINT('',(6.000684903,-7.228535207,6.526946069));
#740=CARTESIAN_POINT('',(6.001142729,-7.228535207,6.497244788));
#741=CARTESIAN_POINT('',(6.00183104,-7.228535207,6.467800918));
#742=CARTESIAN_POINT('',(6.002753585,-7.228535207,6.438547663));
#743=CARTESIAN_POINT('',(6.004598676,-7.228535207,6.380041153));
#744=CARTESIAN_POINT('',(6.007385192,-7.228535207,6.322392695));
#745=CARTESIAN_POINT('',(6.011130423,-7.228535207,6.265715936));
#746=CARTESIAN_POINT('',(6.018620883,-7.228535207,6.152362419));
#747=CARTESIAN_POINT('',(6.029955079,-7.228535207,6.042741512));
#748=CARTESIAN_POINT('',(6.045311027,-7.228535207,5.936582465));
#749=CARTESIAN_POINT('',(6.076022922,-7.228535207,5.724264371));
#750=CARTESIAN_POINT('',(6.122220163,-7.228535207,5.527169759));
#751=CARTESIAN_POINT('',(6.18858797,-7.228535207,5.331623221));
#752=CARTESIAN_POINT('',(6.221771874,-7.228535207,5.233849953));
#753=CARTESIAN_POINT('',(6.25973929,-7.228535207,5.137295557));
#754=CARTESIAN_POINT('',(6.304255685,-7.228535207,5.037127571));
#755=CARTESIAN_POINT('',(6.348772081,-7.228535207,4.936959586));
#756=CARTESIAN_POINT('',(6.399620363,-7.228535207,4.833970716));
#757=CARTESIAN_POINT('',(6.462175936,-7.228535207,4.713874796));
#758=CARTESIAN_POINT('',(6.493453722,-7.228535207,4.653826836));
#759=CARTESIAN_POINT('',(6.52774213,-7.228535207,4.589389789));
#760=CARTESIAN_POINT('',(6.566507646,-7.228535207,4.515256474));
#761=CARTESIAN_POINT('',(6.605273163,-7.228535207,4.441123158));
#762=CARTESIAN_POINT('',(6.648797257,-7.228535207,4.357523296));
#763=CARTESIAN_POINT('',(6.697842886,-7.228535207,4.252499469));
#764=CARTESIAN_POINT('',(6.722365701,-7.228535207,4.199987556));
#765=CARTESIAN_POINT('',(6.748282529,-7.228535207,4.141815182));
#766=CARTESIAN_POINT('',(6.774452448,-7.228535207,4.077157394));
#767=CARTESIAN_POINT('',(6.800622366,-7.228535207,4.012499606));
#768=CARTESIAN_POINT('',(6.826976555,-7.228535207,3.941165412));
#769=CARTESIAN_POINT('',(6.850945537,-7.228535207,3.866446154));
#770=CARTESIAN_POINT('',(6.87491452,-7.228535207,3.791726895));
#771=CARTESIAN_POINT('',(6.896317551,-7.228535207,3.714018037));
#772=CARTESIAN_POINT('',(6.913953362,-7.228535207,3.638099273));
#773=CARTESIAN_POINT('',(6.931589173,-7.228535207,3.562180508));
#774=CARTESIAN_POINT('',(6.945607719,-7.228535207,3.488050745));
#775=CARTESIAN_POINT('',(6.956727492,-7.228535207,3.416695828));
#776=B_SPLINE_CURVE_WITH_KNOTS('',3,(#727,#728,#729,#730,#731,#732,#733,#734,#735,#736,#737,#738,#739,#740,#741,#742,#743,#744,#745,#746,#747,#748,#749,#750,#751,#752,
#753,#754,#755,#756,#757,#758,#759,#760,#761,#762,#763,#764,#765,#766,#767,#768,#769,#770,#771,#772,#773,#774,#775),.UNSPECIFIED.,.F.,.F.,(4,3,3,3,3,3,3,3,3,3,3,3,3,3,3,3,4),(0.,0.000013964,0.000027928,0.000055856,0.000111712,0.000223424,0.000446847,0.000893694,0.001787389,0.002234236,0.002681083,0.002904506,0.00312793,0.003239642,0.003351354,0.003463065,0.003574777),.UNSPECIFIED.);
#777=EDGE_CURVE('',#720,#677,#776,.T.);
#778=ORIENTED_EDGE('',*,*,#777,.T.);
#779=EDGE_LOOP('',(#683,#690,#691,#718,#726,#778));
#780=FACE_BOUND('',#779,.T.);
#781=ADVANCED_FACE('',(#780),#673,.T.);
#782=CARTESIAN_POINT('',(6.75,-7.228535207,11.116695829));
#783=CARTESIAN_POINT('',(6.75,-3.728535207,11.116695829));
#784=CARTESIAN_POINT('',(6.75,-7.228535207,9.366695829));
#785=CARTESIAN_POINT('',(6.75,-3.728535207,9.366695829));
#786=CARTESIAN_POINT('',(6.,-7.228535207,8.166695829));
#787=CARTESIAN_POINT('',(6.,-3.728535207,8.166695829));
#788=CARTESIAN_POINT('',(6.,-7.228535207,6.616695829));
#789=CARTESIAN_POINT('',(6.,-3.728535207,6.616695829));
#790=B_SPLINE_SURFACE_WITH_KNOTS('',3,1,((#782,#783),(#784,#785),(#786,#787),(#788,#789)),.UNSPECIFIED.,.F.,.F.,.U.,(4,4),(2,2),(0.,1.),(0.277777778,0.925925926),.UNSPECIFIED.);
#791=CARTESIAN_POINT('',(6.75,-7.228535207,11.116695829));
#792=VERTEX_POINT('',#791);
#793=CARTESIAN_POINT('',(6.75,-3.728535207,11.116695829));
#794=VERTEX_POINT('',#793);
#795=CARTESIAN_POINT('',(6.75,-7.228535207,11.116695829));
#796=DIRECTION('',(-0.,1.,0.));
#797=VECTOR('',#796,3.5);
#798=LINE('',#795,#797);
#799=EDGE_CURVE('',#792,#794,#798,.T.);
#800=ORIENTED_EDGE('',*,*,#799,.F.);
#801=CARTESIAN_POINT('',(6.75,-7.228535207,11.116695829));
#802=CARTESIAN_POINT('',(6.75,-7.228535207,11.113703257));
#803=CARTESIAN_POINT('',(6.749996154,-7.228535207,11.108770169));
#804=CARTESIAN_POINT('',(6.749988465,-7.228535207,11.104808276));
#805=CARTESIAN_POINT('',(6.749980777,-7.228535207,11.100846382));
#806=CARTESIAN_POINT('',(6.749969247,-7.228535207,11.096885134));
#807=CARTESIAN_POINT('',(6.74995388,-7.228535207,11.092924534));
#808=CARTESIAN_POINT('',(6.749923146,-7.228535207,11.085003334));
#809=CARTESIAN_POINT('',(6.749877065,-7.228535207,11.077084816));
#810=CARTESIAN_POINT('',(6.74981568,-7.228535207,11.0691691));
#811=CARTESIAN_POINT('',(6.74969291,-7.228535207,11.053337668));
#812=CARTESIAN_POINT('',(6.749508921,-7.228535207,11.037517748));
#813=CARTESIAN_POINT('',(6.749264122,-7.228535207,11.021710754));
#814=CARTESIAN_POINT('',(6.748774523,-7.228535207,10.990096765));
#815=CARTESIAN_POINT('',(6.748041608,-7.228535207,10.958535247));
#816=CARTESIAN_POINT('',(6.747069641,-7.228535207,10.927039285));
#817=CARTESIAN_POINT('',(6.745125707,-7.228535207,10.864047361));
#818=CARTESIAN_POINT('',(6.742224258,-7.228535207,10.8013189));
#819=CARTESIAN_POINT('',(6.738415233,-7.228535207,10.738962748));
#820=CARTESIAN_POINT('',(6.730797185,-7.228535207,10.614250444));
#821=CARTESIAN_POINT('',(6.719532321,-7.228535207,10.491041109));
#822=CARTESIAN_POINT('',(6.705247472,-7.228535207,10.370110893));
#823=CARTESIAN_POINT('',(6.676677774,-7.228535207,10.128250459));
#824=CARTESIAN_POINT('',(6.636024546,-7.228535207,9.89585445));
#825=CARTESIAN_POINT('',(6.590047508,-7.228535207,9.675676624));
#826=CARTESIAN_POINT('',(6.544070469,-7.228535207,9.455498798));
#827=CARTESIAN_POINT('',(6.49313502,-7.228535207,9.248121984));
#828=CARTESIAN_POINT('',(6.44280056,-7.228535207,9.051904471));
#829=CARTESIAN_POINT('',(6.392466101,-7.228535207,8.855686957));
#830=CARTESIAN_POINT('',(6.342688878,-7.228535207,8.670419096));
#831=CARTESIAN_POINT('',(6.296663645,-7.228535207,8.493218841));
#832=CARTESIAN_POINT('',(6.204613179,-7.228535207,8.138818331));
#833=CARTESIAN_POINT('',(6.128537696,-7.228535207,7.817006651));
#834=CARTESIAN_POINT('',(6.077634107,-7.228535207,7.509689086));
#835=CARTESIAN_POINT('',(6.026730518,-7.228535207,7.202371521));
#836=CARTESIAN_POINT('',(6.,-7.228535207,6.909574573));
#837=CARTESIAN_POINT('',(6.,-7.228535207,6.616695829));
#838=B_SPLINE_CURVE_WITH_KNOTS('',3,(#801,#802,#803,#804,#805,#806,#807,#808,#809,#810,#811,#812,#813,#814,#815,#816,#817,#818,#819,#820,#821,#822,#823,#824,#825,#826,
#827,#828,#829,#830,#831,#832,#833,#834,#835,#836,#837),.UNSPECIFIED.,.F.,.F.,(4,3,3,3,3,3,3,3,3,3,3,3,4),(-0.,0.000008919,0.000017838,0.000035676,0.000071352,0.000142704,0.000285409,0.000570817,0.001141634,0.001712452,0.002283269,0.003424903,0.004566538),.UNSPECIFIED.);
#839=EDGE_CURVE('',#792,#720,#838,.T.);
#840=ORIENTED_EDGE('',*,*,#839,.T.);
#841=ORIENTED_EDGE('',*,*,#725,.T.);
#842=CARTESIAN_POINT('',(6.,-3.728535207,6.616695829));
#843=CARTESIAN_POINT('',(6.,-3.728535207,6.807180082));
#844=CARTESIAN_POINT('',(6.011426615,-3.728535207,6.996977139));
#845=CARTESIAN_POINT('',(6.03254884,-3.728535207,7.186191102));
#846=CARTESIAN_POINT('',(6.053671064,-3.728535207,7.375405066));
#847=CARTESIAN_POINT('',(6.0845677,-3.728535207,7.564379266));
#848=CARTESIAN_POINT('',(6.121925211,-3.728535207,7.751554969));
#849=CARTESIAN_POINT('',(6.196640231,-3.728535207,8.125906375));
#850=CARTESIAN_POINT('',(6.297062221,-3.728535207,8.494300089));
#851=CARTESIAN_POINT('',(6.39387249,-3.728535207,8.863526974));
#852=CARTESIAN_POINT('',(6.490682759,-3.728535207,9.232753858));
#853=CARTESIAN_POINT('',(6.58312643,-3.728535207,9.602964861));
#854=CARTESIAN_POINT('',(6.648160629,-3.728535207,9.979353254));
#855=CARTESIAN_POINT('',(6.713194829,-3.728535207,10.355741646));
#856=CARTESIAN_POINT('',(6.75,-3.728535207,10.735325924));
#857=CARTESIAN_POINT('',(6.75,-3.728535207,11.116695829));
#858=B_SPLINE_CURVE_WITH_KNOTS('',3,(#842,#843,#844,#845,#846,#847,#848,#849,#850,#851,#852,#853,#854,#855,#856,#857),.UNSPECIFIED.,.F.,.F.,(4,3,3,3,3,4),(0.0186,0.019171453,0.019742906,0.020885811,0.022028717,0.023171622),.UNSPECIFIED.);
#859=EDGE_CURVE('',#693,#794,#858,.T.);
#860=ORIENTED_EDGE('',*,*,#859,.T.);
#861=EDGE_LOOP('',(#800,#840,#841,#860));
#862=FACE_BOUND('',#861,.T.);
#863=ADVANCED_FACE('',(#862),#790,.T.);
#864=CARTESIAN_POINT('',(0.,-8.728535207,11.116695829));
#865=DIRECTION('',(-0.,1.,0.));
#866=DIRECTION('',(0.,0.,-1.));
#867=AXIS2_PLACEMENT_3D('',#864,#865,#866);
#868=CYLINDRICAL_SURFACE('',#867,6.75);
#869=CARTESIAN_POINT('',(-6.75,-7.228535207,11.116695829));
#870=VERTEX_POINT('',#869);
#871=CARTESIAN_POINT('',(-6.75,-3.728535207,11.116695829));
#872=VERTEX_POINT('',#871);
#873=CARTESIAN_POINT('',(-6.75,-7.228535207,11.116695829));
#874=DIRECTION('',(-0.,1.,0.));
#875=VECTOR('',#874,3.5);
#876=LINE('',#873,#875);
#877=EDGE_CURVE('',#870,#872,#876,.T.);
#878=ORIENTED_EDGE('',*,*,#877,.F.);
#879=CARTESIAN_POINT('',(0.,-7.228535207,17.866695829));
#880=VERTEX_POINT('',#879);
#881=CARTESIAN_POINT('',(0.,-7.228535207,11.116695829));
#882=DIRECTION('',(-0.,1.,-0.));
#883=DIRECTION('',(0.,0.,1.));
#884=AXIS2_PLACEMENT_3D('',#881,#882,#883);
#885=CIRCLE('',#884,6.75);
#886=EDGE_CURVE('',#870,#880,#885,.T.);
#887=ORIENTED_EDGE('',*,*,#886,.T.);
#888=CARTESIAN_POINT('',(0.,-7.228535207,11.116695829));
#889=DIRECTION('',(-0.,1.,-0.));
#890=DIRECTION('',(0.,0.,1.));
#891=AXIS2_PLACEMENT_3D('',#888,#889,#890);
#892=CIRCLE('',#891,6.75);
#893=EDGE_CURVE('',#880,#792,#892,.T.);
#894=ORIENTED_EDGE('',*,*,#893,.T.);
#895=ORIENTED_EDGE('',*,*,#799,.T.);
#896=CARTESIAN_POINT('',(0.,-3.728535207,11.116695829));
#897=DIRECTION('',(-0.,1.,-0.));
#898=DIRECTION('',(1.,0.,0.));
#899=AXIS2_PLACEMENT_3D('',#896,#897,#898);
#900=CIRCLE('',#899,6.75);
#901=EDGE_CURVE('',#872,#794,#900,.T.);
#902=ORIENTED_EDGE('',*,*,#901,.F.);
#903=EDGE_LOOP('',(#878,#887,#894,#895,#902));
#904=FACE_BOUND('',#903,.T.);
#905=ADVANCED_FACE('',(#904),#868,.T.);
#906=CARTESIAN_POINT('',(-6.75,-7.228535207,11.116695829));
#907=CARTESIAN_POINT('',(-6.75,-3.728535207,11.116695829));
#908=CARTESIAN_POINT('',(-6.75,-7.228535207,9.366695829));
#909=CARTESIAN_POINT('',(-6.75,-3.728535207,9.366695829));
#910=CARTESIAN_POINT('',(-6.,-7.228535207,8.166695829));
#911=CARTESIAN_POINT('',(-6.,-3.728535207,8.166695829));
#912=CARTESIAN_POINT('',(-6.,-7.228535207,6.616695829));
#913=CARTESIAN_POINT('',(-6.,-3.728535207,6.616695829));
#914=B_SPLINE_SURFACE_WITH_KNOTS('',3,1,((#906,#907),(#908,#909),(#910,#911),(#912,#913)),.UNSPECIFIED.,.F.,.F.,.U.,(4,4),(2,2),(0.,1.),(0.277777778,0.925925926),.UNSPECIFIED.);
#915=CARTESIAN_POINT('',(-6.,-7.228535207,6.616695829));
#916=VERTEX_POINT('',#915);
#917=CARTESIAN_POINT('',(-6.,-3.728535207,6.616695829));
#918=VERTEX_POINT('',#917);
#919=CARTESIAN_POINT('',(-6.,-7.228535207,6.616695829));
#920=DIRECTION('',(-0.,1.,0.));
#921=VECTOR('',#920,3.5);
#922=LINE('',#919,#921);
#923=EDGE_CURVE('',#916,#918,#922,.T.);
#924=ORIENTED_EDGE('',*,*,#923,.F.);
#925=CARTESIAN_POINT('',(-6.,-7.228535207,6.616695829));
#926=CARTESIAN_POINT('',(-6.,-7.228535207,6.908568132));
#927=CARTESIAN_POINT('',(-6.026562511,-7.228535207,7.201130871));
#928=CARTESIAN_POINT('',(-6.077515644,-7.228535207,7.508973676));
#929=CARTESIAN_POINT('',(-6.128468778,-7.228535207,7.816816481));
#930=CARTESIAN_POINT('',(-6.204903444,-7.228535207,8.139985411));
#931=CARTESIAN_POINT('',(-6.296988936,-7.228535207,8.494471152));
#932=CARTESIAN_POINT('',(-6.343031682,-7.228535207,8.671714022));
#933=CARTESIAN_POINT('',(-6.392852601,-7.228535207,8.857144747));
#934=CARTESIAN_POINT('',(-6.443190355,-7.228535207,9.053424194));
#935=CARTESIAN_POINT('',(-6.493528109,-7.228535207,9.24970364));
#936=CARTESIAN_POINT('',(-6.54446478,-7.228535207,9.457258256));
#937=CARTESIAN_POINT('',(-6.590287847,-7.228535207,9.676827919));
#938=CARTESIAN_POINT('',(-6.636110915,-7.228535207,9.896397581));
#939=CARTESIAN_POINT('',(-6.676674085,-7.228535207,10.128283526));
#940=CARTESIAN_POINT('',(-6.705222538,-7.228535207,10.369899841));
#941=CARTESIAN_POINT('',(-6.719496765,-7.228535207,10.490707999));
#942=CARTESIAN_POINT('',(-6.730766416,-7.228535207,10.6138629));
#943=CARTESIAN_POINT('',(-6.738393449,-7.228535207,10.738606291));
#944=CARTESIAN_POINT('',(-6.742206966,-7.228535207,10.800977986));
#945=CARTESIAN_POINT('',(-6.745113812,-7.228535207,10.863743237));
#946=CARTESIAN_POINT('',(-6.747062073,-7.228535207,10.926794203));
#947=CARTESIAN_POINT('',(-6.748036204,-7.228535207,10.958319686));
#948=CARTESIAN_POINT('',(-6.748771011,-7.228535207,10.989916517));
#949=CARTESIAN_POINT('',(-6.74926196,-7.228535207,11.021571272));
#950=CARTESIAN_POINT('',(-6.749507434,-7.228535207,11.03739865));
#951=CARTESIAN_POINT('',(-6.749691964,-7.228535207,11.053240462));
#952=CARTESIAN_POINT('',(-6.749815106,-7.228535207,11.069095117));
#953=CARTESIAN_POINT('',(-6.749876676,-7.228535207,11.077022444));
#954=CARTESIAN_POINT('',(-6.749922901,-7.228535207,11.084952958));
#955=CARTESIAN_POINT('',(-6.749953732,-7.228535207,11.092886482));
#956=CARTESIAN_POINT('',(-6.749969148,-7.228535207,11.096853244));
#957=CARTESIAN_POINT('',(-6.749980715,-7.228535207,11.100820751));
#958=CARTESIAN_POINT('',(-6.749988428,-7.228535207,11.104788985));
#959=CARTESIAN_POINT('',(-6.749996141,-7.228535207,11.108757219));
#960=CARTESIAN_POINT('',(-6.75,-7.228535207,11.113698335));
#961=CARTESIAN_POINT('',(-6.75,-7.228535207,11.116695829));
#962=B_SPLINE_CURVE_WITH_KNOTS('',3,(#925,#926,#927,#928,#929,#930,#931,#932,#933,#934,#935,#936,#937,#938,#939,#940,#941,#942,#943,#944,#945,#946,#947,#948,#949,#950,
#951,#952,#953,#954,#955,#956,#957,#958,#959,#960,#961),.UNSPECIFIED.,.F.,.F.,(4,3,3,3,3,3,3,3,3,3,3,3,4),(-0.,0.001140884,0.002281769,0.002852211,0.003422653,0.003993095,0.004278316,0.004420927,0.004492232,0.004527885,0.004545711,0.004554624,0.004563537),.UNSPECIFIED.);
#963=EDGE_CURVE('',#916,#870,#962,.T.);
#964=ORIENTED_EDGE('',*,*,#963,.T.);
#965=ORIENTED_EDGE('',*,*,#877,.T.);
#966=CARTESIAN_POINT('',(-6.75,-3.728535207,11.116695829));
#967=CARTESIAN_POINT('',(-6.75,-3.728535207,10.73172263));
#968=CARTESIAN_POINT('',(-6.71272968,-3.728535207,10.352760773));
#969=CARTESIAN_POINT('',(-6.647967014,-3.728535207,9.978233165));
#970=CARTESIAN_POINT('',(-6.583204348,-3.728535207,9.603705557));
#971=CARTESIAN_POINT('',(-6.490904748,-3.728535207,9.23361939));
#972=CARTESIAN_POINT('',(-6.39406608,-3.728535207,8.864265331));
#973=CARTESIAN_POINT('',(-6.297227413,-3.728535207,8.494911272));
#974=CARTESIAN_POINT('',(-6.196744267,-3.728535207,8.126356354));
#975=CARTESIAN_POINT('',(-6.121984731,-3.728535207,7.751853163));
#976=CARTESIAN_POINT('',(-6.084604964,-3.728535207,7.564601567));
#977=CARTESIAN_POINT('',(-6.053692648,-3.728535207,7.37556402));
#978=CARTESIAN_POINT('',(-6.032561447,-3.728535207,7.186304029));
#979=CARTESIAN_POINT('',(-6.011430246,-3.728535207,6.997044037));
#980=CARTESIAN_POINT('',(-6.,-3.728535207,6.807208817));
#981=CARTESIAN_POINT('',(-6.,-3.728535207,6.616695829));
#982=B_SPLINE_CURVE_WITH_KNOTS('',3,(#966,#967,#968,#969,#970,#971,#972,#973,#974,#975,#976,#977,#978,#979,#980,#981),.UNSPECIFIED.,.F.,.F.,(4,3,3,3,3,4),(0.021,0.02215492,0.023309839,0.024464759,0.025042219,0.025619678),.UNSPECIFIED.);
#983=EDGE_CURVE('',#872,#918,#982,.T.);
#984=ORIENTED_EDGE('',*,*,#983,.T.);
#985=EDGE_LOOP('',(#924,#964,#965,#984));
#986=FACE_BOUND('',#985,.T.);
#987=ADVANCED_FACE('',(#986),#914,.F.);
#988=CARTESIAN_POINT('',(-6.,-7.228535207,6.616695829));
#989=CARTESIAN_POINT('',(-6.,-3.728535207,6.616695829));
#990=CARTESIAN_POINT('',(-6.,-7.228535207,4.616695829));
#991=CARTESIAN_POINT('',(-6.,-3.728535207,4.616695829));
#992=CARTESIAN_POINT('',(-7.,-7.228535207,4.616695829));
#993=CARTESIAN_POINT('',(-7.,-3.728535207,4.616695829));
#994=CARTESIAN_POINT('',(-7.,-7.228535207,2.816695829));
#995=CARTESIAN_POINT('',(-7.,-3.728535207,2.816695829));
#996=B_SPLINE_SURFACE_WITH_KNOTS('',3,1,((#988,#989),(#990,#991),(#992,#993),(#994,#995)),.UNSPECIFIED.,.F.,.F.,.U.,(4,4),(2,2),(0.,1.),(0.277777778,0.925925926),.UNSPECIFIED.);
#997=CARTESIAN_POINT('',(-7.,-5.147404716,2.816695829));
#998=VERTEX_POINT('',#997);
#999=CARTESIAN_POINT('',(-7.,-3.728535207,2.816695829));
#1000=VERTEX_POINT('',#999);
#1001=CARTESIAN_POINT('',(-7.,-5.147404716,2.816695829));
#1002=DIRECTION('',(-0.,1.,0.));
#1003=VECTOR('',#1002,1.418869509);
#1004=LINE('',#1001,#1003);
#1005=EDGE_CURVE('',#998,#1000,#1004,.T.);
#1006=ORIENTED_EDGE('',*,*,#1005,.F.);
#1007=CARTESIAN_POINT('',(-6.956727492,-5.124849555,3.416695829));
#1008=VERTEX_POINT('',#1007);
#1009=CARTESIAN_POINT('',(-7.,-5.147404716,2.816695829));
#1010=CARTESIAN_POINT('',(-7.,-5.147404716,3.015282805));
#1011=CARTESIAN_POINT('',(-6.988094897,-5.140980808,3.215412914));
#1012=CARTESIAN_POINT('',(-6.956727552,-5.124849608,3.416695447));
#1013=B_SPLINE_CURVE_WITH_KNOTS('',3,(#1009,#1010,#1011,#1012),.UNSPECIFIED.,.F.,.F.,(4,4),(0.,0.000546298),.UNSPECIFIED.);
#1014=EDGE_CURVE('',#998,#1008,#1013,.T.);
#1015=ORIENTED_EDGE('',*,*,#1014,.T.);
#1016=CARTESIAN_POINT('',(-6.956727492,-7.228535207,3.416695829));
#1017=VERTEX_POINT('',#1016);
#1018=CARTESIAN_POINT('',(-6.956727492,-7.228535207,3.416695829));
#1019=DIRECTION('',(-0.,1.,0.));
#1020=VECTOR('',#1019,2.103685652);
#1021=LINE('',#1018,#1020);
#1022=EDGE_CURVE('',#1017,#1008,#1021,.T.);
#1023=ORIENTED_EDGE('',*,*,#1022,.F.);
#1024=CARTESIAN_POINT('',(-6.956727492,-7.228535207,3.416695828));
#1025=CARTESIAN_POINT('',(-6.945607719,-7.228535207,3.488050745));
#1026=CARTESIAN_POINT('',(-6.931589173,-7.228535207,3.562180508));
#1027=CARTESIAN_POINT('',(-6.913953362,-7.228535207,3.638099273));
#1028=CARTESIAN_POINT('',(-6.896317551,-7.228535207,3.714018037));
#1029=CARTESIAN_POINT('',(-6.87491452,-7.228535207,3.791726895));
#1030=CARTESIAN_POINT('',(-6.850945537,-7.228535207,3.866446154));
#1031=CARTESIAN_POINT('',(-6.826976555,-7.228535207,3.941165412));
#1032=CARTESIAN_POINT('',(-6.800622366,-7.228535207,4.012499606));
#1033=CARTESIAN_POINT('',(-6.774452448,-7.228535207,4.077157394));
#1034=CARTESIAN_POINT('',(-6.748282529,-7.228535207,4.141815182));
#1035=CARTESIAN_POINT('',(-6.722365701,-7.228535207,4.199987556));
#1036=CARTESIAN_POINT('',(-6.697842886,-7.228535207,4.252499469));
#1037=CARTESIAN_POINT('',(-6.648797257,-7.228535207,4.357523296));
#1038=CARTESIAN_POINT('',(-6.605273163,-7.228535207,4.441123158));
#1039=CARTESIAN_POINT('',(-6.566507646,-7.228535207,4.515256474));
#1040=CARTESIAN_POINT('',(-6.52774213,-7.228535207,4.589389789));
#1041=CARTESIAN_POINT('',(-6.493453722,-7.228535207,4.653826836));
#1042=CARTESIAN_POINT('',(-6.462175936,-7.228535207,4.713874796));
#1043=CARTESIAN_POINT('',(-6.399620363,-7.228535207,4.833970716));
#1044=CARTESIAN_POINT('',(-6.348772081,-7.228535207,4.936959586));
#1045=CARTESIAN_POINT('',(-6.304255685,-7.228535207,5.037127571));
#1046=CARTESIAN_POINT('',(-6.25973929,-7.228535207,5.137295557));
#1047=CARTESIAN_POINT('',(-6.221771874,-7.228535207,5.233849953));
#1048=CARTESIAN_POINT('',(-6.18858797,-7.228535207,5.331623221));
#1049=CARTESIAN_POINT('',(-6.122220163,-7.228535207,5.527169759));
#1050=CARTESIAN_POINT('',(-6.076022922,-7.228535207,5.724264371));
#1051=CARTESIAN_POINT('',(-6.045311027,-7.228535207,5.936582465));
#1052=CARTESIAN_POINT('',(-6.029955079,-7.228535207,6.042741512));
#1053=CARTESIAN_POINT('',(-6.018620883,-7.228535207,6.152362419));
#1054=CARTESIAN_POINT('',(-6.011130423,-7.228535207,6.265715936));
#1055=CARTESIAN_POINT('',(-6.007385192,-7.228535207,6.322392695));
#1056=CARTESIAN_POINT('',(-6.004598676,-7.228535207,6.380041153));
#1057=CARTESIAN_POINT('',(-6.002753585,-7.228535207,6.438547663));
#1058=CARTESIAN_POINT('',(-6.00183104,-7.228535207,6.467800918));
#1059=CARTESIAN_POINT('',(-6.001142729,-7.228535207,6.497244788));
#1060=CARTESIAN_POINT('',(-6.000684903,-7.228535207,6.526946069));
#1061=CARTESIAN_POINT('',(-6.00045599,-7.228535207,6.541796709));
#1062=CARTESIAN_POINT('',(-6.000284789,-7.228535207,6.556692146));
#1063=CARTESIAN_POINT('',(-6.00017078,-7.228535207,6.571653092));
#1064=CARTESIAN_POINT('',(-6.000113775,-7.228535207,6.579133566));
#1065=CARTESIAN_POINT('',(-6.000071084,-7.228535207,6.586624831));
#1066=CARTESIAN_POINT('',(-6.000042639,-7.228535207,6.594132639));
#1067=CARTESIAN_POINT('',(-6.000028416,-7.228535207,6.597886543));
#1068=CARTESIAN_POINT('',(-6.000017757,-7.228535207,6.601643091));
#1069=CARTESIAN_POINT('',(-6.000010653,-7.228535207,6.605403797));
#1070=CARTESIAN_POINT('',(-6.000003548,-7.228535207,6.609164503));
#1071=CARTESIAN_POINT('',(-6.,-7.228535207,6.611986472));
#1072=CARTESIAN_POINT('',(-6.,-7.228535207,6.616695829));
#1073=B_SPLINE_CURVE_WITH_KNOTS('',3,(#1024,#1025,#1026,#1027,#1028,#1029,#1030,#1031,#1032,#1033,#1034,#1035,#1036,#1037,#1038,#1039,#1040,#1041,#1042,#1043,#1044,#1045,#1046,#1047,#1048,#1049,
#1050,#1051,#1052,#1053,#1054,#1055,#1056,#1057,#1058,#1059,#1060,#1061,#1062,#1063,#1064,#1065,#1066,#1067,#1068,#1069,#1070,#1071,#1072),.UNSPECIFIED.,.F.,.F.,(4,3,3,3,3,3,3,3,3,3,3,3,3,3,3,3,4),(0.,0.000111712,0.000223424,0.000335135,0.000446847,0.000670271,0.000893694,0.001340541,0.001787389,0.002681083,0.00312793,0.003351354,0.003463065,0.003518921,0.003546849,0.003560813,0.003574777),.UNSPECIFIED.);
#1074=EDGE_CURVE('',#1017,#916,#1073,.T.);
#1075=ORIENTED_EDGE('',*,*,#1074,.T.);
#1076=ORIENTED_EDGE('',*,*,#923,.T.);
#1077=CARTESIAN_POINT('',(-6.,-3.728535207,6.616695829));
#1078=CARTESIAN_POINT('',(-6.,-3.728535207,6.283912397));
#1079=CARTESIAN_POINT('',(-6.026836773,-3.728535207,5.953372707));
#1080=CARTESIAN_POINT('',(-6.103440458,-3.728535207,5.628663752));
#1081=CARTESIAN_POINT('',(-6.1417423,-3.728535207,5.466309275));
#1082=CARTESIAN_POINT('',(-6.192181558,-3.728535207,5.30880041));
#1083=CARTESIAN_POINT('',(-6.253911665,-3.728535207,5.155799183));
#1084=CARTESIAN_POINT('',(-6.315641772,-3.728535207,5.002797957));
#1085=CARTESIAN_POINT('',(-6.388882397,-3.728535207,4.854392066));
#1086=CARTESIAN_POINT('',(-6.465570388,-3.728535207,4.707362466));
#1087=CARTESIAN_POINT('',(-6.542258379,-3.728535207,4.560332865));
#1088=CARTESIAN_POINT('',(-6.621666863,-3.728535207,4.414328514));
#1089=CARTESIAN_POINT('',(-6.691978476,-3.728535207,4.265005204));
#1090=CARTESIAN_POINT('',(-6.762290089,-3.728535207,4.115681893));
#1091=CARTESIAN_POINT('',(-6.823110075,-3.728535207,3.962913228));
#1092=CARTESIAN_POINT('',(-6.869888534,-3.728535207,3.805047646));
#1093=CARTESIAN_POINT('',(-6.916666994,-3.728535207,3.647182065));
#1094=CARTESIAN_POINT('',(-6.94986608,-3.728535207,3.483742564));
#1095=CARTESIAN_POINT('',(-6.970679991,-3.728535207,3.317194672));
#1096=CARTESIAN_POINT('',(-6.991493901,-3.728535207,3.150646781));
#1097=CARTESIAN_POINT('',(-7.,-3.728535207,2.983781115));
#1098=CARTESIAN_POINT('',(-7.,-3.728535207,2.816695829));
#1099=B_SPLINE_CURVE_WITH_KNOTS('',3,(#1077,#1078,#1079,#1080,#1081,#1082,#1083,#1084,#1085,#1086,#1087,#1088,#1089,#1090,#1091,#1092,#1093,#1094,#1095,#1096,#1097,#1098),.UNSPECIFIED.,.F.,.F.,(4,3,3,3,3,3,3,4),(0.012833984,0.013832334,0.014331509,0.014830685,0.01532986,0.015829035,0.01632821,0.016827385),.UNSPECIFIED.);
#1100=EDGE_CURVE('',#918,#1000,#1099,.T.);
#1101=ORIENTED_EDGE('',*,*,#1100,.T.);
#1102=EDGE_LOOP('',(#1006,#1015,#1023,#1075,#1076,#1101));
#1103=FACE_BOUND('',#1102,.T.);
#1104=ADVANCED_FACE('',(#1103),#996,.F.);
#1105=CARTESIAN_POINT('',(-7.,-8.728535207,1.466695829));
#1106=DIRECTION('',(-1.,-0.,0.));
#1107=DIRECTION('',(0.,0.,-1.));
#1108=AXIS2_PLACEMENT_3D('',#1105,#1106,#1107);
#1109=PLANE('',#1108);
#1110=CARTESIAN_POINT('',(-7.,-7.228535207,0.016695829));
#1111=VERTEX_POINT('',#1110);
#1112=CARTESIAN_POINT('',(-7.,-3.728535207,0.016695829));
#1113=VERTEX_POINT('',#1112);
#1114=CARTESIAN_POINT('',(-7.,-7.228535207,0.016695829));
#1115=DIRECTION('',(-0.,1.,0.));
#1116=VECTOR('',#1115,3.5);
#1117=LINE('',#1114,#1116);
#1118=EDGE_CURVE('',#1111,#1113,#1117,.T.);
#1119=ORIENTED_EDGE('',*,*,#1118,.F.);
#1120=CARTESIAN_POINT('',(-7.,-7.228535207,1.616695829));
#1121=VERTEX_POINT('',#1120);
#1122=CARTESIAN_POINT('',(-7.,-7.228535207,0.016695829));
#1123=DIRECTION('',(0.,0.,1.));
#1124=VECTOR('',#1123,1.6);
#1125=LINE('',#1122,#1124);
#1126=EDGE_CURVE('',#1111,#1121,#1125,.T.);
#1127=ORIENTED_EDGE('',*,*,#1126,.T.);
#1128=CARTESIAN_POINT('',(-7.,-5.147404716,1.616695829));
#1129=VERTEX_POINT('',#1128);
#1130=CARTESIAN_POINT('',(-7.,-5.147404716,1.616695829));
#1131=DIRECTION('',(0.,-1.,0.));
#1132=VECTOR('',#1131,2.081130491);
#1133=LINE('',#1130,#1132);
#1134=EDGE_CURVE('',#1129,#1121,#1133,.T.);
#1135=ORIENTED_EDGE('',*,*,#1134,.F.);
#1136=CARTESIAN_POINT('',(-7.,-5.147404716,1.616695829));
#1137=DIRECTION('',(-0.,0.,1.));
#1138=VECTOR('',#1137,1.2);
#1139=LINE('',#1136,#1138);
#1140=EDGE_CURVE('',#1129,#998,#1139,.T.);
#1141=ORIENTED_EDGE('',*,*,#1140,.T.);
#1142=ORIENTED_EDGE('',*,*,#1005,.T.);
#1143=CARTESIAN_POINT('',(-7.,-3.728535207,0.016695829));
#1144=DIRECTION('',(0.,0.,1.));
#1145=VECTOR('',#1144,2.8);
#1146=LINE('',#1143,#1145);
#1147=EDGE_CURVE('',#1113,#1000,#1146,.T.);
#1148=ORIENTED_EDGE('',*,*,#1147,.F.);
#1149=EDGE_LOOP('',(#1119,#1127,#1135,#1141,#1142,#1148));
#1150=FACE_BOUND('',#1149,.T.);
#1151=ADVANCED_FACE('',(#1150),#1109,.T.);
#1152=CARTESIAN_POINT('',(-5.,-8.728535207,0.016695829));
#1153=DIRECTION('',(0.,0.,1.));
#1154=DIRECTION('',(-1.,-0.,0.));
#1155=AXIS2_PLACEMENT_3D('',#1152,#1153,#1154);
#1156=PLANE('',#1155);
#1157=CARTESIAN_POINT('',(-5.461577278,-8.228535207,0.016695829));
#1158=VERTEX_POINT('',#1157);
#1159=CARTESIAN_POINT('',(-6.006087876,-7.273267919,0.016695829));
#1160=VERTEX_POINT('',#1159);
#1161=CARTESIAN_POINT('',(-5.461577278,-8.228535207,0.016695829));
#1162=DIRECTION('',(-0.495208703,0.868774044,0.));
#1163=VECTOR('',#1162,1.099557813);
#1164=LINE('',#1161,#1163);
#1165=EDGE_CURVE('',#1158,#1160,#1164,.T.);
#1166=ORIENTED_EDGE('',*,*,#1165,.F.);
#1167=CARTESIAN_POINT('',(-4.538959751,-8.228535207,0.016695829));
#1168=VERTEX_POINT('',#1167);
#1169=CARTESIAN_POINT('',(-4.538959751,-8.228535207,0.016695829));
#1170=DIRECTION('',(-1.,-0.,0.));
#1171=VECTOR('',#1170,0.922617526);
#1172=LINE('',#1169,#1171);
#1173=EDGE_CURVE('',#1168,#1158,#1172,.T.);
#1174=ORIENTED_EDGE('',*,*,#1173,.F.);
#1175=CARTESIAN_POINT('',(-4.02800314,-7.343532396,0.016695829));
#1176=VERTEX_POINT('',#1175);
#1177=CARTESIAN_POINT('',(-4.538959751,-8.228535207,0.016695829));
#1178=DIRECTION('',(0.5,0.866025404,0.));
#1179=VECTOR('',#1178,1.021913222);
#1180=LINE('',#1177,#1179);
#1181=EDGE_CURVE('',#1168,#1176,#1180,.T.);
#1182=ORIENTED_EDGE('',*,*,#1181,.T.);
#1183=CARTESIAN_POINT('',(-5.,-6.828535207,0.016695829));
#1184=DIRECTION('',(0.,0.,1.));
#1185=DIRECTION('',(-1.,-0.,0.));
#1186=AXIS2_PLACEMENT_3D('',#1183,#1184,#1185);
#1187=CIRCLE('',#1186,1.1);
#1188=EDGE_CURVE('',#1176,#1160,#1187,.T.);
#1189=ORIENTED_EDGE('',*,*,#1188,.T.);
#1190=EDGE_LOOP('',(#1166,#1174,#1182,#1189));
#1191=FACE_BOUND('',#1190,.T.);
#1192=CARTESIAN_POINT('',(-5.5,-8.728535207,0.016695829));
#1193=VERTEX_POINT('',#1192);
#1194=CARTESIAN_POINT('',(-5.5,-8.728535207,0.016695829));
#1195=DIRECTION('',(1.,0.,0.));
#1196=VECTOR('',#1195,2.4);
#1197=LINE('',#1194,#1196);
#1198=EDGE_CURVE('',#1193,#75,#1197,.T.);
#1199=ORIENTED_EDGE('',*,*,#1198,.F.);
#1200=CARTESIAN_POINT('',(-5.5,-7.228535207,0.016695829));
#1201=DIRECTION('',(-0.,-0.,-1.));
#1202=DIRECTION('',(-1.,-0.,0.));
#1203=AXIS2_PLACEMENT_3D('',#1200,#1201,#1202);
#1204=CIRCLE('',#1203,1.5);
#1205=EDGE_CURVE('',#1193,#1111,#1204,.T.);
#1206=ORIENTED_EDGE('',*,*,#1205,.T.);
#1207=ORIENTED_EDGE('',*,*,#1118,.T.);
#1208=CARTESIAN_POINT('',(-7.,-3.728535207,0.016695829));
#1209=DIRECTION('',(1.,0.,0.));
#1210=VECTOR('',#1209,3.9);
#1211=LINE('',#1208,#1210);
#1212=EDGE_CURVE('',#1113,#83,#1211,.T.);
#1213=ORIENTED_EDGE('',*,*,#1212,.T.);
#1214=ORIENTED_EDGE('',*,*,#88,.F.);
#1215=EDGE_LOOP('',(#1199,#1206,#1207,#1213,#1214));
#1216=FACE_BOUND('',#1215,.T.);
#1217=ADVANCED_FACE('',(#1191,#1216),#1156,.F.);
#1218=CARTESIAN_POINT('',(0.,-8.728535207,10.516695829));
#1219=DIRECTION('',(-0.,1.,0.));
#1220=DIRECTION('',(0.,0.,-1.));
#1221=AXIS2_PLACEMENT_3D('',#1218,#1219,#1220);
#1222=CYLINDRICAL_SURFACE('',#1221,4.05);
#1223=CARTESIAN_POINT('',(-2.002751359,-8.428535207,6.99654143));
#1224=VERTEX_POINT('',#1223);
#1225=CARTESIAN_POINT('',(0.,-8.428535207,10.516695829));
#1226=DIRECTION('',(0.,-1.,0.));
#1227=DIRECTION('',(0.,0.,1.));
#1228=AXIS2_PLACEMENT_3D('',#1225,#1226,#1227);
#1229=CIRCLE('',#1228,4.05);
#1230=EDGE_CURVE('',#535,#1224,#1229,.T.);
#1231=ORIENTED_EDGE('',*,*,#1230,.T.);
#1232=CARTESIAN_POINT('',(-2.002751359,-3.728535207,6.99654143));
#1233=VERTEX_POINT('',#1232);
#1234=CARTESIAN_POINT('',(-2.002751359,-8.428535207,6.99654143));
#1235=DIRECTION('',(-0.,1.,0.));
#1236=VECTOR('',#1235,4.7);
#1237=LINE('',#1234,#1236);
#1238=EDGE_CURVE('',#1224,#1233,#1237,.T.);
#1239=ORIENTED_EDGE('',*,*,#1238,.T.);
#1240=CARTESIAN_POINT('',(0.,-3.728535207,10.516695829));
#1241=DIRECTION('',(0.,-1.,0.));
#1242=DIRECTION('',(1.,0.,0.));
#1243=AXIS2_PLACEMENT_3D('',#1240,#1241,#1242);
#1244=CIRCLE('',#1243,4.05);
#1245=EDGE_CURVE('',#543,#1233,#1244,.T.);
#1246=ORIENTED_EDGE('',*,*,#1245,.F.);
#1247=ORIENTED_EDGE('',*,*,#548,.F.);
#1248=EDGE_LOOP('',(#1231,#1239,#1246,#1247));
#1249=FACE_BOUND('',#1248,.T.);
#1250=ADVANCED_FACE('',(#1249),#1222,.F.);
#1251=CARTESIAN_POINT('',(-7.,-8.728535207,11.116695829));
#1252=DIRECTION('',(0.,-1.,0.));
#1253=DIRECTION('',(0.,0.,1.));
#1254=AXIS2_PLACEMENT_3D('',#1251,#1252,#1253);
#1255=PLANE('',#1254);
#1256=CARTESIAN_POINT('',(-5.5,-8.728535207,1.616695829));
#1257=VERTEX_POINT('',#1256);
#1258=CARTESIAN_POINT('',(-5.5,-8.728535207,1.616695829));
#1259=DIRECTION('',(1.,0.,-0.));
#1260=VECTOR('',#1259,2.4);
#1261=LINE('',#1258,#1260);
#1262=EDGE_CURVE('',#1257,#67,#1261,.T.);
#1263=ORIENTED_EDGE('',*,*,#1262,.F.);
#1264=CARTESIAN_POINT('',(-5.5,-8.728535207,1.616695829));
#1265=DIRECTION('',(-0.,-0.,-1.));
#1266=VECTOR('',#1265,1.6);
#1267=LINE('',#1264,#1266);
#1268=EDGE_CURVE('',#1257,#1193,#1267,.T.);
#1269=ORIENTED_EDGE('',*,*,#1268,.T.);
#1270=ORIENTED_EDGE('',*,*,#1198,.T.);
#1271=ORIENTED_EDGE('',*,*,#80,.T.);
#1272=EDGE_LOOP('',(#1263,#1269,#1270,#1271));
#1273=FACE_BOUND('',#1272,.T.);
#1274=ADVANCED_FACE('',(#1273),#1255,.T.);
#1275=CARTESIAN_POINT('',(-7.,-3.728535207,11.116695829));
#1276=DIRECTION('',(0.,-1.,0.));
#1277=DIRECTION('',(0.,0.,1.));
#1278=AXIS2_PLACEMENT_3D('',#1275,#1276,#1277);
#1279=PLANE('',#1278);
#1280=ORIENTED_EDGE('',*,*,#1245,.T.);
#1281=CARTESIAN_POINT('',(-1.75,-3.728535207,6.561951842));
#1282=VERTEX_POINT('',#1281);
#1283=CARTESIAN_POINT('',(-2.25,-3.728535207,6.561951842));
#1284=DIRECTION('',(-0.,1.,-0.));
#1285=DIRECTION('',(1.,0.,0.));
#1286=AXIS2_PLACEMENT_3D('',#1283,#1284,#1285);
#1287=CIRCLE('',#1286,0.5);
#1288=EDGE_CURVE('',#1233,#1282,#1287,.T.);
#1289=ORIENTED_EDGE('',*,*,#1288,.T.);
#1290=CARTESIAN_POINT('',(-1.75,-3.728535207,3.917894302));
#1291=VERTEX_POINT('',#1290);
#1292=CARTESIAN_POINT('',(-1.75,-3.728535207,6.561951842));
#1293=DIRECTION('',(0.,0.,-1.));
#1294=VECTOR('',#1293,2.644057541);
#1295=LINE('',#1292,#1294);
#1296=EDGE_CURVE('',#1282,#1291,#1295,.T.);
#1297=ORIENTED_EDGE('',*,*,#1296,.T.);
#1298=CARTESIAN_POINT('',(-1.75,-3.728535207,3.917894302));
#1299=DIRECTION('',(-1.,-0.,0.));
#1300=VECTOR('',#1299,1.35);
#1301=LINE('',#1298,#1300);
#1302=EDGE_CURVE('',#1291,#35,#1301,.T.);
#1303=ORIENTED_EDGE('',*,*,#1302,.T.);
#1304=ORIENTED_EDGE('',*,*,#94,.F.);
#1305=ORIENTED_EDGE('',*,*,#1212,.F.);
#1306=ORIENTED_EDGE('',*,*,#1147,.T.);
#1307=ORIENTED_EDGE('',*,*,#1100,.F.);
#1308=ORIENTED_EDGE('',*,*,#983,.F.);
#1309=ORIENTED_EDGE('',*,*,#901,.T.);
#1310=ORIENTED_EDGE('',*,*,#859,.F.);
#1311=ORIENTED_EDGE('',*,*,#717,.F.);
#1312=ORIENTED_EDGE('',*,*,#208,.T.);
#1313=ORIENTED_EDGE('',*,*,#479,.F.);
#1314=ORIENTED_EDGE('',*,*,#128,.T.);
#1315=CARTESIAN_POINT('',(1.75,-3.728535207,3.916695829));
#1316=VERTEX_POINT('',#1315);
#1317=CARTESIAN_POINT('',(1.75,-3.728535207,3.916695829));
#1318=DIRECTION('',(1.,0.,0.));
#1319=VECTOR('',#1318,1.35);
#1320=LINE('',#1317,#1319);
#1321=EDGE_CURVE('',#1316,#115,#1320,.T.);
#1322=ORIENTED_EDGE('',*,*,#1321,.F.);
#1323=CARTESIAN_POINT('',(1.75,-3.728535207,6.561951842));
#1324=VERTEX_POINT('',#1323);
#1325=CARTESIAN_POINT('',(1.75,-3.728535207,6.561951842));
#1326=DIRECTION('',(0.,0.,-1.));
#1327=VECTOR('',#1326,2.645256013);
#1328=LINE('',#1325,#1327);
#1329=EDGE_CURVE('',#1324,#1316,#1328,.T.);
#1330=ORIENTED_EDGE('',*,*,#1329,.F.);
#1331=CARTESIAN_POINT('',(2.25,-3.728535207,6.561951842));
#1332=DIRECTION('',(-0.,1.,-0.));
#1333=DIRECTION('',(1.,0.,0.));
#1334=AXIS2_PLACEMENT_3D('',#1331,#1332,#1333);
#1335=CIRCLE('',#1334,0.5);
#1336=EDGE_CURVE('',#1324,#638,#1335,.T.);
#1337=ORIENTED_EDGE('',*,*,#1336,.T.);
#1338=ORIENTED_EDGE('',*,*,#644,.T.);
#1339=ORIENTED_EDGE('',*,*,#627,.F.);
#1340=ORIENTED_EDGE('',*,*,#596,.T.);
#1341=ORIENTED_EDGE('',*,*,#554,.T.);
#1342=EDGE_LOOP('',(#1280,#1289,#1297,#1303,#1304,#1305,#1306,#1307,#1308,#1309,#1310,#1311,#1312,#1313,#1314,#1322,#1330,#1337,#1338,#1339,#1340,#1341));
#1343=FACE_BOUND('',#1342,.T.);
#1344=ADVANCED_FACE('',(#1343),#1279,.F.);
#1345=CARTESIAN_POINT('',(5.,-6.828535207,4.616695829));
#1346=DIRECTION('',(-0.,0.,-1.));
#1347=DIRECTION('',(0.,-1.,-0.));
#1348=AXIS2_PLACEMENT_3D('',#1345,#1346,#1347);
#1349=CYLINDRICAL_SURFACE('',#1348,1.1);
#1350=CARTESIAN_POINT('',(4.02800314,-7.343532396,1.616695829));
#1351=VERTEX_POINT('',#1350);
#1352=CARTESIAN_POINT('',(5.954902966,-7.379848691,1.616695829));
#1353=VERTEX_POINT('',#1352);
#1354=CARTESIAN_POINT('',(5.,-6.828535207,1.616695829));
#1355=DIRECTION('',(-0.,-0.,-1.));
#1356=DIRECTION('',(1.,0.,-0.));
#1357=AXIS2_PLACEMENT_3D('',#1354,#1355,#1356);
#1358=CIRCLE('',#1357,1.1);
#1359=EDGE_CURVE('',#1351,#1353,#1358,.T.);
#1360=ORIENTED_EDGE('',*,*,#1359,.F.);
#1361=CARTESIAN_POINT('',(4.02800314,-7.343532396,1.616695829));
#1362=DIRECTION('',(-0.,0.,-1.));
#1363=VECTOR('',#1362,1.6);
#1364=LINE('',#1361,#1363);
#1365=EDGE_CURVE('',#1351,#484,#1364,.T.);
#1366=ORIENTED_EDGE('',*,*,#1365,.T.);
#1367=ORIENTED_EDGE('',*,*,#514,.F.);
#1368=CARTESIAN_POINT('',(5.957177988,-7.381162176,1.616695829));
#1369=DIRECTION('',(-0.,0.,-1.));
#1370=VECTOR('',#1369,1.6);
#1371=LINE('',#1368,#1370);
#1372=EDGE_CURVE('',#1353,#502,#1371,.T.);
#1373=ORIENTED_EDGE('',*,*,#1372,.F.);
#1374=EDGE_LOOP('',(#1360,#1366,#1367,#1373));
#1375=FACE_BOUND('',#1374,.T.);
#1376=ADVANCED_FACE('',(#1375),#1349,.F.);
#1377=CARTESIAN_POINT('',(4.058001476,-7.395491038,4.616695829));
#1378=DIRECTION('',(0.866025404,0.5,0.));
#1379=DIRECTION('',(-0.5,0.866025404,0.));
#1380=AXIS2_PLACEMENT_3D('',#1377,#1378,#1379);
#1381=PLANE('',#1380);
#1382=CARTESIAN_POINT('',(4.538959751,-8.228535207,1.616695829));
#1383=VERTEX_POINT('',#1382);
#1384=CARTESIAN_POINT('',(4.538959751,-8.228535207,1.616695829));
#1385=DIRECTION('',(-0.5,0.866025404,0.));
#1386=VECTOR('',#1385,1.021913222);
#1387=LINE('',#1384,#1386);
#1388=EDGE_CURVE('',#1383,#1351,#1387,.T.);
#1389=ORIENTED_EDGE('',*,*,#1388,.F.);
#1390=CARTESIAN_POINT('',(4.538959751,-8.228535207,1.616695829));
#1391=DIRECTION('',(-0.,0.,-1.));
#1392=VECTOR('',#1391,1.6);
#1393=LINE('',#1390,#1392);
#1394=EDGE_CURVE('',#1383,#486,#1393,.T.);
#1395=ORIENTED_EDGE('',*,*,#1394,.T.);
#1396=ORIENTED_EDGE('',*,*,#491,.F.);
#1397=ORIENTED_EDGE('',*,*,#1365,.F.);
#1398=EDGE_LOOP('',(#1389,#1395,#1396,#1397));
#1399=FACE_BOUND('',#1398,.T.);
#1400=ADVANCED_FACE('',(#1399),#1381,.T.);
#1401=CARTESIAN_POINT('',(5.53535073,-8.111788418,4.616695829));
#1402=DIRECTION('',(0.866025404,-0.5,-0.));
#1403=DIRECTION('',(0.5,0.866025404,-0.));
#1404=AXIS2_PLACEMENT_3D('',#1401,#1402,#1403);
#1405=PLANE('',#1404);
#1406=CARTESIAN_POINT('',(5.46794694,-8.228535207,1.616695829));
#1407=VERTEX_POINT('',#1406);
#1408=CARTESIAN_POINT('',(5.46794694,-8.228535207,1.616695829));
#1409=DIRECTION('',(-0.,0.,-1.));
#1410=VECTOR('',#1409,1.6);
#1411=LINE('',#1408,#1410);
#1412=EDGE_CURVE('',#1407,#494,#1411,.T.);
#1413=ORIENTED_EDGE('',*,*,#1412,.F.);
#1414=CARTESIAN_POINT('',(5.46794694,-8.228535207,1.616695829));
#1415=DIRECTION('',(0.5,0.866025404,-0.));
#1416=VECTOR('',#1415,0.978462095);
#1417=LINE('',#1414,#1416);
#1418=EDGE_CURVE('',#1407,#1353,#1417,.T.);
#1419=ORIENTED_EDGE('',*,*,#1418,.T.);
#1420=ORIENTED_EDGE('',*,*,#1372,.T.);
#1421=ORIENTED_EDGE('',*,*,#507,.T.);
#1422=EDGE_LOOP('',(#1413,#1419,#1420,#1421));
#1423=FACE_BOUND('',#1422,.T.);
#1424=ADVANCED_FACE('',(#1423),#1405,.F.);
#1425=CARTESIAN_POINT('',(4.769479876,-8.228535207,4.616695829));
#1426=DIRECTION('',(0.,-1.,-0.));
#1427=DIRECTION('',(0.,-0.,1.));
#1428=AXIS2_PLACEMENT_3D('',#1425,#1426,#1427);
#1429=PLANE('',#1428);
#1430=ORIENTED_EDGE('',*,*,#1394,.F.);
#1431=CARTESIAN_POINT('',(4.538959751,-8.228535207,1.616695829));
#1432=DIRECTION('',(1.,0.,-0.));
#1433=VECTOR('',#1432,0.928987189);
#1434=LINE('',#1431,#1433);
#1435=EDGE_CURVE('',#1383,#1407,#1434,.T.);
#1436=ORIENTED_EDGE('',*,*,#1435,.T.);
#1437=ORIENTED_EDGE('',*,*,#1412,.T.);
#1438=ORIENTED_EDGE('',*,*,#499,.T.);
#1439=EDGE_LOOP('',(#1430,#1436,#1437,#1438));
#1440=FACE_BOUND('',#1439,.T.);
#1441=ADVANCED_FACE('',(#1440),#1429,.F.);
#1442=CARTESIAN_POINT('',(-4.769479876,-8.228535207,4.616695829));
#1443=DIRECTION('',(0.,-1.,-0.));
#1444=DIRECTION('',(0.,-0.,1.));
#1445=AXIS2_PLACEMENT_3D('',#1442,#1443,#1444);
#1446=PLANE('',#1445);
#1447=CARTESIAN_POINT('',(-5.461577278,-8.228535207,1.616695829));
#1448=VERTEX_POINT('',#1447);
#1449=CARTESIAN_POINT('',(-5.461577278,-8.228535207,1.616695829));
#1450=DIRECTION('',(-0.,0.,-1.));
#1451=VECTOR('',#1450,1.6);
#1452=LINE('',#1449,#1451);
#1453=EDGE_CURVE('',#1448,#1158,#1452,.T.);
#1454=ORIENTED_EDGE('',*,*,#1453,.F.);
#1455=CARTESIAN_POINT('',(-4.538959751,-8.228535207,1.616695829));
#1456=VERTEX_POINT('',#1455);
#1457=CARTESIAN_POINT('',(-5.461577278,-8.228535207,1.616695829));
#1458=DIRECTION('',(1.,0.,-0.));
#1459=VECTOR('',#1458,0.922617526);
#1460=LINE('',#1457,#1459);
#1461=EDGE_CURVE('',#1448,#1456,#1460,.T.);
#1462=ORIENTED_EDGE('',*,*,#1461,.T.);
#1463=CARTESIAN_POINT('',(-4.538959751,-8.228535207,1.616695829));
#1464=DIRECTION('',(-0.,0.,-1.));
#1465=VECTOR('',#1464,1.6);
#1466=LINE('',#1463,#1465);
#1467=EDGE_CURVE('',#1456,#1168,#1466,.T.);
#1468=ORIENTED_EDGE('',*,*,#1467,.T.);
#1469=ORIENTED_EDGE('',*,*,#1173,.T.);
#1470=EDGE_LOOP('',(#1454,#1462,#1468,#1469));
#1471=FACE_BOUND('',#1470,.T.);
#1472=ADVANCED_FACE('',(#1471),#1446,.F.);
#1473=CARTESIAN_POINT('',(-4.303480337,-7.820672896,4.616695829));
#1474=DIRECTION('',(-0.866025404,0.5,0.));
#1475=DIRECTION('',(-0.5,-0.866025404,0.));
#1476=AXIS2_PLACEMENT_3D('',#1473,#1474,#1475);
#1477=PLANE('',#1476);
#1478=CARTESIAN_POINT('',(-4.02800314,-7.343532396,1.616695829));
#1479=VERTEX_POINT('',#1478);
#1480=CARTESIAN_POINT('',(-4.02800314,-7.343532396,1.616695829));
#1481=DIRECTION('',(-0.5,-0.866025404,0.));
#1482=VECTOR('',#1481,1.021913222);
#1483=LINE('',#1480,#1482);
#1484=EDGE_CURVE('',#1479,#1456,#1483,.T.);
#1485=ORIENTED_EDGE('',*,*,#1484,.F.);
#1486=CARTESIAN_POINT('',(-4.02800314,-7.343532396,1.616695829));
#1487=DIRECTION('',(-0.,0.,-1.));
#1488=VECTOR('',#1487,1.6);
#1489=LINE('',#1486,#1488);
#1490=EDGE_CURVE('',#1479,#1176,#1489,.T.);
#1491=ORIENTED_EDGE('',*,*,#1490,.T.);
#1492=ORIENTED_EDGE('',*,*,#1181,.F.);
#1493=ORIENTED_EDGE('',*,*,#1467,.F.);
#1494=EDGE_LOOP('',(#1485,#1491,#1492,#1493));
#1495=FACE_BOUND('',#1494,.T.);
#1496=ADVANCED_FACE('',(#1495),#1477,.T.);
#1497=CARTESIAN_POINT('',(-5.,-6.828535207,4.616695829));
#1498=DIRECTION('',(-0.,0.,-1.));
#1499=DIRECTION('',(0.,-1.,-0.));
#1500=AXIS2_PLACEMENT_3D('',#1497,#1498,#1499);
#1501=CYLINDRICAL_SURFACE('',#1500,1.1);
#1502=CARTESIAN_POINT('',(-6.006087876,-7.273267919,1.616695829));
#1503=VERTEX_POINT('',#1502);
#1504=CARTESIAN_POINT('',(-5.,-6.828535207,1.616695829));
#1505=DIRECTION('',(-0.,-0.,-1.));
#1506=DIRECTION('',(1.,0.,-0.));
#1507=AXIS2_PLACEMENT_3D('',#1504,#1505,#1506);
#1508=CIRCLE('',#1507,1.1);
#1509=EDGE_CURVE('',#1503,#1479,#1508,.T.);
#1510=ORIENTED_EDGE('',*,*,#1509,.F.);
#1511=CARTESIAN_POINT('',(-6.006087876,-7.273267919,1.616695829));
#1512=DIRECTION('',(-0.,0.,-1.));
#1513=VECTOR('',#1512,1.6);
#1514=LINE('',#1511,#1513);
#1515=EDGE_CURVE('',#1503,#1160,#1514,.T.);
#1516=ORIENTED_EDGE('',*,*,#1515,.T.);
#1517=ORIENTED_EDGE('',*,*,#1188,.F.);
#1518=ORIENTED_EDGE('',*,*,#1490,.F.);
#1519=EDGE_LOOP('',(#1510,#1516,#1517,#1518));
#1520=FACE_BOUND('',#1519,.T.);
#1521=ADVANCED_FACE('',(#1520),#1501,.F.);
#1522=CARTESIAN_POINT('',(-5.678442872,-7.848075013,4.616695829));
#1523=DIRECTION('',(-0.868774044,-0.495208703,-0.));
#1524=DIRECTION('',(0.495208703,-0.868774044,0.));
#1525=AXIS2_PLACEMENT_3D('',#1522,#1523,#1524);
#1526=PLANE('',#1525);
#1527=ORIENTED_EDGE('',*,*,#1515,.F.);
#1528=CARTESIAN_POINT('',(-6.006087876,-7.273267919,1.616695829));
#1529=DIRECTION('',(0.495208703,-0.868774044,-0.));
#1530=VECTOR('',#1529,1.099557813);
#1531=LINE('',#1528,#1530);
#1532=EDGE_CURVE('',#1503,#1448,#1531,.T.);
#1533=ORIENTED_EDGE('',*,*,#1532,.T.);
#1534=ORIENTED_EDGE('',*,*,#1453,.T.);
#1535=ORIENTED_EDGE('',*,*,#1165,.T.);
#1536=EDGE_LOOP('',(#1527,#1533,#1534,#1535));
#1537=FACE_BOUND('',#1536,.T.);
#1538=ADVANCED_FACE('',(#1537),#1526,.F.);
#1539=CARTESIAN_POINT('',(-6.,-5.180885476,3.416695829));
#1540=DIRECTION('',(-0.5,0.866025404,-0.));
#1541=DIRECTION('',(0.866025404,0.5,-0.));
#1542=AXIS2_PLACEMENT_3D('',#1539,#1540,#1541);
#1543=PLANE('',#1542);
#1544=CARTESIAN_POINT('',(-6.422935871,-5.425067615,3.416695829));
#1545=VERTEX_POINT('',#1544);
#1546=CARTESIAN_POINT('',(-6.471004812,-5.452820231,2.816695829));
#1547=VERTEX_POINT('',#1546);
#1548=CARTESIAN_POINT('',(-6.422935907,-5.425067636,3.416695835));
#1549=CARTESIAN_POINT('',(-6.457538738,-5.44504559,3.219945508));
#1550=CARTESIAN_POINT('',(-6.471004812,-5.452820231,3.019498297));
#1551=CARTESIAN_POINT('',(-6.471004812,-5.452820231,2.816695829));
#1552=B_SPLINE_CURVE_WITH_KNOTS('',3,(#1548,#1549,#1550,#1551),.UNSPECIFIED.,.F.,.F.,(4,4),(0.,0.000601546),.UNSPECIFIED.);
#1553=EDGE_CURVE('',#1545,#1547,#1552,.T.);
#1554=ORIENTED_EDGE('',*,*,#1553,.T.);
#1555=CARTESIAN_POINT('',(-6.471004812,-5.452820231,1.616695829));
#1556=VERTEX_POINT('',#1555);
#1557=CARTESIAN_POINT('',(-6.471004812,-5.452820231,2.816695829));
#1558=DIRECTION('',(0.,-0.,-1.));
#1559=VECTOR('',#1558,1.2);
#1560=LINE('',#1557,#1559);
#1561=EDGE_CURVE('',#1547,#1556,#1560,.T.);
#1562=ORIENTED_EDGE('',*,*,#1561,.T.);
#1563=CARTESIAN_POINT('',(-5.,-4.603535207,1.616695829));
#1564=VERTEX_POINT('',#1563);
#1565=CARTESIAN_POINT('',(-5.,-4.603535207,1.616695829));
#1566=DIRECTION('',(-0.866025404,-0.5,0.));
#1567=VECTOR('',#1566,1.698570048);
#1568=LINE('',#1565,#1567);
#1569=EDGE_CURVE('',#1564,#1556,#1568,.T.);
#1570=ORIENTED_EDGE('',*,*,#1569,.F.);
#1571=CARTESIAN_POINT('',(-5.,-4.603535207,3.416695829));
#1572=VERTEX_POINT('',#1571);
#1573=CARTESIAN_POINT('',(-5.,-4.603535207,3.416695829));
#1574=DIRECTION('',(-0.,-0.,-1.));
#1575=VECTOR('',#1574,1.8);
#1576=LINE('',#1573,#1575);
#1577=EDGE_CURVE('',#1572,#1564,#1576,.T.);
#1578=ORIENTED_EDGE('',*,*,#1577,.F.);
#1579=CARTESIAN_POINT('',(-5.,-4.603535207,3.416695829));
#1580=DIRECTION('',(-0.866025404,-0.5,0.));
#1581=VECTOR('',#1580,1.643064816);
#1582=LINE('',#1579,#1581);
#1583=EDGE_CURVE('',#1572,#1545,#1582,.T.);
#1584=ORIENTED_EDGE('',*,*,#1583,.T.);
#1585=EDGE_LOOP('',(#1554,#1562,#1570,#1578,#1584));
#1586=FACE_BOUND('',#1585,.T.);
#1587=ADVANCED_FACE('',(#1586),#1543,.F.);
#1588=CARTESIAN_POINT('',(-5.,-6.666035207,3.416695829));
#1589=DIRECTION('',(-0.,-0.,-1.));
#1590=DIRECTION('',(-1.,-0.,0.));
#1591=AXIS2_PLACEMENT_3D('',#1588,#1589,#1590);
#1592=PLANE('',#1591);
#1593=CARTESIAN_POINT('',(-5.461577278,-8.228535207,3.416695829));
#1594=VERTEX_POINT('',#1593);
#1595=CARTESIAN_POINT('',(-4.538959751,-8.228535207,3.416695829));
#1596=VERTEX_POINT('',#1595);
#1597=CARTESIAN_POINT('',(-5.461577278,-8.228535207,3.416695829));
#1598=DIRECTION('',(1.,0.,-0.));
#1599=VECTOR('',#1598,0.922617526);
#1600=LINE('',#1597,#1599);
#1601=EDGE_CURVE('',#1594,#1596,#1600,.T.);
#1602=ORIENTED_EDGE('',*,*,#1601,.T.);
#1603=CARTESIAN_POINT('',(-4.02800314,-7.343532396,3.416695829));
#1604=VERTEX_POINT('',#1603);
#1605=CARTESIAN_POINT('',(-4.02800314,-7.343532396,3.416695829));
#1606=DIRECTION('',(-0.5,-0.866025404,0.));
#1607=VECTOR('',#1606,1.021913222);
#1608=LINE('',#1605,#1607);
#1609=EDGE_CURVE('',#1604,#1596,#1608,.T.);
#1610=ORIENTED_EDGE('',*,*,#1609,.F.);
#1611=CARTESIAN_POINT('',(-6.006087876,-7.273267919,3.416695829));
#1612=VERTEX_POINT('',#1611);
#1613=CARTESIAN_POINT('',(-5.,-6.828535207,3.416695829));
#1614=DIRECTION('',(-0.,-0.,-1.));
#1615=DIRECTION('',(1.,0.,-0.));
#1616=AXIS2_PLACEMENT_3D('',#1613,#1614,#1615);
#1617=CIRCLE('',#1616,1.1);
#1618=EDGE_CURVE('',#1612,#1604,#1617,.T.);
#1619=ORIENTED_EDGE('',*,*,#1618,.F.);
#1620=CARTESIAN_POINT('',(-6.006087876,-7.273267919,3.416695829));
#1621=DIRECTION('',(0.495208703,-0.868774044,-0.));
#1622=VECTOR('',#1621,1.099557813);
#1623=LINE('',#1620,#1622);
#1624=EDGE_CURVE('',#1612,#1594,#1623,.T.);
#1625=ORIENTED_EDGE('',*,*,#1624,.T.);
#1626=EDGE_LOOP('',(#1602,#1610,#1619,#1625));
#1627=FACE_BOUND('',#1626,.T.);
#1628=ORIENTED_EDGE('',*,*,#397,.F.);
#1629=CARTESIAN_POINT('',(-5.419901198,-8.728535207,3.416695829));
#1630=CARTESIAN_POINT('',(-5.520217696,-8.728535216,3.416695829));
#1631=CARTESIAN_POINT('',(-5.619030704,-8.719496167,3.416695829));
#1632=CARTESIAN_POINT('',(-5.716330092,-8.701357147,3.416695829));
#1633=CARTESIAN_POINT('',(-5.813629479,-8.683218126,3.416695829));
#1634=CARTESIAN_POINT('',(-5.91033335,-8.655600646,3.416695829));
#1635=CARTESIAN_POINT('',(-6.00309995,-8.61899333,3.416695829));
#1636=CARTESIAN_POINT('',(-6.09586655,-8.582386015,3.416695829));
#1637=CARTESIAN_POINT('',(-6.183934958,-8.537322315,3.416695829));
#1638=CARTESIAN_POINT('',(-6.267327488,-8.483842396,3.416695829));
#1639=CARTESIAN_POINT('',(-6.350720018,-8.430362477,3.416695829));
#1640=CARTESIAN_POINT('',(-6.430140958,-8.367627083,3.416695829));
#1641=CARTESIAN_POINT('',(-6.50154552,-8.298625663,3.416695829));
#1642=CARTESIAN_POINT('',(-6.572950082,-8.229624243,3.416695829));
#1643=CARTESIAN_POINT('',(-6.636982083,-8.154196165,3.416695829));
#1644=CARTESIAN_POINT('',(-6.693532135,-8.072246075,3.416695829));
#1645=CARTESIAN_POINT('',(-6.750082188,-7.990295985,3.416695829));
#1646=CARTESIAN_POINT('',(-6.798760887,-7.901890907,3.416695829));
#1647=CARTESIAN_POINT('',(-6.837620424,-7.810823505,3.416695829));
#1648=CARTESIAN_POINT('',(-6.915339498,-7.628688701,3.416695829));
#1649=CARTESIAN_POINT('',(-6.956727492,-7.429383926,3.416695829));
#1650=CARTESIAN_POINT('',(-6.956727492,-7.228535207,3.416695829));
#1651=B_SPLINE_CURVE_WITH_KNOTS('',3,(#1629,#1630,#1631,#1632,#1633,#1634,#1635,#1636,#1637,#1638,#1639,#1640,#1641,#1642,#1643,#1644,#1645,#1646,#1647,#1648,#1649,#1650),.UNSPECIFIED.,.F.,.F.,(4,3,3,3,3,3,3,4),(0.,0.000296871,0.000593742,0.000890612,0.001187483,0.001484354,0.001781225,0.002374967),.UNSPECIFIED.);
#1652=EDGE_CURVE('',#373,#1017,#1651,.T.);
#1653=ORIENTED_EDGE('',*,*,#1652,.T.);
#1654=ORIENTED_EDGE('',*,*,#1022,.T.);
#1655=CARTESIAN_POINT('',(-6.956727492,-5.124849555,3.416695829));
#1656=CARTESIAN_POINT('',(-6.956727489,-5.187204682,3.416695829));
#1657=CARTESIAN_POINT('',(-6.939888017,-5.248520629,3.416695829));
#1658=CARTESIAN_POINT('',(-6.908717683,-5.301524388,3.416695829));
#1659=CARTESIAN_POINT('',(-6.877547348,-5.354528147,3.416695829));
#1660=CARTESIAN_POINT('',(-6.83159502,-5.399393934,3.416695829));
#1661=CARTESIAN_POINT('',(-6.777492404,-5.429458636,3.416695829));
#1662=CARTESIAN_POINT('',(-6.723389788,-5.459523337,3.416695829));
#1663=CARTESIAN_POINT('',(-6.661602164,-5.474813544,3.416695829));
#1664=CARTESIAN_POINT('',(-6.599954298,-5.473967615,3.416695829));
#1665=CARTESIAN_POINT('',(-6.538306431,-5.473121685,3.416695829));
#1666=CARTESIAN_POINT('',(-6.47691501,-5.456232488,3.416695829));
#1667=CARTESIAN_POINT('',(-6.422935871,-5.425067615,3.416695829));
#1668=B_SPLINE_CURVE_WITH_KNOTS('',3,(#1655,#1656,#1657,#1658,#1659,#1660,#1661,#1662,#1663,#1664,#1665,#1666,#1667),.UNSPECIFIED.,.F.,.F.,(4,3,3,3,4),(0.,0.000184428,0.000368855,0.000553283,0.00073771),.UNSPECIFIED.);
#1669=EDGE_CURVE('',#1008,#1545,#1668,.T.);
#1670=ORIENTED_EDGE('',*,*,#1669,.T.);
#1671=ORIENTED_EDGE('',*,*,#1583,.F.);
#1672=CARTESIAN_POINT('',(-3.628995188,-5.395085204,3.416695829));
#1673=VERTEX_POINT('',#1672);
#1674=CARTESIAN_POINT('',(-3.628995188,-5.395085204,3.416695829));
#1675=DIRECTION('',(-0.866025404,0.5,0.));
#1676=VECTOR('',#1675,1.583099994);
#1677=LINE('',#1674,#1676);
#1678=EDGE_CURVE('',#1673,#1572,#1677,.T.);
#1679=ORIENTED_EDGE('',*,*,#1678,.F.);
#1680=CARTESIAN_POINT('',(-3.452663459,-5.442333148,3.416695829));
#1681=VERTEX_POINT('',#1680);
#1682=CARTESIAN_POINT('',(-3.452663459,-5.089669689,3.416695829));
#1683=DIRECTION('',(0.,0.,1.));
#1684=DIRECTION('',(1.,0.,-0.));
#1685=AXIS2_PLACEMENT_3D('',#1682,#1683,#1684);
#1686=CIRCLE('',#1685,0.352663459);
#1687=EDGE_CURVE('',#1673,#1681,#1686,.T.);
#1688=ORIENTED_EDGE('',*,*,#1687,.T.);
#1689=CARTESIAN_POINT('',(-3.452663459,-5.089669689,3.416695829));
#1690=DIRECTION('',(0.,0.,1.));
#1691=DIRECTION('',(1.,0.,-0.));
#1692=AXIS2_PLACEMENT_3D('',#1689,#1690,#1691);
#1693=CIRCLE('',#1692,0.352663459);
#1694=EDGE_CURVE('',#1681,#51,#1693,.T.);
#1695=ORIENTED_EDGE('',*,*,#1694,.T.);
#1696=ORIENTED_EDGE('',*,*,#56,.F.);
#1697=EDGE_LOOP('',(#1628,#1653,#1654,#1670,#1671,#1679,#1688,#1695,#1696));
#1698=FACE_BOUND('',#1697,.T.);
#1699=ADVANCED_FACE('',(#1627,#1698),#1592,.T.);
#1700=CARTESIAN_POINT('',(-5.,-6.666035207,1.616695829));
#1701=DIRECTION('',(-0.,-0.,-1.));
#1702=DIRECTION('',(-1.,-0.,0.));
#1703=AXIS2_PLACEMENT_3D('',#1700,#1701,#1702);
#1704=PLANE('',#1703);
#1705=ORIENTED_EDGE('',*,*,#1134,.T.);
#1706=CARTESIAN_POINT('',(-5.5,-7.228535207,1.616695829));
#1707=DIRECTION('',(0.,0.,1.));
#1708=DIRECTION('',(1.,0.,-0.));
#1709=AXIS2_PLACEMENT_3D('',#1706,#1707,#1708);
#1710=CIRCLE('',#1709,1.5);
#1711=EDGE_CURVE('',#1121,#1257,#1710,.T.);
#1712=ORIENTED_EDGE('',*,*,#1711,.T.);
#1713=ORIENTED_EDGE('',*,*,#1262,.T.);
#1714=ORIENTED_EDGE('',*,*,#72,.T.);
#1715=CARTESIAN_POINT('',(-3.452663459,-5.442333148,1.616695829));
#1716=VERTEX_POINT('',#1715);
#1717=CARTESIAN_POINT('',(-3.452663459,-5.089669689,1.616695829));
#1718=DIRECTION('',(-0.,-0.,-1.));
#1719=DIRECTION('',(1.,0.,-0.));
#1720=AXIS2_PLACEMENT_3D('',#1717,#1718,#1719);
#1721=CIRCLE('',#1720,0.352663459);
#1722=EDGE_CURVE('',#59,#1716,#1721,.T.);
#1723=ORIENTED_EDGE('',*,*,#1722,.T.);
#1724=CARTESIAN_POINT('',(-3.628995188,-5.395085204,1.616695829));
#1725=VERTEX_POINT('',#1724);
#1726=CARTESIAN_POINT('',(-3.452663459,-5.089669689,1.616695829));
#1727=DIRECTION('',(-0.,-0.,-1.));
#1728=DIRECTION('',(1.,0.,-0.));
#1729=AXIS2_PLACEMENT_3D('',#1726,#1727,#1728);
#1730=CIRCLE('',#1729,0.352663459);
#1731=EDGE_CURVE('',#1716,#1725,#1730,.T.);
#1732=ORIENTED_EDGE('',*,*,#1731,.T.);
#1733=CARTESIAN_POINT('',(-3.628995188,-5.395085204,1.616695829));
#1734=DIRECTION('',(-0.866025404,0.5,0.));
#1735=VECTOR('',#1734,1.583099994);
#1736=LINE('',#1733,#1735);
#1737=EDGE_CURVE('',#1725,#1564,#1736,.T.);
#1738=ORIENTED_EDGE('',*,*,#1737,.T.);
#1739=ORIENTED_EDGE('',*,*,#1569,.T.);
#1740=CARTESIAN_POINT('',(-6.647336541,-5.147404716,1.616695829));
#1741=DIRECTION('',(-0.,-0.,-1.));
#1742=DIRECTION('',(1.,0.,-0.));
#1743=AXIS2_PLACEMENT_3D('',#1740,#1741,#1742);
#1744=CIRCLE('',#1743,0.352663459);
#1745=EDGE_CURVE('',#1556,#1129,#1744,.T.);
#1746=ORIENTED_EDGE('',*,*,#1745,.T.);
#1747=EDGE_LOOP('',(#1705,#1712,#1713,#1714,#1723,#1732,#1738,#1739,#1746));
#1748=FACE_BOUND('',#1747,.T.);
#1749=ORIENTED_EDGE('',*,*,#1532,.F.);
#1750=ORIENTED_EDGE('',*,*,#1509,.T.);
#1751=ORIENTED_EDGE('',*,*,#1484,.T.);
#1752=ORIENTED_EDGE('',*,*,#1461,.F.);
#1753=EDGE_LOOP('',(#1749,#1750,#1751,#1752));
#1754=FACE_BOUND('',#1753,.T.);
#1755=ADVANCED_FACE('',(#1748,#1754),#1704,.F.);
#1756=CARTESIAN_POINT('',(-4.,-5.180885476,3.416695829));
#1757=DIRECTION('',(0.5,0.866025404,-0.));
#1758=DIRECTION('',(0.866025404,-0.5,-0.));
#1759=AXIS2_PLACEMENT_3D('',#1756,#1757,#1758);
#1760=PLANE('',#1759);
#1761=ORIENTED_EDGE('',*,*,#1737,.F.);
#1762=CARTESIAN_POINT('',(-3.628995188,-5.395085204,1.616695829));
#1763=DIRECTION('',(-0.,0.,1.));
#1764=VECTOR('',#1763,1.8);
#1765=LINE('',#1762,#1764);
#1766=EDGE_CURVE('',#1725,#1673,#1765,.T.);
#1767=ORIENTED_EDGE('',*,*,#1766,.T.);
#1768=ORIENTED_EDGE('',*,*,#1678,.T.);
#1769=ORIENTED_EDGE('',*,*,#1577,.T.);
#1770=EDGE_LOOP('',(#1761,#1767,#1768,#1769));
#1771=FACE_BOUND('',#1770,.T.);
#1772=ADVANCED_FACE('',(#1771),#1760,.F.);
#1773=CARTESIAN_POINT('',(0.,-3.328535207,4.616695829));
#1774=DIRECTION('',(0.,0.,1.));
#1775=DIRECTION('',(-1.,-0.,0.));
#1776=AXIS2_PLACEMENT_3D('',#1773,#1774,#1775);
#1777=PLANE('',#1776);
#1778=CARTESIAN_POINT('',(-4.538959751,-8.228535207,4.616695829));
#1779=VERTEX_POINT('',#1778);
#1780=CARTESIAN_POINT('',(-5.461577278,-8.228535207,4.616695829));
#1781=VERTEX_POINT('',#1780);
#1782=CARTESIAN_POINT('',(-4.538959751,-8.228535207,4.616695829));
#1783=DIRECTION('',(-1.,-0.,0.));
#1784=VECTOR('',#1783,0.922617526);
#1785=LINE('',#1782,#1784);
#1786=EDGE_CURVE('',#1779,#1781,#1785,.T.);
#1787=ORIENTED_EDGE('',*,*,#1786,.T.);
#1788=CARTESIAN_POINT('',(-6.006087876,-7.273267919,4.616695829));
#1789=VERTEX_POINT('',#1788);
#1790=CARTESIAN_POINT('',(-5.461577278,-8.228535207,4.616695829));
#1791=DIRECTION('',(-0.495208703,0.868774044,0.));
#1792=VECTOR('',#1791,1.099557813);
#1793=LINE('',#1790,#1792);
#1794=EDGE_CURVE('',#1781,#1789,#1793,.T.);
#1795=ORIENTED_EDGE('',*,*,#1794,.T.);
#1796=CARTESIAN_POINT('',(-4.02800314,-7.343532396,4.616695829));
#1797=VERTEX_POINT('',#1796);
#1798=CARTESIAN_POINT('',(-5.,-6.828535207,4.616695829));
#1799=DIRECTION('',(0.,0.,1.));
#1800=DIRECTION('',(-1.,-0.,0.));
#1801=AXIS2_PLACEMENT_3D('',#1798,#1799,#1800);
#1802=CIRCLE('',#1801,1.1);
#1803=EDGE_CURVE('',#1797,#1789,#1802,.T.);
#1804=ORIENTED_EDGE('',*,*,#1803,.F.);
#1805=CARTESIAN_POINT('',(-4.538959751,-8.228535207,4.616695829));
#1806=DIRECTION('',(0.5,0.866025404,0.));
#1807=VECTOR('',#1806,1.021913222);
#1808=LINE('',#1805,#1807);
#1809=EDGE_CURVE('',#1779,#1797,#1808,.T.);
#1810=ORIENTED_EDGE('',*,*,#1809,.F.);
#1811=EDGE_LOOP('',(#1787,#1795,#1804,#1810));
#1812=FACE_BOUND('',#1811,.T.);
#1813=ADVANCED_FACE('',(#1812),#1777,.F.);
#1814=CARTESIAN_POINT('',(-5.678442872,-7.848075013,4.616695829));
#1815=DIRECTION('',(-0.868774044,-0.495208703,-0.));
#1816=DIRECTION('',(0.495208703,-0.868774044,0.));
#1817=AXIS2_PLACEMENT_3D('',#1814,#1815,#1816);
#1818=PLANE('',#1817);
#1819=ORIENTED_EDGE('',*,*,#1624,.F.);
#1820=CARTESIAN_POINT('',(-6.006087876,-7.273267919,4.616695829));
#1821=DIRECTION('',(-0.,0.,-1.));
#1822=VECTOR('',#1821,1.2);
#1823=LINE('',#1820,#1822);
#1824=EDGE_CURVE('',#1789,#1612,#1823,.T.);
#1825=ORIENTED_EDGE('',*,*,#1824,.F.);
#1826=ORIENTED_EDGE('',*,*,#1794,.F.);
#1827=CARTESIAN_POINT('',(-5.461577278,-8.228535207,4.616695829));
#1828=DIRECTION('',(-0.,0.,-1.));
#1829=VECTOR('',#1828,1.2);
#1830=LINE('',#1827,#1829);
#1831=EDGE_CURVE('',#1781,#1594,#1830,.T.);
#1832=ORIENTED_EDGE('',*,*,#1831,.T.);
#1833=EDGE_LOOP('',(#1819,#1825,#1826,#1832));
#1834=FACE_BOUND('',#1833,.T.);
#1835=ADVANCED_FACE('',(#1834),#1818,.F.);
#1836=CARTESIAN_POINT('',(-5.,-6.828535207,4.616695829));
#1837=DIRECTION('',(-0.,0.,-1.));
#1838=DIRECTION('',(0.,-1.,-0.));
#1839=AXIS2_PLACEMENT_3D('',#1836,#1837,#1838);
#1840=CYLINDRICAL_SURFACE('',#1839,1.1);
#1841=ORIENTED_EDGE('',*,*,#1824,.T.);
#1842=ORIENTED_EDGE('',*,*,#1618,.T.);
#1843=CARTESIAN_POINT('',(-4.02800314,-7.343532396,4.616695829));
#1844=DIRECTION('',(-0.,0.,-1.));
#1845=VECTOR('',#1844,1.2);
#1846=LINE('',#1843,#1845);
#1847=EDGE_CURVE('',#1797,#1604,#1846,.T.);
#1848=ORIENTED_EDGE('',*,*,#1847,.F.);
#1849=ORIENTED_EDGE('',*,*,#1803,.T.);
#1850=EDGE_LOOP('',(#1841,#1842,#1848,#1849));
#1851=FACE_BOUND('',#1850,.T.);
#1852=ADVANCED_FACE('',(#1851),#1840,.F.);
#1853=CARTESIAN_POINT('',(-4.303480337,-7.820672896,4.616695829));
#1854=DIRECTION('',(-0.866025404,0.5,0.));
#1855=DIRECTION('',(-0.5,-0.866025404,0.));
#1856=AXIS2_PLACEMENT_3D('',#1853,#1854,#1855);
#1857=PLANE('',#1856);
#1858=ORIENTED_EDGE('',*,*,#1847,.T.);
#1859=ORIENTED_EDGE('',*,*,#1609,.T.);
#1860=CARTESIAN_POINT('',(-4.538959751,-8.228535207,4.616695829));
#1861=DIRECTION('',(-0.,0.,-1.));
#1862=VECTOR('',#1861,1.2);
#1863=LINE('',#1860,#1862);
#1864=EDGE_CURVE('',#1779,#1596,#1863,.T.);
#1865=ORIENTED_EDGE('',*,*,#1864,.F.);
#1866=ORIENTED_EDGE('',*,*,#1809,.T.);
#1867=EDGE_LOOP('',(#1858,#1859,#1865,#1866));
#1868=FACE_BOUND('',#1867,.T.);
#1869=ADVANCED_FACE('',(#1868),#1857,.T.);
#1870=CARTESIAN_POINT('',(-4.769479876,-8.228535207,4.616695829));
#1871=DIRECTION('',(0.,-1.,-0.));
#1872=DIRECTION('',(0.,-0.,1.));
#1873=AXIS2_PLACEMENT_3D('',#1870,#1871,#1872);
#1874=PLANE('',#1873);
#1875=ORIENTED_EDGE('',*,*,#1601,.F.);
#1876=ORIENTED_EDGE('',*,*,#1831,.F.);
#1877=ORIENTED_EDGE('',*,*,#1786,.F.);
#1878=ORIENTED_EDGE('',*,*,#1864,.T.);
#1879=EDGE_LOOP('',(#1875,#1876,#1877,#1878));
#1880=FACE_BOUND('',#1879,.T.);
#1881=ADVANCED_FACE('',(#1880),#1874,.F.);
#1882=CARTESIAN_POINT('',(6.,-5.180885476,3.416695829));
#1883=DIRECTION('',(0.5,0.866025404,-0.));
#1884=DIRECTION('',(-0.866025404,0.5,0.));
#1885=AXIS2_PLACEMENT_3D('',#1882,#1883,#1884);
#1886=PLANE('',#1885);
#1887=CARTESIAN_POINT('',(6.471004812,-5.452820231,1.616695829));
#1888=VERTEX_POINT('',#1887);
#1889=CARTESIAN_POINT('',(6.471004812,-5.452820231,2.816695829));
#1890=VERTEX_POINT('',#1889);
#1891=CARTESIAN_POINT('',(6.471004812,-5.452820231,1.616695829));
#1892=DIRECTION('',(-0.,0.,1.));
#1893=VECTOR('',#1892,1.2);
#1894=LINE('',#1891,#1893);
#1895=EDGE_CURVE('',#1888,#1890,#1894,.T.);
#1896=ORIENTED_EDGE('',*,*,#1895,.T.);
#1897=CARTESIAN_POINT('',(6.422935871,-5.425067615,3.416695829));
#1898=VERTEX_POINT('',#1897);
#1899=CARTESIAN_POINT('',(6.471004812,-5.452820231,2.816695829));
#1900=CARTESIAN_POINT('',(6.471004812,-5.452820231,3.019498297));
#1901=CARTESIAN_POINT('',(6.457538738,-5.44504559,3.219945508));
#1902=CARTESIAN_POINT('',(6.422935907,-5.425067636,3.416695835));
#1903=B_SPLINE_CURVE_WITH_KNOTS('',3,(#1899,#1900,#1901,#1902),.UNSPECIFIED.,.F.,.F.,(4,4),(0.,0.000601546),.UNSPECIFIED.);
#1904=EDGE_CURVE('',#1890,#1898,#1903,.T.);
#1905=ORIENTED_EDGE('',*,*,#1904,.T.);
#1906=CARTESIAN_POINT('',(5.,-4.603535207,3.416695829));
#1907=VERTEX_POINT('',#1906);
#1908=CARTESIAN_POINT('',(5.,-4.603535207,3.416695829));
#1909=DIRECTION('',(0.866025404,-0.5,-0.));
#1910=VECTOR('',#1909,1.643064816);
#1911=LINE('',#1908,#1910);
#1912=EDGE_CURVE('',#1907,#1898,#1911,.T.);
#1913=ORIENTED_EDGE('',*,*,#1912,.F.);
#1914=CARTESIAN_POINT('',(5.,-4.603535207,1.616695829));
#1915=VERTEX_POINT('',#1914);
#1916=CARTESIAN_POINT('',(5.,-4.603535207,3.416695829));
#1917=DIRECTION('',(0.,-0.,-1.));
#1918=VECTOR('',#1917,1.8);
#1919=LINE('',#1916,#1918);
#1920=EDGE_CURVE('',#1907,#1915,#1919,.T.);
#1921=ORIENTED_EDGE('',*,*,#1920,.T.);
#1922=CARTESIAN_POINT('',(5.,-4.603535207,1.616695829));
#1923=DIRECTION('',(0.866025404,-0.5,-0.));
#1924=VECTOR('',#1923,1.698570048);
#1925=LINE('',#1922,#1924);
#1926=EDGE_CURVE('',#1915,#1888,#1925,.T.);
#1927=ORIENTED_EDGE('',*,*,#1926,.T.);
#1928=EDGE_LOOP('',(#1896,#1905,#1913,#1921,#1927));
#1929=FACE_BOUND('',#1928,.T.);
#1930=ADVANCED_FACE('',(#1929),#1886,.F.);
#1931=CARTESIAN_POINT('',(5.,-6.666035207,3.416695829));
#1932=DIRECTION('',(-0.,-0.,-1.));
#1933=DIRECTION('',(1.,0.,-0.));
#1934=AXIS2_PLACEMENT_3D('',#1931,#1932,#1933);
#1935=PLANE('',#1934);
#1936=CARTESIAN_POINT('',(4.538959751,-8.228535207,3.416695829));
#1937=VERTEX_POINT('',#1936);
#1938=CARTESIAN_POINT('',(4.02800314,-7.343532396,3.416695829));
#1939=VERTEX_POINT('',#1938);
#1940=CARTESIAN_POINT('',(4.538959751,-8.228535207,3.416695829));
#1941=DIRECTION('',(-0.5,0.866025404,0.));
#1942=VECTOR('',#1941,1.021913222);
#1943=LINE('',#1940,#1942);
#1944=EDGE_CURVE('',#1937,#1939,#1943,.T.);
#1945=ORIENTED_EDGE('',*,*,#1944,.F.);
#1946=CARTESIAN_POINT('',(5.46794694,-8.228535207,3.416695829));
#1947=VERTEX_POINT('',#1946);
#1948=CARTESIAN_POINT('',(4.538959751,-8.228535207,3.416695829));
#1949=DIRECTION('',(1.,0.,-0.));
#1950=VECTOR('',#1949,0.928987189);
#1951=LINE('',#1948,#1950);
#1952=EDGE_CURVE('',#1937,#1947,#1951,.T.);
#1953=ORIENTED_EDGE('',*,*,#1952,.T.);
#1954=CARTESIAN_POINT('',(5.954902966,-7.379848691,3.416695829));
#1955=VERTEX_POINT('',#1954);
#1956=CARTESIAN_POINT('',(5.46794694,-8.228535207,3.416695829));
#1957=DIRECTION('',(0.5,0.866025404,-0.));
#1958=VECTOR('',#1957,0.978462095);
#1959=LINE('',#1956,#1958);
#1960=EDGE_CURVE('',#1947,#1955,#1959,.T.);
#1961=ORIENTED_EDGE('',*,*,#1960,.T.);
#1962=CARTESIAN_POINT('',(5.,-6.828535207,3.416695829));
#1963=DIRECTION('',(-0.,-0.,-1.));
#1964=DIRECTION('',(1.,0.,-0.));
#1965=AXIS2_PLACEMENT_3D('',#1962,#1963,#1964);
#1966=CIRCLE('',#1965,1.1);
#1967=EDGE_CURVE('',#1939,#1955,#1966,.T.);
#1968=ORIENTED_EDGE('',*,*,#1967,.F.);
#1969=EDGE_LOOP('',(#1945,#1953,#1961,#1968));
#1970=FACE_BOUND('',#1969,.T.);
#1971=ORIENTED_EDGE('',*,*,#682,.T.);
#1972=CARTESIAN_POINT('',(6.956727492,-7.228535207,3.416695829));
#1973=CARTESIAN_POINT('',(6.956727492,-7.328918124,3.416695829));
#1974=CARTESIAN_POINT('',(6.946633047,-7.42757937,3.416695829));
#1975=CARTESIAN_POINT('',(6.926861622,-7.524590146,3.416695829));
#1976=CARTESIAN_POINT('',(6.907090197,-7.621600922,3.416695829));
#1977=CARTESIAN_POINT('',(6.877126403,-7.718004135,3.416695829));
#1978=CARTESIAN_POINT('',(6.838161551,-7.809553739,3.416695829));
#1979=CARTESIAN_POINT('',(6.7991967,-7.901103343,3.416695829));
#1980=CARTESIAN_POINT('',(6.751534963,-7.98783384,3.416695829));
#1981=CARTESIAN_POINT('',(6.695232659,-8.06977644,3.416695829));
#1982=CARTESIAN_POINT('',(6.638930356,-8.151719039,3.416695829));
#1983=CARTESIAN_POINT('',(6.57364625,-8.228832011,3.416695829));
#1984=CARTESIAN_POINT('',(6.502477841,-8.29772394,3.416695829));
#1985=CARTESIAN_POINT('',(6.360141023,-8.435507799,3.416695829));
#1986=CARTESIAN_POINT('',(6.188555471,-8.545608292,3.416695829));
#1987=CARTESIAN_POINT('',(6.004433362,-8.618466426,3.416695829));
#1988=CARTESIAN_POINT('',(5.912372307,-8.654895493,3.416695829));
#1989=CARTESIAN_POINT('',(5.815792767,-8.68272721,3.416695829));
#1990=CARTESIAN_POINT('',(5.717626342,-8.701114898,3.416695829));
#1991=CARTESIAN_POINT('',(5.619459916,-8.719502587,3.416695829));
#1992=CARTESIAN_POINT('',(5.520205705,-8.728535216,3.416695829));
#1993=CARTESIAN_POINT('',(5.419901198,-8.728535207,3.416695829));
#1994=B_SPLINE_CURVE_WITH_KNOTS('',3,(#1972,#1973,#1974,#1975,#1976,#1977,#1978,#1979,#1980,#1981,#1982,#1983,#1984,#1985,#1986,#1987,#1988,#1989,#1990,#1991,#1992,#1993),.UNSPECIFIED.,.F.,.F.,(4,3,3,3,3,3,3,4),(0.,0.000296862,0.000593724,0.000890586,0.001187448,0.001781172,0.002078033,0.002374895),.UNSPECIFIED.);
#1995=EDGE_CURVE('',#677,#290,#1994,.T.);
#1996=ORIENTED_EDGE('',*,*,#1995,.T.);
#1997=ORIENTED_EDGE('',*,*,#295,.T.);
#1998=ORIENTED_EDGE('',*,*,#166,.T.);
#1999=CARTESIAN_POINT('',(3.628995188,-5.395085204,3.416695829));
#2000=VERTEX_POINT('',#1999);
#2001=CARTESIAN_POINT('',(3.452663459,-5.089669689,3.416695829));
#2002=DIRECTION('',(0.,0.,1.));
#2003=DIRECTION('',(1.,0.,-0.));
#2004=AXIS2_PLACEMENT_3D('',#2001,#2002,#2003);
#2005=CIRCLE('',#2004,0.352663459);
#2006=EDGE_CURVE('',#155,#2000,#2005,.T.);
#2007=ORIENTED_EDGE('',*,*,#2006,.T.);
#2008=CARTESIAN_POINT('',(3.628995188,-5.395085204,3.416695829));
#2009=DIRECTION('',(0.866025404,0.5,-0.));
#2010=VECTOR('',#2009,1.583099994);
#2011=LINE('',#2008,#2010);
#2012=EDGE_CURVE('',#2000,#1907,#2011,.T.);
#2013=ORIENTED_EDGE('',*,*,#2012,.T.);
#2014=ORIENTED_EDGE('',*,*,#1912,.T.);
#2015=CARTESIAN_POINT('',(6.422935871,-5.425067615,3.416695829));
#2016=CARTESIAN_POINT('',(6.476935522,-5.456244331,3.416695829));
#2017=CARTESIAN_POINT('',(6.538139544,-5.473057362,3.416695829));
#2018=CARTESIAN_POINT('',(6.599592075,-5.473962462,3.416695829));
#2019=CARTESIAN_POINT('',(6.661044607,-5.474867562,3.416695829));
#2020=CARTESIAN_POINT('',(6.722892653,-5.459766271,3.416695829));
#2021=CARTESIAN_POINT('',(6.777349015,-5.429538272,3.416695829));
#2022=CARTESIAN_POINT('',(6.831805377,-5.399310274,3.416695829));
#2023=CARTESIAN_POINT('',(6.877301389,-5.354823223,3.416695829));
#2024=CARTESIAN_POINT('',(6.908539377,-5.301827239,3.416695829));
#2025=CARTESIAN_POINT('',(6.939777365,-5.248831255,3.416695829));
#2026=CARTESIAN_POINT('',(6.956727489,-5.187232284,3.416695829));
#2027=CARTESIAN_POINT('',(6.956727492,-5.124849555,3.416695829));
#2028=B_SPLINE_CURVE_WITH_KNOTS('',3,(#2015,#2016,#2017,#2018,#2019,#2020,#2021,#2022,#2023,#2024,#2025,#2026,#2027),.UNSPECIFIED.,.F.,.F.,(4,3,3,3,4),(0.,0.000184433,0.000368867,0.0005533,0.000737734),.UNSPECIFIED.);
#2029=EDGE_CURVE('',#1898,#675,#2028,.T.);
#2030=ORIENTED_EDGE('',*,*,#2029,.T.);
#2031=EDGE_LOOP('',(#1971,#1996,#1997,#1998,#2007,#2013,#2014,#2030));
#2032=FACE_BOUND('',#2031,.T.);
#2033=ADVANCED_FACE('',(#1970,#2032),#1935,.T.);
#2034=CARTESIAN_POINT('',(4.,-5.180885476,3.416695829));
#2035=DIRECTION('',(-0.5,0.866025404,-0.));
#2036=DIRECTION('',(-0.866025404,-0.5,0.));
#2037=AXIS2_PLACEMENT_3D('',#2034,#2035,#2036);
#2038=PLANE('',#2037);
#2039=ORIENTED_EDGE('',*,*,#2012,.F.);
#2040=CARTESIAN_POINT('',(3.628995188,-5.395085204,1.616695829));
#2041=VERTEX_POINT('',#2040);
#2042=CARTESIAN_POINT('',(3.628995188,-5.395085204,3.416695829));
#2043=DIRECTION('',(0.,-0.,-1.));
#2044=VECTOR('',#2043,1.8);
#2045=LINE('',#2042,#2044);
#2046=EDGE_CURVE('',#2000,#2041,#2045,.T.);
#2047=ORIENTED_EDGE('',*,*,#2046,.T.);
#2048=CARTESIAN_POINT('',(3.628995188,-5.395085204,1.616695829));
#2049=DIRECTION('',(0.866025404,0.5,-0.));
#2050=VECTOR('',#2049,1.583099994);
#2051=LINE('',#2048,#2050);
#2052=EDGE_CURVE('',#2041,#1915,#2051,.T.);
#2053=ORIENTED_EDGE('',*,*,#2052,.T.);
#2054=ORIENTED_EDGE('',*,*,#1920,.F.);
#2055=EDGE_LOOP('',(#2039,#2047,#2053,#2054));
#2056=FACE_BOUND('',#2055,.T.);
#2057=ADVANCED_FACE('',(#2056),#2038,.F.);
#2058=CARTESIAN_POINT('',(5.,-6.666035207,1.616695829));
#2059=DIRECTION('',(-0.,-0.,-1.));
#2060=DIRECTION('',(1.,0.,-0.));
#2061=AXIS2_PLACEMENT_3D('',#2058,#2059,#2060);
#2062=PLANE('',#2061);
#2063=ORIENTED_EDGE('',*,*,#1359,.T.);
#2064=ORIENTED_EDGE('',*,*,#1418,.F.);
#2065=ORIENTED_EDGE('',*,*,#1435,.F.);
#2066=ORIENTED_EDGE('',*,*,#1388,.T.);
#2067=EDGE_LOOP('',(#2063,#2064,#2065,#2066));
#2068=FACE_BOUND('',#2067,.T.);
#2069=ORIENTED_EDGE('',*,*,#252,.F.);
#2070=CARTESIAN_POINT('',(5.5,-7.228535207,1.616695829));
#2071=DIRECTION('',(0.,0.,1.));
#2072=DIRECTION('',(1.,0.,-0.));
#2073=AXIS2_PLACEMENT_3D('',#2070,#2071,#2072);
#2074=CIRCLE('',#2073,1.5);
#2075=EDGE_CURVE('',#241,#179,#2074,.T.);
#2076=ORIENTED_EDGE('',*,*,#2075,.T.);
#2077=ORIENTED_EDGE('',*,*,#184,.F.);
#2078=CARTESIAN_POINT('',(6.647336541,-5.147404716,1.616695829));
#2079=DIRECTION('',(-0.,-0.,-1.));
#2080=DIRECTION('',(1.,0.,-0.));
#2081=AXIS2_PLACEMENT_3D('',#2078,#2079,#2080);
#2082=CIRCLE('',#2081,0.352663459);
#2083=EDGE_CURVE('',#177,#1888,#2082,.T.);
#2084=ORIENTED_EDGE('',*,*,#2083,.T.);
#2085=ORIENTED_EDGE('',*,*,#1926,.F.);
#2086=ORIENTED_EDGE('',*,*,#2052,.F.);
#2087=CARTESIAN_POINT('',(3.452663459,-5.089669689,1.616695829));
#2088=DIRECTION('',(-0.,-0.,-1.));
#2089=DIRECTION('',(1.,0.,-0.));
#2090=AXIS2_PLACEMENT_3D('',#2087,#2088,#2089);
#2091=CIRCLE('',#2090,0.352663459);
#2092=EDGE_CURVE('',#2041,#147,#2091,.T.);
#2093=ORIENTED_EDGE('',*,*,#2092,.T.);
#2094=ORIENTED_EDGE('',*,*,#152,.F.);
#2095=EDGE_LOOP('',(#2069,#2076,#2077,#2084,#2085,#2086,#2093,#2094));
#2096=FACE_BOUND('',#2095,.T.);
#2097=ADVANCED_FACE('',(#2068,#2096),#2062,.F.);
#2098=CARTESIAN_POINT('',(0.,-3.328535207,4.616695829));
#2099=DIRECTION('',(0.,0.,1.));
#2100=DIRECTION('',(-1.,-0.,0.));
#2101=AXIS2_PLACEMENT_3D('',#2098,#2099,#2100);
#2102=PLANE('',#2101);
#2103=CARTESIAN_POINT('',(5.953765455,-7.379191949,4.616695829));
#2104=VERTEX_POINT('',#2103);
#2105=CARTESIAN_POINT('',(4.02800314,-7.343532396,4.616695829));
#2106=VERTEX_POINT('',#2105);
#2107=CARTESIAN_POINT('',(5.,-6.828535207,4.616695829));
#2108=DIRECTION('',(0.,0.,1.));
#2109=DIRECTION('',(-1.,-0.,0.));
#2110=AXIS2_PLACEMENT_3D('',#2107,#2108,#2109);
#2111=CIRCLE('',#2110,1.1);
#2112=EDGE_CURVE('',#2104,#2106,#2111,.T.);
#2113=ORIENTED_EDGE('',*,*,#2112,.F.);
#2114=CARTESIAN_POINT('',(5.46794694,-8.228535207,4.616695829));
#2115=VERTEX_POINT('',#2114);
#2116=CARTESIAN_POINT('',(5.957177988,-7.381162176,4.616695829));
#2117=DIRECTION('',(-0.5,-0.866025404,0.));
#2118=VECTOR('',#2117,0.978462095);
#2119=LINE('',#2116,#2118);
#2120=EDGE_CURVE('',#2104,#2115,#2119,.T.);
#2121=ORIENTED_EDGE('',*,*,#2120,.T.);
#2122=CARTESIAN_POINT('',(4.538959751,-8.228535207,4.616695829));
#2123=VERTEX_POINT('',#2122);
#2124=CARTESIAN_POINT('',(5.46794694,-8.228535207,4.616695829));
#2125=DIRECTION('',(-1.,-0.,0.));
#2126=VECTOR('',#2125,0.928987189);
#2127=LINE('',#2124,#2126);
#2128=EDGE_CURVE('',#2115,#2123,#2127,.T.);
#2129=ORIENTED_EDGE('',*,*,#2128,.T.);
#2130=CARTESIAN_POINT('',(4.02800314,-7.343532396,4.616695829));
#2131=DIRECTION('',(0.5,-0.866025404,0.));
#2132=VECTOR('',#2131,1.021913222);
#2133=LINE('',#2130,#2132);
#2134=EDGE_CURVE('',#2106,#2123,#2133,.T.);
#2135=ORIENTED_EDGE('',*,*,#2134,.F.);
#2136=EDGE_LOOP('',(#2113,#2121,#2129,#2135));
#2137=FACE_BOUND('',#2136,.T.);
#2138=ADVANCED_FACE('',(#2137),#2102,.F.);
#2139=CARTESIAN_POINT('',(4.769479876,-8.228535207,4.616695829));
#2140=DIRECTION('',(0.,-1.,-0.));
#2141=DIRECTION('',(0.,-0.,1.));
#2142=AXIS2_PLACEMENT_3D('',#2139,#2140,#2141);
#2143=PLANE('',#2142);
#2144=ORIENTED_EDGE('',*,*,#1952,.F.);
#2145=CARTESIAN_POINT('',(4.538959751,-8.228535207,4.616695829));
#2146=DIRECTION('',(-0.,0.,-1.));
#2147=VECTOR('',#2146,1.2);
#2148=LINE('',#2145,#2147);
#2149=EDGE_CURVE('',#2123,#1937,#2148,.T.);
#2150=ORIENTED_EDGE('',*,*,#2149,.F.);
#2151=ORIENTED_EDGE('',*,*,#2128,.F.);
#2152=CARTESIAN_POINT('',(5.46794694,-8.228535207,4.616695829));
#2153=DIRECTION('',(-0.,0.,-1.));
#2154=VECTOR('',#2153,1.2);
#2155=LINE('',#2152,#2154);
#2156=EDGE_CURVE('',#2115,#1947,#2155,.T.);
#2157=ORIENTED_EDGE('',*,*,#2156,.T.);
#2158=EDGE_LOOP('',(#2144,#2150,#2151,#2157));
#2159=FACE_BOUND('',#2158,.T.);
#2160=ADVANCED_FACE('',(#2159),#2143,.F.);
#2161=CARTESIAN_POINT('',(5.53535073,-8.111788418,4.616695829));
#2162=DIRECTION('',(0.866025404,-0.5,-0.));
#2163=DIRECTION('',(0.5,0.866025404,-0.));
#2164=AXIS2_PLACEMENT_3D('',#2161,#2162,#2163);
#2165=PLANE('',#2164);
#2166=ORIENTED_EDGE('',*,*,#1960,.F.);
#2167=ORIENTED_EDGE('',*,*,#2156,.F.);
#2168=ORIENTED_EDGE('',*,*,#2120,.F.);
#2169=CARTESIAN_POINT('',(5.957177988,-7.381162176,4.616695829));
#2170=DIRECTION('',(-0.,0.,-1.));
#2171=VECTOR('',#2170,1.2);
#2172=LINE('',#2169,#2171);
#2173=EDGE_CURVE('',#2104,#1955,#2172,.T.);
#2174=ORIENTED_EDGE('',*,*,#2173,.T.);
#2175=EDGE_LOOP('',(#2166,#2167,#2168,#2174));
#2176=FACE_BOUND('',#2175,.T.);
#2177=ADVANCED_FACE('',(#2176),#2165,.F.);
#2178=CARTESIAN_POINT('',(4.058001476,-7.395491038,4.616695829));
#2179=DIRECTION('',(0.866025404,0.5,0.));
#2180=DIRECTION('',(-0.5,0.866025404,0.));
#2181=AXIS2_PLACEMENT_3D('',#2178,#2179,#2180);
#2182=PLANE('',#2181);
#2183=ORIENTED_EDGE('',*,*,#2149,.T.);
#2184=ORIENTED_EDGE('',*,*,#1944,.T.);
#2185=CARTESIAN_POINT('',(4.02800314,-7.343532396,4.616695829));
#2186=DIRECTION('',(-0.,0.,-1.));
#2187=VECTOR('',#2186,1.2);
#2188=LINE('',#2185,#2187);
#2189=EDGE_CURVE('',#2106,#1939,#2188,.T.);
#2190=ORIENTED_EDGE('',*,*,#2189,.F.);
#2191=ORIENTED_EDGE('',*,*,#2134,.T.);
#2192=EDGE_LOOP('',(#2183,#2184,#2190,#2191));
#2193=FACE_BOUND('',#2192,.T.);
#2194=ADVANCED_FACE('',(#2193),#2182,.T.);
#2195=CARTESIAN_POINT('',(5.,-6.828535207,4.616695829));
#2196=DIRECTION('',(-0.,0.,-1.));
#2197=DIRECTION('',(0.,-1.,-0.));
#2198=AXIS2_PLACEMENT_3D('',#2195,#2196,#2197);
#2199=CYLINDRICAL_SURFACE('',#2198,1.1);
#2200=ORIENTED_EDGE('',*,*,#2189,.T.);
#2201=ORIENTED_EDGE('',*,*,#1967,.T.);
#2202=ORIENTED_EDGE('',*,*,#2173,.F.);
#2203=ORIENTED_EDGE('',*,*,#2112,.T.);
#2204=EDGE_LOOP('',(#2200,#2201,#2202,#2203));
#2205=FACE_BOUND('',#2204,.T.);
#2206=ADVANCED_FACE('',(#2205),#2199,.F.);
#2207=CARTESIAN_POINT('',(-6.,-7.228535207,6.616695829));
#2208=CARTESIAN_POINT('',(-6.,-7.424884748,6.616695829));
#2209=CARTESIAN_POINT('',(-5.960959015,-7.621157033,6.616695829));
#2210=CARTESIAN_POINT('',(-5.810679583,-7.983963677,6.616695829));
#2211=CARTESIAN_POINT('',(-5.699500264,-8.150355287,6.616695829));
#2212=CARTESIAN_POINT('',(-5.42182008,-8.42803547,6.616695829));
#2213=CARTESIAN_POINT('',(-5.255428471,-8.539214789,6.616695829));
#2214=CARTESIAN_POINT('',(-4.892621827,-8.689494222,6.616695829));
#2215=CARTESIAN_POINT('',(-4.696349541,-8.728535207,6.616695829));
#2216=CARTESIAN_POINT('',(-4.5,-8.728535207,6.616695829));
#2217=CARTESIAN_POINT('',(-6.,-7.228535207,6.614926367));
#2218=CARTESIAN_POINT('',(-6.,-7.424884748,6.614926367));
#2219=CARTESIAN_POINT('',(-5.960959015,-7.621157033,6.614926367));
#2220=CARTESIAN_POINT('',(-5.810679583,-7.983963677,6.614926367));
#2221=CARTESIAN_POINT('',(-5.699500264,-8.150355287,6.614926367));
#2222=CARTESIAN_POINT('',(-5.42182008,-8.42803547,6.614926367));
#2223=CARTESIAN_POINT('',(-5.255428471,-8.539214789,6.614926367));
#2224=CARTESIAN_POINT('',(-4.892621827,-8.689494222,6.614926367));
#2225=CARTESIAN_POINT('',(-4.696349541,-8.728535207,6.614926367));
#2226=CARTESIAN_POINT('',(-4.5,-8.728535207,6.614926367));
#2227=CARTESIAN_POINT('',(-6.000000501,-7.228535207,6.613865205));
#2228=CARTESIAN_POINT('',(-6.000000501,-7.424884751,6.613865204));
#2229=CARTESIAN_POINT('',(-5.960959518,-7.621157041,6.61384677));
#2230=CARTESIAN_POINT('',(-5.810680092,-7.983963691,6.613775816));
#2231=CARTESIAN_POINT('',(-5.699500779,-8.150355302,6.613723324));
#2232=CARTESIAN_POINT('',(-5.421820609,-8.428035487,6.61359222));
#2233=CARTESIAN_POINT('',(-5.255429008,-8.539214805,6.61351366));
#2234=CARTESIAN_POINT('',(-4.892622384,-8.689494232,6.613342365));
#2235=CARTESIAN_POINT('',(-4.69635011,-8.728535213,6.613249698));
#2236=CARTESIAN_POINT('',(-4.500000582,-8.728535207,6.613156994));
#2237=CARTESIAN_POINT('',(-6.000002506,-7.228535207,6.611035978));
#2238=CARTESIAN_POINT('',(-6.000002506,-7.424884751,6.611035977));
#2239=CARTESIAN_POINT('',(-5.960961535,-7.621157041,6.610999082));
#2240=CARTESIAN_POINT('',(-5.81068216,-7.983963691,6.610857065));
#2241=CARTESIAN_POINT('',(-5.699502884,-8.150355302,6.610751998));
#2242=CARTESIAN_POINT('',(-5.421822807,-8.428035487,6.610489587));
#2243=CARTESIAN_POINT('',(-5.255431262,-8.539214805,6.610332344));
#2244=CARTESIAN_POINT('',(-4.89262476,-8.689494232,6.609989488));
#2245=CARTESIAN_POINT('',(-4.696352551,-8.728535213,6.609804008));
#2246=CARTESIAN_POINT('',(-4.500003089,-8.728535207,6.609618456));
#2247=CARTESIAN_POINT('',(-6.000004009,-7.228535207,6.609621954));
#2248=CARTESIAN_POINT('',(-6.000004009,-7.424884762,6.60962195));
#2249=CARTESIAN_POINT('',(-5.960963044,-7.621157063,6.609575809));
#2250=CARTESIAN_POINT('',(-5.810683691,-7.98396373,6.609398206));
#2251=CARTESIAN_POINT('',(-5.69950443,-8.150355347,6.609266814));
#2252=CARTESIAN_POINT('',(-5.421824395,-8.428035535,6.608938653));
#2253=CARTESIAN_POINT('',(-5.255432876,-8.539214851,6.608742013));
#2254=CARTESIAN_POINT('',(-4.892626435,-8.689494262,6.608313254));
#2255=CARTESIAN_POINT('',(-4.696354261,-8.72853523,6.608081304));
#2256=CARTESIAN_POINT('',(-4.500004837,-8.728535207,6.607849263));
#2257=CARTESIAN_POINT('',(-6.000010025,-7.228535207,6.605380985));
#2258=CARTESIAN_POINT('',(-6.000010025,-7.424884762,6.605380982));
#2259=CARTESIAN_POINT('',(-5.9609691,-7.621157063,6.605307089));
#2260=CARTESIAN_POINT('',(-5.810689898,-7.98396373,6.605022661));
#2261=CARTESIAN_POINT('',(-5.699510749,-8.150355347,6.604812238));
#2262=CARTESIAN_POINT('',(-5.421830994,-8.428035535,6.604286691));
#2263=CARTESIAN_POINT('',(-5.255439643,-8.539214851,6.603971774));
#2264=CARTESIAN_POINT('',(-4.892633567,-8.689494262,6.603285117));
#2265=CARTESIAN_POINT('',(-4.696361592,-8.72853523,6.602913649));
#2266=CARTESIAN_POINT('',(-4.500012366,-8.728535207,6.602542034));
#2267=CARTESIAN_POINT('',(-6.000016043,-7.228535207,6.602556024));
#2268=CARTESIAN_POINT('',(-6.000016043,-7.424884806,6.60255601));
#2269=CARTESIAN_POINT('',(-5.960975139,-7.621157151,6.602463554));
#2270=CARTESIAN_POINT('',(-5.810696023,-7.983963885,6.602107694));
#2271=CARTESIAN_POINT('',(-5.69951694,-8.150355527,6.601844429));
#2272=CARTESIAN_POINT('',(-5.421837355,-8.428035728,6.601186913));
#2273=CARTESIAN_POINT('',(-5.255446109,-8.539215033,6.60079292));
#2274=CARTESIAN_POINT('',(-4.892640279,-8.689494383,6.599933848));
#2275=CARTESIAN_POINT('',(-4.696368445,-8.728535299,6.599469108));
#2276=CARTESIAN_POINT('',(-4.500019373,-8.728535207,6.599004188));
#2277=CARTESIAN_POINT('',(-6.000040125,-7.228535207,6.594085597));
#2278=CARTESIAN_POINT('',(-6.000040125,-7.424884806,6.594085583));
#2279=CARTESIAN_POINT('',(-5.96099938,-7.621157151,6.593937385));
#2280=CARTESIAN_POINT('',(-5.810720875,-7.983963885,6.593366955));
#2281=CARTESIAN_POINT('',(-5.699542243,-8.150355527,6.592944948));
#2282=CARTESIAN_POINT('',(-5.421863785,-8.428035728,6.591890959));
#2283=CARTESIAN_POINT('',(-5.255473215,-8.539215033,6.591259391));
#2284=CARTESIAN_POINT('',(-4.892668858,-8.689494383,6.589882303));
#2285=CARTESIAN_POINT('',(-4.696397821,-8.728535299,6.589137324));
#2286=CARTESIAN_POINT('',(-4.500049547,-8.728535207,6.588392055));
#2287=CARTESIAN_POINT('',(-6.000064218,-7.228535207,6.588448012));
#2288=CARTESIAN_POINT('',(-6.000064218,-7.424884978,6.588447958));
#2289=CARTESIAN_POINT('',(-5.961023563,-7.621157495,6.588262353));
#2290=CARTESIAN_POINT('',(-5.810745415,-7.983964496,6.587548019));
#2291=CARTESIAN_POINT('',(-5.69956705,-8.150356231,6.58701957));
#2292=CARTESIAN_POINT('',(-5.421889292,-8.428036485,6.58569976));
#2293=CARTESIAN_POINT('',(-5.255499154,-8.539215747,6.584908919));
#2294=CARTESIAN_POINT('',(-4.892695806,-8.689494854,6.583184563));
#2295=CARTESIAN_POINT('',(-4.696425344,-8.728535569,6.582251728));
#2296=CARTESIAN_POINT('',(-4.500077699,-8.728535207,6.581318536));
#2297=CARTESIAN_POINT('',(-6.000160694,-7.228535207,6.571553359));
#2298=CARTESIAN_POINT('',(-6.000160694,-7.424884979,6.571553306));
#2299=CARTESIAN_POINT('',(-5.961120682,-7.621157495,6.571255257));
#2300=CARTESIAN_POINT('',(-5.810845007,-7.983964496,6.570108093));
#2301=CARTESIAN_POINT('',(-5.699668471,-8.150356232,6.569259428));
#2302=CARTESIAN_POINT('',(-5.421995282,-8.428036485,6.567139851));
#2303=CARTESIAN_POINT('',(-5.255607882,-8.539215748,6.565869772));
#2304=CARTESIAN_POINT('',(-4.892810503,-8.689494854,6.563100469));
#2305=CARTESIAN_POINT('',(-4.696543271,-8.72853557,6.561602334));
#2306=CARTESIAN_POINT('',(-4.500198857,-8.728535207,6.560103621));
#2307=CARTESIAN_POINT('',(-6.00025731,-7.228535207,6.56031888));
#2308=CARTESIAN_POINT('',(-6.00025731,-7.424884748,6.56031888));
#2309=CARTESIAN_POINT('',(-5.961218037,-7.621157033,6.55994534));
#2310=CARTESIAN_POINT('',(-5.810945197,-7.983963677,6.558507482));
#2311=CARTESIAN_POINT('',(-5.699770755,-8.150355287,6.557443729));
#2312=CARTESIAN_POINT('',(-5.422102752,-8.42803547,6.554786913));
#2313=CARTESIAN_POINT('',(-5.255718441,-8.539214789,6.553194894));
#2314=CARTESIAN_POINT('',(-4.892927712,-8.689494222,6.549723596));
#2315=CARTESIAN_POINT('',(-4.696664036,-8.728535207,6.547845683));
#2316=CARTESIAN_POINT('',(-4.500323108,-8.728535207,6.54596703));
#2317=CARTESIAN_POINT('',(-6.000644477,-7.228535207,6.526715694));
#2318=CARTESIAN_POINT('',(-6.000644477,-7.424884748,6.526715694));
#2319=CARTESIAN_POINT('',(-5.96160784,-7.621157033,6.526113404));
#2320=CARTESIAN_POINT('',(-5.811345144,-7.983963677,6.523795028));
#2321=CARTESIAN_POINT('',(-5.700178208,-8.150355287,6.522079854));
#2322=CARTESIAN_POINT('',(-5.422528951,-8.42803547,6.517796053));
#2323=CARTESIAN_POINT('',(-5.256155873,-8.539214789,6.515229113));
#2324=CARTESIAN_POINT('',(-4.893389636,-8.689494222,6.509632058));
#2325=CARTESIAN_POINT('',(-4.69713921,-8.728535207,6.506604146));
#2326=CARTESIAN_POINT('',(-4.500811538,-8.728535207,6.503575042));
#2327=CARTESIAN_POINT('',(-6.001032445,-7.228535207,6.504438221));
#2328=CARTESIAN_POINT('',(-6.001032445,-7.424884748,6.504438221));
#2329=CARTESIAN_POINT('',(-5.961998488,-7.621157033,6.50368085));
#2330=CARTESIAN_POINT('',(-5.811746109,-7.983963677,6.50076552));
#2331=CARTESIAN_POINT('',(-5.700586805,-8.150355287,6.498608709));
#2332=CARTESIAN_POINT('',(-5.42295661,-8.42803547,6.493221883));
#2333=CARTESIAN_POINT('',(-5.256594955,-8.539214789,6.489993987));
#2334=CARTESIAN_POINT('',(-4.893853624,-8.689494222,6.482955759));
#2335=CARTESIAN_POINT('',(-4.697616672,-8.728535207,6.479148197));
#2336=CARTESIAN_POINT('',(-4.501302478,-8.728535207,6.475339135));
#2337=CARTESIAN_POINT('',(-6.002590429,-7.228535207,6.437985668));
#2338=CARTESIAN_POINT('',(-6.002590429,-7.424884748,6.437985668));
#2339=CARTESIAN_POINT('',(-5.963567564,-7.621157033,6.43675521));
#2340=CARTESIAN_POINT('',(-5.81335788,-7.983963677,6.43201884));
#2341=CARTESIAN_POINT('',(-5.702230162,-8.150355287,6.428514791));
#2342=CARTESIAN_POINT('',(-5.424678856,-8.42803547,6.41976312));
#2343=CARTESIAN_POINT('',(-5.258364472,-8.539214789,6.414518941));
#2344=CARTESIAN_POINT('',(-4.895726215,-8.689494222,6.403084332));
#2345=CARTESIAN_POINT('',(-4.699545024,-8.728535207,6.396898401));
#2346=CARTESIAN_POINT('',(-4.503286613,-8.728535207,6.390710035));
#2347=CARTESIAN_POINT('',(-6.004154613,-7.228535207,6.394190923));
#2348=CARTESIAN_POINT('',(-6.004154613,-7.424884748,6.394190923));
#2349=CARTESIAN_POINT('',(-5.965143206,-7.621157034,6.392634606));
#2350=CARTESIAN_POINT('',(-5.814977629,-7.983963678,6.38664392));
#2351=CARTESIAN_POINT('',(-5.703882542,-8.150355287,6.382211906));
#2352=CARTESIAN_POINT('',(-5.426412735,-8.428035471,6.37114256));
#2353=CARTESIAN_POINT('',(-5.260147188,-8.53921479,6.364509583));
#2354=CARTESIAN_POINT('',(-4.897615415,-8.689494222,6.350046786));
#2355=CARTESIAN_POINT('',(-4.701491829,-8.728535207,6.342222656));
#2356=CARTESIAN_POINT('',(-4.505291048,-8.728535207,6.334395447));
#2357=CARTESIAN_POINT('',(-6.010456387,-7.228535207,6.264359927));
#2358=CARTESIAN_POINT('',(-6.010456387,-7.424884748,6.264359927));
#2359=CARTESIAN_POINT('',(-5.97149397,-7.621157034,6.261794297));
#2360=CARTESIAN_POINT('',(-5.82151697,-7.983963678,6.251918486));
#2361=CARTESIAN_POINT('',(-5.710561396,-8.150355287,6.24461219));
#2362=CARTESIAN_POINT('',(-5.433440035,-8.428035471,6.226364071));
#2363=CARTESIAN_POINT('',(-5.267383283,-8.53921479,6.215429427));
#2364=CARTESIAN_POINT('',(-4.905306775,-8.689494222,6.19158711));
#2365=CARTESIAN_POINT('',(-4.709429481,-8.728535207,6.178688818));
#2366=CARTESIAN_POINT('',(-4.513475087,-8.728535207,6.165785449));
#2367=CARTESIAN_POINT('',(-6.016803665,-7.228535207,6.17988781));
#2368=CARTESIAN_POINT('',(-6.016803665,-7.424884748,6.17988781));
#2369=CARTESIAN_POINT('',(-5.977893373,-7.621157035,6.1766067));
#2370=CARTESIAN_POINT('',(-5.828117016,-7.98396368,6.163976809));
#2371=CARTESIAN_POINT('',(-5.71730988,-8.15035529,6.154632998));
#2372=CARTESIAN_POINT('',(-5.440559258,-8.428035473,6.131296004));
#2373=CARTESIAN_POINT('',(-5.27472466,-8.539214792,6.117312002));
#2374=CARTESIAN_POINT('',(-4.913132547,-8.689494224,6.086820749));
#2375=CARTESIAN_POINT('',(-4.717517302,-8.728535208,6.070325495));
#2376=CARTESIAN_POINT('',(-4.52182506,-8.728535207,6.053823748));
#2377=CARTESIAN_POINT('',(-6.042508215,-7.228535207,5.932653079));
#2378=CARTESIAN_POINT('',(-6.042508215,-7.424884748,5.932653079));
#2379=CARTESIAN_POINT('',(-6.003833771,-7.621157035,5.927103519));
#2380=CARTESIAN_POINT('',(-5.854965251,-7.98396368,5.905741748));
#2381=CARTESIAN_POINT('',(-5.74482975,-8.15035529,5.88993794));
#2382=CARTESIAN_POINT('',(-5.469756593,-8.428035473,5.850466533));
#2383=CARTESIAN_POINT('',(-5.304927168,-8.539214792,5.826814463));
#2384=CARTESIAN_POINT('',(-4.945526769,-8.689494224,5.775242584));
#2385=CARTESIAN_POINT('',(-4.751097205,-8.728535208,5.747343066));
#2386=CARTESIAN_POINT('',(-4.556591111,-8.728535207,5.719432566));
#2387=CARTESIAN_POINT('',(-6.068450093,-7.228535207,5.776374226));
#2388=CARTESIAN_POINT('',(-6.068450093,-7.424884748,5.776374226));
#2389=CARTESIAN_POINT('',(-6.030041902,-7.621157035,5.769141984));
#2390=CARTESIAN_POINT('',(-5.882198267,-7.98396368,5.741303105));
#2391=CARTESIAN_POINT('',(-5.772820993,-8.15035529,5.720707421));
#2392=CARTESIAN_POINT('',(-5.499641577,-8.428035474,5.669267879));
#2393=CARTESIAN_POINT('',(-5.335946918,-8.539214793,5.638444261));
#2394=CARTESIAN_POINT('',(-4.97902081,-8.689494224,5.571235261));
#2395=CARTESIAN_POINT('',(-4.785929796,-8.728535208,5.534876323));
#2396=CARTESIAN_POINT('',(-4.592762778,-8.728535207,5.498503075));
#2397=CARTESIAN_POINT('',(-6.121980722,-7.228535207,5.550387607));
#2398=CARTESIAN_POINT('',(-6.121980721,-7.424884748,5.550387607));
#2399=CARTESIAN_POINT('',(-6.08420022,-7.621157035,5.540505489));
#2400=CARTESIAN_POINT('',(-5.938772735,-7.98396368,5.502466514));
#2401=CARTESIAN_POINT('',(-5.831182971,-8.15035529,5.474324624));
#2402=CARTESIAN_POINT('',(-5.562468017,-8.428035474,5.404037764));
#2403=CARTESIAN_POINT('',(-5.401448555,-8.539214793,5.361920449));
#2404=CARTESIAN_POINT('',(-5.050355549,-8.689494224,5.27008624));
#2405=CARTESIAN_POINT('',(-4.860420144,-8.728535208,5.22040548));
#2406=CARTESIAN_POINT('',(-4.670409979,-8.728535207,5.170705164));
#2407=CARTESIAN_POINT('',(-6.142270943,-7.228535207,5.476402044));
#2408=CARTESIAN_POINT('',(-6.142270943,-7.424884748,5.476402044));
#2409=CARTESIAN_POINT('',(-6.104737352,-7.621157033,5.465617256));
#2410=CARTESIAN_POINT('',(-5.960260288,-7.983963677,5.424103658));
#2411=CARTESIAN_POINT('',(-5.853373661,-8.150355287,5.393391182));
#2412=CARTESIAN_POINT('',(-5.586414856,-8.42803547,5.316684056));
#2413=CARTESIAN_POINT('',(-5.426447715,-8.539214789,5.270719586));
#2414=CARTESIAN_POINT('',(-5.077649228,-8.689494222,5.170496896));
#2415=CARTESIAN_POINT('',(-4.888955119,-8.728535207,5.116278108));
#2416=CARTESIAN_POINT('',(-4.700186738,-8.728535207,5.062037978));
#2417=CARTESIAN_POINT('',(-6.188414424,-7.228535207,5.329253542));
#2418=CARTESIAN_POINT('',(-6.188414424,-7.424884748,5.329253542));
#2419=CARTESIAN_POINT('',(-6.151443378,-7.621157033,5.316674834));
#2420=CARTESIAN_POINT('',(-6.009131706,-7.983963677,5.268255946));
#2421=CARTESIAN_POINT('',(-5.903847073,-8.150355287,5.232434816));
#2422=CARTESIAN_POINT('',(-5.640889391,-8.42803547,5.142968376));
#2423=CARTESIAN_POINT('',(-5.483319803,-8.539214789,5.089358267));
#2424=CARTESIAN_POINT('',(-5.139749034,-8.689494222,4.972464731));
#2425=CARTESIAN_POINT('',(-4.953883032,-8.728535207,4.909227295));
#2426=CARTESIAN_POINT('',(-4.767943872,-8.728535207,4.845964969));
#2427=CARTESIAN_POINT('',(-6.214298675,-7.228535207,5.256056288));
#2428=CARTESIAN_POINT('',(-6.214298675,-7.424884748,5.256056288));
#2429=CARTESIAN_POINT('',(-6.17764439,-7.621157034,5.242585318));
#2430=CARTESIAN_POINT('',(-6.036552018,-7.983963678,5.19073187));
#2431=CARTESIAN_POINT('',(-5.932169445,-8.150355288,5.152369793));
#2432=CARTESIAN_POINT('',(-5.671464735,-8.428035471,5.056557112));
#2433=CARTESIAN_POINT('',(-5.515245175,-8.53921479,4.999144207));
#2434=CARTESIAN_POINT('',(-5.174618057,-8.689494222,4.873958908));
#2435=CARTESIAN_POINT('',(-4.990344521,-8.728535207,4.806235769));
#2436=CARTESIAN_POINT('',(-4.805998453,-8.728535207,4.738485973));
#2437=CARTESIAN_POINT('',(-6.27216248,-7.228535207,5.10912827));
#2438=CARTESIAN_POINT('',(-6.27216248,-7.424884748,5.109128269));
#2439=CARTESIAN_POINT('',(-6.236165791,-7.621157034,5.093987529));
#2440=CARTESIAN_POINT('',(-6.097604685,-7.983963678,5.035706678));
#2441=CARTESIAN_POINT('',(-5.995094786,-8.150355288,4.992589499));
#2442=CARTESIAN_POINT('',(-5.739067247,-8.428035471,4.884900528));
#2443=CARTESIAN_POINT('',(-5.585650342,-8.53921479,4.820371108));
#2444=CARTESIAN_POINT('',(-5.251134241,-8.689494222,4.679668687));
#2445=CARTESIAN_POINT('',(-5.070166663,-8.728535207,4.603551047));
#2446=CARTESIAN_POINT('',(-4.889127854,-8.728535207,4.527403445));
#2447=CARTESIAN_POINT('',(-6.30417681,-7.228535207,5.03524591));
#2448=CARTESIAN_POINT('',(-6.30417681,-7.42488475,5.03524591));
#2449=CARTESIAN_POINT('',(-6.268523104,-7.621157037,5.019322914));
#2450=CARTESIAN_POINT('',(-6.131282235,-7.983963684,4.958030949));
#2451=CARTESIAN_POINT('',(-6.029749071,-8.150355295,4.912686095));
#2452=CARTESIAN_POINT('',(-5.776161011,-8.428035479,4.799433311));
#2453=CARTESIAN_POINT('',(-5.624205893,-8.539214797,4.731569941));
#2454=CARTESIAN_POINT('',(-5.292877127,-8.689494227,4.583598048));
#2455=CARTESIAN_POINT('',(-5.113633844,-8.72853521,4.503547746));
#2456=CARTESIAN_POINT('',(-4.934320009,-8.728535207,4.423465935));
#2457=CARTESIAN_POINT('',(-6.376715935,-7.228535207,4.880629361));
#2458=CARTESIAN_POINT('',(-6.376715935,-7.42488475,4.880629361));
#2459=CARTESIAN_POINT('',(-6.34168063,-7.621157037,4.863388249));
#2460=CARTESIAN_POINT('',(-6.206820156,-7.983963684,4.797022492));
#2461=CARTESIAN_POINT('',(-6.107048049,-8.150355295,4.747923959));
#2462=CARTESIAN_POINT('',(-5.857858387,-8.428035479,4.62529603));
#2463=CARTESIAN_POINT('',(-5.708538877,-8.539214797,4.551814882));
#2464=CARTESIAN_POINT('',(-5.382956894,-8.689494227,4.391593771));
#2465=CARTESIAN_POINT('',(-5.206822524,-8.72853521,4.304916848));
#2466=CARTESIAN_POINT('',(-5.030618825,-8.728535207,4.218205808));
#2467=CARTESIAN_POINT('',(-6.417157877,-7.228535207,4.800223366));
#2468=CARTESIAN_POINT('',(-6.417157877,-7.424884752,4.800223366));
#2469=CARTESIAN_POINT('',(-6.38240176,-7.621157042,4.782438564));
#2470=CARTESIAN_POINT('',(-6.248615954,-7.983963693,4.713979994));
#2471=CARTESIAN_POINT('',(-6.149638906,-8.150355305,4.663333162));
#2472=CARTESIAN_POINT('',(-5.902434973,-8.42803549,4.536838218));
#2473=CARTESIAN_POINT('',(-5.754305353,-8.539214808,4.461039877));
#2474=CARTESIAN_POINT('',(-5.431317852,-8.689494234,4.29576627));
#2475=CARTESIAN_POINT('',(-5.256587052,-8.728535214,4.206356031));
#2476=CARTESIAN_POINT('',(-5.081787478,-8.728535207,4.1169106));
#2477=CARTESIAN_POINT('',(-6.487996133,-7.228535207,4.664346473));
#2478=CARTESIAN_POINT('',(-6.487996133,-7.424884752,4.664346473));
#2479=CARTESIAN_POINT('',(-6.453446017,-7.621157042,4.646166533));
#2480=CARTESIAN_POINT('',(-6.320453169,-7.983963693,4.576186971));
#2481=CARTESIAN_POINT('',(-6.222062764,-8.150355305,4.524414882));
#2482=CARTESIAN_POINT('',(-5.976324025,-8.42803549,4.395109511));
#2483=CARTESIAN_POINT('',(-5.829072379,-8.539214808,4.317627105));
#2484=CARTESIAN_POINT('',(-5.507999246,-8.689494234,4.148681497));
#2485=CARTESIAN_POINT('',(-5.334304088,-8.728535214,4.057284767));
#2486=CARTESIAN_POINT('',(-5.160540563,-8.728535207,3.965852064));
#2487=CARTESIAN_POINT('',(-6.513337773,-7.228535207,4.616435046));
#2488=CARTESIAN_POINT('',(-6.513337773,-7.424884738,4.616435045));
#2489=CARTESIAN_POINT('',(-6.478819623,-7.621157013,4.598194976));
#2490=CARTESIAN_POINT('',(-6.345949818,-7.983963642,4.527983962));
#2491=CARTESIAN_POINT('',(-6.247650442,-8.150355246,4.476040643));
#2492=CARTESIAN_POINT('',(-6.002139051,-8.428035426,4.346307608));
#2493=CARTESIAN_POINT('',(-5.855023636,-8.539214748,4.268568937));
#2494=CARTESIAN_POINT('',(-5.53424754,-8.689494194,4.099064557));
#2495=CARTESIAN_POINT('',(-5.360713071,-8.728535191,4.007365541));
#2496=CARTESIAN_POINT('',(-5.187110295,-8.728535207,3.91563043));
#2497=CARTESIAN_POINT('',(-6.568669489,-7.228535207,4.511280643));
#2498=CARTESIAN_POINT('',(-6.56866949,-7.424884738,4.511280642));
#2499=CARTESIAN_POINT('',(-6.534088151,-7.621157013,4.493160659));
#2500=CARTESIAN_POINT('',(-6.400975114,-7.983963642,4.423411889));
#2501=CARTESIAN_POINT('',(-6.30249579,-8.150355246,4.371810545));
#2502=CARTESIAN_POINT('',(-6.056534966,-8.428035426,4.242931624));
#2503=CARTESIAN_POINT('',(-5.909150241,-8.539214748,4.165704756));
#2504=CARTESIAN_POINT('',(-5.587786931,-8.689494194,3.997316331));
#2505=CARTESIAN_POINT('',(-5.41393479,-8.728535191,3.906221027));
#2506=CARTESIAN_POINT('',(-5.240014216,-8.728535207,3.815089866));
#2507=CARTESIAN_POINT('',(-6.598684984,-7.228535207,4.454118538));
#2508=CARTESIAN_POINT('',(-6.598684984,-7.424884748,4.454118538));
#2509=CARTESIAN_POINT('',(-6.564008132,-7.621157033,4.436176806));
#2510=CARTESIAN_POINT('',(-6.43052744,-7.983963677,4.36711417));
#2511=CARTESIAN_POINT('',(-6.33177612,-8.150355287,4.316020439));
#2512=CARTESIAN_POINT('',(-6.085135962,-8.42803547,4.188409327));
#2513=CARTESIAN_POINT('',(-5.937344167,-8.539214789,4.111942155));
#2514=CARTESIAN_POINT('',(-5.615093271,-8.689494222,3.945210202));
#2515=CARTESIAN_POINT('',(-5.440760963,-8.728535207,3.855011022));
#2516=CARTESIAN_POINT('',(-5.266360035,-8.728535207,3.76477634));
#2517=CARTESIAN_POINT('',(-6.664787055,-7.228535207,4.322775117));
#2518=CARTESIAN_POINT('',(-6.664787055,-7.424884748,4.322775117));
#2519=CARTESIAN_POINT('',(-6.629716922,-7.621157033,4.305614824));
#2520=CARTESIAN_POINT('',(-6.494722388,-7.983963677,4.239560161));
#2521=CARTESIAN_POINT('',(-6.394851101,-8.150355287,4.190691781));
#2522=CARTESIAN_POINT('',(-6.145413727,-8.42803547,4.068638679));
#2523=CARTESIAN_POINT('',(-5.995945783,-8.539214789,3.99550198));
#2524=CARTESIAN_POINT('',(-5.670040147,-8.689494222,3.836031917));
#2525=CARTESIAN_POINT('',(-5.493730686,-8.728535207,3.749761298));
#2526=CARTESIAN_POINT('',(-5.317351827,-8.728535207,3.663456722));
#2527=CARTESIAN_POINT('',(-6.701139826,-7.228535207,4.248357216));
#2528=CARTESIAN_POINT('',(-6.70113983,-7.424884617,4.248357207));
#2529=CARTESIAN_POINT('',(-6.665765243,-7.621156773,4.231806351));
#2530=CARTESIAN_POINT('',(-6.529598761,-7.983963215,4.168097592));
#2531=CARTESIAN_POINT('',(-6.428860443,-8.150354753,4.120964757));
#2532=CARTESIAN_POINT('',(-6.177257557,-8.428034897,4.003246327));
#2533=CARTESIAN_POINT('',(-6.026491984,-8.539214248,3.93270705));
#2534=CARTESIAN_POINT('',(-5.697756901,-8.689493864,3.77890049));
#2535=CARTESIAN_POINT('',(-5.519916735,-8.728535002,3.695693722));
#2536=CARTESIAN_POINT('',(-5.342006531,-8.728535207,3.612454188));
#2537=CARTESIAN_POINT('',(-6.75912771,-7.228535207,4.115224354));
#2538=CARTESIAN_POINT('',(-6.759127711,-7.424884617,4.115224352));
#2539=CARTESIAN_POINT('',(-6.723125495,-7.621156772,4.100114444));
#2540=CARTESIAN_POINT('',(-6.584543108,-7.983963214,4.041952272));
#2541=CARTESIAN_POINT('',(-6.482017464,-8.150354752,3.998922893));
#2542=CARTESIAN_POINT('',(-6.225950573,-8.428034896,3.891453206));
#2543=CARTESIAN_POINT('',(-6.072510079,-8.539214247,3.827055181));
#2544=CARTESIAN_POINT('',(-5.737942496,-8.689493864,3.686639242));
#2545=CARTESIAN_POINT('',(-5.556947046,-8.728535002,3.610676575));
#2546=CARTESIAN_POINT('',(-5.375880316,-8.728535207,3.534683992));
#2547=CARTESIAN_POINT('',(-6.77897686,-7.228535207,4.067217679));
#2548=CARTESIAN_POINT('',(-6.77897686,-7.424884741,4.067217679));
#2549=CARTESIAN_POINT('',(-6.742738099,-7.621157021,4.052676915));
#2550=CARTESIAN_POINT('',(-6.60324519,-7.983963655,3.996705537));
#2551=CARTESIAN_POINT('',(-6.500045928,-8.150355261,3.955296945));
#2552=CARTESIAN_POINT('',(-6.24229664,-8.428035443,3.851875323));
#2553=CARTESIAN_POINT('',(-6.087848028,-8.539214763,3.789902985));
#2554=CARTESIAN_POINT('',(-5.751082352,-8.689494205,3.654776122));
#2555=CARTESIAN_POINT('',(-5.56889779,-8.728535197,3.581674764));
#2556=CARTESIAN_POINT('',(-5.386641516,-8.728535207,3.508544632));
#2557=CARTESIAN_POINT('',(-6.818106144,-7.228535207,3.964440825));
#2558=CARTESIAN_POINT('',(-6.818106144,-7.424884741,3.964440826));
#2559=CARTESIAN_POINT('',(-6.781372647,-7.621157021,3.951199532));
#2560=CARTESIAN_POINT('',(-6.639975366,-7.983963655,3.900230171));
#2561=CARTESIAN_POINT('',(-6.535367217,-8.150355261,3.862522157));
#2562=CARTESIAN_POINT('',(-6.274099109,-8.428035443,3.768343055));
#2563=CARTESIAN_POINT('',(-6.117541949,-8.539214763,3.711909023));
#2564=CARTESIAN_POINT('',(-5.776178712,-8.689494205,3.588858096));
#2565=CARTESIAN_POINT('',(-5.591506948,-8.728535197,3.522289615));
#2566=CARTESIAN_POINT('',(-5.406762493,-8.728535207,3.455694932));
#2567=CARTESIAN_POINT('',(-6.837342796,-7.228535207,3.909670012));
#2568=CARTESIAN_POINT('',(-6.837342796,-7.424884746,3.909670012));
#2569=CARTESIAN_POINT('',(-6.800352059,-7.621157031,3.897158988));
#2570=CARTESIAN_POINT('',(-6.657964591,-7.983963673,3.849000632));
#2571=CARTESIAN_POINT('',(-6.552623884,-8.150355282,3.813372248));
#2572=CARTESIAN_POINT('',(-6.28952615,-8.428035465,3.724387209));
#2573=CARTESIAN_POINT('',(-6.13187264,-8.539214784,3.671065565));
#2574=CARTESIAN_POINT('',(-5.788118883,-8.689494218,3.554801008));
#2575=CARTESIAN_POINT('',(-5.602153888,-8.728535205,3.49190384));
#2576=CARTESIAN_POINT('',(-5.416115695,-8.728535207,3.428981914));
#2577=CARTESIAN_POINT('',(-6.872934116,-7.228535207,3.796863928));
#2578=CARTESIAN_POINT('',(-6.872934116,-7.424884746,3.796863928));
#2579=CARTESIAN_POINT('',(-6.835461243,-7.621157031,3.785881024));
#2580=CARTESIAN_POINT('',(-6.691217904,-7.983963673,3.743604821));
#2581=CARTESIAN_POINT('',(-6.584504191,-8.150355282,3.712328156));
#2582=CARTESIAN_POINT('',(-6.317977253,-8.428035465,3.634211918));
#2583=CARTESIAN_POINT('',(-6.158268895,-8.539214784,3.587403081));
#2584=CARTESIAN_POINT('',(-5.810034669,-8.689494218,3.485339297));
#2585=CARTESIAN_POINT('',(-5.621645815,-8.728535205,3.430124508));
#2586=CARTESIAN_POINT('',(-5.433182809,-8.728535207,3.374887986));
#2587=CARTESIAN_POINT('',(-6.889238267,-7.228535207,3.738964907));
#2588=CARTESIAN_POINT('',(-6.889238267,-7.424884747,3.738964907));
#2589=CARTESIAN_POINT('',(-6.851541803,-7.621157033,3.728776304));
#2590=CARTESIAN_POINT('',(-6.706437799,-7.983963676,3.68955758));
#2591=CARTESIAN_POINT('',(-6.599087352,-8.150355286,3.660542892));
#2592=CARTESIAN_POINT('',(-6.330970114,-8.428035469,3.58807614));
#2593=CARTESIAN_POINT('',(-6.170308816,-8.539214788,3.54465259));
#2594=CARTESIAN_POINT('',(-5.819996762,-8.689494221,3.449970216));
#2595=CARTESIAN_POINT('',(-5.63048384,-8.728535206,3.398748646));
#2596=CARTESIAN_POINT('',(-5.440896323,-8.728535207,3.347506914));
#2597=CARTESIAN_POINT('',(-6.917756901,-7.228535207,3.624220256));
#2598=CARTESIAN_POINT('',(-6.917756901,-7.424884747,3.624220256));
#2599=CARTESIAN_POINT('',(-6.879676767,-7.621157033,3.615575345));
#2600=CARTESIAN_POINT('',(-6.733095915,-7.983963676,3.58229872));
#2601=CARTESIAN_POINT('',(-6.624652869,-8.150355286,3.557680097));
#2602=CARTESIAN_POINT('',(-6.353806771,-8.428035469,3.49619291));
#2603=CARTESIAN_POINT('',(-6.191510284,-8.539214788,3.459348538));
#2604=CARTESIAN_POINT('',(-5.837632802,-8.689494221,3.379011657));
#2605=CARTESIAN_POINT('',(-5.646191042,-8.728535206,3.335550757));
#2606=CARTESIAN_POINT('',(-5.454673929,-8.728535207,3.29207275));
#2607=CARTESIAN_POINT('',(-6.929999837,-7.228535207,3.567394319));
#2608=CARTESIAN_POINT('',(-6.929999829,-7.424884613,3.567394357));
#2609=CARTESIAN_POINT('',(-6.891759029,-7.621156764,3.55949842));
#2610=CARTESIAN_POINT('',(-6.744559733,-7.9839632,3.529104717));
#2611=CARTESIAN_POINT('',(-6.635659154,-8.150354736,3.506618911));
#2612=CARTESIAN_POINT('',(-6.363670307,-8.428034879,3.450458588));
#2613=CARTESIAN_POINT('',(-6.200689053,-8.539214231,3.416806168));
#2614=CARTESIAN_POINT('',(-5.845318434,-8.689493853,3.343429114));
#2615=CARTESIAN_POINT('',(-5.653068891,-8.728534995,3.30373335));
#2616=CARTESIAN_POINT('',(-5.460743637,-8.728535207,3.264021946));
#2617=CARTESIAN_POINT('',(-6.946426277,-7.228535207,3.479774658));
#2618=CARTESIAN_POINT('',(-6.946426269,-7.424884614,3.479774702));
#2619=CARTESIAN_POINT('',(-6.90797703,-7.621156766,3.472990603));
#2620=CARTESIAN_POINT('',(-6.759975396,-7.983963203,3.446876658));
#2621=CARTESIAN_POINT('',(-6.650481233,-8.150354739,3.427557087));
#2622=CARTESIAN_POINT('',(-6.377009858,-8.428034882,3.379304715));
#2623=CARTESIAN_POINT('',(-6.213140244,-8.539214234,3.350390898));
#2624=CARTESIAN_POINT('',(-5.855832609,-8.689493855,3.287346074));
#2625=CARTESIAN_POINT('',(-5.662535173,-8.728534997,3.253239872));
#2626=CARTESIAN_POINT('',(-5.469161613,-8.728535207,3.219120229));
#2627=CARTESIAN_POINT('',(-6.951858579,-7.228535207,3.447931196));
#2628=CARTESIAN_POINT('',(-6.951858574,-7.424884659,3.447931225));
#2629=CARTESIAN_POINT('',(-6.913342114,-7.621156857,3.441541834));
#2630=CARTESIAN_POINT('',(-6.765081728,-7.983963365,3.416947259));
#2631=CARTESIAN_POINT('',(-6.655396136,-8.150354926,3.398751753));
#2632=CARTESIAN_POINT('',(-6.381446653,-8.428035083,3.353306841));
#2633=CARTESIAN_POINT('',(-6.21729055,-8.539214423,3.326075316));
#2634=CARTESIAN_POINT('',(-5.85935826,-8.68949398,3.266698637));
#2635=CARTESIAN_POINT('',(-5.665722904,-8.728535068,3.234576844));
#2636=CARTESIAN_POINT('',(-5.472011304,-8.728535207,3.202442397));
#2637=CARTESIAN_POINT('',(-6.956730145,-7.228535207,3.416671371));
#2638=CARTESIAN_POINT('',(-6.956730142,-7.424884697,3.416671388));
#2639=CARTESIAN_POINT('',(-6.918154745,-7.621156933,3.410660103));
#2640=CARTESIAN_POINT('',(-6.769667491,-7.983963499,3.387520987));
#2641=CARTESIAN_POINT('',(-6.659814058,-8.150355081,3.37040226));
#2642=CARTESIAN_POINT('',(-6.385445383,-8.428035249,3.327646712));
#2643=CARTESIAN_POINT('',(-6.221038094,-8.539214581,3.302026713));
#2644=CARTESIAN_POINT('',(-5.862558121,-8.689494084,3.246163875));
#2645=CARTESIAN_POINT('',(-5.668626483,-8.728535128,3.215943014));
#2646=CARTESIAN_POINT('',(-5.474618497,-8.728535207,3.185710253));
#2647=B_SPLINE_SURFACE_WITH_KNOTS('',3,3,((#2207,#2208,#2209,#2210,#2211,#2212,#2213,#2214,#2215,#2216),(#2217,#2218,#2219,#2220,#2221,#2222,#2223,#2224,#2225,#2226),(#2227,#2228,#2229,#2230,#2231,#2232,#2233,#2234,#2235,#2236),(#2237,#2238,#2239,#2240,#2241,#2242,#2243,#2244,#2245,#2246),(#2247,#2248,#2249,#2250,#2251,#2252,#2253,#2254,#2255,#2256),(#2257,#2258,#2259,#2260,#2261,#2262,#2263,#2264,#2265,#2266),(#2267,#2268,#2269,#2270,#2271,#2272,#2273,#2274,#2275,#2276),(#2277,#2278,#2279,#2280,#2281,#2282,#2283,#2284,#2285,#2286),(#2287,#2288,#2289,#2290,#2291,#2292,#2293,#2294,#2295,#2296),(#2297,#2298,#2299,#2300,#2301,#2302,#2303,#2304,#2305,#2306),(#2307,#2308,#2309,#2310,#2311,#2312,#2313,#2314,#2315,#2316),(#2317,#2318,#2319,#2320,#2321,#2322,#2323,#2324,#2325,#2326),(#2327,#2328,#2329,#2330,#2331,#2332,#2333,#2334,#2335,#2336),(#2337,#2338,#2339,#2340,#2341,#2342,#2343,#2344,#2345,#2346),(#2347,#2348,#2349,#2350,#2351,#2352,#2353,#2354,#2355,#2356),(#2357,#2358,#2359,#2360,#2361,#2362,#2363,#2364,#2365,#2366),(#2367,#2368,#2369,#2370,#2371,#2372,#2373,#2374,#2375,#2376),(#2377,#2378,#2379,#2380,#2381,#2382,#2383,#2384,#2385,#2386),(#2387,#2388,#2389,#2390,#2391,#2392,#2393,#2394,#2395,#2396),(#2397,#2398,#2399,#2400,#2401,#2402,#2403,#2404,#2405,#2406),(#2407,#2408,#2409,#2410,#2411,#2412,#2413,#2414,#2415,#2416),(#2417,#2418,#2419,#2420,#2421,#2422,#2423,#2424,#2425,#2426),(#2427,#2428,#2429,#2430,#2431,#2432,#2433,#2434,#2435,#2436),(#2437,#2438,#2439,#2440,#2441,#2442,#2443,#2444,#2445,#2446),(#2447,#2448,#2449,#2450,#2451,#2452,#2453,#2454,#2455,#2456),(#2457,#2458,#2459,#2460,#2461,#2462,#2463,#2464,#2465,#2466),
(#2467,#2468,#2469,#2470,#2471,#2472,#2473,#2474,#2475,#2476),(#2477,#2478,#2479,#2480,#2481,#2482,#2483,#2484,#2485,#2486),(#2487,#2488,#2489,#2490,#2491,#2492,#2493,#2494,#2495,#2496),(#2497,#2498,#2499,#2500,#2501,#2502,#2503,#2504,#2505,#2506),(#2507,#2508,#2509,#2510,#2511,#2512,#2513,#2514,#2515,#2516),(#2517,#2518,#2519,#2520,#2521,#2522,#2523,#2524,#2525,#2526),(#2527,#2528,#2529,#2530,#2531,#2532,#2533,#2534,#2535,#2536),(#2537,#2538,#2539,#2540,#2541,#2542,#2543,#2544,#2545,#2546),(#2547,#2548,#2549,#2550,#2551,#2552,#2553,#2554,#2555,#2556),(#2557,#2558,#2559,#2560,#2561,#2562,#2563,#2564,#2565,#2566),(#2567,#2568,#2569,#2570,#2571,#2572,#2573,#2574,#2575,#2576),(#2577,#2578,#2579,#2580,#2581,#2582,#2583,#2584,#2585,#2586),(#2587,#2588,#2589,#2590,#2591,#2592,#2593,#2594,#2595,#2596),(#2597,#2598,#2599,#2600,#2601,#2602,#2603,#2604,#2605,#2606),(#2607,#2608,#2609,#2610,#2611,#2612,#2613,#2614,#2615,#2616),(#2617,#2618,#2619,#2620,#2621,#2622,#2623,#2624,#2625,#2626),(#2627,#2628,#2629,#2630,#2631,#2632,#2633,#2634,#2635,#2636),(#2637,#2638,#2639,#2640,#2641,#2642,#2643,#2644,#2645,#2646)),.UNSPECIFIED.,.F.,.F.,.U.,(4,2,2,2,2,2,2,2,2,2,2,2,2,2,2,2,2,2,2,2,2,4),(4,2,2,2,4),(0.,0.000005247,0.000010493,0.000020987,0.000041974,0.000083948,0.000167895,0.000335791,0.000671581,0.001343163,0.001678953,0.002014744,0.002350535,0.002686325,0.00285422,0.003022116,0.003190011,0.003273959,0.003357906,0.003441854,0.003525802,0.003574777),(0.,0.25,0.5,0.75,1.),.UNSPECIFIED.);
#2648=ORIENTED_EDGE('',*,*,#1652,.F.);
#2649=ORIENTED_EDGE('',*,*,#391,.F.);
#2650=CARTESIAN_POINT('',(-4.5,-7.228535207,6.616695829));
#2651=DIRECTION('',(-0.,-0.,1.));
#2652=DIRECTION('',(-0.,1.,0.));
#2653=AXIS2_PLACEMENT_3D('',#2650,#2651,#2652);
#2654=CIRCLE('',#2653,1.5);
#2655=EDGE_CURVE('',#916,#355,#2654,.T.);
#2656=ORIENTED_EDGE('',*,*,#2655,.F.);
#2657=ORIENTED_EDGE('',*,*,#1074,.F.);
#2658=EDGE_LOOP('',(#2648,#2649,#2656,#2657));
#2659=FACE_BOUND('',#2658,.T.);
#2660=ADVANCED_FACE('',(#2659),#2647,.T.);
#2661=CARTESIAN_POINT('',(4.5,-8.728535207,6.616695829));
#2662=CARTESIAN_POINT('',(4.696349541,-8.728535207,6.616695829));
#2663=CARTESIAN_POINT('',(4.892621827,-8.689494222,6.616695829));
#2664=CARTESIAN_POINT('',(5.255428471,-8.539214789,6.616695829));
#2665=CARTESIAN_POINT('',(5.42182008,-8.42803547,6.616695829));
#2666=CARTESIAN_POINT('',(5.699500264,-8.150355287,6.616695829));
#2667=CARTESIAN_POINT('',(5.810679583,-7.983963677,6.616695829));
#2668=CARTESIAN_POINT('',(5.960959015,-7.621157033,6.616695829));
#2669=CARTESIAN_POINT('',(6.,-7.424884748,6.616695829));
#2670=CARTESIAN_POINT('',(6.,-7.228535207,6.616695829));
#2671=CARTESIAN_POINT('',(4.5,-8.728535207,6.614926367));
#2672=CARTESIAN_POINT('',(4.696349541,-8.728535207,6.614926367));
#2673=CARTESIAN_POINT('',(4.892621827,-8.689494222,6.614926367));
#2674=CARTESIAN_POINT('',(5.255428471,-8.539214789,6.614926367));
#2675=CARTESIAN_POINT('',(5.42182008,-8.42803547,6.614926367));
#2676=CARTESIAN_POINT('',(5.699500264,-8.150355287,6.614926367));
#2677=CARTESIAN_POINT('',(5.810679583,-7.983963677,6.614926367));
#2678=CARTESIAN_POINT('',(5.960959015,-7.621157033,6.614926367));
#2679=CARTESIAN_POINT('',(6.,-7.424884748,6.614926367));
#2680=CARTESIAN_POINT('',(6.,-7.228535207,6.614926367));
#2681=CARTESIAN_POINT('',(4.500000582,-8.728535207,6.613156994));
#2682=CARTESIAN_POINT('',(4.69635011,-8.728535213,6.613249698));
#2683=CARTESIAN_POINT('',(4.892622384,-8.689494232,6.613342365));
#2684=CARTESIAN_POINT('',(5.255429008,-8.539214805,6.61351366));
#2685=CARTESIAN_POINT('',(5.421820609,-8.428035487,6.61359222));
#2686=CARTESIAN_POINT('',(5.699500779,-8.150355302,6.613723324));
#2687=CARTESIAN_POINT('',(5.810680092,-7.983963691,6.613775816));
#2688=CARTESIAN_POINT('',(5.960959518,-7.621157041,6.61384677));
#2689=CARTESIAN_POINT('',(6.000000501,-7.424884751,6.613865204));
#2690=CARTESIAN_POINT('',(6.000000501,-7.228535207,6.613865205));
#2691=CARTESIAN_POINT('',(4.500003089,-8.728535207,6.609618456));
#2692=CARTESIAN_POINT('',(4.696352551,-8.728535213,6.609804008));
#2693=CARTESIAN_POINT('',(4.89262476,-8.689494232,6.609989488));
#2694=CARTESIAN_POINT('',(5.255431262,-8.539214805,6.610332344));
#2695=CARTESIAN_POINT('',(5.421822807,-8.428035487,6.610489587));
#2696=CARTESIAN_POINT('',(5.699502884,-8.150355302,6.610751998));
#2697=CARTESIAN_POINT('',(5.81068216,-7.983963691,6.610857065));
#2698=CARTESIAN_POINT('',(5.960961535,-7.621157041,6.610999082));
#2699=CARTESIAN_POINT('',(6.000002506,-7.424884751,6.611035977));
#2700=CARTESIAN_POINT('',(6.000002506,-7.228535207,6.611035978));
#2701=CARTESIAN_POINT('',(4.500004837,-8.728535207,6.607849263));
#2702=CARTESIAN_POINT('',(4.696354261,-8.72853523,6.608081304));
#2703=CARTESIAN_POINT('',(4.892626435,-8.689494262,6.608313254));
#2704=CARTESIAN_POINT('',(5.255432876,-8.539214851,6.608742013));
#2705=CARTESIAN_POINT('',(5.421824395,-8.428035535,6.608938653));
#2706=CARTESIAN_POINT('',(5.69950443,-8.150355347,6.609266814));
#2707=CARTESIAN_POINT('',(5.810683691,-7.98396373,6.609398206));
#2708=CARTESIAN_POINT('',(5.960963044,-7.621157063,6.609575809));
#2709=CARTESIAN_POINT('',(6.000004009,-7.424884762,6.60962195));
#2710=CARTESIAN_POINT('',(6.000004009,-7.228535207,6.609621954));
#2711=CARTESIAN_POINT('',(4.500012366,-8.728535207,6.602542034));
#2712=CARTESIAN_POINT('',(4.696361592,-8.72853523,6.602913649));
#2713=CARTESIAN_POINT('',(4.892633567,-8.689494262,6.603285117));
#2714=CARTESIAN_POINT('',(5.255439643,-8.539214851,6.603971774));
#2715=CARTESIAN_POINT('',(5.421830994,-8.428035535,6.604286691));
#2716=CARTESIAN_POINT('',(5.699510749,-8.150355347,6.604812238));
#2717=CARTESIAN_POINT('',(5.810689898,-7.98396373,6.605022661));
#2718=CARTESIAN_POINT('',(5.9609691,-7.621157063,6.605307089));
#2719=CARTESIAN_POINT('',(6.000010025,-7.424884762,6.605380982));
#2720=CARTESIAN_POINT('',(6.000010025,-7.228535207,6.605380985));
#2721=CARTESIAN_POINT('',(4.500019373,-8.728535207,6.599004188));
#2722=CARTESIAN_POINT('',(4.696368445,-8.728535299,6.599469108));
#2723=CARTESIAN_POINT('',(4.892640279,-8.689494383,6.599933848));
#2724=CARTESIAN_POINT('',(5.255446109,-8.539215033,6.60079292));
#2725=CARTESIAN_POINT('',(5.421837355,-8.428035728,6.601186913));
#2726=CARTESIAN_POINT('',(5.69951694,-8.150355527,6.601844429));
#2727=CARTESIAN_POINT('',(5.810696023,-7.983963885,6.602107694));
#2728=CARTESIAN_POINT('',(5.960975139,-7.621157151,6.602463554));
#2729=CARTESIAN_POINT('',(6.000016043,-7.424884806,6.60255601));
#2730=CARTESIAN_POINT('',(6.000016043,-7.228535207,6.602556024));
#2731=CARTESIAN_POINT('',(4.500049547,-8.728535207,6.588392055));
#2732=CARTESIAN_POINT('',(4.696397821,-8.728535299,6.589137324));
#2733=CARTESIAN_POINT('',(4.892668858,-8.689494383,6.589882303));
#2734=CARTESIAN_POINT('',(5.255473215,-8.539215033,6.591259391));
#2735=CARTESIAN_POINT('',(5.421863785,-8.428035728,6.591890959));
#2736=CARTESIAN_POINT('',(5.699542243,-8.150355527,6.592944948));
#2737=CARTESIAN_POINT('',(5.810720875,-7.983963885,6.593366955));
#2738=CARTESIAN_POINT('',(5.96099938,-7.621157151,6.593937385));
#2739=CARTESIAN_POINT('',(6.000040125,-7.424884806,6.594085583));
#2740=CARTESIAN_POINT('',(6.000040125,-7.228535207,6.594085597));
#2741=CARTESIAN_POINT('',(4.500077699,-8.728535207,6.581318536));
#2742=CARTESIAN_POINT('',(4.696425344,-8.728535569,6.582251728));
#2743=CARTESIAN_POINT('',(4.892695806,-8.689494854,6.583184563));
#2744=CARTESIAN_POINT('',(5.255499154,-8.539215747,6.584908919));
#2745=CARTESIAN_POINT('',(5.421889292,-8.428036485,6.58569976));
#2746=CARTESIAN_POINT('',(5.69956705,-8.150356231,6.58701957));
#2747=CARTESIAN_POINT('',(5.810745415,-7.983964496,6.587548019));
#2748=CARTESIAN_POINT('',(5.961023563,-7.621157495,6.588262353));
#2749=CARTESIAN_POINT('',(6.000064218,-7.424884978,6.588447958));
#2750=CARTESIAN_POINT('',(6.000064218,-7.228535207,6.588448012));
#2751=CARTESIAN_POINT('',(4.500198857,-8.728535207,6.560103621));
#2752=CARTESIAN_POINT('',(4.696543271,-8.72853557,6.561602334));
#2753=CARTESIAN_POINT('',(4.892810503,-8.689494854,6.563100469));
#2754=CARTESIAN_POINT('',(5.255607882,-8.539215748,6.565869772));
#2755=CARTESIAN_POINT('',(5.421995282,-8.428036485,6.567139851));
#2756=CARTESIAN_POINT('',(5.699668471,-8.150356232,6.569259428));
#2757=CARTESIAN_POINT('',(5.810845007,-7.983964496,6.570108093));
#2758=CARTESIAN_POINT('',(5.961120682,-7.621157495,6.571255257));
#2759=CARTESIAN_POINT('',(6.000160694,-7.424884979,6.571553306));
#2760=CARTESIAN_POINT('',(6.000160694,-7.228535207,6.571553359));
#2761=CARTESIAN_POINT('',(4.500323108,-8.728535207,6.54596703));
#2762=CARTESIAN_POINT('',(4.696664036,-8.728535207,6.547845683));
#2763=CARTESIAN_POINT('',(4.892927712,-8.689494222,6.549723596));
#2764=CARTESIAN_POINT('',(5.255718441,-8.539214789,6.553194894));
#2765=CARTESIAN_POINT('',(5.422102752,-8.42803547,6.554786913));
#2766=CARTESIAN_POINT('',(5.699770755,-8.150355287,6.557443729));
#2767=CARTESIAN_POINT('',(5.810945197,-7.983963677,6.558507482));
#2768=CARTESIAN_POINT('',(5.961218037,-7.621157033,6.55994534));
#2769=CARTESIAN_POINT('',(6.00025731,-7.424884748,6.56031888));
#2770=CARTESIAN_POINT('',(6.00025731,-7.228535207,6.56031888));
#2771=CARTESIAN_POINT('',(4.500811538,-8.728535207,6.503575042));
#2772=CARTESIAN_POINT('',(4.69713921,-8.728535207,6.506604146));
#2773=CARTESIAN_POINT('',(4.893389636,-8.689494222,6.509632058));
#2774=CARTESIAN_POINT('',(5.256155873,-8.539214789,6.515229113));
#2775=CARTESIAN_POINT('',(5.422528951,-8.42803547,6.517796053));
#2776=CARTESIAN_POINT('',(5.700178208,-8.150355287,6.522079854));
#2777=CARTESIAN_POINT('',(5.811345144,-7.983963677,6.523795028));
#2778=CARTESIAN_POINT('',(5.96160784,-7.621157033,6.526113404));
#2779=CARTESIAN_POINT('',(6.000644477,-7.424884748,6.526715694));
#2780=CARTESIAN_POINT('',(6.000644477,-7.228535207,6.526715694));
#2781=CARTESIAN_POINT('',(4.501302478,-8.728535207,6.475339135));
#2782=CARTESIAN_POINT('',(4.697616672,-8.728535207,6.479148197));
#2783=CARTESIAN_POINT('',(4.893853624,-8.689494222,6.482955759));
#2784=CARTESIAN_POINT('',(5.256594955,-8.539214789,6.489993987));
#2785=CARTESIAN_POINT('',(5.42295661,-8.42803547,6.493221883));
#2786=CARTESIAN_POINT('',(5.700586805,-8.150355287,6.498608709));
#2787=CARTESIAN_POINT('',(5.811746109,-7.983963677,6.50076552));
#2788=CARTESIAN_POINT('',(5.961998488,-7.621157033,6.50368085));
#2789=CARTESIAN_POINT('',(6.001032445,-7.424884748,6.504438221));
#2790=CARTESIAN_POINT('',(6.001032445,-7.228535207,6.504438221));
#2791=CARTESIAN_POINT('',(4.503286613,-8.728535207,6.390710035));
#2792=CARTESIAN_POINT('',(4.699545024,-8.728535207,6.396898401));
#2793=CARTESIAN_POINT('',(4.895726215,-8.689494222,6.403084332));
#2794=CARTESIAN_POINT('',(5.258364472,-8.539214789,6.414518941));
#2795=CARTESIAN_POINT('',(5.424678856,-8.42803547,6.41976312));
#2796=CARTESIAN_POINT('',(5.702230162,-8.150355287,6.428514791));
#2797=CARTESIAN_POINT('',(5.81335788,-7.983963677,6.43201884));
#2798=CARTESIAN_POINT('',(5.963567564,-7.621157033,6.43675521));
#2799=CARTESIAN_POINT('',(6.002590429,-7.424884748,6.437985668));
#2800=CARTESIAN_POINT('',(6.002590429,-7.228535207,6.437985668));
#2801=CARTESIAN_POINT('',(4.505291048,-8.728535207,6.334395447));
#2802=CARTESIAN_POINT('',(4.701491829,-8.728535207,6.342222656));
#2803=CARTESIAN_POINT('',(4.897615415,-8.689494222,6.350046786));
#2804=CARTESIAN_POINT('',(5.260147188,-8.53921479,6.364509583));
#2805=CARTESIAN_POINT('',(5.426412735,-8.428035471,6.37114256));
#2806=CARTESIAN_POINT('',(5.703882542,-8.150355287,6.382211906));
#2807=CARTESIAN_POINT('',(5.814977629,-7.983963678,6.38664392));
#2808=CARTESIAN_POINT('',(5.965143206,-7.621157034,6.392634606));
#2809=CARTESIAN_POINT('',(6.004154613,-7.424884748,6.394190923));
#2810=CARTESIAN_POINT('',(6.004154613,-7.228535207,6.394190923));
#2811=CARTESIAN_POINT('',(4.513475087,-8.728535207,6.165785449));
#2812=CARTESIAN_POINT('',(4.709429481,-8.728535207,6.178688818));
#2813=CARTESIAN_POINT('',(4.905306775,-8.689494222,6.19158711));
#2814=CARTESIAN_POINT('',(5.267383283,-8.53921479,6.215429427));
#2815=CARTESIAN_POINT('',(5.433440035,-8.428035471,6.226364071));
#2816=CARTESIAN_POINT('',(5.710561396,-8.150355287,6.24461219));
#2817=CARTESIAN_POINT('',(5.82151697,-7.983963678,6.251918486));
#2818=CARTESIAN_POINT('',(5.97149397,-7.621157034,6.261794297));
#2819=CARTESIAN_POINT('',(6.010456387,-7.424884748,6.264359927));
#2820=CARTESIAN_POINT('',(6.010456387,-7.228535207,6.264359927));
#2821=CARTESIAN_POINT('',(4.52182506,-8.728535207,6.053823748));
#2822=CARTESIAN_POINT('',(4.717517302,-8.728535208,6.070325495));
#2823=CARTESIAN_POINT('',(4.913132547,-8.689494224,6.086820749));
#2824=CARTESIAN_POINT('',(5.27472466,-8.539214792,6.117312002));
#2825=CARTESIAN_POINT('',(5.440559258,-8.428035473,6.131296004));
#2826=CARTESIAN_POINT('',(5.71730988,-8.15035529,6.154632998));
#2827=CARTESIAN_POINT('',(5.828117016,-7.98396368,6.163976809));
#2828=CARTESIAN_POINT('',(5.977893373,-7.621157035,6.1766067));
#2829=CARTESIAN_POINT('',(6.016803665,-7.424884748,6.17988781));
#2830=CARTESIAN_POINT('',(6.016803665,-7.228535207,6.17988781));
#2831=CARTESIAN_POINT('',(4.556591111,-8.728535207,5.719432566));
#2832=CARTESIAN_POINT('',(4.751097205,-8.728535208,5.747343066));
#2833=CARTESIAN_POINT('',(4.945526769,-8.689494224,5.775242584));
#2834=CARTESIAN_POINT('',(5.304927168,-8.539214792,5.826814463));
#2835=CARTESIAN_POINT('',(5.469756593,-8.428035473,5.850466533));
#2836=CARTESIAN_POINT('',(5.74482975,-8.15035529,5.88993794));
#2837=CARTESIAN_POINT('',(5.854965251,-7.98396368,5.905741748));
#2838=CARTESIAN_POINT('',(6.003833771,-7.621157035,5.927103519));
#2839=CARTESIAN_POINT('',(6.042508215,-7.424884748,5.932653079));
#2840=CARTESIAN_POINT('',(6.042508215,-7.228535207,5.932653079));
#2841=CARTESIAN_POINT('',(4.592762778,-8.728535207,5.498503075));
#2842=CARTESIAN_POINT('',(4.785929796,-8.728535208,5.534876323));
#2843=CARTESIAN_POINT('',(4.97902081,-8.689494224,5.571235261));
#2844=CARTESIAN_POINT('',(5.335946918,-8.539214793,5.638444261));
#2845=CARTESIAN_POINT('',(5.499641577,-8.428035474,5.669267879));
#2846=CARTESIAN_POINT('',(5.772820993,-8.15035529,5.720707421));
#2847=CARTESIAN_POINT('',(5.882198267,-7.98396368,5.741303105));
#2848=CARTESIAN_POINT('',(6.030041902,-7.621157035,5.769141984));
#2849=CARTESIAN_POINT('',(6.068450093,-7.424884748,5.776374226));
#2850=CARTESIAN_POINT('',(6.068450093,-7.228535207,5.776374226));
#2851=CARTESIAN_POINT('',(4.670409979,-8.728535207,5.170705164));
#2852=CARTESIAN_POINT('',(4.860420144,-8.728535208,5.22040548));
#2853=CARTESIAN_POINT('',(5.050355549,-8.689494224,5.27008624));
#2854=CARTESIAN_POINT('',(5.401448555,-8.539214793,5.361920449));
#2855=CARTESIAN_POINT('',(5.562468017,-8.428035474,5.404037764));
#2856=CARTESIAN_POINT('',(5.831182971,-8.15035529,5.474324624));
#2857=CARTESIAN_POINT('',(5.938772735,-7.98396368,5.502466514));
#2858=CARTESIAN_POINT('',(6.08420022,-7.621157035,5.540505489));
#2859=CARTESIAN_POINT('',(6.121980721,-7.424884748,5.550387607));
#2860=CARTESIAN_POINT('',(6.121980722,-7.228535207,5.550387607));
#2861=CARTESIAN_POINT('',(4.700186738,-8.728535207,5.062037978));
#2862=CARTESIAN_POINT('',(4.888955119,-8.728535207,5.116278108));
#2863=CARTESIAN_POINT('',(5.077649228,-8.689494222,5.170496896));
#2864=CARTESIAN_POINT('',(5.426447715,-8.539214789,5.270719586));
#2865=CARTESIAN_POINT('',(5.586414856,-8.42803547,5.316684056));
#2866=CARTESIAN_POINT('',(5.853373661,-8.150355287,5.393391182));
#2867=CARTESIAN_POINT('',(5.960260288,-7.983963677,5.424103658));
#2868=CARTESIAN_POINT('',(6.104737352,-7.621157033,5.465617256));
#2869=CARTESIAN_POINT('',(6.142270943,-7.424884748,5.476402044));
#2870=CARTESIAN_POINT('',(6.142270943,-7.228535207,5.476402044));
#2871=CARTESIAN_POINT('',(4.767943872,-8.728535207,4.845964969));
#2872=CARTESIAN_POINT('',(4.953883032,-8.728535207,4.909227295));
#2873=CARTESIAN_POINT('',(5.139749034,-8.689494222,4.972464731));
#2874=CARTESIAN_POINT('',(5.483319803,-8.539214789,5.089358267));
#2875=CARTESIAN_POINT('',(5.640889391,-8.42803547,5.142968376));
#2876=CARTESIAN_POINT('',(5.903847073,-8.150355287,5.232434816));
#2877=CARTESIAN_POINT('',(6.009131706,-7.983963677,5.268255946));
#2878=CARTESIAN_POINT('',(6.151443378,-7.621157033,5.316674834));
#2879=CARTESIAN_POINT('',(6.188414424,-7.424884748,5.329253542));
#2880=CARTESIAN_POINT('',(6.188414424,-7.228535207,5.329253542));
#2881=CARTESIAN_POINT('',(4.805998453,-8.728535207,4.738485973));
#2882=CARTESIAN_POINT('',(4.990344521,-8.728535207,4.806235769));
#2883=CARTESIAN_POINT('',(5.174618057,-8.689494222,4.873958908));
#2884=CARTESIAN_POINT('',(5.515245175,-8.53921479,4.999144207));
#2885=CARTESIAN_POINT('',(5.671464735,-8.428035471,5.056557112));
#2886=CARTESIAN_POINT('',(5.932169445,-8.150355288,5.152369793));
#2887=CARTESIAN_POINT('',(6.036552018,-7.983963678,5.19073187));
#2888=CARTESIAN_POINT('',(6.17764439,-7.621157034,5.242585318));
#2889=CARTESIAN_POINT('',(6.214298675,-7.424884748,5.256056288));
#2890=CARTESIAN_POINT('',(6.214298675,-7.228535207,5.256056288));
#2891=CARTESIAN_POINT('',(4.889127854,-8.728535207,4.527403445));
#2892=CARTESIAN_POINT('',(5.070166663,-8.728535207,4.603551047));
#2893=CARTESIAN_POINT('',(5.251134241,-8.689494222,4.679668687));
#2894=CARTESIAN_POINT('',(5.585650342,-8.53921479,4.820371108));
#2895=CARTESIAN_POINT('',(5.739067247,-8.428035471,4.884900528));
#2896=CARTESIAN_POINT('',(5.995094786,-8.150355288,4.992589499));
#2897=CARTESIAN_POINT('',(6.097604685,-7.983963678,5.035706678));
#2898=CARTESIAN_POINT('',(6.236165791,-7.621157034,5.093987529));
#2899=CARTESIAN_POINT('',(6.27216248,-7.424884748,5.109128269));
#2900=CARTESIAN_POINT('',(6.27216248,-7.228535207,5.10912827));
#2901=CARTESIAN_POINT('',(4.934320009,-8.728535207,4.423465935));
#2902=CARTESIAN_POINT('',(5.113633844,-8.72853521,4.503547746));
#2903=CARTESIAN_POINT('',(5.292877127,-8.689494227,4.583598048));
#2904=CARTESIAN_POINT('',(5.624205893,-8.539214797,4.731569941));
#2905=CARTESIAN_POINT('',(5.776161011,-8.428035479,4.799433311));
#2906=CARTESIAN_POINT('',(6.029749071,-8.150355295,4.912686095));
#2907=CARTESIAN_POINT('',(6.131282235,-7.983963684,4.958030949));
#2908=CARTESIAN_POINT('',(6.268523104,-7.621157037,5.019322914));
#2909=CARTESIAN_POINT('',(6.30417681,-7.42488475,5.03524591));
#2910=CARTESIAN_POINT('',(6.30417681,-7.228535207,5.03524591));
#2911=CARTESIAN_POINT('',(5.030618825,-8.728535207,4.218205808));
#2912=CARTESIAN_POINT('',(5.206822524,-8.72853521,4.304916848));
#2913=CARTESIAN_POINT('',(5.382956894,-8.689494227,4.391593771));
#2914=CARTESIAN_POINT('',(5.708538877,-8.539214797,4.551814882));
#2915=CARTESIAN_POINT('',(5.857858387,-8.428035479,4.62529603));
#2916=CARTESIAN_POINT('',(6.107048049,-8.150355295,4.747923959));
#2917=CARTESIAN_POINT('',(6.206820156,-7.983963684,4.797022492));
#2918=CARTESIAN_POINT('',(6.34168063,-7.621157037,4.863388249));
#2919=CARTESIAN_POINT('',(6.376715935,-7.42488475,4.880629361));
#2920=CARTESIAN_POINT('',(6.376715935,-7.228535207,4.880629361));
#2921=CARTESIAN_POINT('',(5.081787478,-8.728535207,4.1169106));
#2922=CARTESIAN_POINT('',(5.256587052,-8.728535214,4.206356031));
#2923=CARTESIAN_POINT('',(5.431317852,-8.689494234,4.29576627));
#2924=CARTESIAN_POINT('',(5.754305353,-8.539214808,4.461039877));
#2925=CARTESIAN_POINT('',(5.902434973,-8.42803549,4.536838218));
#2926=CARTESIAN_POINT('',(6.149638906,-8.150355305,4.663333162));
#2927=CARTESIAN_POINT('',(6.248615954,-7.983963693,4.713979994));
#2928=CARTESIAN_POINT('',(6.38240176,-7.621157042,4.782438564));
#2929=CARTESIAN_POINT('',(6.417157877,-7.424884752,4.800223366));
#2930=CARTESIAN_POINT('',(6.417157877,-7.228535207,4.800223366));
#2931=CARTESIAN_POINT('',(5.160540563,-8.728535207,3.965852064));
#2932=CARTESIAN_POINT('',(5.334304088,-8.728535214,4.057284767));
#2933=CARTESIAN_POINT('',(5.507999246,-8.689494234,4.148681497));
#2934=CARTESIAN_POINT('',(5.829072379,-8.539214808,4.317627105));
#2935=CARTESIAN_POINT('',(5.976324025,-8.42803549,4.395109511));
#2936=CARTESIAN_POINT('',(6.222062764,-8.150355305,4.524414882));
#2937=CARTESIAN_POINT('',(6.320453169,-7.983963693,4.576186971));
#2938=CARTESIAN_POINT('',(6.453446017,-7.621157042,4.646166533));
#2939=CARTESIAN_POINT('',(6.487996133,-7.424884752,4.664346473));
#2940=CARTESIAN_POINT('',(6.487996133,-7.228535207,4.664346473));
#2941=CARTESIAN_POINT('',(5.187110295,-8.728535207,3.91563043));
#2942=CARTESIAN_POINT('',(5.360713071,-8.728535191,4.007365541));
#2943=CARTESIAN_POINT('',(5.53424754,-8.689494194,4.099064557));
#2944=CARTESIAN_POINT('',(5.855023636,-8.539214748,4.268568937));
#2945=CARTESIAN_POINT('',(6.002139051,-8.428035426,4.346307608));
#2946=CARTESIAN_POINT('',(6.247650442,-8.150355246,4.476040643));
#2947=CARTESIAN_POINT('',(6.345949818,-7.983963642,4.527983962));
#2948=CARTESIAN_POINT('',(6.478819623,-7.621157013,4.598194976));
#2949=CARTESIAN_POINT('',(6.513337773,-7.424884738,4.616435045));
#2950=CARTESIAN_POINT('',(6.513337773,-7.228535207,4.616435046));
#2951=CARTESIAN_POINT('',(5.240014216,-8.728535207,3.815089866));
#2952=CARTESIAN_POINT('',(5.41393479,-8.728535191,3.906221027));
#2953=CARTESIAN_POINT('',(5.587786931,-8.689494194,3.997316331));
#2954=CARTESIAN_POINT('',(5.909150241,-8.539214748,4.165704756));
#2955=CARTESIAN_POINT('',(6.056534966,-8.428035426,4.242931624));
#2956=CARTESIAN_POINT('',(6.30249579,-8.150355246,4.371810545));
#2957=CARTESIAN_POINT('',(6.400975114,-7.983963642,4.423411889));
#2958=CARTESIAN_POINT('',(6.534088151,-7.621157013,4.493160659));
#2959=CARTESIAN_POINT('',(6.56866949,-7.424884738,4.511280642));
#2960=CARTESIAN_POINT('',(6.568669489,-7.228535207,4.511280643));
#2961=CARTESIAN_POINT('',(5.266360035,-8.728535207,3.76477634));
#2962=CARTESIAN_POINT('',(5.440760963,-8.728535207,3.855011022));
#2963=CARTESIAN_POINT('',(5.615093271,-8.689494222,3.945210202));
#2964=CARTESIAN_POINT('',(5.937344167,-8.539214789,4.111942155));
#2965=CARTESIAN_POINT('',(6.085135962,-8.42803547,4.188409327));
#2966=CARTESIAN_POINT('',(6.33177612,-8.150355287,4.316020439));
#2967=CARTESIAN_POINT('',(6.43052744,-7.983963677,4.36711417));
#2968=CARTESIAN_POINT('',(6.564008132,-7.621157033,4.436176806));
#2969=CARTESIAN_POINT('',(6.598684984,-7.424884748,4.454118538));
#2970=CARTESIAN_POINT('',(6.598684984,-7.228535207,4.454118538));
#2971=CARTESIAN_POINT('',(5.317351827,-8.728535207,3.663456722));
#2972=CARTESIAN_POINT('',(5.493730686,-8.728535207,3.749761298));
#2973=CARTESIAN_POINT('',(5.670040147,-8.689494222,3.836031917));
#2974=CARTESIAN_POINT('',(5.995945783,-8.539214789,3.99550198));
#2975=CARTESIAN_POINT('',(6.145413727,-8.42803547,4.068638679));
#2976=CARTESIAN_POINT('',(6.394851101,-8.150355287,4.190691781));
#2977=CARTESIAN_POINT('',(6.494722388,-7.983963677,4.239560161));
#2978=CARTESIAN_POINT('',(6.629716922,-7.621157033,4.305614824));
#2979=CARTESIAN_POINT('',(6.664787055,-7.424884748,4.322775117));
#2980=CARTESIAN_POINT('',(6.664787055,-7.228535207,4.322775117));
#2981=CARTESIAN_POINT('',(5.342006531,-8.728535207,3.612454188));
#2982=CARTESIAN_POINT('',(5.519916735,-8.728535002,3.695693722));
#2983=CARTESIAN_POINT('',(5.697756901,-8.689493864,3.77890049));
#2984=CARTESIAN_POINT('',(6.026491984,-8.539214248,3.93270705));
#2985=CARTESIAN_POINT('',(6.177257557,-8.428034897,4.003246327));
#2986=CARTESIAN_POINT('',(6.428860443,-8.150354753,4.120964757));
#2987=CARTESIAN_POINT('',(6.529598761,-7.983963215,4.168097592));
#2988=CARTESIAN_POINT('',(6.665765243,-7.621156773,4.231806351));
#2989=CARTESIAN_POINT('',(6.70113983,-7.424884617,4.248357207));
#2990=CARTESIAN_POINT('',(6.701139826,-7.228535207,4.248357216));
#2991=CARTESIAN_POINT('',(5.375880316,-8.728535207,3.534683992));
#2992=CARTESIAN_POINT('',(5.556947046,-8.728535002,3.610676575));
#2993=CARTESIAN_POINT('',(5.737942496,-8.689493864,3.686639242));
#2994=CARTESIAN_POINT('',(6.072510079,-8.539214247,3.827055181));
#2995=CARTESIAN_POINT('',(6.225950573,-8.428034896,3.891453206));
#2996=CARTESIAN_POINT('',(6.482017464,-8.150354752,3.998922893));
#2997=CARTESIAN_POINT('',(6.584543108,-7.983963214,4.041952272));
#2998=CARTESIAN_POINT('',(6.723125495,-7.621156772,4.100114444));
#2999=CARTESIAN_POINT('',(6.759127711,-7.424884617,4.115224352));
#3000=CARTESIAN_POINT('',(6.75912771,-7.228535207,4.115224354));
#3001=CARTESIAN_POINT('',(5.386641516,-8.728535207,3.508544632));
#3002=CARTESIAN_POINT('',(5.56889779,-8.728535197,3.581674764));
#3003=CARTESIAN_POINT('',(5.751082352,-8.689494205,3.654776122));
#3004=CARTESIAN_POINT('',(6.087848028,-8.539214763,3.789902985));
#3005=CARTESIAN_POINT('',(6.24229664,-8.428035443,3.851875323));
#3006=CARTESIAN_POINT('',(6.500045928,-8.150355261,3.955296945));
#3007=CARTESIAN_POINT('',(6.60324519,-7.983963655,3.996705537));
#3008=CARTESIAN_POINT('',(6.742738099,-7.621157021,4.052676915));
#3009=CARTESIAN_POINT('',(6.77897686,-7.424884741,4.067217679));
#3010=CARTESIAN_POINT('',(6.77897686,-7.228535207,4.067217679));
#3011=CARTESIAN_POINT('',(5.406762493,-8.728535207,3.455694932));
#3012=CARTESIAN_POINT('',(5.591506948,-8.728535197,3.522289615));
#3013=CARTESIAN_POINT('',(5.776178712,-8.689494205,3.588858096));
#3014=CARTESIAN_POINT('',(6.117541949,-8.539214763,3.711909023));
#3015=CARTESIAN_POINT('',(6.274099109,-8.428035443,3.768343055));
#3016=CARTESIAN_POINT('',(6.535367217,-8.150355261,3.862522157));
#3017=CARTESIAN_POINT('',(6.639975366,-7.983963655,3.900230171));
#3018=CARTESIAN_POINT('',(6.781372647,-7.621157021,3.951199532));
#3019=CARTESIAN_POINT('',(6.818106144,-7.424884741,3.964440826));
#3020=CARTESIAN_POINT('',(6.818106144,-7.228535207,3.964440825));
#3021=CARTESIAN_POINT('',(5.416115695,-8.728535207,3.428981914));
#3022=CARTESIAN_POINT('',(5.602153888,-8.728535205,3.49190384));
#3023=CARTESIAN_POINT('',(5.788118883,-8.689494218,3.554801008));
#3024=CARTESIAN_POINT('',(6.13187264,-8.539214784,3.671065565));
#3025=CARTESIAN_POINT('',(6.28952615,-8.428035465,3.724387209));
#3026=CARTESIAN_POINT('',(6.552623884,-8.150355282,3.813372248));
#3027=CARTESIAN_POINT('',(6.657964591,-7.983963673,3.849000632));
#3028=CARTESIAN_POINT('',(6.800352059,-7.621157031,3.897158988));
#3029=CARTESIAN_POINT('',(6.837342796,-7.424884746,3.909670012));
#3030=CARTESIAN_POINT('',(6.837342796,-7.228535207,3.909670012));
#3031=CARTESIAN_POINT('',(5.433182809,-8.728535207,3.374887986));
#3032=CARTESIAN_POINT('',(5.621645815,-8.728535205,3.430124508));
#3033=CARTESIAN_POINT('',(5.810034669,-8.689494218,3.485339297));
#3034=CARTESIAN_POINT('',(6.158268895,-8.539214784,3.587403081));
#3035=CARTESIAN_POINT('',(6.317977253,-8.428035465,3.634211918));
#3036=CARTESIAN_POINT('',(6.584504191,-8.150355282,3.712328156));
#3037=CARTESIAN_POINT('',(6.691217904,-7.983963673,3.743604821));
#3038=CARTESIAN_POINT('',(6.835461243,-7.621157031,3.785881024));
#3039=CARTESIAN_POINT('',(6.872934116,-7.424884746,3.796863928));
#3040=CARTESIAN_POINT('',(6.872934116,-7.228535207,3.796863928));
#3041=CARTESIAN_POINT('',(5.440896323,-8.728535207,3.347506914));
#3042=CARTESIAN_POINT('',(5.63048384,-8.728535206,3.398748646));
#3043=CARTESIAN_POINT('',(5.819996762,-8.689494221,3.449970216));
#3044=CARTESIAN_POINT('',(6.170308816,-8.539214788,3.54465259));
#3045=CARTESIAN_POINT('',(6.330970114,-8.428035469,3.58807614));
#3046=CARTESIAN_POINT('',(6.599087352,-8.150355286,3.660542892));
#3047=CARTESIAN_POINT('',(6.706437799,-7.983963676,3.68955758));
#3048=CARTESIAN_POINT('',(6.851541803,-7.621157033,3.728776304));
#3049=CARTESIAN_POINT('',(6.889238267,-7.424884747,3.738964907));
#3050=CARTESIAN_POINT('',(6.889238267,-7.228535207,3.738964907));
#3051=CARTESIAN_POINT('',(5.454673929,-8.728535207,3.29207275));
#3052=CARTESIAN_POINT('',(5.646191042,-8.728535206,3.335550757));
#3053=CARTESIAN_POINT('',(5.837632802,-8.689494221,3.379011657));
#3054=CARTESIAN_POINT('',(6.191510284,-8.539214788,3.459348538));
#3055=CARTESIAN_POINT('',(6.353806771,-8.428035469,3.49619291));
#3056=CARTESIAN_POINT('',(6.624652869,-8.150355286,3.557680097));
#3057=CARTESIAN_POINT('',(6.733095915,-7.983963676,3.58229872));
#3058=CARTESIAN_POINT('',(6.879676767,-7.621157033,3.615575345));
#3059=CARTESIAN_POINT('',(6.917756901,-7.424884747,3.624220256));
#3060=CARTESIAN_POINT('',(6.917756901,-7.228535207,3.624220256));
#3061=CARTESIAN_POINT('',(5.460743637,-8.728535207,3.264021946));
#3062=CARTESIAN_POINT('',(5.653068891,-8.728534995,3.30373335));
#3063=CARTESIAN_POINT('',(5.845318434,-8.689493853,3.343429114));
#3064=CARTESIAN_POINT('',(6.200689053,-8.539214231,3.416806168));
#3065=CARTESIAN_POINT('',(6.363670307,-8.428034879,3.450458588));
#3066=CARTESIAN_POINT('',(6.635659154,-8.150354736,3.506618911));
#3067=CARTESIAN_POINT('',(6.744559733,-7.9839632,3.529104717));
#3068=CARTESIAN_POINT('',(6.891759029,-7.621156764,3.55949842));
#3069=CARTESIAN_POINT('',(6.929999829,-7.424884613,3.567394357));
#3070=CARTESIAN_POINT('',(6.929999837,-7.228535207,3.567394319));
#3071=CARTESIAN_POINT('',(5.469161613,-8.728535207,3.219120229));
#3072=CARTESIAN_POINT('',(5.662535173,-8.728534997,3.253239872));
#3073=CARTESIAN_POINT('',(5.855832609,-8.689493855,3.287346074));
#3074=CARTESIAN_POINT('',(6.213140244,-8.539214234,3.350390898));
#3075=CARTESIAN_POINT('',(6.377009858,-8.428034882,3.379304715));
#3076=CARTESIAN_POINT('',(6.650481233,-8.150354739,3.427557087));
#3077=CARTESIAN_POINT('',(6.759975396,-7.983963203,3.446876658));
#3078=CARTESIAN_POINT('',(6.90797703,-7.621156766,3.472990603));
#3079=CARTESIAN_POINT('',(6.946426269,-7.424884614,3.479774702));
#3080=CARTESIAN_POINT('',(6.946426277,-7.228535207,3.479774658));
#3081=CARTESIAN_POINT('',(5.472011304,-8.728535207,3.202442397));
#3082=CARTESIAN_POINT('',(5.665722904,-8.728535068,3.234576844));
#3083=CARTESIAN_POINT('',(5.85935826,-8.68949398,3.266698637));
#3084=CARTESIAN_POINT('',(6.21729055,-8.539214423,3.326075316));
#3085=CARTESIAN_POINT('',(6.381446653,-8.428035083,3.353306841));
#3086=CARTESIAN_POINT('',(6.655396136,-8.150354926,3.398751753));
#3087=CARTESIAN_POINT('',(6.765081728,-7.983963365,3.416947259));
#3088=CARTESIAN_POINT('',(6.913342114,-7.621156857,3.441541834));
#3089=CARTESIAN_POINT('',(6.951858574,-7.424884659,3.447931225));
#3090=CARTESIAN_POINT('',(6.951858579,-7.228535207,3.447931196));
#3091=CARTESIAN_POINT('',(5.474618497,-8.728535207,3.185710253));
#3092=CARTESIAN_POINT('',(5.668626483,-8.728535128,3.215943014));
#3093=CARTESIAN_POINT('',(5.862558121,-8.689494084,3.246163875));
#3094=CARTESIAN_POINT('',(6.221038094,-8.539214581,3.302026713));
#3095=CARTESIAN_POINT('',(6.385445383,-8.428035249,3.327646712));
#3096=CARTESIAN_POINT('',(6.659814058,-8.150355081,3.37040226));
#3097=CARTESIAN_POINT('',(6.769667491,-7.983963499,3.387520987));
#3098=CARTESIAN_POINT('',(6.918154745,-7.621156933,3.410660103));
#3099=CARTESIAN_POINT('',(6.956730142,-7.424884697,3.416671388));
#3100=CARTESIAN_POINT('',(6.956730145,-7.228535207,3.416671371));
#3101=B_SPLINE_SURFACE_WITH_KNOTS('',3,3,((#2661,#2662,#2663,#2664,#2665,#2666,#2667,#2668,#2669,#2670),(#2671,#2672,#2673,#2674,#2675,#2676,#2677,#2678,#2679,#2680),(#2681,#2682,#2683,#2684,#2685,#2686,#2687,#2688,#2689,#2690),(#2691,#2692,#2693,#2694,#2695,#2696,#2697,#2698,#2699,#2700),(#2701,#2702,#2703,#2704,#2705,#2706,#2707,#2708,#2709,#2710),(#2711,#2712,#2713,#2714,#2715,#2716,#2717,#2718,#2719,#2720),(#2721,#2722,#2723,#2724,#2725,#2726,#2727,#2728,#2729,#2730),(#2731,#2732,#2733,#2734,#2735,#2736,#2737,#2738,#2739,#2740),(#2741,#2742,#2743,#2744,#2745,#2746,#2747,#2748,#2749,#2750),(#2751,#2752,#2753,#2754,#2755,#2756,#2757,#2758,#2759,#2760),(#2761,#2762,#2763,#2764,#2765,#2766,#2767,#2768,#2769,#2770),(#2771,#2772,#2773,#2774,#2775,#2776,#2777,#2778,#2779,#2780),(#2781,#2782,#2783,#2784,#2785,#2786,#2787,#2788,#2789,#2790),(#2791,#2792,#2793,#2794,#2795,#2796,#2797,#2798,#2799,#2800),(#2801,#2802,#2803,#2804,#2805,#2806,#2807,#2808,#2809,#2810),(#2811,#2812,#2813,#2814,#2815,#2816,#2817,#2818,#2819,#2820),(#2821,#2822,#2823,#2824,#2825,#2826,#2827,#2828,#2829,#2830),(#2831,#2832,#2833,#2834,#2835,#2836,#2837,#2838,#2839,#2840),(#2841,#2842,#2843,#2844,#2845,#2846,#2847,#2848,#2849,#2850),(#2851,#2852,#2853,#2854,#2855,#2856,#2857,#2858,#2859,#2860),(#2861,#2862,#2863,#2864,#2865,#2866,#2867,#2868,#2869,#2870),(#2871,#2872,#2873,#2874,#2875,#2876,#2877,#2878,#2879,#2880),(#2881,#2882,#2883,#2884,#2885,#2886,#2887,#2888,#2889,#2890),(#2891,#2892,#2893,#2894,#2895,#2896,#2897,#2898,#2899,#2900),(#2901,#2902,#2903,#2904,#2905,#2906,#2907,#2908,#2909,#2910),(#2911,#2912,#2913,#2914,#2915,#2916,#2917,#2918,#2919,#2920),
(#2921,#2922,#2923,#2924,#2925,#2926,#2927,#2928,#2929,#2930),(#2931,#2932,#2933,#2934,#2935,#2936,#2937,#2938,#2939,#2940),(#2941,#2942,#2943,#2944,#2945,#2946,#2947,#2948,#2949,#2950),(#2951,#2952,#2953,#2954,#2955,#2956,#2957,#2958,#2959,#2960),(#2961,#2962,#2963,#2964,#2965,#2966,#2967,#2968,#2969,#2970),(#2971,#2972,#2973,#2974,#2975,#2976,#2977,#2978,#2979,#2980),(#2981,#2982,#2983,#2984,#2985,#2986,#2987,#2988,#2989,#2990),(#2991,#2992,#2993,#2994,#2995,#2996,#2997,#2998,#2999,#3000),(#3001,#3002,#3003,#3004,#3005,#3006,#3007,#3008,#3009,#3010),(#3011,#3012,#3013,#3014,#3015,#3016,#3017,#3018,#3019,#3020),(#3021,#3022,#3023,#3024,#3025,#3026,#3027,#3028,#3029,#3030),(#3031,#3032,#3033,#3034,#3035,#3036,#3037,#3038,#3039,#3040),(#3041,#3042,#3043,#3044,#3045,#3046,#3047,#3048,#3049,#3050),(#3051,#3052,#3053,#3054,#3055,#3056,#3057,#3058,#3059,#3060),(#3061,#3062,#3063,#3064,#3065,#3066,#3067,#3068,#3069,#3070),(#3071,#3072,#3073,#3074,#3075,#3076,#3077,#3078,#3079,#3080),(#3081,#3082,#3083,#3084,#3085,#3086,#3087,#3088,#3089,#3090),(#3091,#3092,#3093,#3094,#3095,#3096,#3097,#3098,#3099,#3100)),.UNSPECIFIED.,.F.,.F.,.U.,(4,2,2,2,2,2,2,2,2,2,2,2,2,2,2,2,2,2,2,2,2,4),(4,2,2,2,4),(0.,0.000005247,0.000010493,0.000020987,0.000041974,0.000083948,0.000167895,0.000335791,0.000671581,0.001343163,0.001678953,0.002014744,0.002350535,0.002686325,0.00285422,0.003022116,0.003190011,0.003273959,0.003357906,0.003441854,0.003525802,0.003574777),(0.,0.25,0.5,0.75,1.),.UNSPECIFIED.);
#3102=ORIENTED_EDGE('',*,*,#1995,.F.);
#3103=ORIENTED_EDGE('',*,*,#777,.F.);
#3104=CARTESIAN_POINT('',(4.5,-7.228535207,6.616695829));
#3105=DIRECTION('',(-0.,-0.,1.));
#3106=DIRECTION('',(-1.,-0.,-0.));
#3107=AXIS2_PLACEMENT_3D('',#3104,#3105,#3106);
#3108=CIRCLE('',#3107,1.5);
#3109=EDGE_CURVE('',#298,#720,#3108,.T.);
#3110=ORIENTED_EDGE('',*,*,#3109,.F.);
#3111=ORIENTED_EDGE('',*,*,#316,.F.);
#3112=EDGE_LOOP('',(#3102,#3103,#3110,#3111));
#3113=FACE_BOUND('',#3112,.T.);
#3114=ADVANCED_FACE('',(#3113),#3101,.T.);
#3115=CARTESIAN_POINT('',(-4.5,-8.728535207,6.616695829));
#3116=CARTESIAN_POINT('',(-4.696349541,-8.728535207,6.616695829));
#3117=CARTESIAN_POINT('',(-4.892621827,-8.689494222,6.616695829));
#3118=CARTESIAN_POINT('',(-5.255428471,-8.539214789,6.616695829));
#3119=CARTESIAN_POINT('',(-5.42182008,-8.42803547,6.616695829));
#3120=CARTESIAN_POINT('',(-5.699500264,-8.150355287,6.616695829));
#3121=CARTESIAN_POINT('',(-5.810679583,-7.983963677,6.616695829));
#3122=CARTESIAN_POINT('',(-5.960959015,-7.621157033,6.616695829));
#3123=CARTESIAN_POINT('',(-6.,-7.424884748,6.616695829));
#3124=CARTESIAN_POINT('',(-6.,-7.228535207,6.616695829));
#3125=CARTESIAN_POINT('',(-4.5,-8.728535207,6.999683315));
#3126=CARTESIAN_POINT('',(-4.696349541,-8.728535207,6.987756365));
#3127=CARTESIAN_POINT('',(-4.892621827,-8.689494222,6.975834108));
#3128=CARTESIAN_POINT('',(-5.255428471,-8.539214789,6.953795979));
#3129=CARTESIAN_POINT('',(-5.42182008,-8.42803547,6.943688778));
#3130=CARTESIAN_POINT('',(-5.699500264,-8.150355287,6.926821524));
#3131=CARTESIAN_POINT('',(-5.810679583,-7.983963677,6.920068108));
#3132=CARTESIAN_POINT('',(-5.960959015,-7.621157033,6.910939616));
#3133=CARTESIAN_POINT('',(-6.,-7.424884748,6.908568132));
#3134=CARTESIAN_POINT('',(-6.,-7.228535207,6.908568132));
#3135=CARTESIAN_POINT('',(-4.535493575,-8.728535207,7.378439566));
#3136=CARTESIAN_POINT('',(-4.73067454,-8.728535207,7.355238418));
#3137=CARTESIAN_POINT('',(-4.925778711,-8.689494222,7.3320464));
#3138=CARTESIAN_POINT('',(-5.286426109,-8.539214789,7.28917627));
#3139=CARTESIAN_POINT('',(-5.451827438,-8.428035471,7.269515026));
#3140=CARTESIAN_POINT('',(-5.727855007,-8.150355287,7.236703649));
#3141=CARTESIAN_POINT('',(-5.838372641,-7.983963677,7.223566425));
#3142=CARTESIAN_POINT('',(-5.987757685,-7.621157033,7.205809036));
#3143=CARTESIAN_POINT('',(-6.026566317,-7.424884748,7.201195857));
#3144=CARTESIAN_POINT('',(-6.026566317,-7.228535207,7.201195857));
#3145=CARTESIAN_POINT('',(-4.628752419,-8.728535207,7.941803288));
#3146=CARTESIAN_POINT('',(-4.821731873,-8.728535207,7.905303113));
#3147=CARTESIAN_POINT('',(-5.014635397,-8.689494222,7.8688173));
#3148=CARTESIAN_POINT('',(-5.371214932,-8.539214789,7.801373772));
#3149=CARTESIAN_POINT('',(-5.534750644,-8.428035471,7.770442593));
#3150=CARTESIAN_POINT('',(-5.807664805,-8.150355287,7.718823551));
#3151=CARTESIAN_POINT('',(-5.916935874,-7.983963677,7.698155998));
#3152=CARTESIAN_POINT('',(-6.064635953,-7.621157033,7.670219974));
#3153=CARTESIAN_POINT('',(-6.10300685,-7.424884748,7.662962495));
#3154=CARTESIAN_POINT('',(-6.10300685,-7.228535207,7.662962495));
#3155=CARTESIAN_POINT('',(-4.666419991,-8.728535207,8.128909743));
#3156=CARTESIAN_POINT('',(-4.858607723,-8.728535425,8.088581872));
#3157=CARTESIAN_POINT('',(-5.050719878,-8.689494602,8.048269859));
#3158=CARTESIAN_POINT('',(-5.405836623,-8.539215365,7.973753638));
#3159=CARTESIAN_POINT('',(-5.568701488,-8.42803608,7.93957875));
#3160=CARTESIAN_POINT('',(-5.840496132,-8.150355854,7.882546485));
#3161=CARTESIAN_POINT('',(-5.949318972,-7.983964169,7.859711547));
#3162=CARTESIAN_POINT('',(-6.096413189,-7.621157311,7.828845895));
#3163=CARTESIAN_POINT('',(-6.13462669,-7.424884886,7.820827325));
#3164=CARTESIAN_POINT('',(-6.134626688,-7.228535207,7.820827316));
#3165=CARTESIAN_POINT('',(-4.750676441,-8.728535207,8.501608674));
#3166=CARTESIAN_POINT('',(-4.941521812,-8.728535425,8.455343074));
#3167=CARTESIAN_POINT('',(-5.132292135,-8.689494602,8.409095667));
#3168=CARTESIAN_POINT('',(-5.484928521,-8.539215366,8.323607954));
#3169=CARTESIAN_POINT('',(-5.646655835,-8.428036081,8.284401283));
#3170=CARTESIAN_POINT('',(-5.916552096,-8.150355855,8.218971805));
#3171=CARTESIAN_POINT('',(-6.02461485,-7.98396417,8.192774741));
#3172=CARTESIAN_POINT('',(-6.17068167,-7.621157311,8.157364556));
#3173=CARTESIAN_POINT('',(-6.208628265,-7.424884886,8.148165369));
#3174=CARTESIAN_POINT('',(-6.208628265,-7.228535207,8.148165367));
#3175=CARTESIAN_POINT('',(-4.797179307,-8.728535207,8.686857312));
#3176=CARTESIAN_POINT('',(-4.987480168,-8.728535207,8.638485973));
#3177=CARTESIAN_POINT('',(-5.177706154,-8.689494222,8.590133665));
#3178=CARTESIAN_POINT('',(-5.529336296,-8.539214789,8.500755085));
#3179=CARTESIAN_POINT('',(-5.6906021,-8.42803547,8.459763978));
#3180=CARTESIAN_POINT('',(-5.959728159,-8.150355287,8.391356574));
#3181=CARTESIAN_POINT('',(-6.067482524,-7.983963677,8.363967192));
#3182=CARTESIAN_POINT('',(-6.213132497,-7.621157033,8.326945372));
#3183=CARTESIAN_POINT('',(-6.250970799,-7.424884748,8.3173275));
#3184=CARTESIAN_POINT('',(-6.250970799,-7.228535207,8.3173275));
#3185=CARTESIAN_POINT('',(-4.893227695,-8.728535207,9.056588937));
#3186=CARTESIAN_POINT('',(-5.083010323,-8.728535207,9.006222695));
#3187=CARTESIAN_POINT('',(-5.27271828,-8.689494222,8.955876269));
#3188=CARTESIAN_POINT('',(-5.623390851,-8.539214789,8.862811588));
#3189=CARTESIAN_POINT('',(-5.784217491,-8.42803547,8.82012995));
#3190=CARTESIAN_POINT('',(-6.052610657,-8.150355287,8.748901326));
#3191=CARTESIAN_POINT('',(-6.160071582,-7.983963677,8.720382367));
#3192=CARTESIAN_POINT('',(-6.305324917,-7.621157033,8.681833714));
#3193=CARTESIAN_POINT('',(-6.343060176,-7.424884748,8.671819187));
#3194=CARTESIAN_POINT('',(-6.343060176,-7.228535207,8.671819187));
#3195=CARTESIAN_POINT('',(-4.942771826,-8.728535207,9.241072275));
#3196=CARTESIAN_POINT('',(-5.132588066,-8.728535207,9.190820345));
#3197=CARTESIAN_POINT('',(-5.322329622,-8.689494222,9.140588187));
#3198=CARTESIAN_POINT('',(-5.6730643,-8.539214789,9.047734727));
#3199=CARTESIAN_POINT('',(-5.833919424,-8.42803547,9.005149959));
#3200=CARTESIAN_POINT('',(-6.102360125,-8.150355287,8.934082998));
#3201=CARTESIAN_POINT('',(-6.209840083,-7.983963677,8.905628765));
#3202=CARTESIAN_POINT('',(-6.355119143,-7.621157033,8.867167603));
#3203=CARTESIAN_POINT('',(-6.392861085,-7.424884748,8.857175806));
#3204=CARTESIAN_POINT('',(-6.392861085,-7.228535207,8.857175806));
#3205=CARTESIAN_POINT('',(-5.037666536,-8.728535207,9.611094211));
#3206=CARTESIAN_POINT('',(-5.228239429,-8.728535207,9.563792691));
#3207=CARTESIAN_POINT('',(-5.418737341,-8.689494222,9.516509782));
#3208=CARTESIAN_POINT('',(-5.770870132,-8.539214789,9.429107969));
#3209=CARTESIAN_POINT('',(-5.932366463,-8.42803547,9.389023455));
#3210=CARTESIAN_POINT('',(-6.201877234,-8.150355287,9.322129003));
#3211=CARTESIAN_POINT('',(-6.309785632,-7.983963677,9.295345387));
#3212=CARTESIAN_POINT('',(-6.45564381,-7.621157033,9.259142371));
#3213=CARTESIAN_POINT('',(-6.493536201,-7.424884748,9.249737215));
#3214=CARTESIAN_POINT('',(-6.493536201,-7.228535207,9.249737215));
#3215=CARTESIAN_POINT('',(-5.083009479,-8.728535207,9.796782913));
#3216=CARTESIAN_POINT('',(-5.274313751,-8.728534617,9.752339244));
#3217=CARTESIAN_POINT('',(-5.465542637,-8.689493194,9.707913077));
#3218=CARTESIAN_POINT('',(-5.819026502,-8.539213232,9.62579192));
#3219=CARTESIAN_POINT('',(-5.9811424,-8.428033821,9.588129241));
#3220=CARTESIAN_POINT('',(-6.251687073,-8.150353752,9.525276421));
#3221=CARTESIAN_POINT('',(-6.360009401,-7.983962347,9.500111009));
#3222=CARTESIAN_POINT('',(-6.506427065,-7.621156284,9.466095261));
#3223=CARTESIAN_POINT('',(-6.544464792,-7.424884372,9.457258309));
#3224=CARTESIAN_POINT('',(-6.54446478,-7.228535207,9.457258256));
#3225=CARTESIAN_POINT('',(-5.160847321,-8.728535207,10.169757917));
#3226=CARTESIAN_POINT('',(-5.35395909,-8.728534616,10.133975121));
#3227=CARTESIAN_POINT('',(-5.546994762,-8.689493191,10.09820642));
#3228=CARTESIAN_POINT('',(-5.903818446,-8.539213227,10.032088474));
#3229=CARTESIAN_POINT('',(-6.067466064,-8.428033816,10.001765245));
#3230=CARTESIAN_POINT('',(-6.340566929,-8.150353747,9.951160767));
#3231=CARTESIAN_POINT('',(-6.449912723,-7.983962343,9.930899429));
#3232=CARTESIAN_POINT('',(-6.597713795,-7.621156281,9.903512462));
#3233=CARTESIAN_POINT('',(-6.63611092,-7.424884371,9.896397609));
#3234=CARTESIAN_POINT('',(-6.636110915,-7.228535207,9.896397581));
#3235=CARTESIAN_POINT('',(-5.193281421,-8.728535207,10.357137214));
#3236=CARTESIAN_POINT('',(-5.387457124,-8.728535047,10.32718033));
#3237=CARTESIAN_POINT('',(-5.581556396,-8.689493943,10.297235237));
#3238=CARTESIAN_POINT('',(-5.940346222,-8.539214367,10.241882145));
#3239=CARTESIAN_POINT('',(-6.104895606,-8.428035023,10.216495925));
#3240=CARTESIAN_POINT('',(-6.379501407,-8.15035487,10.174130508));
#3241=CARTESIAN_POINT('',(-6.489449778,-7.983963316,10.157167978));
#3242=CARTESIAN_POINT('',(-6.638065354,-7.62115683,10.134239979));
#3243=CARTESIAN_POINT('',(-6.676674085,-7.424884646,10.128283529));
#3244=CARTESIAN_POINT('',(-6.676674085,-7.228535207,10.128283526));
#3245=CARTESIAN_POINT('',(-5.226738334,-8.728535207,10.640295674));
#3246=CARTESIAN_POINT('',(-5.422140013,-8.728535047,10.620714681));
#3247=CARTESIAN_POINT('',(-5.617464778,-8.689493943,10.601141397));
#3248=CARTESIAN_POINT('',(-5.978519911,-8.539214367,10.564960454));
#3249=CARTESIAN_POINT('',(-6.144108219,-8.428035023,10.548367031));
#3250=CARTESIAN_POINT('',(-6.420447811,-8.15035487,10.520675346));
#3251=CARTESIAN_POINT('',(-6.531090369,-7.983963317,10.509587979));
#3252=CARTESIAN_POINT('',(-6.680644267,-7.62115683,10.494601354));
#3253=CARTESIAN_POINT('',(-6.719496764,-7.424884646,10.490707993));
#3254=CARTESIAN_POINT('',(-6.719496765,-7.228535207,10.490707999));
#3255=CARTESIAN_POINT('',(-5.235373592,-8.728535207,10.735027972));
#3256=CARTESIAN_POINT('',(-5.431120058,-8.7285352,10.7191675));
#3257=CARTESIAN_POINT('',(-5.626789504,-8.68949421,10.70331327));
#3258=CARTESIAN_POINT('',(-5.988481805,-8.539214772,10.674006941));
#3259=CARTESIAN_POINT('',(-6.154362351,-8.428035452,10.660566373));
#3260=CARTESIAN_POINT('',(-6.431189652,-8.150355269,10.63813628));
#3261=CARTESIAN_POINT('',(-6.542027488,-7.983963662,10.62915558));
#3262=CARTESIAN_POINT('',(-6.691845344,-7.621157025,10.617016502));
#3263=CARTESIAN_POINT('',(-6.730766416,-7.424884743,10.6138629));
#3264=CARTESIAN_POINT('',(-6.730766416,-7.228535207,10.6138629));
#3265=CARTESIAN_POINT('',(-5.244097305,-8.728535207,10.877708016));
#3266=CARTESIAN_POINT('',(-5.440199404,-8.7285352,10.867664078));
#3267=CARTESIAN_POINT('',(-5.636224343,-8.68949421,10.857624092));
#3268=CARTESIAN_POINT('',(-5.998573769,-8.539214772,10.839065315));
#3269=CARTESIAN_POINT('',(-6.164755687,-8.428035452,10.830553826));
#3270=CARTESIAN_POINT('',(-6.442085929,-8.150355269,10.816349553));
#3271=CARTESIAN_POINT('',(-6.553125136,-7.983963662,10.810662359));
#3272=CARTESIAN_POINT('',(-6.703215182,-7.621157025,10.802975062));
#3273=CARTESIAN_POINT('',(-6.742206966,-7.424884743,10.800977986));
#3274=CARTESIAN_POINT('',(-6.742206966,-7.228535207,10.800977986));
#3275=CARTESIAN_POINT('',(-5.246302155,-8.728535207,10.925364715));
#3276=CARTESIAN_POINT('',(-5.442496151,-8.728535183,10.91729848));
#3277=CARTESIAN_POINT('',(-5.638612948,-8.689494181,10.909235419));
#3278=CARTESIAN_POINT('',(-6.001132168,-8.539214727,10.894330962));
#3279=CARTESIAN_POINT('',(-6.167391955,-8.428035404,10.88749543));
#3280=CARTESIAN_POINT('',(-6.444852148,-8.150355225,10.876088055));
#3281=CARTESIAN_POINT('',(-6.555943385,-7.983963624,10.8715207));
#3282=CARTESIAN_POINT('',(-6.706103757,-7.621157003,10.865347075));
#3283=CARTESIAN_POINT('',(-6.745113812,-7.424884733,10.863743235));
#3284=CARTESIAN_POINT('',(-6.745113812,-7.228535207,10.863743237));
#3285=CARTESIAN_POINT('',(-5.248515677,-8.728535207,10.997000177));
#3286=CARTESIAN_POINT('',(-5.444802463,-8.728535183,10.99193691));
#3287=CARTESIAN_POINT('',(-5.641012015,-8.689494181,10.986875635));
#3288=CARTESIAN_POINT('',(-6.00370269,-8.539214727,10.97751994));
#3289=CARTESIAN_POINT('',(-6.170041111,-8.428035404,10.9732292));
#3290=CARTESIAN_POINT('',(-6.44763253,-8.150355225,10.966068662));
#3291=CARTESIAN_POINT('',(-6.558776308,-7.983963624,10.963201683));
#3292=CARTESIAN_POINT('',(-6.709007699,-7.621157003,10.959326431));
#3293=CARTESIAN_POINT('',(-6.748036204,-7.424884733,10.958319683));
#3294=CARTESIAN_POINT('',(-6.748036204,-7.228535207,10.958319686));
#3295=CARTESIAN_POINT('',(-5.249071302,-8.728535207,11.020903723));
#3296=CARTESIAN_POINT('',(-5.445381539,-8.728535195,11.016847505));
#3297=CARTESIAN_POINT('',(-5.641614535,-8.689494201,11.012792884));
#3298=CARTESIAN_POINT('',(-6.004348548,-8.539214757,11.005297973));
#3299=CARTESIAN_POINT('',(-6.170706846,-8.428035436,11.001860632));
#3300=CARTESIAN_POINT('',(-6.448331437,-8.150355255,10.996124277));
#3301=CARTESIAN_POINT('',(-6.559488497,-7.98396365,10.99382752));
#3302=CARTESIAN_POINT('',(-6.709737843,-7.621157018,10.990723028));
#3303=CARTESIAN_POINT('',(-6.748771011,-7.42488474,10.989916516));
#3304=CARTESIAN_POINT('',(-6.748771011,-7.228535207,10.989916517));
#3305=CARTESIAN_POINT('',(-5.24962799,-8.728535207,11.0567971));
#3306=CARTESIAN_POINT('',(-5.445961754,-8.728535195,11.054257847));
#3307=CARTESIAN_POINT('',(-5.642218268,-8.689494201,11.051719594));
#3308=CARTESIAN_POINT('',(-6.004995754,-8.539214757,11.047027668));
#3309=CARTESIAN_POINT('',(-6.17137399,-8.428035436,11.044875841));
#3310=CARTESIAN_POINT('',(-6.449031853,-8.150355255,11.041284798));
#3311=CARTESIAN_POINT('',(-6.560202235,-7.98396365,11.039846994));
#3312=CARTESIAN_POINT('',(-6.710469588,-7.621157018,11.037903537));
#3313=CARTESIAN_POINT('',(-6.749507434,-7.42488474,11.037398649));
#3314=CARTESIAN_POINT('',(-6.749507434,-7.228535207,11.03739865));
#3315=CARTESIAN_POINT('',(-5.249767353,-8.728535207,11.068767912));
#3316=CARTESIAN_POINT('',(-5.446107027,-8.728535203,11.066735373));
#3317=CARTESIAN_POINT('',(-5.642369449,-8.689494215,11.064703634));
#3318=CARTESIAN_POINT('',(-6.005157859,-8.539214778,11.060947992));
#3319=CARTESIAN_POINT('',(-6.171541105,-8.428035459,11.059225567));
#3320=CARTESIAN_POINT('',(-6.449207332,-8.150355276,11.056351123));
#3321=CARTESIAN_POINT('',(-6.560381063,-7.983963668,11.055200236));
#3322=CARTESIAN_POINT('',(-6.710652942,-7.621157028,11.053644599));
#3323=CARTESIAN_POINT('',(-6.749691964,-7.424884745,11.053240461));
#3324=CARTESIAN_POINT('',(-6.749691964,-7.228535207,11.053240462));
#3325=CARTESIAN_POINT('',(-5.249906891,-8.728535207,11.086733689));
#3326=CARTESIAN_POINT('',(-5.446252479,-8.728535203,11.08546249));
#3327=CARTESIAN_POINT('',(-5.642520811,-8.689494215,11.08419179));
#3328=CARTESIAN_POINT('',(-6.005320148,-8.539214778,11.08184292));
#3329=CARTESIAN_POINT('',(-6.171708405,-8.428035459,11.080765674));
#3330=CARTESIAN_POINT('',(-6.449382995,-8.150355276,11.078967927));
#3331=CARTESIAN_POINT('',(-6.560560073,-7.983963668,11.078248134));
#3332=CARTESIAN_POINT('',(-6.710836478,-7.621157028,11.077275201));
#3333=CARTESIAN_POINT('',(-6.749876676,-7.424884745,11.077022444));
#3334=CARTESIAN_POINT('',(-6.749876676,-7.228535207,11.077022444));
#3335=CARTESIAN_POINT('',(-5.249941783,-8.728535207,11.09272388));
#3336=CARTESIAN_POINT('',(-5.446288852,-8.728535206,11.091706668));
#3337=CARTESIAN_POINT('',(-5.642558668,-8.68949422,11.090689857));
#3338=CARTESIAN_POINT('',(-6.005360745,-8.539214786,11.088810296));
#3339=CARTESIAN_POINT('',(-6.17175026,-8.428035467,11.087948285));
#3340=CARTESIAN_POINT('',(-6.449426948,-8.150355284,11.086509731));
#3341=CARTESIAN_POINT('',(-6.560604867,-7.983963675,11.085933754));
#3342=CARTESIAN_POINT('',(-6.710882408,-7.621157032,11.085155214));
#3343=CARTESIAN_POINT('',(-6.749922901,-7.424884747,11.084952958));
#3344=CARTESIAN_POINT('',(-6.749922901,-7.228535207,11.084952958));
#3345=CARTESIAN_POINT('',(-5.24997671,-8.728535207,11.10171156));
#3346=CARTESIAN_POINT('',(-5.446325262,-8.728535206,11.101075608));
#3347=CARTESIAN_POINT('',(-5.642596558,-8.68949422,11.100439906));
#3348=CARTESIAN_POINT('',(-6.005401373,-8.539214786,11.099264819));
#3349=CARTESIAN_POINT('',(-6.171792143,-8.428035467,11.098725898));
#3350=CARTESIAN_POINT('',(-6.449470927,-8.150355284,11.097826526));
#3351=CARTESIAN_POINT('',(-6.560649685,-7.983963675,11.09746643));
#3352=CARTESIAN_POINT('',(-6.710928359,-7.621157032,11.096979693));
#3353=CARTESIAN_POINT('',(-6.749969148,-7.424884747,11.096853244));
#3354=CARTESIAN_POINT('',(-6.749969148,-7.228535207,11.096853244));
#3355=CARTESIAN_POINT('',(-5.249985439,-8.728535207,11.104707854));
#3356=CARTESIAN_POINT('',(-5.446334361,-8.728535206,11.104199033));
#3357=CARTESIAN_POINT('',(-5.642606029,-8.689494221,11.103690413));
#3358=CARTESIAN_POINT('',(-6.00541153,-8.539214788,11.102750235));
#3359=CARTESIAN_POINT('',(-6.171802616,-8.428035469,11.102319047));
#3360=CARTESIAN_POINT('',(-6.449481925,-8.150355286,11.101599466));
#3361=CARTESIAN_POINT('',(-6.560660894,-7.983963677,11.101311356));
#3362=CARTESIAN_POINT('',(-6.710939853,-7.621157033,11.100921921));
#3363=CARTESIAN_POINT('',(-6.749980715,-7.424884747,11.100820751));
#3364=CARTESIAN_POINT('',(-6.749980715,-7.228535207,11.100820751));
#3365=CARTESIAN_POINT('',(-5.249994176,-8.728535207,11.109202894));
#3366=CARTESIAN_POINT('',(-5.446343469,-8.728535206,11.108884835));
#3367=CARTESIAN_POINT('',(-5.642615508,-8.689494221,11.108566901));
#3368=CARTESIAN_POINT('',(-6.005421694,-8.539214788,11.107979204));
#3369=CARTESIAN_POINT('',(-6.171813094,-8.428035469,11.107709673));
#3370=CARTESIAN_POINT('',(-6.449492927,-8.150355286,11.10725987));
#3371=CARTESIAN_POINT('',(-6.560672106,-7.983963677,11.107079774));
#3372=CARTESIAN_POINT('',(-6.710951349,-7.621157033,11.106836343));
#3373=CARTESIAN_POINT('',(-6.749992284,-7.424884747,11.106773102));
#3374=CARTESIAN_POINT('',(-6.749992284,-7.228535207,11.106773102));
#3375=CARTESIAN_POINT('',(-5.249996359,-8.728535207,11.110701341));
#3376=CARTESIAN_POINT('',(-5.446345745,-8.728535207,11.110446879));
#3377=CARTESIAN_POINT('',(-5.642617876,-8.689494222,11.110192518));
#3378=CARTESIAN_POINT('',(-6.005424234,-8.539214789,11.109722334));
#3379=CARTESIAN_POINT('',(-6.171815713,-8.42803547,11.109506697));
#3380=CARTESIAN_POINT('',(-6.449495678,-8.150355287,11.109146834));
#3381=CARTESIAN_POINT('',(-6.560674909,-7.983963677,11.10900275));
#3382=CARTESIAN_POINT('',(-6.710954223,-7.621157033,11.108807994));
#3383=CARTESIAN_POINT('',(-6.749995177,-7.424884748,11.108757398));
#3384=CARTESIAN_POINT('',(-6.749995177,-7.228535207,11.108757398));
#3385=CARTESIAN_POINT('',(-5.249999272,-8.728535207,11.113698435));
#3386=CARTESIAN_POINT('',(-5.446348782,-8.728535207,11.113571189));
#3387=CARTESIAN_POINT('',(-5.642621037,-8.689494222,11.113443993));
#3388=CARTESIAN_POINT('',(-6.005427623,-8.539214789,11.113208874));
#3389=CARTESIAN_POINT('',(-6.171819207,-8.42803547,11.113101043));
#3390=CARTESIAN_POINT('',(-6.449499346,-8.150355287,11.11292109));
#3391=CARTESIAN_POINT('',(-6.560678648,-7.983963677,11.112849039));
#3392=CARTESIAN_POINT('',(-6.710958056,-7.621157033,11.11275165));
#3393=CARTESIAN_POINT('',(-6.749999035,-7.424884748,11.112726349));
#3394=CARTESIAN_POINT('',(-6.749999035,-7.228535207,11.112726349));
#3395=CARTESIAN_POINT('',(-5.25,-8.728535207,11.115197082));
#3396=CARTESIAN_POINT('',(-5.446349541,-8.728535207,11.115197082));
#3397=CARTESIAN_POINT('',(-5.642621827,-8.689494222,11.115197082));
#3398=CARTESIAN_POINT('',(-6.005428471,-8.539214789,11.115197082));
#3399=CARTESIAN_POINT('',(-6.17182008,-8.42803547,11.115197082));
#3400=CARTESIAN_POINT('',(-6.449500264,-8.150355287,11.115197082));
#3401=CARTESIAN_POINT('',(-6.560679583,-7.983963677,11.115197082));
#3402=CARTESIAN_POINT('',(-6.710959015,-7.621157033,11.115197082));
#3403=CARTESIAN_POINT('',(-6.75,-7.424884748,11.115197082));
#3404=CARTESIAN_POINT('',(-6.75,-7.228535207,11.115197082));
#3405=CARTESIAN_POINT('',(-5.25,-8.728535207,11.116695829));
#3406=CARTESIAN_POINT('',(-5.446349541,-8.728535207,11.116695829));
#3407=CARTESIAN_POINT('',(-5.642621827,-8.689494222,11.116695829));
#3408=CARTESIAN_POINT('',(-6.005428471,-8.539214789,11.116695829));
#3409=CARTESIAN_POINT('',(-6.17182008,-8.42803547,11.116695829));
#3410=CARTESIAN_POINT('',(-6.449500264,-8.150355287,11.116695829));
#3411=CARTESIAN_POINT('',(-6.560679583,-7.983963677,11.116695829));
#3412=CARTESIAN_POINT('',(-6.710959015,-7.621157033,11.116695829));
#3413=CARTESIAN_POINT('',(-6.75,-7.424884748,11.116695829));
#3414=CARTESIAN_POINT('',(-6.75,-7.228535207,11.116695829));
#3415=B_SPLINE_SURFACE_WITH_KNOTS('',3,3,((#3115,#3116,#3117,#3118,#3119,#3120,#3121,#3122,#3123,#3124),(#3125,#3126,#3127,#3128,#3129,#3130,#3131,#3132,#3133,#3134),(#3135,#3136,#3137,#3138,#3139,#3140,#3141,#3142,#3143,#3144),(#3145,#3146,#3147,#3148,#3149,#3150,#3151,#3152,#3153,#3154),(#3155,#3156,#3157,#3158,#3159,#3160,#3161,#3162,#3163,#3164),(#3165,#3166,#3167,#3168,#3169,#3170,#3171,#3172,#3173,#3174),(#3175,#3176,#3177,#3178,#3179,#3180,#3181,#3182,#3183,#3184),(#3185,#3186,#3187,#3188,#3189,#3190,#3191,#3192,#3193,#3194),(#3195,#3196,#3197,#3198,#3199,#3200,#3201,#3202,#3203,#3204),(#3205,#3206,#3207,#3208,#3209,#3210,#3211,#3212,#3213,#3214),(#3215,#3216,#3217,#3218,#3219,#3220,#3221,#3222,#3223,#3224),(#3225,#3226,#3227,#3228,#3229,#3230,#3231,#3232,#3233,#3234),(#3235,#3236,#3237,#3238,#3239,#3240,#3241,#3242,#3243,#3244),(#3245,#3246,#3247,#3248,#3249,#3250,#3251,#3252,#3253,#3254),(#3255,#3256,#3257,#3258,#3259,#3260,#3261,#3262,#3263,#3264),(#3265,#3266,#3267,#3268,#3269,#3270,#3271,#3272,#3273,#3274),(#3275,#3276,#3277,#3278,#3279,#3280,#3281,#3282,#3283,#3284),(#3285,#3286,#3287,#3288,#3289,#3290,#3291,#3292,#3293,#3294),(#3295,#3296,#3297,#3298,#3299,#3300,#3301,#3302,#3303,#3304),(#3305,#3306,#3307,#3308,#3309,#3310,#3311,#3312,#3313,#3314),(#3315,#3316,#3317,#3318,#3319,#3320,#3321,#3322,#3323,#3324),(#3325,#3326,#3327,#3328,#3329,#3330,#3331,#3332,#3333,#3334),(#3335,#3336,#3337,#3338,#3339,#3340,#3341,#3342,#3343,#3344),(#3345,#3346,#3347,#3348,#3349,#3350,#3351,#3352,#3353,#3354),(#3355,#3356,#3357,#3358,#3359,#3360,#3361,#3362,#3363,#3364),(#3365,#3366,#3367,#3368,#3369,#3370,#3371,#3372,#3373,#3374),
(#3375,#3376,#3377,#3378,#3379,#3380,#3381,#3382,#3383,#3384),(#3385,#3386,#3387,#3388,#3389,#3390,#3391,#3392,#3393,#3394),(#3395,#3396,#3397,#3398,#3399,#3400,#3401,#3402,#3403,#3404),(#3405,#3406,#3407,#3408,#3409,#3410,#3411,#3412,#3413,#3414)),.UNSPECIFIED.,.F.,.F.,.U.,(4,2,2,2,2,2,2,2,2,2,2,2,2,2,4),(4,2,2,2,4),(-0.,0.001140884,0.001711326,0.002281769,0.002852211,0.003422653,0.003993095,0.004278316,0.004420927,0.004492232,0.004527885,0.004545711,0.004554624,0.004559081,0.004563537),(0.,0.25,0.5,0.75,1.),.UNSPECIFIED.);
#3416=ORIENTED_EDGE('',*,*,#2655,.T.);
#3417=ORIENTED_EDGE('',*,*,#370,.F.);
#3418=CARTESIAN_POINT('',(-5.25,-7.228535207,11.116695829));
#3419=DIRECTION('',(-0.,-0.,1.));
#3420=DIRECTION('',(-1.,-0.,-0.));
#3421=AXIS2_PLACEMENT_3D('',#3418,#3419,#3420);
#3422=CIRCLE('',#3421,1.5);
#3423=EDGE_CURVE('',#870,#346,#3422,.T.);
#3424=ORIENTED_EDGE('',*,*,#3423,.F.);
#3425=ORIENTED_EDGE('',*,*,#963,.F.);
#3426=EDGE_LOOP('',(#3416,#3417,#3424,#3425));
#3427=FACE_BOUND('',#3426,.T.);
#3428=ADVANCED_FACE('',(#3427),#3415,.T.);
#3429=CARTESIAN_POINT('',(5.25,-8.728535207,11.116695829));
#3430=CARTESIAN_POINT('',(5.446349541,-8.728535207,11.116695829));
#3431=CARTESIAN_POINT('',(5.642621827,-8.689494222,11.116695829));
#3432=CARTESIAN_POINT('',(6.005428471,-8.539214789,11.116695829));
#3433=CARTESIAN_POINT('',(6.17182008,-8.42803547,11.116695829));
#3434=CARTESIAN_POINT('',(6.449500264,-8.150355287,11.116695829));
#3435=CARTESIAN_POINT('',(6.560679583,-7.983963677,11.116695829));
#3436=CARTESIAN_POINT('',(6.710959015,-7.621157033,11.116695829));
#3437=CARTESIAN_POINT('',(6.75,-7.424884748,11.116695829));
#3438=CARTESIAN_POINT('',(6.75,-7.228535207,11.116695829));
#3439=CARTESIAN_POINT('',(5.25,-8.728535207,11.115199543));
#3440=CARTESIAN_POINT('',(5.446349541,-8.728535207,11.115199543));
#3441=CARTESIAN_POINT('',(5.642621827,-8.689494222,11.115199543));
#3442=CARTESIAN_POINT('',(6.005428471,-8.539214789,11.115199543));
#3443=CARTESIAN_POINT('',(6.17182008,-8.42803547,11.115199543));
#3444=CARTESIAN_POINT('',(6.449500264,-8.150355287,11.115199543));
#3445=CARTESIAN_POINT('',(6.560679583,-7.983963677,11.115199543));
#3446=CARTESIAN_POINT('',(6.710959015,-7.621157033,11.115199543));
#3447=CARTESIAN_POINT('',(6.75,-7.424884748,11.115199543));
#3448=CARTESIAN_POINT('',(6.75,-7.228535207,11.115199543));
#3449=CARTESIAN_POINT('',(5.249999275,-8.728535207,11.11370334));
#3450=CARTESIAN_POINT('',(5.446348785,-8.728535207,11.113576303));
#3451=CARTESIAN_POINT('',(5.64262104,-8.689494221,11.113449315));
#3452=CARTESIAN_POINT('',(6.005427627,-8.539214789,11.113214581));
#3453=CARTESIAN_POINT('',(6.17181921,-8.42803547,11.113106926));
#3454=CARTESIAN_POINT('',(6.44949935,-8.150355286,11.112927268));
#3455=CARTESIAN_POINT('',(6.560678651,-7.983963677,11.112855335));
#3456=CARTESIAN_POINT('',(6.71095806,-7.621157033,11.112758105));
#3457=CARTESIAN_POINT('',(6.749999038,-7.424884747,11.112732846));
#3458=CARTESIAN_POINT('',(6.749999038,-7.228535207,11.112732846));
#3459=CARTESIAN_POINT('',(5.249996372,-8.728535207,11.110711101));
#3460=CARTESIAN_POINT('',(5.446345758,-8.728535207,11.110457054));
#3461=CARTESIAN_POINT('',(5.64261789,-8.689494221,11.110203107));
#3462=CARTESIAN_POINT('',(6.005424249,-8.539214789,11.109733689));
#3463=CARTESIAN_POINT('',(6.171815727,-8.42803547,11.109518403));
#3464=CARTESIAN_POINT('',(6.449495693,-8.150355286,11.109159126));
#3465=CARTESIAN_POINT('',(6.560674924,-7.983963677,11.109015277));
#3466=CARTESIAN_POINT('',(6.710954239,-7.621157033,11.108820838));
#3467=CARTESIAN_POINT('',(6.749995193,-7.424884747,11.108770324));
#3468=CARTESIAN_POINT('',(6.749995193,-7.228535207,11.108770325));
#3469=CARTESIAN_POINT('',(5.249994199,-8.728535207,11.109215065));
#3470=CARTESIAN_POINT('',(5.446343492,-8.728535206,11.108897523));
#3471=CARTESIAN_POINT('',(5.642615531,-8.68949422,11.108580106));
#3472=CARTESIAN_POINT('',(6.005421718,-8.539214787,11.107993364));
#3473=CARTESIAN_POINT('',(6.171813118,-8.428035468,11.107724271));
#3474=CARTESIAN_POINT('',(6.449492952,-8.150355285,11.107275199));
#3475=CARTESIAN_POINT('',(6.560672131,-7.983963676,11.107095397));
#3476=CARTESIAN_POINT('',(6.710951374,-7.621157032,11.106852361));
#3477=CARTESIAN_POINT('',(6.749992309,-7.424884747,11.106789222));
#3478=CARTESIAN_POINT('',(6.749992309,-7.228535207,11.106789222));
#3479=CARTESIAN_POINT('',(5.24998549,-8.728535207,11.104727207));
#3480=CARTESIAN_POINT('',(5.446334414,-8.728535206,11.104219208));
#3481=CARTESIAN_POINT('',(5.642606083,-8.68949422,11.103711409));
#3482=CARTESIAN_POINT('',(6.005411587,-8.539214787,11.10277275));
#3483=CARTESIAN_POINT('',(6.171802674,-8.428035468,11.102342258));
#3484=CARTESIAN_POINT('',(6.449481985,-8.150355285,11.101623839));
#3485=CARTESIAN_POINT('',(6.560660954,-7.983963676,11.101336194));
#3486=CARTESIAN_POINT('',(6.710939915,-7.621157032,11.100947389));
#3487=CARTESIAN_POINT('',(6.749980777,-7.424884747,11.100846382));
#3488=CARTESIAN_POINT('',(6.749980777,-7.228535207,11.100846382));
#3489=CARTESIAN_POINT('',(5.249976799,-8.728535207,11.101735634));
#3490=CARTESIAN_POINT('',(5.446325353,-8.728535204,11.101100705));
#3491=CARTESIAN_POINT('',(5.642596651,-8.689494216,11.100466025));
#3492=CARTESIAN_POINT('',(6.005401468,-8.539214781,11.099292829));
#3493=CARTESIAN_POINT('',(6.17179224,-8.428035462,11.098754774));
#3494=CARTESIAN_POINT('',(6.449471025,-8.150355279,11.097856849));
#3495=CARTESIAN_POINT('',(6.560649783,-7.98396367,11.097497332));
#3496=CARTESIAN_POINT('',(6.710928459,-7.621157029,11.097011379));
#3497=CARTESIAN_POINT('',(6.749969247,-7.424884746,11.096885134));
#3498=CARTESIAN_POINT('',(6.749969247,-7.228535207,11.096885134));
#3499=CARTESIAN_POINT('',(5.249941982,-8.728535207,11.092761918));
#3500=CARTESIAN_POINT('',(5.446289058,-8.728535204,11.091746321));
#3501=CARTESIAN_POINT('',(5.64255888,-8.689494216,11.090731124));
#3502=CARTESIAN_POINT('',(6.005360968,-8.539214781,11.088854547));
#3503=CARTESIAN_POINT('',(6.171750488,-8.428035462,11.087993904));
#3504=CARTESIAN_POINT('',(6.449427184,-8.150355279,11.086557634));
#3505=CARTESIAN_POINT('',(6.560605107,-7.98396367,11.085982572));
#3506=CARTESIAN_POINT('',(6.710882651,-7.621157029,11.085205268));
#3507=CARTESIAN_POINT('',(6.749923146,-7.424884746,11.085003333));
#3508=CARTESIAN_POINT('',(6.749923146,-7.228535207,11.085003334));
#3509=CARTESIAN_POINT('',(5.249907238,-8.728535207,11.086780766));
#3510=CARTESIAN_POINT('',(5.446252834,-8.728535196,11.085511568));
#3511=CARTESIAN_POINT('',(5.642521173,-8.689494202,11.08424287));
#3512=CARTESIAN_POINT('',(6.00532052,-8.53921476,11.081897698));
#3513=CARTESIAN_POINT('',(6.171708782,-8.428035439,11.080822148));
#3514=CARTESIAN_POINT('',(6.449383377,-8.150355258,11.079027232));
#3515=CARTESIAN_POINT('',(6.560560458,-7.983963652,11.078308573));
#3516=CARTESIAN_POINT('',(6.710836866,-7.621157019,11.077337173));
#3517=CARTESIAN_POINT('',(6.749877065,-7.424884741,11.077084815));
#3518=CARTESIAN_POINT('',(6.749877065,-7.228535207,11.077084816));
#3519=CARTESIAN_POINT('',(5.249768121,-8.728535207,11.06884132));
#3520=CARTESIAN_POINT('',(5.446107821,-8.728535196,11.066811895));
#3521=CARTESIAN_POINT('',(5.642370267,-8.689494202,11.064783269));
#3522=CARTESIAN_POINT('',(6.005158721,-8.53921476,11.061033383));
#3523=CARTESIAN_POINT('',(6.171541986,-8.428035439,11.059313597));
#3524=CARTESIAN_POINT('',(6.449208245,-8.150355258,11.056443559));
#3525=CARTESIAN_POINT('',(6.560381988,-7.983963652,11.055294436));
#3526=CARTESIAN_POINT('',(6.710653883,-7.621157019,11.053741184));
#3527=CARTESIAN_POINT('',(6.74969291,-7.424884741,11.053337666));
#3528=CARTESIAN_POINT('',(6.74969291,-7.228535207,11.053337668));
#3529=CARTESIAN_POINT('',(5.249629301,-8.728535207,11.056886983));
#3530=CARTESIAN_POINT('',(5.445963098,-8.72853517,11.054351552));
#3531=CARTESIAN_POINT('',(5.642219638,-8.689494157,11.05181712));
#3532=CARTESIAN_POINT('',(6.004997169,-8.539214692,11.047132258));
#3533=CARTESIAN_POINT('',(6.171375422,-8.428035367,11.044983671));
#3534=CARTESIAN_POINT('',(6.449033314,-8.15035519,11.041398036));
#3535=CARTESIAN_POINT('',(6.560203706,-7.983963594,11.039962398));
#3536=CARTESIAN_POINT('',(6.710471071,-7.621156986,11.03802187));
#3537=CARTESIAN_POINT('',(6.749508921,-7.424884724,11.037517744));
#3538=CARTESIAN_POINT('',(6.749508921,-7.228535207,11.037517748));
#3539=CARTESIAN_POINT('',(5.249074145,-8.728535207,11.021039913));
#3540=CARTESIAN_POINT('',(5.445384479,-8.72853517,11.01698946));
#3541=CARTESIAN_POINT('',(5.641617566,-8.689494157,11.012940603));
#3542=CARTESIAN_POINT('',(6.004351744,-8.539214692,11.005456346));
#3543=CARTESIAN_POINT('',(6.170710114,-8.428035367,11.002023891));
#3544=CARTESIAN_POINT('',(6.448334825,-8.15035519,10.996295692));
#3545=CARTESIAN_POINT('',(6.559491931,-7.983963594,10.994002201));
#3546=CARTESIAN_POINT('',(6.709741339,-7.621156986,10.990902126));
#3547=CARTESIAN_POINT('',(6.748774523,-7.424884724,10.990096762));
#3548=CARTESIAN_POINT('',(6.748774523,-7.228535207,10.990096765));
#3549=CARTESIAN_POINT('',(5.248520324,-8.728535207,10.997162978));
#3550=CARTESIAN_POINT('',(5.444807236,-8.728535109,10.99210661));
#3551=CARTESIAN_POINT('',(5.641016899,-8.689494051,10.987052234));
#3552=CARTESIAN_POINT('',(6.003707765,-8.539214531,10.977709293));
#3553=CARTESIAN_POINT('',(6.170046265,-8.428035197,10.973424404));
#3554=CARTESIAN_POINT('',(6.44763781,-8.150355032,10.966273634));
#3555=CARTESIAN_POINT('',(6.558781634,-7.983963457,10.963410567));
#3556=CARTESIAN_POINT('',(6.709013088,-7.621156909,10.959540608));
#3557=CARTESIAN_POINT('',(6.748041608,-7.424884685,10.958535238));
#3558=CARTESIAN_POINT('',(6.748041608,-7.228535207,10.958535247));
#3559=CARTESIAN_POINT('',(5.24631173,-8.728535207,10.925595048));
#3560=CARTESIAN_POINT('',(5.442506056,-8.728535109,10.917538466));
#3561=CARTESIAN_POINT('',(5.638623168,-8.689494051,10.909485056));
#3562=CARTESIAN_POINT('',(6.001142957,-8.539214531,10.894598441));
#3563=CARTESIAN_POINT('',(6.167402997,-8.428035197,10.887771094));
#3564=CARTESIAN_POINT('',(6.444863605,-8.150355032,10.876377379));
#3565=CARTESIAN_POINT('',(6.555955004,-7.983963456,10.871815495));
#3566=CARTESIAN_POINT('',(6.706115596,-7.621156909,10.865649269));
#3567=CARTESIAN_POINT('',(6.745125707,-7.424884685,10.864047354));
#3568=CARTESIAN_POINT('',(6.745125707,-7.228535207,10.864047361));
#3569=CARTESIAN_POINT('',(5.244111474,-8.728535207,10.877966737));
#3570=CARTESIAN_POINT('',(5.44021403,-8.728535062,10.867933547));
#3571=CARTESIAN_POINT('',(5.636239401,-8.68949397,10.857904308));
#3572=CARTESIAN_POINT('',(5.998589595,-8.539214407,10.8393654));
#3573=CARTESIAN_POINT('',(6.164771851,-8.428035066,10.830863027));
#3574=CARTESIAN_POINT('',(6.442102645,-8.15035491,10.816673971));
#3575=CARTESIAN_POINT('',(6.553142066,-7.983963351,10.810992872));
#3576=CARTESIAN_POINT('',(6.703232399,-7.621156849,10.803313821));
#3577=CARTESIAN_POINT('',(6.742224257,-7.424884656,10.801318891));
#3578=CARTESIAN_POINT('',(6.742224258,-7.228535207,10.8013189));
#3579=CARTESIAN_POINT('',(5.235398172,-8.728535207,10.735324571));
#3580=CARTESIAN_POINT('',(5.431145497,-8.728535062,10.719475995));
#3581=CARTESIAN_POINT('',(5.626815775,-8.689493969,10.703633659));
#3582=CARTESIAN_POINT('',(5.988509587,-8.539214407,10.674349321));
#3583=CARTESIAN_POINT('',(6.15439081,-8.428035065,10.660918841));
#3584=CARTESIAN_POINT('',(6.43121923,-8.15035491,10.638505586));
#3585=CARTESIAN_POINT('',(6.542057508,-7.983963351,10.62953163));
#3586=CARTESIAN_POINT('',(6.691875959,-7.621156849,10.61740167));
#3587=CARTESIAN_POINT('',(6.730797185,-7.424884655,10.614250439));
#3588=CARTESIAN_POINT('',(6.730797185,-7.228535207,10.614250444));
#3589=CARTESIAN_POINT('',(5.226764809,-8.728535207,10.640554374));
#3590=CARTESIAN_POINT('',(5.422167624,-8.728535193,10.620983133));
#3591=CARTESIAN_POINT('',(5.617493555,-8.689494197,10.601419592));
#3592=CARTESIAN_POINT('',(5.97855087,-8.539214752,10.565256655));
#3593=CARTESIAN_POINT('',(6.144140195,-8.428035431,10.548671486));
#3594=CARTESIAN_POINT('',(6.420481497,-8.15035525,10.520993573));
#3595=CARTESIAN_POINT('',(6.531124746,-7.983963645,10.509911718));
#3596=CARTESIAN_POINT('',(6.680679579,-7.621157015,10.494932539));
#3597=CARTESIAN_POINT('',(6.719532321,-7.424884739,10.491041109));
#3598=CARTESIAN_POINT('',(6.719532321,-7.228535207,10.491041109));
#3599=CARTESIAN_POINT('',(5.193283607,-8.728535207,10.357114978));
#3600=CARTESIAN_POINT('',(5.387459454,-8.728535193,10.327156682));
#3601=CARTESIAN_POINT('',(5.581558899,-8.689494197,10.297210174));
#3602=CARTESIAN_POINT('',(5.940349074,-8.539214752,10.241854463));
#3603=CARTESIAN_POINT('',(6.104898635,-8.428035431,10.216467039));
#3604=CARTESIAN_POINT('',(6.379504742,-8.15035525,10.174099612));
#3605=CARTESIAN_POINT('',(6.489453242,-7.983963645,10.157136278));
#3606=CARTESIAN_POINT('',(6.638068995,-7.621157015,10.134207191));
#3607=CARTESIAN_POINT('',(6.676677774,-7.424884739,10.12825046));
#3608=CARTESIAN_POINT('',(6.676677774,-7.228535207,10.128250459));
#3609=CARTESIAN_POINT('',(5.160775583,-8.728535207,10.16932606));
#3610=CARTESIAN_POINT('',(5.353885221,-8.728535206,10.13352871));
#3611=CARTESIAN_POINT('',(5.546918879,-8.68949422,10.097745445));
#3612=CARTESIAN_POINT('',(5.903738962,-8.539214786,10.031600567));
#3613=CARTESIAN_POINT('',(6.067384995,-8.428035467,10.001264979));
#3614=CARTESIAN_POINT('',(6.340483263,-8.150355284,9.950639882));
#3615=CARTESIAN_POINT('',(6.449828047,-7.983963675,9.93037029));
#3616=CARTESIAN_POINT('',(6.597627764,-7.621157032,9.902972185));
#3617=CARTESIAN_POINT('',(6.636024546,-7.424884747,9.895854451));
#3618=CARTESIAN_POINT('',(6.636024546,-7.228535207,9.89585445));
#3619=CARTESIAN_POINT('',(5.082662548,-8.728535207,9.795253283));
#3620=CARTESIAN_POINT('',(5.273960398,-8.728535206,9.750779525));
#3621=CARTESIAN_POINT('',(5.46518298,-8.68949422,9.706323265));
#3622=CARTESIAN_POINT('',(5.818655316,-8.539214786,9.624146476));
#3623=CARTESIAN_POINT('',(5.980765993,-8.428035467,9.586458279));
#3624=CARTESIAN_POINT('',(6.251302006,-8.150355284,9.523562887));
#3625=CARTESIAN_POINT('',(6.359620898,-7.983963675,9.498380439));
#3626=CARTESIAN_POINT('',(6.506033933,-7.621157032,9.464341698));
#3627=CARTESIAN_POINT('',(6.544070469,-7.424884747,9.455498798));
#3628=CARTESIAN_POINT('',(6.544070469,-7.228535207,9.455498798));
#3629=CARTESIAN_POINT('',(5.037310644,-8.728535207,9.609660828));
#3630=CARTESIAN_POINT('',(5.227878924,-8.728535207,9.562340958));
#3631=CARTESIAN_POINT('',(5.418372224,-8.689494222,9.515039706));
#3632=CARTESIAN_POINT('',(5.770496492,-8.539214789,9.427603987));
#3633=CARTESIAN_POINT('',(5.931988914,-8.42803547,9.387503922));
#3634=CARTESIAN_POINT('',(6.20149316,-8.150355287,9.32058352));
#3635=CARTESIAN_POINT('',(6.309398947,-7.983963677,9.293789513));
#3636=CARTESIAN_POINT('',(6.455253594,-7.621157033,9.257572452));
#3637=CARTESIAN_POINT('',(6.493145068,-7.424884748,9.248163648));
#3638=CARTESIAN_POINT('',(6.493145068,-7.228535207,9.248163648));
#3639=CARTESIAN_POINT('',(4.942396561,-8.728535207,9.239655021));
#3640=CARTESIAN_POINT('',(5.132211598,-8.728535207,9.189398764));
#3641=CARTESIAN_POINT('',(5.321951951,-8.689494222,9.139162281));
#3642=CARTESIAN_POINT('',(5.672684407,-8.539214789,9.046300828));
#3643=CARTESIAN_POINT('',(5.833538511,-8.42803547,9.003712394));
#3644=CARTESIAN_POINT('',(6.101977511,-8.150355287,8.932639314));
#3645=CARTESIAN_POINT('',(6.209456787,-7.983963677,8.904182632));
#3646=CARTESIAN_POINT('',(6.354734927,-7.621157033,8.865718159));
#3647=CARTESIAN_POINT('',(6.392476629,-7.424884748,8.855725501));
#3648=CARTESIAN_POINT('',(6.392476629,-7.228535207,8.855725501));
#3649=CARTESIAN_POINT('',(4.892852119,-8.728535207,9.055174071));
#3650=CARTESIAN_POINT('',(5.082635302,-8.728535221,9.004809764));
#3651=CARTESIAN_POINT('',(5.272343816,-8.689494247,8.954465272));
#3652=CARTESIAN_POINT('',(5.623017421,-8.539214828,8.861404165));
#3653=CARTESIAN_POINT('',(5.783844536,-8.428035511,8.818724165));
#3654=CARTESIAN_POINT('',(6.052238497,-8.150355325,8.747498276));
#3655=CARTESIAN_POINT('',(6.159699741,-7.98396371,8.718980411));
#3656=CARTESIAN_POINT('',(6.304953507,-7.621157052,8.680433238));
#3657=CARTESIAN_POINT('',(6.342688878,-7.424884757,8.670419095));
#3658=CARTESIAN_POINT('',(6.342688878,-7.228535207,8.670419096));
#3659=CARTESIAN_POINT('',(4.748805358,-8.728535207,8.500584354));
#3660=CARTESIAN_POINT('',(4.939370151,-8.728535221,8.453229293));
#3661=CARTESIAN_POINT('',(5.129859968,-8.689494247,8.405892865));
#3662=CARTESIAN_POINT('',(5.4819778,-8.539214828,8.318392121));
#3663=CARTESIAN_POINT('',(5.643467271,-8.428035511,8.278262233));
#3664=CARTESIAN_POINT('',(5.912966596,-8.150355325,8.211292062));
#3665=CARTESIAN_POINT('',(6.020870413,-7.98396371,8.184478128));
#3666=CARTESIAN_POINT('',(6.166722398,-7.621157052,8.148234133));
#3667=CARTESIAN_POINT('',(6.204613179,-7.424884757,8.138818331));
#3668=CARTESIAN_POINT('',(6.204613179,-7.228535207,8.138818331));
#3669=CARTESIAN_POINT('',(4.659895388,-8.728535207,8.129709067));
#3670=CARTESIAN_POINT('',(4.852140216,-8.728535208,8.088776416));
#3671=CARTESIAN_POINT('',(5.044309404,-8.689494224,8.047859871));
#3672=CARTESIAN_POINT('',(5.399531529,-8.539214793,7.972226195));
#3673=CARTESIAN_POINT('',(5.5624447,-8.428035474,7.937538823));
#3674=CARTESIAN_POINT('',(5.834319944,-8.15035529,7.879651313));
#3675=CARTESIAN_POINT('',(5.943175045,-7.98396368,7.856473952));
#3676=CARTESIAN_POINT('',(6.090312867,-7.621157035,7.825145458));
#3677=CARTESIAN_POINT('',(6.128537696,-7.424884748,7.817006651));
#3678=CARTESIAN_POINT('',(6.128537696,-7.228535207,7.817006651));
#3679=CARTESIAN_POINT('',(4.535699004,-8.728535207,7.379904758));
#3680=CARTESIAN_POINT('',(4.730874572,-8.728535208,7.356665711));
#3681=CARTESIAN_POINT('',(4.925973348,-8.689494224,7.333435809));
#3682=CARTESIAN_POINT('',(5.286610774,-8.539214793,7.29049565));
#3683=CARTESIAN_POINT('',(5.45200753,-8.428035474,7.270802289));
#3684=CARTESIAN_POINT('',(5.728027467,-8.15035529,7.237937315));
#3685=CARTESIAN_POINT('',(5.838542046,-7.98396368,7.224778632));
#3686=CARTESIAN_POINT('',(5.987922959,-7.621157035,7.206992236));
#3687=CARTESIAN_POINT('',(6.026730518,-7.424884748,7.202371521));
#3688=CARTESIAN_POINT('',(6.026730518,-7.228535207,7.202371521));
#3689=CARTESIAN_POINT('',(4.5,-8.728535207,7.001003941));
#3690=CARTESIAN_POINT('',(4.696349541,-8.728535207,6.989035865));
#3691=CARTESIAN_POINT('',(4.892621827,-8.689494222,6.977072498));
#3692=CARTESIAN_POINT('',(5.255428471,-8.539214789,6.954958376));
#3693=CARTESIAN_POINT('',(5.42182008,-8.42803547,6.944816323));
#3694=CARTESIAN_POINT('',(5.699500264,-8.150355287,6.927890907));
#3695=CARTESIAN_POINT('',(5.810679583,-7.983963677,6.921114204));
#3696=CARTESIAN_POINT('',(5.960959015,-7.621157033,6.911954235));
#3697=CARTESIAN_POINT('',(6.,-7.424884748,6.909574573));
#3698=CARTESIAN_POINT('',(6.,-7.228535207,6.909574573));
#3699=CARTESIAN_POINT('',(4.5,-8.728535207,6.616695829));
#3700=CARTESIAN_POINT('',(4.696349541,-8.728535207,6.616695829));
#3701=CARTESIAN_POINT('',(4.892621827,-8.689494222,6.616695829));
#3702=CARTESIAN_POINT('',(5.255428471,-8.539214789,6.616695829));
#3703=CARTESIAN_POINT('',(5.42182008,-8.42803547,6.616695829));
#3704=CARTESIAN_POINT('',(5.699500264,-8.150355287,6.616695829));
#3705=CARTESIAN_POINT('',(5.810679583,-7.983963677,6.616695829));
#3706=CARTESIAN_POINT('',(5.960959015,-7.621157033,6.616695829));
#3707=CARTESIAN_POINT('',(6.,-7.424884748,6.616695829));
#3708=CARTESIAN_POINT('',(6.,-7.228535207,6.616695829));
#3709=B_SPLINE_SURFACE_WITH_KNOTS('',3,3,((#3429,#3430,#3431,#3432,#3433,#3434,#3435,#3436,#3437,#3438),(#3439,#3440,#3441,#3442,#3443,#3444,#3445,#3446,#3447,#3448),(#3449,#3450,#3451,#3452,#3453,#3454,#3455,#3456,#3457,#3458),(#3459,#3460,#3461,#3462,#3463,#3464,#3465,#3466,#3467,#3468),(#3469,#3470,#3471,#3472,#3473,#3474,#3475,#3476,#3477,#3478),(#3479,#3480,#3481,#3482,#3483,#3484,#3485,#3486,#3487,#3488),(#3489,#3490,#3491,#3492,#3493,#3494,#3495,#3496,#3497,#3498),(#3499,#3500,#3501,#3502,#3503,#3504,#3505,#3506,#3507,#3508),(#3509,#3510,#3511,#3512,#3513,#3514,#3515,#3516,#3517,#3518),(#3519,#3520,#3521,#3522,#3523,#3524,#3525,#3526,#3527,#3528),(#3529,#3530,#3531,#3532,#3533,#3534,#3535,#3536,#3537,#3538),(#3539,#3540,#3541,#3542,#3543,#3544,#3545,#3546,#3547,#3548),(#3549,#3550,#3551,#3552,#3553,#3554,#3555,#3556,#3557,#3558),(#3559,#3560,#3561,#3562,#3563,#3564,#3565,#3566,#3567,#3568),(#3569,#3570,#3571,#3572,#3573,#3574,#3575,#3576,#3577,#3578),(#3579,#3580,#3581,#3582,#3583,#3584,#3585,#3586,#3587,#3588),(#3589,#3590,#3591,#3592,#3593,#3594,#3595,#3596,#3597,#3598),(#3599,#3600,#3601,#3602,#3603,#3604,#3605,#3606,#3607,#3608),(#3609,#3610,#3611,#3612,#3613,#3614,#3615,#3616,#3617,#3618),(#3619,#3620,#3621,#3622,#3623,#3624,#3625,#3626,#3627,#3628),(#3629,#3630,#3631,#3632,#3633,#3634,#3635,#3636,#3637,#3638),(#3639,#3640,#3641,#3642,#3643,#3644,#3645,#3646,#3647,#3648),(#3649,#3650,#3651,#3652,#3653,#3654,#3655,#3656,#3657,#3658),(#3659,#3660,#3661,#3662,#3663,#3664,#3665,#3666,#3667,#3668),(#3669,#3670,#3671,#3672,#3673,#3674,#3675,#3676,#3677,#3678),(#3679,#3680,#3681,#3682,#3683,#3684,#3685,#3686,#3687,#3688),
(#3689,#3690,#3691,#3692,#3693,#3694,#3695,#3696,#3697,#3698),(#3699,#3700,#3701,#3702,#3703,#3704,#3705,#3706,#3707,#3708)),.UNSPECIFIED.,.F.,.F.,.U.,(4,2,2,2,2,2,2,2,2,2,2,2,2,4),(4,2,2,2,4),(-0.,0.00000446,0.000008919,0.000017838,0.000035676,0.000071352,0.000142704,0.000285409,0.000570817,0.001141634,0.001712452,0.002283269,0.003424903,0.004566538),(0.,0.25,0.5,0.75,1.),.UNSPECIFIED.);
#3710=ORIENTED_EDGE('',*,*,#3109,.T.);
#3711=ORIENTED_EDGE('',*,*,#839,.F.);
#3712=CARTESIAN_POINT('',(5.25,-7.228535207,11.116695829));
#3713=DIRECTION('',(-0.,-0.,1.));
#3714=DIRECTION('',(-1.,-0.,-0.));
#3715=AXIS2_PLACEMENT_3D('',#3712,#3713,#3714);
#3716=CIRCLE('',#3715,1.5);
#3717=EDGE_CURVE('',#319,#792,#3716,.T.);
#3718=ORIENTED_EDGE('',*,*,#3717,.F.);
#3719=ORIENTED_EDGE('',*,*,#334,.F.);
#3720=EDGE_LOOP('',(#3710,#3711,#3718,#3719));
#3721=FACE_BOUND('',#3720,.T.);
#3722=ADVANCED_FACE('',(#3721),#3709,.T.);
#3723=CARTESIAN_POINT('',(0.,-7.228535207,11.116695829));
#3724=DIRECTION('',(0.,-1.,0.));
#3725=DIRECTION('',(0.,0.,1.));
#3726=AXIS2_PLACEMENT_3D('',#3723,#3724,#3725);
#3727=TOROIDAL_SURFACE('',#3726,5.25,1.5);
#3728=CARTESIAN_POINT('',(0.,-7.228535207,16.366695829));
#3729=DIRECTION('',(-1.,-0.,0.));
#3730=DIRECTION('',(0.,0.,1.));
#3731=AXIS2_PLACEMENT_3D('',#3728,#3729,#3730);
#3732=CIRCLE('',#3731,1.5);
#3733=EDGE_CURVE('',#337,#880,#3732,.T.);
#3734=ORIENTED_EDGE('',*,*,#3733,.T.);
#3735=ORIENTED_EDGE('',*,*,#886,.F.);
#3736=ORIENTED_EDGE('',*,*,#3423,.T.);
#3737=ORIENTED_EDGE('',*,*,#352,.F.);
#3738=EDGE_LOOP('',(#3734,#3735,#3736,#3737));
#3739=FACE_BOUND('',#3738,.T.);
#3740=ADVANCED_FACE('',(#3739),#3727,.T.);
#3741=CARTESIAN_POINT('',(3.452663459,-5.089669689,3.416695829));
#3742=DIRECTION('',(-0.,0.,1.));
#3743=DIRECTION('',(-0.,1.,-0.));
#3744=AXIS2_PLACEMENT_3D('',#3741,#3742,#3743);
#3745=CYLINDRICAL_SURFACE('',#3744,0.352663459);
#3746=ORIENTED_EDGE('',*,*,#2006,.F.);
#3747=ORIENTED_EDGE('',*,*,#160,.F.);
#3748=ORIENTED_EDGE('',*,*,#2092,.F.);
#3749=ORIENTED_EDGE('',*,*,#2046,.F.);
#3750=EDGE_LOOP('',(#3746,#3747,#3748,#3749));
#3751=FACE_BOUND('',#3750,.T.);
#3752=ADVANCED_FACE('',(#3751),#3745,.T.);
#3753=CARTESIAN_POINT('',(-3.452663459,-5.089669689,4.181929313));
#3754=DIRECTION('',(0.,-0.,-1.));
#3755=DIRECTION('',(0.,-1.,0.));
#3756=AXIS2_PLACEMENT_3D('',#3753,#3754,#3755);
#3757=CYLINDRICAL_SURFACE('',#3756,0.352663459);
#3758=CARTESIAN_POINT('',(-3.452663459,-5.442333148,1.616695829));
#3759=DIRECTION('',(-0.,0.,1.));
#3760=VECTOR('',#3759,1.8);
#3761=LINE('',#3758,#3760);
#3762=EDGE_CURVE('',#1716,#1681,#3761,.T.);
#3763=ORIENTED_EDGE('',*,*,#3762,.T.);
#3764=ORIENTED_EDGE('',*,*,#1687,.F.);
#3765=ORIENTED_EDGE('',*,*,#1766,.F.);
#3766=ORIENTED_EDGE('',*,*,#1731,.F.);
#3767=EDGE_LOOP('',(#3763,#3764,#3765,#3766));
#3768=FACE_BOUND('',#3767,.T.);
#3769=ADVANCED_FACE('',(#3768),#3757,.T.);
#3770=CARTESIAN_POINT('',(6.647336541,-5.147404716,1.466695829));
#3771=DIRECTION('',(-0.,0.,1.));
#3772=DIRECTION('',(-0.,1.,-0.));
#3773=AXIS2_PLACEMENT_3D('',#3770,#3771,#3772);
#3774=CYLINDRICAL_SURFACE('',#3773,0.352663459);
#3775=ORIENTED_EDGE('',*,*,#2083,.F.);
#3776=ORIENTED_EDGE('',*,*,#222,.F.);
#3777=CARTESIAN_POINT('',(6.647336541,-5.147404716,2.816695829));
#3778=DIRECTION('',(0.,0.,1.));
#3779=DIRECTION('',(-1.,-0.,0.));
#3780=AXIS2_PLACEMENT_3D('',#3777,#3778,#3779);
#3781=CIRCLE('',#3780,0.352663459);
#3782=EDGE_CURVE('',#1890,#211,#3781,.T.);
#3783=ORIENTED_EDGE('',*,*,#3782,.F.);
#3784=ORIENTED_EDGE('',*,*,#1895,.F.);
#3785=EDGE_LOOP('',(#3775,#3776,#3783,#3784));
#3786=FACE_BOUND('',#3785,.T.);
#3787=ADVANCED_FACE('',(#3786),#3774,.T.);
#3788=CARTESIAN_POINT('',(7.,-5.147404716,2.816695829));
#3789=CARTESIAN_POINT('',(7.,-5.208956101,2.816695829));
#3790=CARTESIAN_POINT('',(6.983527748,-5.270431383,2.816695829));
#3791=CARTESIAN_POINT('',(6.921976363,-5.377041509,2.816695829));
#3792=CARTESIAN_POINT('',(6.876973334,-5.422044538,2.816695829));
#3793=CARTESIAN_POINT('',(6.770363207,-5.483595923,2.816695829));
#3794=CARTESIAN_POINT('',(6.708887926,-5.500068175,2.816695829));
#3795=CARTESIAN_POINT('',(6.585785156,-5.500068175,2.816695829));
#3796=CARTESIAN_POINT('',(6.524309875,-5.483595923,2.816695829));
#3797=CARTESIAN_POINT('',(6.471004812,-5.452820231,2.816695829));
#3798=CARTESIAN_POINT('',(7.,-5.147404716,2.980990034));
#3799=CARTESIAN_POINT('',(7.,-5.208956101,2.982191367));
#3800=CARTESIAN_POINT('',(6.983527748,-5.270431383,2.982834363));
#3801=CARTESIAN_POINT('',(6.921976363,-5.377041509,2.982834363));
#3802=CARTESIAN_POINT('',(6.876973334,-5.422044538,2.982191367));
#3803=CARTESIAN_POINT('',(6.770363207,-5.483595923,2.979788702));
#3804=CARTESIAN_POINT('',(6.708887926,-5.500068175,2.978032004));
#3805=CARTESIAN_POINT('',(6.585785156,-5.500068175,2.973870467));
#3806=CARTESIAN_POINT('',(6.524309875,-5.483595923,2.971470773));
#3807=CARTESIAN_POINT('',(6.471004812,-5.452820231,2.969068108));
#3808=CARTESIAN_POINT('',(6.991805907,-5.142991554,3.146263334));
#3809=CARTESIAN_POINT('',(6.991692412,-5.204483492,3.148909095));
#3810=CARTESIAN_POINT('',(6.975147386,-5.265899532,3.150328099));
#3811=CARTESIAN_POINT('',(6.913547656,-5.372420817,3.150338517));
#3812=CARTESIAN_POINT('',(6.868568986,-5.417394586,3.148929918));
#3813=CARTESIAN_POINT('',(6.762088296,-5.478935416,3.143656502));
#3814=CARTESIAN_POINT('',(6.700717701,-5.495426517,3.13979822));
#3815=CARTESIAN_POINT('',(6.577862907,-5.495511059,3.130655739));
#3816=CARTESIAN_POINT('',(6.516530338,-5.479104392,3.125382871));
#3817=CARTESIAN_POINT('',(6.463360985,-5.448407067,3.120103458));
#3818=CARTESIAN_POINT('',(6.964464037,-5.128828649,3.367522821));
#3819=CARTESIAN_POINT('',(6.963793445,-5.190025264,3.372377739));
#3820=CARTESIAN_POINT('',(6.946895751,-5.251146998,3.37495427));
#3821=CARTESIAN_POINT('',(6.885073436,-5.357226626,3.374875419));
#3822=CARTESIAN_POINT('',(6.840224461,-5.402054724,3.372220134));
#3823=CARTESIAN_POINT('',(6.734401445,-5.463542384,3.362373622));
#3824=CARTESIAN_POINT('',(6.673556889,-5.480126712,3.355194447));
#3825=CARTESIAN_POINT('',(6.551943117,-5.480631208,3.338205452));
#3826=CARTESIAN_POINT('',(6.491322707,-5.464550758,3.328416426));
#3827=CARTESIAN_POINT('',(6.438830121,-5.434244164,3.318615404));
#3828=CARTESIAN_POINT('',(6.95625833,-5.124609355,3.422687095));
#3829=CARTESIAN_POINT('',(6.955409921,-5.185711701,3.428117471));
#3830=CARTESIAN_POINT('',(6.938399689,-5.246739492,3.43099288));
#3831=CARTESIAN_POINT('',(6.876506406,-5.352678141,3.43088133));
#3832=CARTESIAN_POINT('',(6.831698876,-5.397459738,3.427894507));
#3833=CARTESIAN_POINT('',(6.726085876,-5.458930422,3.416840437));
#3834=CARTESIAN_POINT('',(6.66540927,-5.475544505,3.408786684));
#3835=CARTESIAN_POINT('',(6.544191696,-5.47618305,3.389733386));
#3836=CARTESIAN_POINT('',(6.48379863,-5.460206731,3.378757098));
#3837=CARTESIAN_POINT('',(6.43152209,-5.43002487,3.367767396));
#3838=CARTESIAN_POINT('',(6.946533165,-5.119634317,3.477858842));
#3839=CARTESIAN_POINT('',(6.945468465,-5.180621465,3.483872951));
#3840=CARTESIAN_POINT('',(6.928322006,-5.241534453,3.487047046));
#3841=CARTESIAN_POINT('',(6.866344556,-5.347300775,3.48688616));
#3842=CARTESIAN_POINT('',(6.821588929,-5.392025501,3.483551375));
#3843=CARTESIAN_POINT('',(6.716234679,-5.453475333,3.471244243));
#3844=CARTESIAN_POINT('',(6.655764164,-5.470125719,3.462286862));
#3845=CARTESIAN_POINT('',(6.535032044,-5.470928072,3.441104247));
#3846=CARTESIAN_POINT('',(6.474917244,-5.455079063,3.42890477));
#3847=CARTESIAN_POINT('',(6.422905071,-5.425049832,3.416690442));
#3848=B_SPLINE_SURFACE_WITH_KNOTS('',3,3,((#3788,#3789,#3790,#3791,#3792,#3793,#3794,#3795,#3796,#3797),(#3798,#3799,#3800,#3801,#3802,#3803,#3804,#3805,#3806,#3807),(#3808,#3809,#3810,#3811,#3812,#3813,#3814,#3815,#3816,#3817),(#3818,#3819,#3820,#3821,#3822,#3823,#3824,#3825,#3826,#3827),(#3828,#3829,#3830,#3831,#3832,#3833,#3834,#3835,#3836,#3837),(#3838,#3839,#3840,#3841,#3842,#3843,#3844,#3845,#3846,#3847)),.UNSPECIFIED.,.F.,.F.,.U.,(4,2,4),(4,2,2,2,4),(0.,0.000451961,0.000601546),(0.,0.25,0.5,0.75,1.),.UNSPECIFIED.);
#3849=ORIENTED_EDGE('',*,*,#2029,.F.);
#3850=ORIENTED_EDGE('',*,*,#1904,.F.);
#3851=ORIENTED_EDGE('',*,*,#3782,.T.);
#3852=ORIENTED_EDGE('',*,*,#689,.F.);
#3853=EDGE_LOOP('',(#3849,#3850,#3851,#3852));
#3854=FACE_BOUND('',#3853,.T.);
#3855=ADVANCED_FACE('',(#3854),#3848,.T.);
#3856=CARTESIAN_POINT('',(-6.471004812,-5.452820231,2.816695829));
#3857=CARTESIAN_POINT('',(-6.524309875,-5.483595923,2.816695829));
#3858=CARTESIAN_POINT('',(-6.585785156,-5.500068175,2.816695829));
#3859=CARTESIAN_POINT('',(-6.708887926,-5.500068175,2.816695829));
#3860=CARTESIAN_POINT('',(-6.770363207,-5.483595923,2.816695829));
#3861=CARTESIAN_POINT('',(-6.876973334,-5.422044538,2.816695829));
#3862=CARTESIAN_POINT('',(-6.921976363,-5.377041509,2.816695829));
#3863=CARTESIAN_POINT('',(-6.983527748,-5.270431383,2.816695829));
#3864=CARTESIAN_POINT('',(-7.,-5.208956101,2.816695829));
#3865=CARTESIAN_POINT('',(-7.,-5.147404716,2.816695829));
#3866=CARTESIAN_POINT('',(-6.471004812,-5.452820231,2.969068108));
#3867=CARTESIAN_POINT('',(-6.524309875,-5.483595923,2.971470773));
#3868=CARTESIAN_POINT('',(-6.585785156,-5.500068175,2.973870467));
#3869=CARTESIAN_POINT('',(-6.708887926,-5.500068175,2.978032004));
#3870=CARTESIAN_POINT('',(-6.770363207,-5.483595923,2.979788702));
#3871=CARTESIAN_POINT('',(-6.876973334,-5.422044538,2.982191367));
#3872=CARTESIAN_POINT('',(-6.921976363,-5.377041509,2.982834363));
#3873=CARTESIAN_POINT('',(-6.983527748,-5.270431383,2.982834363));
#3874=CARTESIAN_POINT('',(-7.,-5.208956101,2.982191367));
#3875=CARTESIAN_POINT('',(-7.,-5.147404716,2.980990034));
#3876=CARTESIAN_POINT('',(-6.463360985,-5.448407067,3.120103458));
#3877=CARTESIAN_POINT('',(-6.516530338,-5.479104392,3.125382871));
#3878=CARTESIAN_POINT('',(-6.577862907,-5.495511059,3.130655739));
#3879=CARTESIAN_POINT('',(-6.700717701,-5.495426517,3.13979822));
#3880=CARTESIAN_POINT('',(-6.762088296,-5.478935416,3.143656502));
#3881=CARTESIAN_POINT('',(-6.868568986,-5.417394586,3.148929918));
#3882=CARTESIAN_POINT('',(-6.913547656,-5.372420817,3.150338517));
#3883=CARTESIAN_POINT('',(-6.975147386,-5.265899532,3.150328099));
#3884=CARTESIAN_POINT('',(-6.991692412,-5.204483492,3.148909095));
#3885=CARTESIAN_POINT('',(-6.991805907,-5.142991554,3.146263334));
#3886=CARTESIAN_POINT('',(-6.438830121,-5.434244164,3.318615404));
#3887=CARTESIAN_POINT('',(-6.491322707,-5.464550758,3.328416426));
#3888=CARTESIAN_POINT('',(-6.551943117,-5.480631208,3.338205452));
#3889=CARTESIAN_POINT('',(-6.673556889,-5.480126712,3.355194447));
#3890=CARTESIAN_POINT('',(-6.734401445,-5.463542384,3.362373622));
#3891=CARTESIAN_POINT('',(-6.840224461,-5.402054724,3.372220134));
#3892=CARTESIAN_POINT('',(-6.885073436,-5.357226626,3.374875419));
#3893=CARTESIAN_POINT('',(-6.946895751,-5.251146998,3.37495427));
#3894=CARTESIAN_POINT('',(-6.963793445,-5.190025264,3.372377739));
#3895=CARTESIAN_POINT('',(-6.964464037,-5.128828649,3.367522821));
#3896=CARTESIAN_POINT('',(-6.43152209,-5.43002487,3.367767396));
#3897=CARTESIAN_POINT('',(-6.48379863,-5.460206731,3.378757098));
#3898=CARTESIAN_POINT('',(-6.544191696,-5.47618305,3.389733386));
#3899=CARTESIAN_POINT('',(-6.66540927,-5.475544505,3.408786684));
#3900=CARTESIAN_POINT('',(-6.726085876,-5.458930422,3.416840437));
#3901=CARTESIAN_POINT('',(-6.831698876,-5.397459738,3.427894507));
#3902=CARTESIAN_POINT('',(-6.876506406,-5.352678141,3.43088133));
#3903=CARTESIAN_POINT('',(-6.938399689,-5.246739492,3.43099288));
#3904=CARTESIAN_POINT('',(-6.955409921,-5.185711701,3.428117471));
#3905=CARTESIAN_POINT('',(-6.95625833,-5.124609355,3.422687095));
#3906=CARTESIAN_POINT('',(-6.422905071,-5.425049832,3.416690442));
#3907=CARTESIAN_POINT('',(-6.474917244,-5.455079063,3.42890477));
#3908=CARTESIAN_POINT('',(-6.535032044,-5.470928072,3.441104247));
#3909=CARTESIAN_POINT('',(-6.655764164,-5.470125719,3.462286862));
#3910=CARTESIAN_POINT('',(-6.716234679,-5.453475333,3.471244243));
#3911=CARTESIAN_POINT('',(-6.821588929,-5.392025501,3.483551375));
#3912=CARTESIAN_POINT('',(-6.866344556,-5.347300775,3.48688616));
#3913=CARTESIAN_POINT('',(-6.928322006,-5.241534453,3.487047046));
#3914=CARTESIAN_POINT('',(-6.945468465,-5.180621465,3.483872951));
#3915=CARTESIAN_POINT('',(-6.946533165,-5.119634317,3.477858842));
#3916=B_SPLINE_SURFACE_WITH_KNOTS('',3,3,((#3856,#3857,#3858,#3859,#3860,#3861,#3862,#3863,#3864,#3865),(#3866,#3867,#3868,#3869,#3870,#3871,#3872,#3873,#3874,#3875),(#3876,#3877,#3878,#3879,#3880,#3881,#3882,#3883,#3884,#3885),(#3886,#3887,#3888,#3889,#3890,#3891,#3892,#3893,#3894,#3895),(#3896,#3897,#3898,#3899,#3900,#3901,#3902,#3903,#3904,#3905),(#3906,#3907,#3908,#3909,#3910,#3911,#3912,#3913,#3914,#3915)),.UNSPECIFIED.,.F.,.F.,.U.,(4,2,4),(4,2,2,2,4),(0.,0.000451961,0.000601546),(0.,0.25,0.5,0.75,1.),.UNSPECIFIED.);
#3917=ORIENTED_EDGE('',*,*,#1669,.F.);
#3918=ORIENTED_EDGE('',*,*,#1014,.F.);
#3919=CARTESIAN_POINT('',(-6.647336541,-5.147404716,2.816695829));
#3920=DIRECTION('',(0.,0.,-1.));
#3921=DIRECTION('',(1.,0.,0.));
#3922=AXIS2_PLACEMENT_3D('',#3919,#3920,#3921);
#3923=CIRCLE('',#3922,0.352663459);
#3924=EDGE_CURVE('',#1547,#998,#3923,.T.);
#3925=ORIENTED_EDGE('',*,*,#3924,.F.);
#3926=ORIENTED_EDGE('',*,*,#1553,.F.);
#3927=EDGE_LOOP('',(#3917,#3918,#3925,#3926));
#3928=FACE_BOUND('',#3927,.T.);
#3929=ADVANCED_FACE('',(#3928),#3916,.T.);
#3930=CARTESIAN_POINT('',(-6.647336541,-5.147404716,3.416695829));
#3931=DIRECTION('',(-0.,0.,1.));
#3932=DIRECTION('',(-0.,1.,-0.));
#3933=AXIS2_PLACEMENT_3D('',#3930,#3931,#3932);
#3934=CYLINDRICAL_SURFACE('',#3933,0.352663459);
#3935=ORIENTED_EDGE('',*,*,#3924,.T.);
#3936=ORIENTED_EDGE('',*,*,#1140,.F.);
#3937=ORIENTED_EDGE('',*,*,#1745,.F.);
#3938=ORIENTED_EDGE('',*,*,#1561,.F.);
#3939=EDGE_LOOP('',(#3935,#3936,#3937,#3938));
#3940=FACE_BOUND('',#3939,.T.);
#3941=ADVANCED_FACE('',(#3940),#3934,.T.);
#3942=CARTESIAN_POINT('',(-5.5,-7.228535207,1.466695829));
#3943=DIRECTION('',(0.,0.,1.));
#3944=DIRECTION('',(-1.,-0.,0.));
#3945=AXIS2_PLACEMENT_3D('',#3942,#3943,#3944);
#3946=CYLINDRICAL_SURFACE('',#3945,1.5);
#3947=ORIENTED_EDGE('',*,*,#1205,.F.);
#3948=ORIENTED_EDGE('',*,*,#1268,.F.);
#3949=ORIENTED_EDGE('',*,*,#1711,.F.);
#3950=ORIENTED_EDGE('',*,*,#1126,.F.);
#3951=EDGE_LOOP('',(#3947,#3948,#3949,#3950));
#3952=FACE_BOUND('',#3951,.T.);
#3953=ADVANCED_FACE('',(#3952),#3946,.T.);
#3954=CARTESIAN_POINT('',(5.5,-7.228535207,1.466695829));
#3955=DIRECTION('',(0.,0.,-1.));
#3956=DIRECTION('',(1.,0.,0.));
#3957=AXIS2_PLACEMENT_3D('',#3954,#3955,#3956);
#3958=CYLINDRICAL_SURFACE('',#3957,1.5);
#3959=ORIENTED_EDGE('',*,*,#2075,.F.);
#3960=ORIENTED_EDGE('',*,*,#246,.F.);
#3961=ORIENTED_EDGE('',*,*,#471,.F.);
#3962=ORIENTED_EDGE('',*,*,#192,.F.);
#3963=EDGE_LOOP('',(#3959,#3960,#3961,#3962));
#3964=FACE_BOUND('',#3963,.T.);
#3965=ADVANCED_FACE('',(#3964),#3958,.T.);
#3966=CARTESIAN_POINT('',(0.,-8.328535207,10.516695829));
#3967=DIRECTION('',(0.,-1.,0.));
#3968=DIRECTION('',(0.,0.,1.));
#3969=AXIS2_PLACEMENT_3D('',#3966,#3967,#3968);
#3970=CONICAL_SURFACE('',#3969,3.95,45.);
#3971=ORIENTED_EDGE('',*,*,#659,.F.);
#3972=CARTESIAN_POINT('',(1.75,-8.703171265,6.561954745));
#3973=VERTEX_POINT('',#3972);
#3974=CARTESIAN_POINT('',(2.002751359,-8.428535207,6.996541429));
#3975=CARTESIAN_POINT('',(1.913618505,-8.428534118,6.94583157));
#3976=CARTESIAN_POINT('',(1.84643867,-8.465779928,6.869631272));
#3977=CARTESIAN_POINT('',(1.806405935,-8.517566097,6.792655777));
#3978=CARTESIAN_POINT('',(1.766373199,-8.569352267,6.715680282));
#3979=CARTESIAN_POINT('',(1.750000436,-8.634486343,6.637064101));
#3980=CARTESIAN_POINT('',(1.75,-8.703171265,6.561954745));
#3981=B_SPLINE_CURVE_WITH_KNOTS('',3,(#3974,#3975,#3976,#3977,#3978,#3979,#3980),.UNSPECIFIED.,.F.,.F.,(4,3,4),(0.,0.000302022,0.000604044),.UNSPECIFIED.);
#3982=EDGE_CURVE('',#647,#3973,#3981,.T.);
#3983=ORIENTED_EDGE('',*,*,#3982,.T.);
#3984=CARTESIAN_POINT('',(1.75,-8.728535207,6.534234279));
#3985=CARTESIAN_POINT('',(1.75,-8.720077917,6.543472086));
#3986=CARTESIAN_POINT('',(1.75,-8.711623253,6.552712226));
#3987=CARTESIAN_POINT('',(1.75,-8.703171265,6.561954745));
#3988=B_SPLINE_CURVE_WITH_KNOTS('',3,(#3984,#3985,#3986,#3987),.UNSPECIFIED.,.F.,.F.,(4,4),(0.001483709,0.001521281),.UNSPECIFIED.);
#3989=EDGE_CURVE('',#266,#3973,#3988,.T.);
#3990=ORIENTED_EDGE('',*,*,#3989,.F.);
#3991=ORIENTED_EDGE('',*,*,#272,.F.);
#3992=CARTESIAN_POINT('',(4.05,-8.428535207,10.516695829));
#3993=DIRECTION('',(0.707106781,-0.707106781,0.));
#3994=VECTOR('',#3993,0.424264069);
#3995=LINE('',#3992,#3994);
#3996=EDGE_CURVE('',#607,#264,#3995,.T.);
#3997=ORIENTED_EDGE('',*,*,#3996,.F.);
#3998=EDGE_LOOP('',(#3971,#3983,#3990,#3991,#3997));
#3999=FACE_BOUND('',#3998,.T.);
#4000=ADVANCED_FACE('',(#3999),#3970,.F.);
#4001=CARTESIAN_POINT('',(0.,-8.328535207,10.516695829));
#4002=DIRECTION('',(0.,-1.,0.));
#4003=DIRECTION('',(0.,0.,1.));
#4004=AXIS2_PLACEMENT_3D('',#4001,#4002,#4003);
#4005=CONICAL_SURFACE('',#4004,3.95,45.);
#4006=CARTESIAN_POINT('',(-1.75,-8.703171265,6.561954745));
#4007=VERTEX_POINT('',#4006);
#4008=CARTESIAN_POINT('',(-1.75,-8.728535207,6.534234279));
#4009=CARTESIAN_POINT('',(-1.75,-8.720077949,6.54347205));
#4010=CARTESIAN_POINT('',(-1.75,-8.711623285,6.552712191));
#4011=CARTESIAN_POINT('',(-1.75,-8.703171265,6.561954745));
#4012=B_SPLINE_CURVE_WITH_KNOTS('',3,(#4008,#4009,#4010,#4011),.UNSPECIFIED.,.F.,.F.,(4,4),(0.,0.000037573),.UNSPECIFIED.);
#4013=EDGE_CURVE('',#409,#4007,#4012,.T.);
#4014=ORIENTED_EDGE('',*,*,#4013,.T.);
#4015=CARTESIAN_POINT('',(-1.75,-8.703171265,6.561954745));
#4016=CARTESIAN_POINT('',(-1.750000218,-8.668847048,6.599489472));
#4017=CARTESIAN_POINT('',(-1.754153596,-8.635955264,6.637371919));
#4018=CARTESIAN_POINT('',(-1.763120133,-8.60482505,6.675741099));
#4019=CARTESIAN_POINT('',(-1.772086669,-8.573694836,6.71411028));
#4020=CARTESIAN_POINT('',(-1.78612303,-8.543912078,6.753539976));
#4021=CARTESIAN_POINT('',(-1.80612433,-8.51793113,6.792113501));
#4022=CARTESIAN_POINT('',(-1.826125629,-8.491950182,6.830687026));
#4023=CARTESIAN_POINT('',(-1.852494169,-8.469396136,6.869030095));
#4024=CARTESIAN_POINT('',(-1.885365339,-8.4535447,6.904065221));
#4025=CARTESIAN_POINT('',(-1.918236509,-8.437693263,6.939100348));
#4026=CARTESIAN_POINT('',(-1.958161537,-8.428534662,6.97117319));
#4027=CARTESIAN_POINT('',(-2.002751359,-8.428535207,6.996541429));
#4028=B_SPLINE_CURVE_WITH_KNOTS('',3,(#4015,#4016,#4017,#4018,#4019,#4020,#4021,#4022,#4023,#4024,#4025,#4026,#4027),.UNSPECIFIED.,.F.,.F.,(4,3,3,3,4),(0.,0.000150594,0.000301188,0.000451782,0.000602376),.UNSPECIFIED.);
#4029=EDGE_CURVE('',#4007,#1224,#4028,.T.);
#4030=ORIENTED_EDGE('',*,*,#4029,.T.);
#4031=ORIENTED_EDGE('',*,*,#1230,.F.);
#4032=CARTESIAN_POINT('',(-4.35,-8.728535207,10.516695829));
#4033=DIRECTION('',(0.707106781,0.707106781,-0.));
#4034=VECTOR('',#4033,0.424264069);
#4035=LINE('',#4032,#4034);
#4036=EDGE_CURVE('',#417,#535,#4035,.T.);
#4037=ORIENTED_EDGE('',*,*,#4036,.F.);
#4038=ORIENTED_EDGE('',*,*,#423,.F.);
#4039=EDGE_LOOP('',(#4014,#4030,#4031,#4037,#4038));
#4040=FACE_BOUND('',#4039,.T.);
#4041=ADVANCED_FACE('',(#4040),#4005,.F.);
#4042=CARTESIAN_POINT('',(4.35,-8.728535207,11.116695829));
#4043=DIRECTION('',(-0.707106781,-0.707106781,0.));
#4044=DIRECTION('',(0.,0.,1.));
#4045=AXIS2_PLACEMENT_3D('',#4042,#4043,#4044);
#4046=PLANE('',#4045);
#4047=ORIENTED_EDGE('',*,*,#3996,.T.);
#4048=ORIENTED_EDGE('',*,*,#455,.F.);
#4049=CARTESIAN_POINT('',(4.05,-8.428535207,11.166695829));
#4050=DIRECTION('',(0.707106781,-0.707106781,0.));
#4051=VECTOR('',#4050,0.424264069);
#4052=LINE('',#4049,#4051);
#4053=EDGE_CURVE('',#565,#443,#4052,.T.);
#4054=ORIENTED_EDGE('',*,*,#4053,.F.);
#4055=ORIENTED_EDGE('',*,*,#620,.F.);
#4056=EDGE_LOOP('',(#4047,#4048,#4054,#4055));
#4057=FACE_BOUND('',#4056,.T.);
#4058=ADVANCED_FACE('',(#4057),#4046,.T.);
#4059=CARTESIAN_POINT('',(-3.95,-8.328535207,10.966695829));
#4060=DIRECTION('',(-0.707106781,0.707106781,0.));
#4061=DIRECTION('',(0.,0.,-1.));
#4062=AXIS2_PLACEMENT_3D('',#4059,#4060,#4061);
#4063=PLANE('',#4062);
#4064=ORIENTED_EDGE('',*,*,#4036,.T.);
#4065=ORIENTED_EDGE('',*,*,#540,.F.);
#4066=CARTESIAN_POINT('',(-4.35,-8.728535207,11.166695829));
#4067=DIRECTION('',(0.707106781,0.707106781,-0.));
#4068=VECTOR('',#4067,0.424264069);
#4069=LINE('',#4066,#4068);
#4070=EDGE_CURVE('',#426,#525,#4069,.T.);
#4071=ORIENTED_EDGE('',*,*,#4070,.F.);
#4072=ORIENTED_EDGE('',*,*,#431,.F.);
#4073=EDGE_LOOP('',(#4064,#4065,#4071,#4072));
#4074=FACE_BOUND('',#4073,.T.);
#4075=ADVANCED_FACE('',(#4074),#4063,.F.);
#4076=CARTESIAN_POINT('',(0.,-8.328535207,11.166695829));
#4077=DIRECTION('',(0.,-1.,0.));
#4078=DIRECTION('',(0.,0.,1.));
#4079=AXIS2_PLACEMENT_3D('',#4076,#4077,#4078);
#4080=CONICAL_SURFACE('',#4079,3.95,45.);
#4081=CARTESIAN_POINT('',(0.,-8.728535207,15.516695829));
#4082=DIRECTION('',(-0.,0.707106781,-0.707106781));
#4083=VECTOR('',#4082,0.424264069);
#4084=LINE('',#4081,#4083);
#4085=EDGE_CURVE('',#434,#575,#4084,.T.);
#4086=ORIENTED_EDGE('',*,*,#4085,.F.);
#4087=ORIENTED_EDGE('',*,*,#440,.F.);
#4088=ORIENTED_EDGE('',*,*,#4070,.T.);
#4089=ORIENTED_EDGE('',*,*,#588,.F.);
#4090=EDGE_LOOP('',(#4086,#4087,#4088,#4089));
#4091=FACE_BOUND('',#4090,.T.);
#4092=ADVANCED_FACE('',(#4091),#4080,.F.);
#4093=CARTESIAN_POINT('',(1.75,-6.128535207,3.916695829));
#4094=DIRECTION('',(0.,0.,-1.));
#4095=DIRECTION('',(1.,0.,0.));
#4096=AXIS2_PLACEMENT_3D('',#4093,#4094,#4095);
#4097=PLANE('',#4096);
#4098=ORIENTED_EDGE('',*,*,#120,.F.);
#4099=ORIENTED_EDGE('',*,*,#286,.F.);
#4100=CARTESIAN_POINT('',(1.75,-8.728535207,3.916695829));
#4101=DIRECTION('',(-0.,1.,0.));
#4102=VECTOR('',#4101,5.);
#4103=LINE('',#4100,#4102);
#4104=EDGE_CURVE('',#275,#1316,#4103,.T.);
#4105=ORIENTED_EDGE('',*,*,#4104,.T.);
#4106=ORIENTED_EDGE('',*,*,#1321,.T.);
#4107=EDGE_LOOP('',(#4098,#4099,#4105,#4106));
#4108=FACE_BOUND('',#4107,.T.);
#4109=ADVANCED_FACE('',(#4108),#4097,.T.);
#4110=CARTESIAN_POINT('',(1.75,-6.511114807,5.854381079));
#4111=DIRECTION('',(-1.,-0.,0.));
#4112=DIRECTION('',(0.,0.,-1.));
#4113=AXIS2_PLACEMENT_3D('',#4110,#4111,#4112);
#4114=PLANE('',#4113);
#4115=CARTESIAN_POINT('',(1.75,-8.703171265,6.561951842));
#4116=DIRECTION('',(-0.,1.,0.));
#4117=VECTOR('',#4116,4.974636059);
#4118=LINE('',#4115,#4117);
#4119=EDGE_CURVE('',#3973,#1324,#4118,.T.);
#4120=ORIENTED_EDGE('',*,*,#4119,.T.);
#4121=ORIENTED_EDGE('',*,*,#1329,.T.);
#4122=ORIENTED_EDGE('',*,*,#4104,.F.);
#4123=ORIENTED_EDGE('',*,*,#280,.T.);
#4124=ORIENTED_EDGE('',*,*,#3989,.T.);
#4125=EDGE_LOOP('',(#4120,#4121,#4122,#4123,#4124));
#4126=FACE_BOUND('',#4125,.T.);
#4127=ADVANCED_FACE('',(#4126),#4114,.T.);
#4128=CARTESIAN_POINT('',(-1.75,-6.128559176,3.91731903));
#4129=DIRECTION('',(0.,-0.000239694,0.999999971));
#4130=DIRECTION('',(-0.,0.999999971,0.000239694));
#4131=AXIS2_PLACEMENT_3D('',#4128,#4129,#4130);
#4132=PLANE('',#4131);
#4133=ORIENTED_EDGE('',*,*,#40,.T.);
#4134=ORIENTED_EDGE('',*,*,#1302,.F.);
#4135=CARTESIAN_POINT('',(-1.75,-8.728535207,3.916695832));
#4136=DIRECTION('',(-0.,0.999999971,0.000239694));
#4137=VECTOR('',#4136,5.000000144);
#4138=LINE('',#4135,#4137);
#4139=EDGE_CURVE('',#401,#1291,#4138,.T.);
#4140=ORIENTED_EDGE('',*,*,#4139,.F.);
#4141=ORIENTED_EDGE('',*,*,#406,.T.);
#4142=EDGE_LOOP('',(#4133,#4134,#4140,#4141));
#4143=FACE_BOUND('',#4142,.T.);
#4144=ADVANCED_FACE('',(#4143),#4132,.F.);
#4145=CARTESIAN_POINT('',(-1.75,-6.128535207,4.056319043));
#4146=DIRECTION('',(1.,0.,0.));
#4147=DIRECTION('',(0.,0.,1.));
#4148=AXIS2_PLACEMENT_3D('',#4145,#4146,#4147);
#4149=PLANE('',#4148);
#4150=ORIENTED_EDGE('',*,*,#1296,.F.);
#4151=CARTESIAN_POINT('',(-1.75,-3.728535207,6.561951842));
#4152=DIRECTION('',(0.,-1.,-0.));
#4153=VECTOR('',#4152,4.974636059);
#4154=LINE('',#4151,#4153);
#4155=EDGE_CURVE('',#1282,#4007,#4154,.T.);
#4156=ORIENTED_EDGE('',*,*,#4155,.T.);
#4157=ORIENTED_EDGE('',*,*,#4013,.F.);
#4158=ORIENTED_EDGE('',*,*,#414,.F.);
#4159=ORIENTED_EDGE('',*,*,#4139,.T.);
#4160=EDGE_LOOP('',(#4150,#4156,#4157,#4158,#4159));
#4161=FACE_BOUND('',#4160,.T.);
#4162=ADVANCED_FACE('',(#4161),#4149,.T.);
#4163=CARTESIAN_POINT('',(-2.25,-8.728535207,6.561951842));
#4164=DIRECTION('',(-0.,1.,0.));
#4165=DIRECTION('',(0.,0.,-1.));
#4166=AXIS2_PLACEMENT_3D('',#4163,#4164,#4165);
#4167=CYLINDRICAL_SURFACE('',#4166,0.5);
#4168=ORIENTED_EDGE('',*,*,#1288,.F.);
#4169=ORIENTED_EDGE('',*,*,#1238,.F.);
#4170=ORIENTED_EDGE('',*,*,#4029,.F.);
#4171=ORIENTED_EDGE('',*,*,#4155,.F.);
#4172=EDGE_LOOP('',(#4168,#4169,#4170,#4171));
#4173=FACE_BOUND('',#4172,.T.);
#4174=ADVANCED_FACE('',(#4173),#4167,.T.);
#4175=CARTESIAN_POINT('',(2.25,-8.728535207,6.561951842));
#4176=DIRECTION('',(-0.,1.,0.));
#4177=DIRECTION('',(0.,0.,-1.));
#4178=AXIS2_PLACEMENT_3D('',#4175,#4176,#4177);
#4179=CYLINDRICAL_SURFACE('',#4178,0.5);
#4180=ORIENTED_EDGE('',*,*,#1336,.F.);
#4181=ORIENTED_EDGE('',*,*,#4119,.F.);
#4182=ORIENTED_EDGE('',*,*,#3982,.F.);
#4183=ORIENTED_EDGE('',*,*,#652,.F.);
#4184=EDGE_LOOP('',(#4180,#4181,#4182,#4183));
#4185=FACE_BOUND('',#4184,.T.);
#4186=ADVANCED_FACE('',(#4185),#4179,.T.);
#4187=CARTESIAN_POINT('',(0.,-7.228535207,11.116695829));
#4188=DIRECTION('',(0.,-1.,0.));
#4189=DIRECTION('',(0.,0.,1.));
#4190=AXIS2_PLACEMENT_3D('',#4187,#4188,#4189);
#4191=TOROIDAL_SURFACE('',#4190,5.25,1.5);
#4192=ORIENTED_EDGE('',*,*,#3733,.F.);
#4193=ORIENTED_EDGE('',*,*,#343,.F.);
#4194=ORIENTED_EDGE('',*,*,#3717,.T.);
#4195=ORIENTED_EDGE('',*,*,#893,.F.);
#4196=EDGE_LOOP('',(#4192,#4193,#4194,#4195));
#4197=FACE_BOUND('',#4196,.T.);
#4198=ADVANCED_FACE('',(#4197),#4191,.T.);
#4199=CARTESIAN_POINT('',(-3.452663459,-5.089669689,4.181929313));
#4200=DIRECTION('',(0.,-0.,-1.));
#4201=DIRECTION('',(0.,-1.,0.));
#4202=AXIS2_PLACEMENT_3D('',#4199,#4200,#4201);
#4203=CYLINDRICAL_SURFACE('',#4202,0.352663459);
#4204=ORIENTED_EDGE('',*,*,#3762,.F.);
#4205=ORIENTED_EDGE('',*,*,#1722,.F.);
#4206=ORIENTED_EDGE('',*,*,#64,.F.);
#4207=ORIENTED_EDGE('',*,*,#1694,.F.);
#4208=EDGE_LOOP('',(#4204,#4205,#4206,#4207));
#4209=FACE_BOUND('',#4208,.T.);
#4210=ADVANCED_FACE('',(#4209),#4203,.T.);
#4211=CARTESIAN_POINT('',(0.,-8.328535207,11.166695829));
#4212=DIRECTION('',(0.,-1.,0.));
#4213=DIRECTION('',(0.,0.,1.));
#4214=AXIS2_PLACEMENT_3D('',#4211,#4212,#4213);
#4215=CONICAL_SURFACE('',#4214,3.95,45.);
#4216=ORIENTED_EDGE('',*,*,#4085,.T.);
#4217=ORIENTED_EDGE('',*,*,#581,.F.);
#4218=ORIENTED_EDGE('',*,*,#4053,.T.);
#4219=ORIENTED_EDGE('',*,*,#449,.F.);
#4220=EDGE_LOOP('',(#4216,#4217,#4218,#4219));
#4221=FACE_BOUND('',#4220,.T.);
#4222=ADVANCED_FACE('',(#4221),#4215,.F.);
#4223=CLOSED_SHELL('',(#98,#170,#226,#257,#459,#518,#558,#600,#631,#664,#781,#863,#905,#987,#1104,#1151,#1217,#1250,#1274,#1344,#1376,#1400,#1424,#1441,#1472,#1496,
#1521,#1538,#1587,#1699,#1755,#1772,#1813,#1835,#1852,#1869,#1881,#1930,#2033,#2057,#2097,#2138,#2160,#2177,#2194,#2206,#2660,#3114,#3428,#3722,#3740,
#3752,#3769,#3787,#3855,#3929,#3941,#3953,#3965,#4000,#4041,#4058,#4075,#4092,#4109,#4127,#4144,#4162,#4174,#4186,#4198,#4210,#4222));
#4224=MANIFOLD_SOLID_BREP('Solid 1928',#4223);
#26=STYLED_ITEM('',(),#4224);
#16=SHAPE_REPRESENTATION('root',(#15),#10);
#17=ADVANCED_BREP_SHAPE_REPRESENTATION('root',(#4224),#10);
#4232=SHAPE_REPRESENTATION_RELATIONSHIP('','',#16,#17);
#4233=APPLICATION_CONTEXT('configuration controlled 3D design of mechanical parts and assemblies');
#4234=APPLICATION_PROTOCOL_DEFINITION('international standard','configuration_control_3d_design_ed2_mim',2004,#4233);
#4235=PRODUCT_CONTEXT('',#4233,'mechanical');
#4236=PRODUCT_DEFINITION_CONTEXT('part definition',#4233,'design');
#24=PRODUCT('root','root','',(#4235));
#4237=PRODUCT_RELATED_PRODUCT_CATEGORY('part','',(#24));
#4238=PRODUCT_DEFINITION_FORMATION_WITH_SPECIFIED_SOURCE('','',#24,.NOT_KNOWN.);
#25=PRODUCT_DEFINITION('design','',#4238,#4236);
#23=PRODUCT_DEFINITION_SHAPE('','',#25);
#4239=SHAPE_DEFINITION_REPRESENTATION(#23,#16);
#11=DRAUGHTING_MODEL('',(),#10);
#1=MECHANICAL_DESIGN_GEOMETRIC_PRESENTATION_REPRESENTATION('',(#26),#10);
ENDSEC;
END-ISO-10303-21;
