ISO-10303-21;
HEADER;

/* File generated by HOOPS Exchange Version 25.8.0 */

FILE_DESCRIPTION(('HOOPS Exchange Step'),'2;1');

FILE_NAME('/Volumes/Primary/Projects/THQWGD001/step/THQWGD001C/THQWGD001C_board.stp',
'2026-05-24T03:52:47-15:00',
('hayashi'),
('Unknown organisation'),
'HOOPS Exchange 2025.8',
'HOOPS Exchange',
'Unknown authorisation');

FILE_SCHEMA( ('AP203_CONFIGURATION_CONTROLLED_3D_DESIGN_OF_MECHANICAL_PARTS_AND_ASSEMBLIES_MIM_LF') );

ENDSEC;

DATA;
#3=(NAMED_UNIT(*)PLANE_ANGLE_UNIT()SI_UNIT($,.RADIAN.));
#4=PLANE_ANGLE_MEASURE_WITH_UNIT(PLANE_ANGLE_MEASURE(0.0174532925),#3);
#5=(CONVERSION_BASED_UNIT('DEGREE',#4)NAMED_UNIT(#6)PLANE_ANGLE_UNIT());
#6=DIMENSIONAL_EXPONENTS(0.,0.,0.,0.,0.,0.,0.);
#7=(NAMED_UNIT(*)SI_UNIT($,.STERADIAN.)SOLID_ANGLE_UNIT());
#8=(LENGTH_UNIT()NAMED_UNIT(*)SI_UNIT(.MILLI.,.METRE.));
#9=UNCERTAINTY_MEASURE_WITH_UNIT(LENGTH_MEASURE(1.000000E-05),#8,'DISTANCE_ACCURACY_VALUE','Maximum Tolerance applied to model');
#10=(GEOMETRIC_REPRESENTATION_CONTEXT(3)GLOBAL_UNCERTAINTY_ASSIGNED_CONTEXT((#9))GLOBAL_UNIT_ASSIGNED_CONTEXT((#8,#5,#7))REPRESENTATION_CONTEXT('','root'));
#12=CARTESIAN_POINT('',(0.,0.,0.));
#13=DIRECTION('',(0.,0.,1.));
#14=DIRECTION('',(1.,0.,0.));
#15=AXIS2_PLACEMENT_3D('TS3D_PRODUCT_CSYS',#12,#13,#14);
#27=CARTESIAN_POINT('',(0.001567237,32.451149833,-1.599288508));
#28=DIRECTION('',(0.,0.,-1.));
#29=DIRECTION('',(1.,0.,0.));
#30=AXIS2_PLACEMENT_3D('',#27,#28,#29);
#31=PLANE('',#30);
#32=CARTESIAN_POINT('',(9.5,-4.619975,-1.599288508));
#33=VERTEX_POINT('',#32);
#34=CARTESIAN_POINT('',(7.61678785,-9.216015814,-1.599288508));
#35=VERTEX_POINT('',#34);
#36=CARTESIAN_POINT('',(2.95,-4.619975,-1.599288508));
#37=DIRECTION('',(0.,0.,-1.));
#38=DIRECTION('',(1.,0.,0.));
#39=AXIS2_PLACEMENT_3D('',#36,#37,#38);
#40=CIRCLE('',#39,6.55);
#41=EDGE_CURVE('',#33,#35,#40,.T.);
#42=ORIENTED_EDGE('',*,*,#41,.T.);
#43=CARTESIAN_POINT('',(5.83861217,-7.561824443,-1.599288508));
#44=VERTEX_POINT('',#43);
#45=CARTESIAN_POINT('',(7.61678785,-9.216015814,-1.599288508));
#46=DIRECTION('',(-0.732171449,0.681120378,0.));
#47=VECTOR('',#46,2.428632917);
#48=LINE('',#45,#47);
#49=EDGE_CURVE('',#35,#44,#48,.T.);
#50=ORIENTED_EDGE('',*,*,#49,.T.);
#51=CARTESIAN_POINT('',(5.,-5.749975,-1.599288508));
#52=VERTEX_POINT('',#51);
#53=CARTESIAN_POINT('',(5.,-6.849975,-1.599288508));
#54=DIRECTION('',(0.,0.,-1.));
#55=DIRECTION('',(1.,0.,0.));
#56=AXIS2_PLACEMENT_3D('',#53,#54,#55);
#57=CIRCLE('',#56,1.1);
#58=EDGE_CURVE('',#52,#44,#57,.T.);
#59=ORIENTED_EDGE('',*,*,#58,.F.);
#60=CARTESIAN_POINT('',(5.770500132,-7.635041588,-1.599288508));
#61=VERTEX_POINT('',#60);
#62=CARTESIAN_POINT('',(5.,-6.849975,-1.599288508));
#63=DIRECTION('',(0.,0.,-1.));
#64=DIRECTION('',(1.,0.,0.));
#65=AXIS2_PLACEMENT_3D('',#62,#63,#64);
#66=CIRCLE('',#65,1.1);
#67=EDGE_CURVE('',#61,#52,#66,.T.);
#68=ORIENTED_EDGE('',*,*,#67,.F.);
#69=CARTESIAN_POINT('',(7.546030978,-9.286772537,-1.599288508));
#70=VERTEX_POINT('',#69);
#71=CARTESIAN_POINT('',(7.546030978,-9.286772537,-1.599288508));
#72=DIRECTION('',(-0.732171449,0.681120378,0.));
#73=VECTOR('',#72,2.425020601);
#74=LINE('',#71,#73);
#75=EDGE_CURVE('',#70,#61,#74,.T.);
#76=ORIENTED_EDGE('',*,*,#75,.F.);
#77=CARTESIAN_POINT('',(2.95,-11.169975,-1.599288508));
#78=VERTEX_POINT('',#77);
#79=CARTESIAN_POINT('',(2.95,-4.619975,-1.599288508));
#80=DIRECTION('',(0.,0.,-1.));
#81=DIRECTION('',(1.,0.,0.));
#82=AXIS2_PLACEMENT_3D('',#79,#80,#81);
#83=CIRCLE('',#82,6.55);
#84=EDGE_CURVE('',#70,#78,#83,.T.);
#85=ORIENTED_EDGE('',*,*,#84,.T.);
#86=CARTESIAN_POINT('',(2.3,-11.169975,-1.599288508));
#87=VERTEX_POINT('',#86);
#88=CARTESIAN_POINT('',(2.95,-11.169975,-1.599288508));
#89=DIRECTION('',(-1.,0.,0.));
#90=VECTOR('',#89,0.65);
#91=LINE('',#88,#90);
#92=EDGE_CURVE('',#78,#87,#91,.T.);
#93=ORIENTED_EDGE('',*,*,#92,.T.);
#94=CARTESIAN_POINT('',(2.3,-10.308968719,-1.599288508));
#95=VERTEX_POINT('',#94);
#96=CARTESIAN_POINT('',(2.3,-11.169975,-1.599288508));
#97=DIRECTION('',(-0.,1.,0.));
#98=VECTOR('',#97,0.861006281);
#99=LINE('',#96,#98);
#100=EDGE_CURVE('',#87,#95,#99,.T.);
#101=ORIENTED_EDGE('',*,*,#100,.T.);
#102=CARTESIAN_POINT('',(2.3,-9.313981281,-1.599288508));
#103=VERTEX_POINT('',#102);
#104=CARTESIAN_POINT('',(2.25,-9.811475,-1.599288508));
#105=DIRECTION('',(0.,0.,-1.));
#106=DIRECTION('',(1.,0.,0.));
#107=AXIS2_PLACEMENT_3D('',#104,#105,#106);
#108=CIRCLE('',#107,0.5);
#109=EDGE_CURVE('',#103,#95,#108,.T.);
#110=ORIENTED_EDGE('',*,*,#109,.F.);
#111=CARTESIAN_POINT('',(2.3,-3.808968719,-1.599288508));
#112=VERTEX_POINT('',#111);
#113=CARTESIAN_POINT('',(2.3,-9.313981281,-1.599288508));
#114=DIRECTION('',(-0.,1.,0.));
#115=VECTOR('',#114,5.505012563);
#116=LINE('',#113,#115);
#117=EDGE_CURVE('',#103,#112,#116,.T.);
#118=ORIENTED_EDGE('',*,*,#117,.T.);
#119=CARTESIAN_POINT('',(2.2,-3.808968719,-1.599288508));
#120=VERTEX_POINT('',#119);
#121=CARTESIAN_POINT('',(2.25,-3.311475,-1.599288508));
#122=DIRECTION('',(0.,0.,-1.));
#123=DIRECTION('',(1.,0.,0.));
#124=AXIS2_PLACEMENT_3D('',#121,#122,#123);
#125=CIRCLE('',#124,0.5);
#126=EDGE_CURVE('',#120,#112,#125,.T.);
#127=ORIENTED_EDGE('',*,*,#126,.F.);
#128=CARTESIAN_POINT('',(2.2,-9.313981281,-1.599288508));
#129=VERTEX_POINT('',#128);
#130=CARTESIAN_POINT('',(2.2,-9.313981281,-1.599288508));
#131=DIRECTION('',(-0.,1.,0.));
#132=VECTOR('',#131,5.505012563);
#133=LINE('',#130,#132);
#134=EDGE_CURVE('',#129,#120,#133,.T.);
#135=ORIENTED_EDGE('',*,*,#134,.F.);
#136=CARTESIAN_POINT('',(2.2,-10.308968719,-1.599288508));
#137=VERTEX_POINT('',#136);
#138=CARTESIAN_POINT('',(2.25,-9.811475,-1.599288508));
#139=DIRECTION('',(0.,0.,-1.));
#140=DIRECTION('',(1.,0.,0.));
#141=AXIS2_PLACEMENT_3D('',#138,#139,#140);
#142=CIRCLE('',#141,0.5);
#143=EDGE_CURVE('',#137,#129,#142,.T.);
#144=ORIENTED_EDGE('',*,*,#143,.F.);
#145=CARTESIAN_POINT('',(2.2,-11.169975,-1.599288508));
#146=VERTEX_POINT('',#145);
#147=CARTESIAN_POINT('',(2.2,-11.169975,-1.599288508));
#148=DIRECTION('',(-0.,1.,0.));
#149=VECTOR('',#148,0.861006281);
#150=LINE('',#147,#149);
#151=EDGE_CURVE('',#146,#137,#150,.T.);
#152=ORIENTED_EDGE('',*,*,#151,.F.);
#153=CARTESIAN_POINT('',(-2.2,-11.169975,-1.599288508));
#154=VERTEX_POINT('',#153);
#155=CARTESIAN_POINT('',(2.2,-11.169975,-1.599288508));
#156=DIRECTION('',(-1.,0.,0.));
#157=VECTOR('',#156,4.4);
#158=LINE('',#155,#157);
#159=EDGE_CURVE('',#146,#154,#158,.T.);
#160=ORIENTED_EDGE('',*,*,#159,.T.);
#161=CARTESIAN_POINT('',(-2.2,-10.308968719,-1.599288508));
#162=VERTEX_POINT('',#161);
#163=CARTESIAN_POINT('',(-2.2,-10.308968719,-1.599288508));
#164=DIRECTION('',(-0.,-1.,0.));
#165=VECTOR('',#164,0.861006281);
#166=LINE('',#163,#165);
#167=EDGE_CURVE('',#162,#154,#166,.T.);
#168=ORIENTED_EDGE('',*,*,#167,.F.);
#169=CARTESIAN_POINT('',(-2.2,-9.313981281,-1.599288508));
#170=VERTEX_POINT('',#169);
#171=CARTESIAN_POINT('',(-2.25,-9.811475,-1.599288508));
#172=DIRECTION('',(0.,0.,-1.));
#173=DIRECTION('',(1.,0.,0.));
#174=AXIS2_PLACEMENT_3D('',#171,#172,#173);
#175=CIRCLE('',#174,0.5);
#176=EDGE_CURVE('',#170,#162,#175,.T.);
#177=ORIENTED_EDGE('',*,*,#176,.F.);
#178=CARTESIAN_POINT('',(-2.2,-3.808968719,-1.599288508));
#179=VERTEX_POINT('',#178);
#180=CARTESIAN_POINT('',(-2.2,-3.808968719,-1.599288508));
#181=DIRECTION('',(0.,-1.,0.));
#182=VECTOR('',#181,5.505012563);
#183=LINE('',#180,#182);
#184=EDGE_CURVE('',#179,#170,#183,.T.);
#185=ORIENTED_EDGE('',*,*,#184,.F.);
#186=CARTESIAN_POINT('',(-2.3,-3.808968719,-1.599288508));
#187=VERTEX_POINT('',#186);
#188=CARTESIAN_POINT('',(-2.25,-3.311475,-1.599288508));
#189=DIRECTION('',(0.,0.,-1.));
#190=DIRECTION('',(1.,0.,0.));
#191=AXIS2_PLACEMENT_3D('',#188,#189,#190);
#192=CIRCLE('',#191,0.5);
#193=EDGE_CURVE('',#187,#179,#192,.T.);
#194=ORIENTED_EDGE('',*,*,#193,.F.);
#195=CARTESIAN_POINT('',(-2.3,-9.313981281,-1.599288508));
#196=VERTEX_POINT('',#195);
#197=CARTESIAN_POINT('',(-2.3,-3.808968719,-1.599288508));
#198=DIRECTION('',(0.,-1.,0.));
#199=VECTOR('',#198,5.505012563);
#200=LINE('',#197,#199);
#201=EDGE_CURVE('',#187,#196,#200,.T.);
#202=ORIENTED_EDGE('',*,*,#201,.T.);
#203=CARTESIAN_POINT('',(-2.3,-10.308968719,-1.599288508));
#204=VERTEX_POINT('',#203);
#205=CARTESIAN_POINT('',(-2.25,-9.811475,-1.599288508));
#206=DIRECTION('',(0.,0.,-1.));
#207=DIRECTION('',(1.,0.,0.));
#208=AXIS2_PLACEMENT_3D('',#205,#206,#207);
#209=CIRCLE('',#208,0.5);
#210=EDGE_CURVE('',#204,#196,#209,.T.);
#211=ORIENTED_EDGE('',*,*,#210,.F.);
#212=CARTESIAN_POINT('',(-2.3,-11.169975,-1.599288508));
#213=VERTEX_POINT('',#212);
#214=CARTESIAN_POINT('',(-2.3,-10.308968719,-1.599288508));
#215=DIRECTION('',(-0.,-1.,0.));
#216=VECTOR('',#215,0.861006281);
#217=LINE('',#214,#216);
#218=EDGE_CURVE('',#204,#213,#217,.T.);
#219=ORIENTED_EDGE('',*,*,#218,.T.);
#220=CARTESIAN_POINT('',(-2.95,-11.169975,-1.599288508));
#221=VERTEX_POINT('',#220);
#222=CARTESIAN_POINT('',(-2.3,-11.169975,-1.599288508));
#223=DIRECTION('',(-1.,0.,0.));
#224=VECTOR('',#223,0.65);
#225=LINE('',#222,#224);
#226=EDGE_CURVE('',#213,#221,#225,.T.);
#227=ORIENTED_EDGE('',*,*,#226,.T.);
#228=CARTESIAN_POINT('',(-7.546030978,-9.286772537,-1.599288508));
#229=VERTEX_POINT('',#228);
#230=CARTESIAN_POINT('',(-2.95,-4.619975,-1.599288508));
#231=DIRECTION('',(0.,0.,-1.));
#232=DIRECTION('',(1.,0.,0.));
#233=AXIS2_PLACEMENT_3D('',#230,#231,#232);
#234=CIRCLE('',#233,6.55);
#235=EDGE_CURVE('',#221,#229,#234,.T.);
#236=ORIENTED_EDGE('',*,*,#235,.T.);
#237=CARTESIAN_POINT('',(-5.770500131,-7.635041588,-1.599288508));
#238=VERTEX_POINT('',#237);
#239=CARTESIAN_POINT('',(-5.770500131,-7.635041588,-1.599288508));
#240=DIRECTION('',(-0.732171449,-0.681120378,0.));
#241=VECTOR('',#240,2.425020601);
#242=LINE('',#239,#241);
#243=EDGE_CURVE('',#238,#229,#242,.T.);
#244=ORIENTED_EDGE('',*,*,#243,.F.);
#245=CARTESIAN_POINT('',(-5.,-5.749975,-1.599288508));
#246=VERTEX_POINT('',#245);
#247=CARTESIAN_POINT('',(-5.,-6.849975,-1.599288508));
#248=DIRECTION('',(0.,0.,-1.));
#249=DIRECTION('',(1.,0.,0.));
#250=AXIS2_PLACEMENT_3D('',#247,#248,#249);
#251=CIRCLE('',#250,1.1);
#252=EDGE_CURVE('',#246,#238,#251,.T.);
#253=ORIENTED_EDGE('',*,*,#252,.F.);
#254=CARTESIAN_POINT('',(-5.838612169,-7.561824443,-1.599288508));
#255=VERTEX_POINT('',#254);
#256=CARTESIAN_POINT('',(-5.,-6.849975,-1.599288508));
#257=DIRECTION('',(0.,0.,-1.));
#258=DIRECTION('',(1.,0.,0.));
#259=AXIS2_PLACEMENT_3D('',#256,#257,#258);
#260=CIRCLE('',#259,1.1);
#261=EDGE_CURVE('',#255,#246,#260,.T.);
#262=ORIENTED_EDGE('',*,*,#261,.F.);
#263=CARTESIAN_POINT('',(-7.61678785,-9.216015814,-1.599288508));
#264=VERTEX_POINT('',#263);
#265=CARTESIAN_POINT('',(-5.838612169,-7.561824443,-1.599288508));
#266=DIRECTION('',(-0.732171449,-0.681120378,0.));
#267=VECTOR('',#266,2.428632916);
#268=LINE('',#265,#267);
#269=EDGE_CURVE('',#255,#264,#268,.T.);
#270=ORIENTED_EDGE('',*,*,#269,.T.);
#271=CARTESIAN_POINT('',(-9.5,-4.619975,-1.599288508));
#272=VERTEX_POINT('',#271);
#273=CARTESIAN_POINT('',(-2.95,-4.619975,-1.599288508));
#274=DIRECTION('',(0.,0.,-1.));
#275=DIRECTION('',(1.,0.,0.));
#276=AXIS2_PLACEMENT_3D('',#273,#274,#275);
#277=CIRCLE('',#276,6.55);
#278=EDGE_CURVE('',#264,#272,#277,.T.);
#279=ORIENTED_EDGE('',*,*,#278,.T.);
#280=CARTESIAN_POINT('',(-9.5,6.650025,-1.599288508));
#281=VERTEX_POINT('',#280);
#282=CARTESIAN_POINT('',(-9.5,-4.619975,-1.599288508));
#283=DIRECTION('',(-0.,1.,-0.));
#284=VECTOR('',#283,11.27);
#285=LINE('',#282,#284);
#286=EDGE_CURVE('',#272,#281,#285,.T.);
#287=ORIENTED_EDGE('',*,*,#286,.T.);
#288=CARTESIAN_POINT('',(-6.5,9.650025,-1.599288508));
#289=VERTEX_POINT('',#288);
#290=CARTESIAN_POINT('',(-6.5,6.650025,-1.599288508));
#291=DIRECTION('',(0.,0.,-1.));
#292=DIRECTION('',(1.,0.,0.));
#293=AXIS2_PLACEMENT_3D('',#290,#291,#292);
#294=CIRCLE('',#293,3.);
#295=EDGE_CURVE('',#281,#289,#294,.T.);
#296=ORIENTED_EDGE('',*,*,#295,.T.);
#297=CARTESIAN_POINT('',(-6.3,9.650025,-1.599288508));
#298=VERTEX_POINT('',#297);
#299=CARTESIAN_POINT('',(-6.5,9.650025,-1.599288508));
#300=DIRECTION('',(1.,0.,0.));
#301=VECTOR('',#300,0.2);
#302=LINE('',#299,#301);
#303=EDGE_CURVE('',#289,#298,#302,.T.);
#304=ORIENTED_EDGE('',*,*,#303,.T.);
#305=CARTESIAN_POINT('',(-6.3,9.038553137,-1.599288508));
#306=VERTEX_POINT('',#305);
#307=CARTESIAN_POINT('',(-6.3,9.038553137,-1.599288508));
#308=DIRECTION('',(-0.,1.,0.));
#309=VECTOR('',#308,0.611471863);
#310=LINE('',#307,#309);
#311=EDGE_CURVE('',#306,#298,#310,.T.);
#312=ORIENTED_EDGE('',*,*,#311,.F.);
#313=CARTESIAN_POINT('',(-7.1,8.190025,-1.599288508));
#314=VERTEX_POINT('',#313);
#315=CARTESIAN_POINT('',(-6.25,8.190025,-1.599288508));
#316=DIRECTION('',(0.,0.,-1.));
#317=DIRECTION('',(1.,0.,0.));
#318=AXIS2_PLACEMENT_3D('',#315,#316,#317);
#319=CIRCLE('',#318,0.85);
#320=EDGE_CURVE('',#314,#306,#319,.T.);
#321=ORIENTED_EDGE('',*,*,#320,.F.);
#322=CARTESIAN_POINT('',(-7.098614743,8.190025,-1.599288508));
#323=VERTEX_POINT('',#322);
#324=CARTESIAN_POINT('',(-7.098614743,8.190025,-1.599288508));
#325=DIRECTION('',(-1.,-0.,0.));
#326=VECTOR('',#325,0.001385257);
#327=LINE('',#324,#326);
#328=EDGE_CURVE('',#323,#314,#327,.T.);
#329=ORIENTED_EDGE('',*,*,#328,.F.);
#330=CARTESIAN_POINT('',(-7.098614743,6.495391105,-1.599288508));
#331=VERTEX_POINT('',#330);
#332=CARTESIAN_POINT('',(-7.098614743,6.495391105,-1.599288508));
#333=DIRECTION('',(-0.,1.,0.));
#334=VECTOR('',#333,1.694633895);
#335=LINE('',#332,#334);
#336=EDGE_CURVE('',#331,#323,#335,.T.);
#337=ORIENTED_EDGE('',*,*,#336,.F.);
#338=CARTESIAN_POINT('',(-7.1,6.495391105,-1.599288508));
#339=VERTEX_POINT('',#338);
#340=CARTESIAN_POINT('',(-7.098614743,6.495391105,-1.599288508));
#341=DIRECTION('',(-1.,-0.,0.));
#342=VECTOR('',#341,0.001385257);
#343=LINE('',#340,#342);
#344=EDGE_CURVE('',#331,#339,#343,.T.);
#345=ORIENTED_EDGE('',*,*,#344,.T.);
#346=CARTESIAN_POINT('',(-7.086717654,6.345712893,-1.599288508));
#347=VERTEX_POINT('',#346);
#348=CARTESIAN_POINT('',(-6.25,6.495391105,-1.599288508));
#349=DIRECTION('',(0.,0.,1.));
#350=DIRECTION('',(-1.,-0.,0.));
#351=AXIS2_PLACEMENT_3D('',#348,#349,#350);
#352=CIRCLE('',#351,0.85);
#353=EDGE_CURVE('',#339,#347,#352,.T.);
#354=ORIENTED_EDGE('',*,*,#353,.T.);
#355=CARTESIAN_POINT('',(-7.086717654,3.880346788,-1.599288508));
#356=VERTEX_POINT('',#355);
#357=CARTESIAN_POINT('',(-7.086717654,6.345712893,-1.599288508));
#358=DIRECTION('',(0.,-1.,0.));
#359=VECTOR('',#358,2.465366105);
#360=LINE('',#357,#359);
#361=EDGE_CURVE('',#347,#356,#360,.T.);
#362=ORIENTED_EDGE('',*,*,#361,.T.);
#363=CARTESIAN_POINT('',(-6.25,3.180025,-1.599288508));
#364=VERTEX_POINT('',#363);
#365=CARTESIAN_POINT('',(-6.25,4.030025,-1.599288508));
#366=DIRECTION('',(0.,0.,-1.));
#367=DIRECTION('',(1.,0.,0.));
#368=AXIS2_PLACEMENT_3D('',#365,#366,#367);
#369=CIRCLE('',#368,0.85);
#370=EDGE_CURVE('',#364,#356,#369,.T.);
#371=ORIENTED_EDGE('',*,*,#370,.F.);
#372=CARTESIAN_POINT('',(-5.4124167,3.885269289,-1.599288508));
#373=VERTEX_POINT('',#372);
#374=CARTESIAN_POINT('',(-6.25,4.030025,-1.599288508));
#375=DIRECTION('',(0.,0.,-1.));
#376=DIRECTION('',(1.,0.,0.));
#377=AXIS2_PLACEMENT_3D('',#374,#375,#376);
#378=CIRCLE('',#377,0.85);
#379=EDGE_CURVE('',#373,#364,#378,.T.);
#380=ORIENTED_EDGE('',*,*,#379,.F.);
#381=CARTESIAN_POINT('',(-5.4124167,5.090025,-1.599288508));
#382=VERTEX_POINT('',#381);
#383=CARTESIAN_POINT('',(-5.4124167,3.885269289,-1.599288508));
#384=DIRECTION('',(-0.,1.,0.));
#385=VECTOR('',#384,1.204755711);
#386=LINE('',#383,#385);
#387=EDGE_CURVE('',#373,#382,#386,.T.);
#388=ORIENTED_EDGE('',*,*,#387,.T.);
#389=CARTESIAN_POINT('',(-5.2124167,5.290025,-1.599288508));
#390=VERTEX_POINT('',#389);
#391=CARTESIAN_POINT('',(-5.2124167,5.090025,-1.599288508));
#392=DIRECTION('',(0.,0.,-1.));
#393=DIRECTION('',(1.,0.,0.));
#394=AXIS2_PLACEMENT_3D('',#391,#392,#393);
#395=CIRCLE('',#394,0.2);
#396=EDGE_CURVE('',#382,#390,#395,.T.);
#397=ORIENTED_EDGE('',*,*,#396,.T.);
#398=CARTESIAN_POINT('',(-4.7,5.290025,-1.599288508));
#399=VERTEX_POINT('',#398);
#400=CARTESIAN_POINT('',(-4.7,5.290025,-1.599288508));
#401=DIRECTION('',(-1.,-0.,0.));
#402=VECTOR('',#401,0.5124167);
#403=LINE('',#400,#402);
#404=EDGE_CURVE('',#399,#390,#403,.T.);
#405=ORIENTED_EDGE('',*,*,#404,.F.);
#406=CARTESIAN_POINT('',(-4.616026161,5.308508074,-1.599288508));
#407=VERTEX_POINT('',#406);
#408=CARTESIAN_POINT('',(-4.7,5.490025,-1.599288508));
#409=DIRECTION('',(-0.,-0.,1.));
#410=DIRECTION('',(1.,0.,0.));
#411=AXIS2_PLACEMENT_3D('',#408,#409,#410);
#412=CIRCLE('',#411,0.2);
#413=EDGE_CURVE('',#399,#407,#412,.T.);
#414=ORIENTED_EDGE('',*,*,#413,.T.);
#415=CARTESIAN_POINT('',(-3.498862679,5.098924721,-1.599288508));
#416=VERTEX_POINT('',#415);
#417=CARTESIAN_POINT('',(-3.498732566,5.098915099,-1.599288508));
#418=DIRECTION('',(-0.982856182,0.184373876,0.));
#419=VECTOR('',#418,1.136782386);
#420=LINE('',#417,#419);
#421=EDGE_CURVE('',#416,#407,#420,.T.);
#422=ORIENTED_EDGE('',*,*,#421,.F.);
#423=CARTESIAN_POINT('',(-1.504418981,5.050004642,-1.599288508));
#424=VERTEX_POINT('',#423);
#425=CARTESIAN_POINT('',(-3.498862679,5.098924721,-1.599288508));
#426=CARTESIAN_POINT('',(-3.481748601,4.71797231,-1.599288508));
#427=CARTESIAN_POINT('',(-3.207106781,4.442918219,-1.599288508));
#428=CARTESIAN_POINT('',(-2.914963329,4.150336223,-1.599288508));
#429=CARTESIAN_POINT('',(-2.5,4.150025,-1.599288508));
#430=CARTESIAN_POINT('',(-2.08653667,4.149714902,-1.599288508));
#431=CARTESIAN_POINT('',(-1.792893219,4.442918219,-1.599288508));
#432=CARTESIAN_POINT('',(-1.535976235,4.699450116,-1.599288508));
#433=CARTESIAN_POINT('',(-1.504418981,5.050004642,-1.599288508));
#434=B_SPLINE_CURVE_WITH_KNOTS('',2,(#425,#426,#427,#428,#429,#430,#431,#432,#433),.UNSPECIFIED.,.F.,.F.,(3,2,2,2,3),(0.030707637,0.265129093,0.515129093,0.765129093,0.984421456),.UNSPECIFIED.);
#435=EDGE_CURVE('',#416,#424,#434,.T.);
#436=ORIENTED_EDGE('',*,*,#435,.T.);
#437=CARTESIAN_POINT('',(-0.995564021,5.05000566,-1.599288508));
#438=VERTEX_POINT('',#437);
#439=CARTESIAN_POINT('',(-1.504905247,5.050025,-1.599288508));
#440=DIRECTION('',(1.,0.,0.));
#441=VECTOR('',#440,0.509777451);
#442=LINE('',#439,#441);
#443=EDGE_CURVE('',#424,#438,#442,.T.);
#444=ORIENTED_EDGE('',*,*,#443,.T.);
#445=CARTESIAN_POINT('',(0.995581019,5.050004642,-1.599288508));
#446=VERTEX_POINT('',#445);
#447=CARTESIAN_POINT('',(-0.995564021,5.05000566,-1.599288508));
#448=CARTESIAN_POINT('',(-0.963954637,4.700151636,-1.599288508));
#449=CARTESIAN_POINT('',(-0.707106781,4.442918219,-1.599288508));
#450=CARTESIAN_POINT('',(-0.414963329,4.150336223,-1.599288508));
#451=CARTESIAN_POINT('',(-0.,4.150025,-1.599288508));
#452=CARTESIAN_POINT('',(0.41346333,4.149714902,-1.599288508));
#453=CARTESIAN_POINT('',(0.707106781,4.442918219,-1.599288508));
#454=CARTESIAN_POINT('',(0.964023765,4.699450116,-1.599288508));
#455=CARTESIAN_POINT('',(0.995581019,5.050004642,-1.599288508));
#456=B_SPLINE_CURVE_WITH_KNOTS('',2,(#447,#448,#449,#450,#451,#452,#453,#454,#455),.UNSPECIFIED.,.F.,.F.,(3,2,2,2,3),(0.030707637,0.249940996,0.499940996,0.749940996,0.969233358),.UNSPECIFIED.);
#457=EDGE_CURVE('',#438,#446,#456,.T.);
#458=ORIENTED_EDGE('',*,*,#457,.T.);
#459=CARTESIAN_POINT('',(1.504435979,5.05000566,-1.599288508));
#460=VERTEX_POINT('',#459);
#461=CARTESIAN_POINT('',(0.995094753,5.050025,-1.599288508));
#462=DIRECTION('',(1.,0.,0.));
#463=VECTOR('',#462,0.509777451);
#464=LINE('',#461,#463);
#465=EDGE_CURVE('',#446,#460,#464,.T.);
#466=ORIENTED_EDGE('',*,*,#465,.T.);
#467=CARTESIAN_POINT('',(3.498867257,5.098924232,-1.599288508));
#468=VERTEX_POINT('',#467);
#469=CARTESIAN_POINT('',(1.504435979,5.05000566,-1.599288508));
#470=CARTESIAN_POINT('',(1.536045363,4.700151636,-1.599288508));
#471=CARTESIAN_POINT('',(1.792893219,4.442918219,-1.599288508));
#472=CARTESIAN_POINT('',(2.085036671,4.150336223,-1.599288508));
#473=CARTESIAN_POINT('',(2.5,4.150025,-1.599288508));
#474=CARTESIAN_POINT('',(2.91346333,4.149714902,-1.599288508));
#475=CARTESIAN_POINT('',(3.207106781,4.442918219,-1.599288508));
#476=CARTESIAN_POINT('',(3.481785368,4.717185097,-1.599288508));
#477=CARTESIAN_POINT('',(3.498867257,5.098924232,-1.599288508));
#478=B_SPLINE_CURVE_WITH_KNOTS('',2,(#469,#470,#471,#472,#473,#474,#475,#476,#477),.UNSPECIFIED.,.F.,.F.,(3,2,2,2,3),(0.015547161,0.234780519,0.484780519,0.734780519,0.969233358),.UNSPECIFIED.);
#479=EDGE_CURVE('',#460,#468,#478,.T.);
#480=ORIENTED_EDGE('',*,*,#479,.T.);
#481=CARTESIAN_POINT('',(4.616026161,5.308508074,-1.599288508));
#482=VERTEX_POINT('',#481);
#483=CARTESIAN_POINT('',(4.616026161,5.308508074,-1.599288508));
#484=DIRECTION('',(-0.982856182,-0.184373876,0.));
#485=VECTOR('',#484,1.136792356);
#486=LINE('',#483,#485);
#487=EDGE_CURVE('',#482,#468,#486,.T.);
#488=ORIENTED_EDGE('',*,*,#487,.F.);
#489=CARTESIAN_POINT('',(4.7,5.290025,-1.599288508));
#490=VERTEX_POINT('',#489);
#491=CARTESIAN_POINT('',(4.7,5.490025,-1.599288508));
#492=DIRECTION('',(-0.,-0.,1.));
#493=DIRECTION('',(1.,0.,0.));
#494=AXIS2_PLACEMENT_3D('',#491,#492,#493);
#495=CIRCLE('',#494,0.2);
#496=EDGE_CURVE('',#482,#490,#495,.T.);
#497=ORIENTED_EDGE('',*,*,#496,.T.);
#498=CARTESIAN_POINT('',(5.214522316,5.290025,-1.599288508));
#499=VERTEX_POINT('',#498);
#500=CARTESIAN_POINT('',(4.7,5.290025,-1.599288508));
#501=DIRECTION('',(1.,0.,0.));
#502=VECTOR('',#501,0.514522316);
#503=LINE('',#500,#502);
#504=EDGE_CURVE('',#490,#499,#503,.T.);
#505=ORIENTED_EDGE('',*,*,#504,.T.);
#506=CARTESIAN_POINT('',(5.414522316,5.090025,-1.599288508));
#507=VERTEX_POINT('',#506);
#508=CARTESIAN_POINT('',(5.214522316,5.090025,-1.599288508));
#509=DIRECTION('',(0.,0.,-1.));
#510=DIRECTION('',(1.,0.,0.));
#511=AXIS2_PLACEMENT_3D('',#508,#509,#510);
#512=CIRCLE('',#511,0.2);
#513=EDGE_CURVE('',#499,#507,#512,.T.);
#514=ORIENTED_EDGE('',*,*,#513,.T.);
#515=CARTESIAN_POINT('',(5.414522316,3.873573605,-1.599288508));
#516=VERTEX_POINT('',#515);
#517=CARTESIAN_POINT('',(5.414522316,5.090025,-1.599288508));
#518=DIRECTION('',(0.,-1.,0.));
#519=VECTOR('',#518,1.216451395);
#520=LINE('',#517,#519);
#521=EDGE_CURVE('',#507,#516,#520,.T.);
#522=ORIENTED_EDGE('',*,*,#521,.T.);
#523=CARTESIAN_POINT('',(6.25,3.180025,-1.599288508));
#524=VERTEX_POINT('',#523);
#525=CARTESIAN_POINT('',(6.25,4.030025,-1.599288508));
#526=DIRECTION('',(0.,0.,-1.));
#527=DIRECTION('',(1.,0.,0.));
#528=AXIS2_PLACEMENT_3D('',#525,#526,#527);
#529=CIRCLE('',#528,0.85);
#530=EDGE_CURVE('',#524,#516,#529,.T.);
#531=ORIENTED_EDGE('',*,*,#530,.F.);
#532=CARTESIAN_POINT('',(7.088204515,3.888910892,-1.599288508));
#533=VERTEX_POINT('',#532);
#534=CARTESIAN_POINT('',(6.25,4.030025,-1.599288508));
#535=DIRECTION('',(0.,0.,-1.));
#536=DIRECTION('',(1.,0.,0.));
#537=AXIS2_PLACEMENT_3D('',#534,#535,#536);
#538=CIRCLE('',#537,0.85);
#539=EDGE_CURVE('',#533,#524,#538,.T.);
#540=ORIENTED_EDGE('',*,*,#539,.F.);
#541=CARTESIAN_POINT('',(7.088204515,6.354276997,-1.599288508));
#542=VERTEX_POINT('',#541);
#543=CARTESIAN_POINT('',(7.088204515,3.888910892,-1.599288508));
#544=DIRECTION('',(-0.,1.,0.));
#545=VECTOR('',#544,2.465366105);
#546=LINE('',#543,#545);
#547=EDGE_CURVE('',#533,#542,#546,.T.);
#548=ORIENTED_EDGE('',*,*,#547,.T.);
#549=CARTESIAN_POINT('',(7.1,6.495391105,-1.599288508));
#550=VERTEX_POINT('',#549);
#551=CARTESIAN_POINT('',(6.25,6.495391105,-1.599288508));
#552=DIRECTION('',(0.,0.,-1.));
#553=DIRECTION('',(1.,0.,0.));
#554=AXIS2_PLACEMENT_3D('',#551,#552,#553);
#555=CIRCLE('',#554,0.85);
#556=EDGE_CURVE('',#550,#542,#555,.T.);
#557=ORIENTED_EDGE('',*,*,#556,.F.);
#558=CARTESIAN_POINT('',(7.1,8.190025,-1.599288508));
#559=VERTEX_POINT('',#558);
#560=CARTESIAN_POINT('',(7.1,6.495391105,-1.599288508));
#561=DIRECTION('',(-0.,1.,0.));
#562=VECTOR('',#561,1.694633895);
#563=LINE('',#560,#562);
#564=EDGE_CURVE('',#550,#559,#563,.T.);
#565=ORIENTED_EDGE('',*,*,#564,.T.);
#566=CARTESIAN_POINT('',(5.448484119,8.472995479,-1.599288508));
#567=VERTEX_POINT('',#566);
#568=CARTESIAN_POINT('',(6.25,8.190025,-1.599288508));
#569=DIRECTION('',(-0.,-0.,1.));
#570=DIRECTION('',(1.,0.,0.));
#571=AXIS2_PLACEMENT_3D('',#568,#569,#570);
#572=CIRCLE('',#571,0.85);
#573=EDGE_CURVE('',#559,#567,#572,.T.);
#574=ORIENTED_EDGE('',*,*,#573,.T.);
#575=CARTESIAN_POINT('',(4.70632865,8.470900483,-1.599288508));
#576=VERTEX_POINT('',#575);
#577=CARTESIAN_POINT('',(5.448484119,8.472995479,-1.599288508));
#578=DIRECTION('',(-1.,-0.,0.));
#579=VECTOR('',#578,0.742155469);
#580=LINE('',#577,#579);
#581=EDGE_CURVE('',#567,#576,#580,.T.);
#582=ORIENTED_EDGE('',*,*,#581,.T.);
#583=CARTESIAN_POINT('',(4.664311329,8.472675318,-1.599288508));
#584=VERTEX_POINT('',#583);
#585=CARTESIAN_POINT('',(4.70632865,8.472995479,-1.599288508));
#586=DIRECTION('',(-1.,-0.,0.));
#587=VECTOR('',#586,0.042046212);
#588=LINE('',#585,#587);
#589=EDGE_CURVE('',#576,#584,#588,.T.);
#590=ORIENTED_EDGE('',*,*,#589,.T.);
#591=CARTESIAN_POINT('',(4.5,8.273722244,-1.599288508));
#592=VERTEX_POINT('',#591);
#593=CARTESIAN_POINT('',(4.664292383,8.472994954,-1.599288508));
#594=CARTESIAN_POINT('',(4.604781573,8.470866807,-1.599288508));
#595=CARTESIAN_POINT('',(4.556632543,8.420263417,-1.599288508));
#596=CARTESIAN_POINT('',(4.5,8.360744073,-1.599288508));
#597=CARTESIAN_POINT('',(4.5,8.273722244,-1.599288508));
#598=B_SPLINE_CURVE_WITH_KNOTS('',2,(#593,#594,#595,#596,#597),.UNSPECIFIED.,.F.,.F.,(3,2,3),(0.119010199,0.5,1.),.UNSPECIFIED.);
#599=EDGE_CURVE('',#584,#592,#598,.T.);
#600=ORIENTED_EDGE('',*,*,#599,.T.);
#601=CARTESIAN_POINT('',(4.5,7.290025,-1.599288508));
#602=VERTEX_POINT('',#601);
#603=CARTESIAN_POINT('',(4.5,8.273722244,-1.599288508));
#604=DIRECTION('',(0.,-1.,0.));
#605=VECTOR('',#604,0.983697244);
#606=LINE('',#603,#605);
#607=EDGE_CURVE('',#592,#602,#606,.T.);
#608=ORIENTED_EDGE('',*,*,#607,.T.);
#609=CARTESIAN_POINT('',(4.5,6.490025,-1.599288508));
#610=VERTEX_POINT('',#609);
#611=CARTESIAN_POINT('',(4.5,7.290025,-1.599288508));
#612=DIRECTION('',(0.,-1.,0.));
#613=VECTOR('',#612,0.8);
#614=LINE('',#611,#613);
#615=EDGE_CURVE('',#602,#610,#614,.T.);
#616=ORIENTED_EDGE('',*,*,#615,.T.);
#617=CARTESIAN_POINT('',(4.5,5.490025,-1.599288508));
#618=VERTEX_POINT('',#617);
#619=CARTESIAN_POINT('',(4.5,6.490025,-1.599288508));
#620=DIRECTION('',(0.,-1.,0.));
#621=VECTOR('',#620,1.);
#622=LINE('',#619,#621);
#623=EDGE_CURVE('',#610,#618,#622,.T.);
#624=ORIENTED_EDGE('',*,*,#623,.T.);
#625=CARTESIAN_POINT('',(4.525011853,5.393178996,-1.599288508));
#626=VERTEX_POINT('',#625);
#627=CARTESIAN_POINT('',(4.7,5.490025,-1.599288508));
#628=DIRECTION('',(-0.,-0.,1.));
#629=DIRECTION('',(1.,0.,0.));
#630=AXIS2_PLACEMENT_3D('',#627,#628,#629);
#631=CIRCLE('',#630,0.2);
#632=EDGE_CURVE('',#618,#626,#631,.T.);
#633=ORIENTED_EDGE('',*,*,#632,.T.);
#634=CARTESIAN_POINT('',(3.228811905,5.150025,-1.599288508));
#635=VERTEX_POINT('',#634);
#636=CARTESIAN_POINT('',(4.525011853,5.393178996,-1.599288508));
#637=DIRECTION('',(-0.982856182,-0.184373876,0.));
#638=VECTOR('',#637,1.318809376);
#639=LINE('',#636,#638);
#640=EDGE_CURVE('',#626,#635,#639,.T.);
#641=ORIENTED_EDGE('',*,*,#640,.T.);
#642=CARTESIAN_POINT('',(-3.228811905,5.150025,-1.599288508));
#643=VERTEX_POINT('',#642);
#644=CARTESIAN_POINT('',(3.228811905,5.150025,-1.599288508));
#645=DIRECTION('',(-1.,-0.,-0.));
#646=VECTOR('',#645,6.457623811);
#647=LINE('',#644,#646);
#648=EDGE_CURVE('',#635,#643,#647,.T.);
#649=ORIENTED_EDGE('',*,*,#648,.T.);
#650=CARTESIAN_POINT('',(-4.525011853,5.393178996,-1.599288508));
#651=VERTEX_POINT('',#650);
#652=CARTESIAN_POINT('',(-3.228811905,5.150025,-1.599288508));
#653=DIRECTION('',(-0.982856182,0.184373876,0.));
#654=VECTOR('',#653,1.318809376);
#655=LINE('',#652,#654);
#656=EDGE_CURVE('',#643,#651,#655,.T.);
#657=ORIENTED_EDGE('',*,*,#656,.T.);
#658=CARTESIAN_POINT('',(-4.5,5.490025,-1.599288508));
#659=VERTEX_POINT('',#658);
#660=CARTESIAN_POINT('',(-4.7,5.490025,-1.599288508));
#661=DIRECTION('',(-0.,-0.,1.));
#662=DIRECTION('',(1.,0.,0.));
#663=AXIS2_PLACEMENT_3D('',#660,#661,#662);
#664=CIRCLE('',#663,0.2);
#665=EDGE_CURVE('',#651,#659,#664,.T.);
#666=ORIENTED_EDGE('',*,*,#665,.T.);
#667=CARTESIAN_POINT('',(-4.5,6.490025,-1.599288508));
#668=VERTEX_POINT('',#667);
#669=CARTESIAN_POINT('',(-4.5,5.490025,-1.599288508));
#670=DIRECTION('',(-0.,1.,-0.));
#671=VECTOR('',#670,1.);
#672=LINE('',#669,#671);
#673=EDGE_CURVE('',#659,#668,#672,.T.);
#674=ORIENTED_EDGE('',*,*,#673,.T.);
#675=CARTESIAN_POINT('',(-4.5,7.290025,-1.599288508));
#676=VERTEX_POINT('',#675);
#677=CARTESIAN_POINT('',(-4.5,6.490025,-1.599288508));
#678=DIRECTION('',(-0.,1.,-0.));
#679=VECTOR('',#678,0.8);
#680=LINE('',#677,#679);
#681=EDGE_CURVE('',#668,#676,#680,.T.);
#682=ORIENTED_EDGE('',*,*,#681,.T.);
#683=CARTESIAN_POINT('',(-4.5,8.194370461,-1.599288508));
#684=VERTEX_POINT('',#683);
#685=CARTESIAN_POINT('',(-4.5,7.290025,-1.599288508));
#686=DIRECTION('',(-0.,1.,-0.));
#687=VECTOR('',#686,0.904345461);
#688=LINE('',#685,#687);
#689=EDGE_CURVE('',#676,#684,#688,.T.);
#690=ORIENTED_EDGE('',*,*,#689,.T.);
#691=CARTESIAN_POINT('',(-4.717787902,8.459465537,-1.599288508));
#692=VERTEX_POINT('',#691);
#693=CARTESIAN_POINT('',(-4.5,8.194370461,-1.599288508));
#694=CARTESIAN_POINT('',(-4.5,8.312024945,-1.599288508));
#695=CARTESIAN_POINT('',(-4.576180319,8.391848307,-1.599288508));
#696=CARTESIAN_POINT('',(-4.640806308,8.459564794,-1.599288508));
#697=CARTESIAN_POINT('',(-4.717767689,8.460056779,-1.599288508));
#698=B_SPLINE_CURVE_WITH_KNOTS('',2,(#693,#694,#695,#696,#697),.UNSPECIFIED.,.F.,.F.,(3,2,3),(0.,0.5,0.86947701),.UNSPECIFIED.);
#699=EDGE_CURVE('',#684,#692,#698,.T.);
#700=ORIENTED_EDGE('',*,*,#699,.T.);
#701=CARTESIAN_POINT('',(-5.44403296,8.460056722,-1.599288508));
#702=VERTEX_POINT('',#701);
#703=CARTESIAN_POINT('',(-4.717758725,8.460056722,-1.599288508));
#704=DIRECTION('',(-1.,-0.,-0.));
#705=VECTOR('',#704,0.726274235);
#706=LINE('',#703,#705);
#707=EDGE_CURVE('',#692,#702,#706,.T.);
#708=ORIENTED_EDGE('',*,*,#707,.T.);
#709=CARTESIAN_POINT('',(-6.2,9.038553137,-1.599288508));
#710=VERTEX_POINT('',#709);
#711=CARTESIAN_POINT('',(-6.25,8.190025,-1.599288508));
#712=DIRECTION('',(0.,0.,-1.));
#713=DIRECTION('',(1.,0.,0.));
#714=AXIS2_PLACEMENT_3D('',#711,#712,#713);
#715=CIRCLE('',#714,0.85);
#716=EDGE_CURVE('',#710,#702,#715,.T.);
#717=ORIENTED_EDGE('',*,*,#716,.F.);
#718=CARTESIAN_POINT('',(-6.2,9.650025,-1.599288508));
#719=VERTEX_POINT('',#718);
#720=CARTESIAN_POINT('',(-6.2,9.038553137,-1.599288508));
#721=DIRECTION('',(-0.,1.,0.));
#722=VECTOR('',#721,0.611471863);
#723=LINE('',#720,#722);
#724=EDGE_CURVE('',#710,#719,#723,.T.);
#725=ORIENTED_EDGE('',*,*,#724,.T.);
#726=CARTESIAN_POINT('',(6.5,9.650025,-1.599288508));
#727=VERTEX_POINT('',#726);
#728=CARTESIAN_POINT('',(-6.2,9.650025,-1.599288508));
#729=DIRECTION('',(1.,0.,0.));
#730=VECTOR('',#729,12.7);
#731=LINE('',#728,#730);
#732=EDGE_CURVE('',#719,#727,#731,.T.);
#733=ORIENTED_EDGE('',*,*,#732,.T.);
#734=CARTESIAN_POINT('',(9.5,6.650025,-1.599288508));
#735=VERTEX_POINT('',#734);
#736=CARTESIAN_POINT('',(6.5,6.650025,-1.599288508));
#737=DIRECTION('',(0.,0.,-1.));
#738=DIRECTION('',(1.,0.,0.));
#739=AXIS2_PLACEMENT_3D('',#736,#737,#738);
#740=CIRCLE('',#739,3.);
#741=EDGE_CURVE('',#727,#735,#740,.T.);
#742=ORIENTED_EDGE('',*,*,#741,.T.);
#743=CARTESIAN_POINT('',(9.5,6.650025,-1.599288508));
#744=DIRECTION('',(0.,-1.,0.));
#745=VECTOR('',#744,11.27);
#746=LINE('',#743,#745);
#747=EDGE_CURVE('',#735,#33,#746,.T.);
#748=ORIENTED_EDGE('',*,*,#747,.T.);
#749=EDGE_LOOP('',(#42,#50,#59,#68,#76,#85,#93,#101,#110,#118,#127,#135,#144,#152,#160,#168,#177,#185,#194,#202,#211,#219,#227,#236,#244,#253,
#262,#270,#279,#287,#296,#304,#312,#321,#329,#337,#345,#354,#362,#371,#380,#388,#397,#405,#414,#422,#436,#444,#458,#466,#480,
#488,#497,#505,#514,#522,#531,#540,#548,#557,#565,#574,#582,#590,#600,#608,#616,#624,#633,#641,#649,#657,#666,#674,#682,#690,
#700,#708,#717,#725,#733,#742,#748));
#750=FACE_BOUND('',#749,.T.);
#751=ADVANCED_FACE('',(#750),#31,.T.);
#752=CARTESIAN_POINT('',(2.95,-4.619975,0.000711492));
#753=DIRECTION('',(-0.,0.,1.));
#754=DIRECTION('',(-0.,1.,-0.));
#755=AXIS2_PLACEMENT_3D('',#752,#753,#754);
#756=CYLINDRICAL_SURFACE('',#755,6.55);
#757=CARTESIAN_POINT('',(7.546030978,-9.286772537,-1.399288508));
#758=VERTEX_POINT('',#757);
#759=CARTESIAN_POINT('',(7.61678785,-9.216015814,-1.399288508));
#760=VERTEX_POINT('',#759);
#761=CARTESIAN_POINT('',(2.95,-4.619975,-1.399288508));
#762=DIRECTION('',(0.,0.,1.));
#763=DIRECTION('',(0.,-1.,0.));
#764=AXIS2_PLACEMENT_3D('',#761,#762,#763);
#765=CIRCLE('',#764,6.55);
#766=EDGE_CURVE('',#758,#760,#765,.T.);
#767=ORIENTED_EDGE('',*,*,#766,.T.);
#768=CARTESIAN_POINT('',(7.61678785,-9.216015814,-1.399288508));
#769=DIRECTION('',(0.,0.,-1.));
#770=VECTOR('',#769,0.2);
#771=LINE('',#768,#770);
#772=EDGE_CURVE('',#760,#35,#771,.T.);
#773=ORIENTED_EDGE('',*,*,#772,.T.);
#774=ORIENTED_EDGE('',*,*,#41,.F.);
#775=CARTESIAN_POINT('',(9.5,-4.619975,0.000711492));
#776=VERTEX_POINT('',#775);
#777=CARTESIAN_POINT('',(9.5,-4.619975,0.000711492));
#778=DIRECTION('',(0.,-0.,-1.));
#779=VECTOR('',#778,1.6);
#780=LINE('',#777,#779);
#781=EDGE_CURVE('',#776,#33,#780,.T.);
#782=ORIENTED_EDGE('',*,*,#781,.F.);
#783=CARTESIAN_POINT('',(2.95,-11.169975,0.000711492));
#784=VERTEX_POINT('',#783);
#785=CARTESIAN_POINT('',(2.95,-4.619975,0.000711492));
#786=DIRECTION('',(-0.,-0.,1.));
#787=DIRECTION('',(1.,0.,0.));
#788=AXIS2_PLACEMENT_3D('',#785,#786,#787);
#789=CIRCLE('',#788,6.55);
#790=EDGE_CURVE('',#784,#776,#789,.T.);
#791=ORIENTED_EDGE('',*,*,#790,.F.);
#792=CARTESIAN_POINT('',(2.95,-11.169975,-1.599288508));
#793=DIRECTION('',(-0.,0.,1.));
#794=VECTOR('',#793,1.6);
#795=LINE('',#792,#794);
#796=EDGE_CURVE('',#78,#784,#795,.T.);
#797=ORIENTED_EDGE('',*,*,#796,.F.);
#798=ORIENTED_EDGE('',*,*,#84,.F.);
#799=CARTESIAN_POINT('',(7.546030978,-9.286772537,-1.399288508));
#800=DIRECTION('',(0.,0.,-1.));
#801=VECTOR('',#800,0.2);
#802=LINE('',#799,#801);
#803=EDGE_CURVE('',#758,#70,#802,.T.);
#804=ORIENTED_EDGE('',*,*,#803,.F.);
#805=EDGE_LOOP('',(#767,#773,#774,#782,#791,#797,#798,#804));
#806=FACE_BOUND('',#805,.T.);
#807=ADVANCED_FACE('',(#806),#756,.T.);
#808=CARTESIAN_POINT('',(-2.95,-4.619975,0.000711492));
#809=DIRECTION('',(-0.,0.,1.));
#810=DIRECTION('',(-0.,1.,-0.));
#811=AXIS2_PLACEMENT_3D('',#808,#809,#810);
#812=CYLINDRICAL_SURFACE('',#811,6.55);
#813=CARTESIAN_POINT('',(-7.546030978,-9.286772537,-1.399288508));
#814=VERTEX_POINT('',#813);
#815=CARTESIAN_POINT('',(-7.61678785,-9.216015814,-1.399288508));
#816=VERTEX_POINT('',#815);
#817=CARTESIAN_POINT('',(-2.95,-4.619975,-1.399288508));
#818=DIRECTION('',(0.,0.,-1.));
#819=DIRECTION('',(0.,-1.,0.));
#820=AXIS2_PLACEMENT_3D('',#817,#818,#819);
#821=CIRCLE('',#820,6.55);
#822=EDGE_CURVE('',#814,#816,#821,.T.);
#823=ORIENTED_EDGE('',*,*,#822,.F.);
#824=CARTESIAN_POINT('',(-7.546030978,-9.286772537,-1.399288508));
#825=DIRECTION('',(0.,0.,-1.));
#826=VECTOR('',#825,0.2);
#827=LINE('',#824,#826);
#828=EDGE_CURVE('',#814,#229,#827,.T.);
#829=ORIENTED_EDGE('',*,*,#828,.T.);
#830=ORIENTED_EDGE('',*,*,#235,.F.);
#831=CARTESIAN_POINT('',(-2.95,-11.169975,0.000711492));
#832=VERTEX_POINT('',#831);
#833=CARTESIAN_POINT('',(-2.95,-11.169975,0.000711492));
#834=DIRECTION('',(0.,-0.,-1.));
#835=VECTOR('',#834,1.6);
#836=LINE('',#833,#835);
#837=EDGE_CURVE('',#832,#221,#836,.T.);
#838=ORIENTED_EDGE('',*,*,#837,.F.);
#839=CARTESIAN_POINT('',(-9.5,-4.619975,0.000711492));
#840=VERTEX_POINT('',#839);
#841=CARTESIAN_POINT('',(-2.95,-4.619975,0.000711492));
#842=DIRECTION('',(-0.,-0.,1.));
#843=DIRECTION('',(1.,0.,0.));
#844=AXIS2_PLACEMENT_3D('',#841,#842,#843);
#845=CIRCLE('',#844,6.55);
#846=EDGE_CURVE('',#840,#832,#845,.T.);
#847=ORIENTED_EDGE('',*,*,#846,.F.);
#848=CARTESIAN_POINT('',(-9.5,-4.619975,-1.599288508));
#849=DIRECTION('',(-0.,0.,1.));
#850=VECTOR('',#849,1.6);
#851=LINE('',#848,#850);
#852=EDGE_CURVE('',#272,#840,#851,.T.);
#853=ORIENTED_EDGE('',*,*,#852,.F.);
#854=ORIENTED_EDGE('',*,*,#278,.F.);
#855=CARTESIAN_POINT('',(-7.61678785,-9.216015814,-1.399288508));
#856=DIRECTION('',(0.,0.,-1.));
#857=VECTOR('',#856,0.2);
#858=LINE('',#855,#857);
#859=EDGE_CURVE('',#816,#264,#858,.T.);
#860=ORIENTED_EDGE('',*,*,#859,.F.);
#861=EDGE_LOOP('',(#823,#829,#830,#838,#847,#853,#854,#860));
#862=FACE_BOUND('',#861,.T.);
#863=ADVANCED_FACE('',(#862),#812,.T.);
#864=CARTESIAN_POINT('',(3.867903884,-11.169975,39.209414418));
#865=DIRECTION('',(-0.,-1.,0.));
#866=DIRECTION('',(1.,-0.,0.));
#867=AXIS2_PLACEMENT_3D('',#864,#865,#866);
#868=PLANE('',#867);
#869=CARTESIAN_POINT('',(2.3,-11.169975,-1.399288508));
#870=VERTEX_POINT('',#869);
#871=CARTESIAN_POINT('',(2.2,-11.169975,-1.399288508));
#872=VERTEX_POINT('',#871);
#873=CARTESIAN_POINT('',(2.3,-11.169975,-1.399288508));
#874=DIRECTION('',(-1.,-0.,0.));
#875=VECTOR('',#874,0.1);
#876=LINE('',#873,#875);
#877=EDGE_CURVE('',#870,#872,#876,.T.);
#878=ORIENTED_EDGE('',*,*,#877,.F.);
#879=CARTESIAN_POINT('',(2.3,-11.169975,-1.399288508));
#880=DIRECTION('',(0.,0.,-1.));
#881=VECTOR('',#880,0.2);
#882=LINE('',#879,#881);
#883=EDGE_CURVE('',#870,#87,#882,.T.);
#884=ORIENTED_EDGE('',*,*,#883,.T.);
#885=ORIENTED_EDGE('',*,*,#92,.F.);
#886=ORIENTED_EDGE('',*,*,#796,.T.);
#887=CARTESIAN_POINT('',(2.95,-11.169975,0.000711492));
#888=DIRECTION('',(-1.,0.,0.));
#889=VECTOR('',#888,5.9);
#890=LINE('',#887,#889);
#891=EDGE_CURVE('',#784,#832,#890,.T.);
#892=ORIENTED_EDGE('',*,*,#891,.T.);
#893=ORIENTED_EDGE('',*,*,#837,.T.);
#894=ORIENTED_EDGE('',*,*,#226,.F.);
#895=CARTESIAN_POINT('',(-2.3,-11.169975,-1.399288508));
#896=VERTEX_POINT('',#895);
#897=CARTESIAN_POINT('',(-2.3,-11.169975,-1.399288508));
#898=DIRECTION('',(0.,0.,-1.));
#899=VECTOR('',#898,0.2);
#900=LINE('',#897,#899);
#901=EDGE_CURVE('',#896,#213,#900,.T.);
#902=ORIENTED_EDGE('',*,*,#901,.F.);
#903=CARTESIAN_POINT('',(-2.2,-11.169975,-1.399288508));
#904=VERTEX_POINT('',#903);
#905=CARTESIAN_POINT('',(-2.2,-11.169975,-1.399288508));
#906=DIRECTION('',(-1.,-0.,0.));
#907=VECTOR('',#906,0.1);
#908=LINE('',#905,#907);
#909=EDGE_CURVE('',#904,#896,#908,.T.);
#910=ORIENTED_EDGE('',*,*,#909,.F.);
#911=CARTESIAN_POINT('',(-2.2,-11.169975,-1.399288508));
#912=DIRECTION('',(0.,0.,-1.));
#913=VECTOR('',#912,0.2);
#914=LINE('',#911,#913);
#915=EDGE_CURVE('',#904,#154,#914,.T.);
#916=ORIENTED_EDGE('',*,*,#915,.T.);
#917=ORIENTED_EDGE('',*,*,#159,.F.);
#918=CARTESIAN_POINT('',(2.2,-11.169975,-1.399288508));
#919=DIRECTION('',(0.,0.,-1.));
#920=VECTOR('',#919,0.2);
#921=LINE('',#918,#920);
#922=EDGE_CURVE('',#872,#146,#921,.T.);
#923=ORIENTED_EDGE('',*,*,#922,.F.);
#924=EDGE_LOOP('',(#878,#884,#885,#886,#892,#893,#894,#902,#910,#916,#917,#923));
#925=FACE_BOUND('',#924,.T.);
#926=ADVANCED_FACE('',(#925),#868,.T.);
#927=CARTESIAN_POINT('',(0.001567237,9.650025,0.000711492));
#928=DIRECTION('',(-0.,1.,-0.));
#929=DIRECTION('',(0.,-0.,-1.));
#930=AXIS2_PLACEMENT_3D('',#927,#928,#929);
#931=PLANE('',#930);
#932=CARTESIAN_POINT('',(-6.3,9.650025,-1.399288508));
#933=VERTEX_POINT('',#932);
#934=CARTESIAN_POINT('',(-6.2,9.650025,-1.399288508));
#935=VERTEX_POINT('',#934);
#936=CARTESIAN_POINT('',(-6.3,9.650025,-1.399288508));
#937=DIRECTION('',(1.,0.,0.));
#938=VECTOR('',#937,0.1);
#939=LINE('',#936,#938);
#940=EDGE_CURVE('',#933,#935,#939,.T.);
#941=ORIENTED_EDGE('',*,*,#940,.F.);
#942=CARTESIAN_POINT('',(-6.3,9.650025,-1.399288508));
#943=DIRECTION('',(0.,0.,-1.));
#944=VECTOR('',#943,0.2);
#945=LINE('',#942,#944);
#946=EDGE_CURVE('',#933,#298,#945,.T.);
#947=ORIENTED_EDGE('',*,*,#946,.T.);
#948=ORIENTED_EDGE('',*,*,#303,.F.);
#949=CARTESIAN_POINT('',(-6.5,9.650025,0.000711492));
#950=VERTEX_POINT('',#949);
#951=CARTESIAN_POINT('',(-6.5,9.650025,-1.599288508));
#952=DIRECTION('',(-0.,0.,1.));
#953=VECTOR('',#952,1.6);
#954=LINE('',#951,#953);
#955=EDGE_CURVE('',#289,#950,#954,.T.);
#956=ORIENTED_EDGE('',*,*,#955,.T.);
#957=CARTESIAN_POINT('',(6.5,9.650025,0.000711492));
#958=VERTEX_POINT('',#957);
#959=CARTESIAN_POINT('',(-6.5,9.650025,0.000711492));
#960=DIRECTION('',(1.,0.,0.));
#961=VECTOR('',#960,13.);
#962=LINE('',#959,#961);
#963=EDGE_CURVE('',#950,#958,#962,.T.);
#964=ORIENTED_EDGE('',*,*,#963,.T.);
#965=CARTESIAN_POINT('',(6.5,9.650025,0.000711492));
#966=DIRECTION('',(0.,-0.,-1.));
#967=VECTOR('',#966,1.6);
#968=LINE('',#965,#967);
#969=EDGE_CURVE('',#958,#727,#968,.T.);
#970=ORIENTED_EDGE('',*,*,#969,.T.);
#971=ORIENTED_EDGE('',*,*,#732,.F.);
#972=CARTESIAN_POINT('',(-6.2,9.650025,-1.399288508));
#973=DIRECTION('',(0.,0.,-1.));
#974=VECTOR('',#973,0.2);
#975=LINE('',#972,#974);
#976=EDGE_CURVE('',#935,#719,#975,.T.);
#977=ORIENTED_EDGE('',*,*,#976,.F.);
#978=EDGE_LOOP('',(#941,#947,#948,#956,#964,#970,#971,#977));
#979=FACE_BOUND('',#978,.T.);
#980=ADVANCED_FACE('',(#979),#931,.T.);
#981=CARTESIAN_POINT('',(-0.,5.150025,4.700711492));
#982=DIRECTION('',(0.,-1.,-0.));
#983=DIRECTION('',(0.,-0.,1.));
#984=AXIS2_PLACEMENT_3D('',#981,#982,#983);
#985=PLANE('',#984);
#986=CARTESIAN_POINT('',(-3.228811905,5.150025,-1.399288508));
#987=VERTEX_POINT('',#986);
#988=CARTESIAN_POINT('',(-3.228811905,5.150025,-1.399288508));
#989=DIRECTION('',(0.,0.,-1.));
#990=VECTOR('',#989,0.2);
#991=LINE('',#988,#990);
#992=EDGE_CURVE('',#987,#643,#991,.T.);
#993=ORIENTED_EDGE('',*,*,#992,.T.);
#994=ORIENTED_EDGE('',*,*,#648,.F.);
#995=CARTESIAN_POINT('',(3.228811905,5.150025,-1.399288508));
#996=VERTEX_POINT('',#995);
#997=CARTESIAN_POINT('',(3.228811905,5.150025,-1.399288508));
#998=DIRECTION('',(0.,0.,-1.));
#999=VECTOR('',#998,0.2);
#1000=LINE('',#997,#999);
#1001=EDGE_CURVE('',#996,#635,#1000,.T.);
#1002=ORIENTED_EDGE('',*,*,#1001,.F.);
#1003=CARTESIAN_POINT('',(3.5,5.150025,-1.399288508));
#1004=VERTEX_POINT('',#1003);
#1005=CARTESIAN_POINT('',(3.5,5.150025,-1.399288508));
#1006=DIRECTION('',(-1.,-0.,0.));
#1007=VECTOR('',#1006,0.271188095);
#1008=LINE('',#1005,#1007);
#1009=EDGE_CURVE('',#1004,#996,#1008,.T.);
#1010=ORIENTED_EDGE('',*,*,#1009,.F.);
#1011=CARTESIAN_POINT('',(3.5,5.150025,0.000711492));
#1012=VERTEX_POINT('',#1011);
#1013=CARTESIAN_POINT('',(3.5,5.150025,0.000711492));
#1014=DIRECTION('',(-0.,0.,-1.));
#1015=VECTOR('',#1014,1.4);
#1016=LINE('',#1013,#1015);
#1017=EDGE_CURVE('',#1012,#1004,#1016,.T.);
#1018=ORIENTED_EDGE('',*,*,#1017,.F.);
#1019=CARTESIAN_POINT('',(4.2,5.150025,0.000711492));
#1020=VERTEX_POINT('',#1019);
#1021=CARTESIAN_POINT('',(4.2,5.150025,0.000711492));
#1022=DIRECTION('',(-1.,-0.,0.));
#1023=VECTOR('',#1022,0.7);
#1024=LINE('',#1021,#1023);
#1025=EDGE_CURVE('',#1020,#1012,#1024,.T.);
#1026=ORIENTED_EDGE('',*,*,#1025,.F.);
#1027=CARTESIAN_POINT('',(4.2,5.150025,4.400711492));
#1028=VERTEX_POINT('',#1027);
#1029=CARTESIAN_POINT('',(4.2,5.150025,0.000711492));
#1030=DIRECTION('',(0.,-0.,1.));
#1031=VECTOR('',#1030,4.4);
#1032=LINE('',#1029,#1031);
#1033=EDGE_CURVE('',#1020,#1028,#1032,.T.);
#1034=ORIENTED_EDGE('',*,*,#1033,.T.);
#1035=CARTESIAN_POINT('',(-4.2,5.150025,4.400711492));
#1036=VERTEX_POINT('',#1035);
#1037=CARTESIAN_POINT('',(4.2,5.150025,4.400711492));
#1038=DIRECTION('',(-1.,-0.,0.));
#1039=VECTOR('',#1038,8.4);
#1040=LINE('',#1037,#1039);
#1041=EDGE_CURVE('',#1028,#1036,#1040,.T.);
#1042=ORIENTED_EDGE('',*,*,#1041,.T.);
#1043=CARTESIAN_POINT('',(-4.2,5.150025,0.000711492));
#1044=VERTEX_POINT('',#1043);
#1045=CARTESIAN_POINT('',(-4.2,5.150025,4.400711492));
#1046=DIRECTION('',(-0.,0.,-1.));
#1047=VECTOR('',#1046,4.4);
#1048=LINE('',#1045,#1047);
#1049=EDGE_CURVE('',#1036,#1044,#1048,.T.);
#1050=ORIENTED_EDGE('',*,*,#1049,.T.);
#1051=CARTESIAN_POINT('',(-3.5,5.150025,0.000711492));
#1052=VERTEX_POINT('',#1051);
#1053=CARTESIAN_POINT('',(-3.5,5.150025,0.000711492));
#1054=DIRECTION('',(-1.,-0.,0.));
#1055=VECTOR('',#1054,0.7);
#1056=LINE('',#1053,#1055);
#1057=EDGE_CURVE('',#1052,#1044,#1056,.T.);
#1058=ORIENTED_EDGE('',*,*,#1057,.F.);
#1059=CARTESIAN_POINT('',(-3.5,5.150025,-1.399288508));
#1060=VERTEX_POINT('',#1059);
#1061=CARTESIAN_POINT('',(-3.5,5.150025,0.000711492));
#1062=DIRECTION('',(-0.,0.,-1.));
#1063=VECTOR('',#1062,1.4);
#1064=LINE('',#1061,#1063);
#1065=EDGE_CURVE('',#1052,#1060,#1064,.T.);
#1066=ORIENTED_EDGE('',*,*,#1065,.T.);
#1067=CARTESIAN_POINT('',(-3.228811905,5.150025,-1.399288508));
#1068=DIRECTION('',(-1.,-0.,0.));
#1069=VECTOR('',#1068,0.271188095);
#1070=LINE('',#1067,#1069);
#1071=EDGE_CURVE('',#987,#1060,#1070,.T.);
#1072=ORIENTED_EDGE('',*,*,#1071,.F.);
#1073=EDGE_LOOP('',(#993,#994,#1002,#1010,#1018,#1026,#1034,#1042,#1050,#1058,#1066,#1072));
#1074=FACE_BOUND('',#1073,.T.);
#1075=CARTESIAN_POINT('',(-1.5,5.150025,-1.399288508));
#1076=VERTEX_POINT('',#1075);
#1077=CARTESIAN_POINT('',(-1.,5.150025,-1.399288508));
#1078=VERTEX_POINT('',#1077);
#1079=CARTESIAN_POINT('',(-1.5,5.150025,-1.399288508));
#1080=DIRECTION('',(1.,0.,0.));
#1081=VECTOR('',#1080,0.5);
#1082=LINE('',#1079,#1081);
#1083=EDGE_CURVE('',#1076,#1078,#1082,.T.);
#1084=ORIENTED_EDGE('',*,*,#1083,.F.);
#1085=CARTESIAN_POINT('',(-1.5,5.150025,0.000711492));
#1086=VERTEX_POINT('',#1085);
#1087=CARTESIAN_POINT('',(-1.5,5.150025,0.000711492));
#1088=DIRECTION('',(-0.,0.,-1.));
#1089=VECTOR('',#1088,1.4);
#1090=LINE('',#1087,#1089);
#1091=EDGE_CURVE('',#1086,#1076,#1090,.T.);
#1092=ORIENTED_EDGE('',*,*,#1091,.F.);
#1093=CARTESIAN_POINT('',(-1.,5.150025,0.000711492));
#1094=VERTEX_POINT('',#1093);
#1095=CARTESIAN_POINT('',(-1.,5.150025,0.000711492));
#1096=DIRECTION('',(-1.,-0.,0.));
#1097=VECTOR('',#1096,0.5);
#1098=LINE('',#1095,#1097);
#1099=EDGE_CURVE('',#1094,#1086,#1098,.T.);
#1100=ORIENTED_EDGE('',*,*,#1099,.F.);
#1101=CARTESIAN_POINT('',(-1.,5.150025,0.000711492));
#1102=DIRECTION('',(-0.,0.,-1.));
#1103=VECTOR('',#1102,1.4);
#1104=LINE('',#1101,#1103);
#1105=EDGE_CURVE('',#1094,#1078,#1104,.T.);
#1106=ORIENTED_EDGE('',*,*,#1105,.T.);
#1107=EDGE_LOOP('',(#1084,#1092,#1100,#1106));
#1108=FACE_BOUND('',#1107,.T.);
#1109=CARTESIAN_POINT('',(1.,5.150025,-1.399288508));
#1110=VERTEX_POINT('',#1109);
#1111=CARTESIAN_POINT('',(1.5,5.150025,-1.399288508));
#1112=VERTEX_POINT('',#1111);
#1113=CARTESIAN_POINT('',(1.,5.150025,-1.399288508));
#1114=DIRECTION('',(1.,0.,0.));
#1115=VECTOR('',#1114,0.5);
#1116=LINE('',#1113,#1115);
#1117=EDGE_CURVE('',#1110,#1112,#1116,.T.);
#1118=ORIENTED_EDGE('',*,*,#1117,.F.);
#1119=CARTESIAN_POINT('',(1.,5.150025,0.000711492));
#1120=VERTEX_POINT('',#1119);
#1121=CARTESIAN_POINT('',(1.,5.150025,0.000711492));
#1122=DIRECTION('',(-0.,0.,-1.));
#1123=VECTOR('',#1122,1.4);
#1124=LINE('',#1121,#1123);
#1125=EDGE_CURVE('',#1120,#1110,#1124,.T.);
#1126=ORIENTED_EDGE('',*,*,#1125,.F.);
#1127=CARTESIAN_POINT('',(1.5,5.150025,0.000711492));
#1128=VERTEX_POINT('',#1127);
#1129=CARTESIAN_POINT('',(1.5,5.150025,0.000711492));
#1130=DIRECTION('',(-1.,-0.,0.));
#1131=VECTOR('',#1130,0.5);
#1132=LINE('',#1129,#1131);
#1133=EDGE_CURVE('',#1128,#1120,#1132,.T.);
#1134=ORIENTED_EDGE('',*,*,#1133,.F.);
#1135=CARTESIAN_POINT('',(1.5,5.150025,0.000711492));
#1136=DIRECTION('',(-0.,0.,-1.));
#1137=VECTOR('',#1136,1.4);
#1138=LINE('',#1135,#1137);
#1139=EDGE_CURVE('',#1128,#1112,#1138,.T.);
#1140=ORIENTED_EDGE('',*,*,#1139,.T.);
#1141=EDGE_LOOP('',(#1118,#1126,#1134,#1140));
#1142=FACE_BOUND('',#1141,.T.);
#1143=ADVANCED_FACE('',(#1074,#1108,#1142),#985,.T.);
#1144=CARTESIAN_POINT('',(-1.,5.150025,0.000711492));
#1145=CARTESIAN_POINT('',(-1.,5.150025,-1.599288508));
#1146=CARTESIAN_POINT('',(-1.,4.736251107,0.000711492));
#1147=CARTESIAN_POINT('',(-1.,4.736251107,-1.599288508));
#1148=CARTESIAN_POINT('',(-0.707106781,4.442918219,0.000711492));
#1149=CARTESIAN_POINT('',(-0.707106781,4.442918219,-1.599288508));
#1150=CARTESIAN_POINT('',(-0.414963329,4.150336223,0.000711492));
#1151=CARTESIAN_POINT('',(-0.414963329,4.150336223,-1.599288508));
#1152=CARTESIAN_POINT('',(-0.,4.150025,0.000711492));
#1153=CARTESIAN_POINT('',(-0.,4.150025,-1.599288508));
#1154=CARTESIAN_POINT('',(0.41346333,4.149714902,0.000711492));
#1155=CARTESIAN_POINT('',(0.41346333,4.149714902,-1.599288508));
#1156=CARTESIAN_POINT('',(0.707106781,4.442918219,0.000711492));
#1157=CARTESIAN_POINT('',(0.707106781,4.442918219,-1.599288508));
#1158=CARTESIAN_POINT('',(1.,4.735372427,0.000711492));
#1159=CARTESIAN_POINT('',(1.,4.735372427,-1.599288508));
#1160=CARTESIAN_POINT('',(1.,5.150025,0.000711492));
#1161=CARTESIAN_POINT('',(1.,5.150025,-1.599288508));
#1162=B_SPLINE_SURFACE_WITH_KNOTS('',2,1,((#1144,#1145),(#1146,#1147),(#1148,#1149),(#1150,#1151),(#1152,#1153),(#1154,#1155),(#1156,#1157),(#1158,#1159),(#1160,#1161)),.UNSPECIFIED.,.F.,.F.,.U.,(3,2,2,2,3),(2,2),(0.,0.25,0.5,0.75,1.),(0.804843576,1.),.UNSPECIFIED.);
#1163=CARTESIAN_POINT('',(-0.995346782,5.050025004,-1.399288508));
#1164=VERTEX_POINT('',#1163);
#1165=CARTESIAN_POINT('',(-1.,5.150025,-1.399288508));
#1166=CARTESIAN_POINT('',(-0.995127797,5.050025008,-1.399288508));
#1167=B_SPLINE_CURVE_WITH_KNOTS('',1,(#1165,#1166),.UNSPECIFIED.,.F.,.F.,(2,2),(0.,1.),.UNSPECIFIED.);
#1168=EDGE_CURVE('',#1078,#1164,#1167,.T.);
#1169=ORIENTED_EDGE('',*,*,#1168,.F.);
#1170=ORIENTED_EDGE('',*,*,#1105,.F.);
#1171=CARTESIAN_POINT('',(-1.,5.150025,0.000711492));
#1172=CARTESIAN_POINT('',(-1.,5.083934867,0.000711492));
#1173=CARTESIAN_POINT('',(-0.994410188,5.018733362,0.000711492));
#1174=CARTESIAN_POINT('',(-0.982427105,4.954548216,0.000711492));
#1175=CARTESIAN_POINT('',(-0.970444021,4.89036307,0.000711492));
#1176=CARTESIAN_POINT('',(-0.951704762,4.826441452,0.000711492));
#1177=CARTESIAN_POINT('',(-0.926565938,4.765852972,0.000711492));
#1178=CARTESIAN_POINT('',(-0.901427113,4.705264492,0.000711492));
#1179=CARTESIAN_POINT('',(-0.870149475,4.648077575,0.000711492));
#1180=CARTESIAN_POINT('',(-0.833162366,4.594054319,0.000711492));
#1181=CARTESIAN_POINT('',(-0.796175258,4.540031062,0.000711492));
#1182=CARTESIAN_POINT('',(-0.753251531,4.489117115,0.000711492));
#1183=CARTESIAN_POINT('',(-0.706972142,4.4427834,0.000711492));
#1184=CARTESIAN_POINT('',(-0.614413366,4.350115971,0.000711492));
#1185=CARTESIAN_POINT('',(-0.504102134,4.273010945,0.000711492));
#1186=CARTESIAN_POINT('',(-0.384052497,4.223318674,0.000711492));
#1187=CARTESIAN_POINT('',(-0.26400286,4.173626403,0.000711492));
#1188=CARTESIAN_POINT('',(-0.131457268,4.150161239,0.000711492));
#1189=CARTESIAN_POINT('',(-0.000337818,4.150025302,0.000711492));
#1190=CARTESIAN_POINT('',(0.065221907,4.149957333,0.000711492));
#1191=CARTESIAN_POINT('',(0.13162301,4.155576796,0.000711492));
#1192=CARTESIAN_POINT('',(0.195769428,4.167559227,0.000711492));
#1193=CARTESIAN_POINT('',(0.259915846,4.179541659,0.000711492));
#1194=CARTESIAN_POINT('',(0.322304191,4.197800476,0.000711492));
#1195=CARTESIAN_POINT('',(0.382803898,4.222801799,0.000711492));
#1196=CARTESIAN_POINT('',(0.443303605,4.247803121,0.000711492));
#1197=CARTESIAN_POINT('',(0.501891512,4.279794421,0.000711492));
#1198=CARTESIAN_POINT('',(0.55583877,4.316736233,0.000711492));
#1199=CARTESIAN_POINT('',(0.609786028,4.353678044,0.000711492));
#1200=CARTESIAN_POINT('',(0.6599264,4.395848738,0.000711492));
#1201=CARTESIAN_POINT('',(0.706725992,4.442538173,0.000711492));
#1202=CARTESIAN_POINT('',(0.753525583,4.489227608,0.000711492));
#1203=CARTESIAN_POINT('',(0.795725411,4.539227548,0.000711492));
#1204=CARTESIAN_POINT('',(0.832669176,4.59301034,0.000711492));
#1205=CARTESIAN_POINT('',(0.869612942,4.646793132,0.000711492));
#1206=CARTESIAN_POINT('',(0.90158545,4.705124438,0.000711492));
#1207=CARTESIAN_POINT('',(0.926736651,4.765825358,0.000711492));
#1208=CARTESIAN_POINT('',(0.951887852,4.826526279,0.000711492));
#1209=CARTESIAN_POINT('',(0.970216971,4.889076452,0.000711492));
#1210=CARTESIAN_POINT('',(0.982260215,4.95333053,0.000711492));
#1211=CARTESIAN_POINT('',(0.99430346,5.017584607,0.000711492));
#1212=CARTESIAN_POINT('',(1.,5.084754492,0.000711492));
#1213=CARTESIAN_POINT('',(1.,5.150025,0.000711492));
#1214=B_SPLINE_CURVE_WITH_KNOTS('',3,(#1171,#1172,#1173,#1174,#1175,#1176,#1177,#1178,#1179,#1180,#1181,#1182,#1183,#1184,#1185,#1186,#1187,#1188,#1189,#1190,#1191,#1192,#1193,#1194,#1195,#1196,
#1197,#1198,#1199,#1200,#1201,#1202,#1203,#1204,#1205,#1206,#1207,#1208,#1209,#1210,#1211,#1212,#1213),.UNSPECIFIED.,.F.,.F.,(4,3,3,3,3,3,3,3,3,3,3,3,3,3,4),(0.,0.000195812,0.000391623,0.000587435,0.000783246,0.001174869,0.001566492,0.001762304,0.001958115,0.002153927,0.002349738,0.00254555,0.002741361,0.002937173,0.003132984),.UNSPECIFIED.);
#1215=EDGE_CURVE('',#1094,#1120,#1214,.T.);
#1216=ORIENTED_EDGE('',*,*,#1215,.T.);
#1217=ORIENTED_EDGE('',*,*,#1125,.T.);
#1218=CARTESIAN_POINT('',(0.995338802,5.050025,-1.399288508));
#1219=VERTEX_POINT('',#1218);
#1220=CARTESIAN_POINT('',(0.995094753,5.050024995,-1.399288508));
#1221=CARTESIAN_POINT('',(1.,5.150025,-1.399288508));
#1222=B_SPLINE_CURVE_WITH_KNOTS('',1,(#1220,#1221),.UNSPECIFIED.,.F.,.F.,(2,2),(0.,1.),.UNSPECIFIED.);
#1223=EDGE_CURVE('',#1219,#1110,#1222,.T.);
#1224=ORIENTED_EDGE('',*,*,#1223,.F.);
#1225=CARTESIAN_POINT('',(0.995094753,5.050025,-1.399288508));
#1226=DIRECTION('',(-0.,-0.,-1.));
#1227=VECTOR('',#1226,0.2);
#1228=LINE('',#1225,#1227);
#1229=EDGE_CURVE('',#1219,#446,#1228,.T.);
#1230=ORIENTED_EDGE('',*,*,#1229,.T.);
#1231=ORIENTED_EDGE('',*,*,#457,.F.);
#1232=CARTESIAN_POINT('',(-0.995127797,5.050025,-1.399288508));
#1233=DIRECTION('',(-0.,-0.,-1.));
#1234=VECTOR('',#1233,0.2);
#1235=LINE('',#1232,#1234);
#1236=EDGE_CURVE('',#1164,#438,#1235,.T.);
#1237=ORIENTED_EDGE('',*,*,#1236,.F.);
#1238=EDGE_LOOP('',(#1169,#1170,#1216,#1217,#1224,#1230,#1231,#1237));
#1239=FACE_BOUND('',#1238,.T.);
#1240=ADVANCED_FACE('',(#1239),#1162,.T.);
#1241=CARTESIAN_POINT('',(-3.5,5.150025,0.000711492));
#1242=CARTESIAN_POINT('',(-3.5,5.150025,-1.599288508));
#1243=CARTESIAN_POINT('',(-3.5,4.736251107,0.000711492));
#1244=CARTESIAN_POINT('',(-3.5,4.736251107,-1.599288508));
#1245=CARTESIAN_POINT('',(-3.207106781,4.442918219,0.000711492));
#1246=CARTESIAN_POINT('',(-3.207106781,4.442918219,-1.599288508));
#1247=CARTESIAN_POINT('',(-2.914963329,4.150336223,0.000711492));
#1248=CARTESIAN_POINT('',(-2.914963329,4.150336223,-1.599288508));
#1249=CARTESIAN_POINT('',(-2.5,4.150025,0.000711492));
#1250=CARTESIAN_POINT('',(-2.5,4.150025,-1.599288508));
#1251=CARTESIAN_POINT('',(-2.08653667,4.149714902,0.000711492));
#1252=CARTESIAN_POINT('',(-2.08653667,4.149714902,-1.599288508));
#1253=CARTESIAN_POINT('',(-1.792893219,4.442918219,0.000711492));
#1254=CARTESIAN_POINT('',(-1.792893219,4.442918219,-1.599288508));
#1255=CARTESIAN_POINT('',(-1.5,4.735372427,0.000711492));
#1256=CARTESIAN_POINT('',(-1.5,4.735372427,-1.599288508));
#1257=CARTESIAN_POINT('',(-1.5,5.150025,0.000711492));
#1258=CARTESIAN_POINT('',(-1.5,5.150025,-1.599288508));
#1259=B_SPLINE_SURFACE_WITH_KNOTS('',2,1,((#1241,#1242),(#1243,#1244),(#1245,#1246),(#1247,#1248),(#1249,#1250),(#1251,#1252),(#1253,#1254),(#1255,#1256),(#1257,#1258)),.UNSPECIFIED.,.F.,.F.,.U.,(3,2,2,2,3),(2,2),(0.,0.25,0.5,0.75,1.),(0.804843576,1.),.UNSPECIFIED.);
#1260=CARTESIAN_POINT('',(-1.504661198,5.050025,-1.399288508));
#1261=VERTEX_POINT('',#1260);
#1262=CARTESIAN_POINT('',(-1.504905247,5.050024995,-1.399288508));
#1263=CARTESIAN_POINT('',(-1.5,5.150025,-1.399288508));
#1264=B_SPLINE_CURVE_WITH_KNOTS('',1,(#1262,#1263),.UNSPECIFIED.,.F.,.F.,(2,2),(0.,1.),.UNSPECIFIED.);
#1265=EDGE_CURVE('',#1261,#1076,#1264,.T.);
#1266=ORIENTED_EDGE('',*,*,#1265,.F.);
#1267=CARTESIAN_POINT('',(-1.504905247,5.050025,-1.399288508));
#1268=DIRECTION('',(-0.,-0.,-1.));
#1269=VECTOR('',#1268,0.2);
#1270=LINE('',#1267,#1269);
#1271=EDGE_CURVE('',#1261,#424,#1270,.T.);
#1272=ORIENTED_EDGE('',*,*,#1271,.T.);
#1273=ORIENTED_EDGE('',*,*,#435,.F.);
#1274=CARTESIAN_POINT('',(-3.498797958,5.098927363,-1.399288508));
#1275=VERTEX_POINT('',#1274);
#1276=CARTESIAN_POINT('',(-3.498732566,5.098915099,-1.399288508));
#1277=DIRECTION('',(-0.,-0.,-1.));
#1278=VECTOR('',#1277,0.2);
#1279=LINE('',#1276,#1278);
#1280=EDGE_CURVE('',#1275,#416,#1279,.T.);
#1281=ORIENTED_EDGE('',*,*,#1280,.F.);
#1282=CARTESIAN_POINT('',(-3.5,5.150025,-1.399288508));
#1283=CARTESIAN_POINT('',(-3.498732567,5.098915092,-1.399288508));
#1284=B_SPLINE_CURVE_WITH_KNOTS('',1,(#1282,#1283),.UNSPECIFIED.,.F.,.F.,(2,2),(0.,1.),.UNSPECIFIED.);
#1285=EDGE_CURVE('',#1060,#1275,#1284,.T.);
#1286=ORIENTED_EDGE('',*,*,#1285,.F.);
#1287=ORIENTED_EDGE('',*,*,#1065,.F.);
#1288=CARTESIAN_POINT('',(-3.5,5.150025,0.000711492));
#1289=CARTESIAN_POINT('',(-3.5,5.083934867,0.000711492));
#1290=CARTESIAN_POINT('',(-3.494410188,5.018733362,0.000711492));
#1291=CARTESIAN_POINT('',(-3.482427105,4.954548216,0.000711492));
#1292=CARTESIAN_POINT('',(-3.470444021,4.89036307,0.000711492));
#1293=CARTESIAN_POINT('',(-3.451704762,4.826441452,0.000711492));
#1294=CARTESIAN_POINT('',(-3.426565938,4.765852972,0.000711492));
#1295=CARTESIAN_POINT('',(-3.401427113,4.705264492,0.000711492));
#1296=CARTESIAN_POINT('',(-3.370149475,4.648077575,0.000711492));
#1297=CARTESIAN_POINT('',(-3.333162366,4.594054319,0.000711492));
#1298=CARTESIAN_POINT('',(-3.296175258,4.540031062,0.000711492));
#1299=CARTESIAN_POINT('',(-3.253251531,4.489117115,0.000711492));
#1300=CARTESIAN_POINT('',(-3.206972142,4.4427834,0.000711492));
#1301=CARTESIAN_POINT('',(-3.114413366,4.350115971,0.000711492));
#1302=CARTESIAN_POINT('',(-3.004102134,4.273010945,0.000711492));
#1303=CARTESIAN_POINT('',(-2.884052497,4.223318674,0.000711492));
#1304=CARTESIAN_POINT('',(-2.76400286,4.173626403,0.000711492));
#1305=CARTESIAN_POINT('',(-2.631457268,4.150161239,0.000711492));
#1306=CARTESIAN_POINT('',(-2.500337818,4.150025302,0.000711492));
#1307=CARTESIAN_POINT('',(-2.434778093,4.149957333,0.000711492));
#1308=CARTESIAN_POINT('',(-2.36837699,4.155576796,0.000711492));
#1309=CARTESIAN_POINT('',(-2.304230572,4.167559227,0.000711492));
#1310=CARTESIAN_POINT('',(-2.240084154,4.179541659,0.000711492));
#1311=CARTESIAN_POINT('',(-2.177695809,4.197800476,0.000711492));
#1312=CARTESIAN_POINT('',(-2.117196102,4.222801799,0.000711492));
#1313=CARTESIAN_POINT('',(-2.056696395,4.247803121,0.000711492));
#1314=CARTESIAN_POINT('',(-1.998108488,4.279794421,0.000711492));
#1315=CARTESIAN_POINT('',(-1.94416123,4.316736233,0.000711492));
#1316=CARTESIAN_POINT('',(-1.890213972,4.353678044,0.000711492));
#1317=CARTESIAN_POINT('',(-1.8400736,4.395848738,0.000711492));
#1318=CARTESIAN_POINT('',(-1.793274008,4.442538173,0.000711492));
#1319=CARTESIAN_POINT('',(-1.746474417,4.489227608,0.000711492));
#1320=CARTESIAN_POINT('',(-1.704274589,4.539227548,0.000711492));
#1321=CARTESIAN_POINT('',(-1.667330824,4.59301034,0.000711492));
#1322=CARTESIAN_POINT('',(-1.630387058,4.646793132,0.000711492));
#1323=CARTESIAN_POINT('',(-1.59841455,4.705124438,0.000711492));
#1324=CARTESIAN_POINT('',(-1.573263349,4.765825358,0.000711492));
#1325=CARTESIAN_POINT('',(-1.548112148,4.826526279,0.000711492));
#1326=CARTESIAN_POINT('',(-1.529783029,4.889076452,0.000711492));
#1327=CARTESIAN_POINT('',(-1.517739785,4.95333053,0.000711492));
#1328=CARTESIAN_POINT('',(-1.50569654,5.017584607,0.000711492));
#1329=CARTESIAN_POINT('',(-1.5,5.084754492,0.000711492));
#1330=CARTESIAN_POINT('',(-1.5,5.150025,0.000711492));
#1331=B_SPLINE_CURVE_WITH_KNOTS('',3,(#1288,#1289,#1290,#1291,#1292,#1293,#1294,#1295,#1296,#1297,#1298,#1299,#1300,#1301,#1302,#1303,#1304,#1305,#1306,#1307,#1308,#1309,#1310,#1311,#1312,#1313,
#1314,#1315,#1316,#1317,#1318,#1319,#1320,#1321,#1322,#1323,#1324,#1325,#1326,#1327,#1328,#1329,#1330),.UNSPECIFIED.,.F.,.F.,(4,3,3,3,3,3,3,3,3,3,3,3,3,3,4),(0.,0.000195812,0.000391623,0.000587435,0.000783246,0.001174869,0.001566492,0.001762304,0.001958115,0.002153927,0.002349738,0.00254555,0.002741361,0.002937173,0.003132984),.UNSPECIFIED.);
#1332=EDGE_CURVE('',#1052,#1086,#1331,.T.);
#1333=ORIENTED_EDGE('',*,*,#1332,.T.);
#1334=ORIENTED_EDGE('',*,*,#1091,.T.);
#1335=EDGE_LOOP('',(#1266,#1272,#1273,#1281,#1286,#1287,#1333,#1334));
#1336=FACE_BOUND('',#1335,.T.);
#1337=ADVANCED_FACE('',(#1336),#1259,.T.);
#1338=CARTESIAN_POINT('',(1.5,5.150025,0.000711492));
#1339=CARTESIAN_POINT('',(1.5,5.150025,-1.599288508));
#1340=CARTESIAN_POINT('',(1.5,4.736251107,0.000711492));
#1341=CARTESIAN_POINT('',(1.5,4.736251107,-1.599288508));
#1342=CARTESIAN_POINT('',(1.792893219,4.442918219,0.000711492));
#1343=CARTESIAN_POINT('',(1.792893219,4.442918219,-1.599288508));
#1344=CARTESIAN_POINT('',(2.085036671,4.150336223,0.000711492));
#1345=CARTESIAN_POINT('',(2.085036671,4.150336223,-1.599288508));
#1346=CARTESIAN_POINT('',(2.5,4.150025,0.000711492));
#1347=CARTESIAN_POINT('',(2.5,4.150025,-1.599288508));
#1348=CARTESIAN_POINT('',(2.91346333,4.149714902,0.000711492));
#1349=CARTESIAN_POINT('',(2.91346333,4.149714902,-1.599288508));
#1350=CARTESIAN_POINT('',(3.207106781,4.442918219,0.000711492));
#1351=CARTESIAN_POINT('',(3.207106781,4.442918219,-1.599288508));
#1352=CARTESIAN_POINT('',(3.5,4.735372427,0.000711492));
#1353=CARTESIAN_POINT('',(3.5,4.735372427,-1.599288508));
#1354=CARTESIAN_POINT('',(3.5,5.150025,0.000711492));
#1355=CARTESIAN_POINT('',(3.5,5.150025,-1.599288508));
#1356=B_SPLINE_SURFACE_WITH_KNOTS('',2,1,((#1338,#1339),(#1340,#1341),(#1342,#1343),(#1344,#1345),(#1346,#1347),(#1348,#1349),(#1350,#1351),(#1352,#1353),(#1354,#1355)),.UNSPECIFIED.,.F.,.F.,.U.,(3,2,2,2,3),(2,2),(0.,0.25,0.5,0.75,1.),(0.804843576,1.),.UNSPECIFIED.);
#1357=CARTESIAN_POINT('',(1.504653218,5.050025,-1.399288508));
#1358=VERTEX_POINT('',#1357);
#1359=CARTESIAN_POINT('',(1.5,5.150025,-1.399288508));
#1360=CARTESIAN_POINT('',(1.504872203,5.050025008,-1.399288508));
#1361=B_SPLINE_CURVE_WITH_KNOTS('',1,(#1359,#1360),.UNSPECIFIED.,.F.,.F.,(2,2),(0.,1.),.UNSPECIFIED.);
#1362=EDGE_CURVE('',#1112,#1358,#1361,.T.);
#1363=ORIENTED_EDGE('',*,*,#1362,.F.);
#1364=ORIENTED_EDGE('',*,*,#1139,.F.);
#1365=CARTESIAN_POINT('',(1.5,5.150025,0.000711492));
#1366=CARTESIAN_POINT('',(1.5,5.083934867,0.000711492));
#1367=CARTESIAN_POINT('',(1.505589812,5.018733362,0.000711492));
#1368=CARTESIAN_POINT('',(1.517572895,4.954548216,0.000711492));
#1369=CARTESIAN_POINT('',(1.529555979,4.89036307,0.000711492));
#1370=CARTESIAN_POINT('',(1.548295238,4.826441452,0.000711492));
#1371=CARTESIAN_POINT('',(1.573434062,4.765852972,0.000711492));
#1372=CARTESIAN_POINT('',(1.598572887,4.705264492,0.000711492));
#1373=CARTESIAN_POINT('',(1.629850525,4.648077575,0.000711492));
#1374=CARTESIAN_POINT('',(1.666837634,4.594054319,0.000711492));
#1375=CARTESIAN_POINT('',(1.703824742,4.540031062,0.000711492));
#1376=CARTESIAN_POINT('',(1.746748469,4.489117115,0.000711492));
#1377=CARTESIAN_POINT('',(1.793027858,4.4427834,0.000711492));
#1378=CARTESIAN_POINT('',(1.885586634,4.350115971,0.000711492));
#1379=CARTESIAN_POINT('',(1.995897866,4.273010945,0.000711492));
#1380=CARTESIAN_POINT('',(2.115947503,4.223318674,0.000711492));
#1381=CARTESIAN_POINT('',(2.23599714,4.173626403,0.000711492));
#1382=CARTESIAN_POINT('',(2.368542732,4.150161239,0.000711492));
#1383=CARTESIAN_POINT('',(2.499662182,4.150025302,0.000711492));
#1384=CARTESIAN_POINT('',(2.565221907,4.149957333,0.000711492));
#1385=CARTESIAN_POINT('',(2.63162301,4.155576796,0.000711492));
#1386=CARTESIAN_POINT('',(2.695769428,4.167559227,0.000711492));
#1387=CARTESIAN_POINT('',(2.759915846,4.179541659,0.000711492));
#1388=CARTESIAN_POINT('',(2.822304191,4.197800476,0.000711492));
#1389=CARTESIAN_POINT('',(2.882803898,4.222801799,0.000711492));
#1390=CARTESIAN_POINT('',(2.943303605,4.247803121,0.000711492));
#1391=CARTESIAN_POINT('',(3.001891512,4.279794421,0.000711492));
#1392=CARTESIAN_POINT('',(3.05583877,4.316736233,0.000711492));
#1393=CARTESIAN_POINT('',(3.109786028,4.353678044,0.000711492));
#1394=CARTESIAN_POINT('',(3.1599264,4.395848738,0.000711492));
#1395=CARTESIAN_POINT('',(3.206725992,4.442538173,0.000711492));
#1396=CARTESIAN_POINT('',(3.253525583,4.489227608,0.000711492));
#1397=CARTESIAN_POINT('',(3.295725411,4.539227548,0.000711492));
#1398=CARTESIAN_POINT('',(3.332669176,4.59301034,0.000711492));
#1399=CARTESIAN_POINT('',(3.369612942,4.646793132,0.000711492));
#1400=CARTESIAN_POINT('',(3.40158545,4.705124438,0.000711492));
#1401=CARTESIAN_POINT('',(3.426736651,4.765825358,0.000711492));
#1402=CARTESIAN_POINT('',(3.451887852,4.826526279,0.000711492));
#1403=CARTESIAN_POINT('',(3.470216971,4.889076452,0.000711492));
#1404=CARTESIAN_POINT('',(3.482260215,4.95333053,0.000711492));
#1405=CARTESIAN_POINT('',(3.49430346,5.017584607,0.000711492));
#1406=CARTESIAN_POINT('',(3.5,5.084754492,0.000711492));
#1407=CARTESIAN_POINT('',(3.5,5.150025,0.000711492));
#1408=B_SPLINE_CURVE_WITH_KNOTS('',3,(#1365,#1366,#1367,#1368,#1369,#1370,#1371,#1372,#1373,#1374,#1375,#1376,#1377,#1378,#1379,#1380,#1381,#1382,#1383,#1384,#1385,#1386,#1387,#1388,#1389,#1390,
#1391,#1392,#1393,#1394,#1395,#1396,#1397,#1398,#1399,#1400,#1401,#1402,#1403,#1404,#1405,#1406,#1407),.UNSPECIFIED.,.F.,.F.,(4,3,3,3,3,3,3,3,3,3,3,3,3,3,4),(0.,0.000195812,0.000391623,0.000587435,0.000783246,0.001174869,0.001566492,0.001762304,0.001958115,0.002153927,0.002349738,0.00254555,0.002741361,0.002937173,0.003132984),.UNSPECIFIED.);
#1409=EDGE_CURVE('',#1128,#1012,#1408,.T.);
#1410=ORIENTED_EDGE('',*,*,#1409,.T.);
#1411=ORIENTED_EDGE('',*,*,#1017,.T.);
#1412=CARTESIAN_POINT('',(3.498795376,5.09892688,-1.399288508));
#1413=VERTEX_POINT('',#1412);
#1414=CARTESIAN_POINT('',(3.498722767,5.098913258,-1.399288508));
#1415=CARTESIAN_POINT('',(3.5,5.150025,-1.399288508));
#1416=B_SPLINE_CURVE_WITH_KNOTS('',1,(#1414,#1415),.UNSPECIFIED.,.F.,.F.,(2,2),(0.,1.),.UNSPECIFIED.);
#1417=EDGE_CURVE('',#1413,#1004,#1416,.T.);
#1418=ORIENTED_EDGE('',*,*,#1417,.F.);
#1419=CARTESIAN_POINT('',(3.498722767,5.098913261,-1.399288508));
#1420=DIRECTION('',(-0.,-0.,-1.));
#1421=VECTOR('',#1420,0.2);
#1422=LINE('',#1419,#1421);
#1423=EDGE_CURVE('',#1413,#468,#1422,.T.);
#1424=ORIENTED_EDGE('',*,*,#1423,.T.);
#1425=ORIENTED_EDGE('',*,*,#479,.F.);
#1426=CARTESIAN_POINT('',(1.504872203,5.050025,-1.399288508));
#1427=DIRECTION('',(-0.,-0.,-1.));
#1428=VECTOR('',#1427,0.2);
#1429=LINE('',#1426,#1428);
#1430=EDGE_CURVE('',#1358,#460,#1429,.T.);
#1431=ORIENTED_EDGE('',*,*,#1430,.F.);
#1432=EDGE_LOOP('',(#1363,#1364,#1410,#1411,#1418,#1424,#1425,#1431));
#1433=FACE_BOUND('',#1432,.T.);
#1434=ADVANCED_FACE('',(#1433),#1356,.T.);
#1435=CARTESIAN_POINT('',(-7.1,8.190025,-0.799288508));
#1436=DIRECTION('',(-0.,1.,0.));
#1437=DIRECTION('',(0.,0.,-1.));
#1438=AXIS2_PLACEMENT_3D('',#1435,#1436,#1437);
#1439=PLANE('',#1438);
#1440=CARTESIAN_POINT('',(-7.1,8.190025,0.000711492));
#1441=VERTEX_POINT('',#1440);
#1442=CARTESIAN_POINT('',(-7.1,8.190025,-1.599288508));
#1443=DIRECTION('',(-0.,-0.,1.));
#1444=VECTOR('',#1443,1.6);
#1445=LINE('',#1442,#1444);
#1446=EDGE_CURVE('',#314,#1441,#1445,.T.);
#1447=ORIENTED_EDGE('',*,*,#1446,.T.);
#1448=CARTESIAN_POINT('',(-7.098614743,8.190025,0.000711492));
#1449=VERTEX_POINT('',#1448);
#1450=CARTESIAN_POINT('',(-7.098614743,8.190025,0.000711492));
#1451=DIRECTION('',(-1.,-0.,0.));
#1452=VECTOR('',#1451,0.001385257);
#1453=LINE('',#1450,#1452);
#1454=EDGE_CURVE('',#1449,#1441,#1453,.T.);
#1455=ORIENTED_EDGE('',*,*,#1454,.F.);
#1456=CARTESIAN_POINT('',(-7.098614743,8.190025,-1.599288508));
#1457=DIRECTION('',(-0.,-0.,1.));
#1458=VECTOR('',#1457,1.6);
#1459=LINE('',#1456,#1458);
#1460=EDGE_CURVE('',#323,#1449,#1459,.T.);
#1461=ORIENTED_EDGE('',*,*,#1460,.F.);
#1462=ORIENTED_EDGE('',*,*,#328,.T.);
#1463=EDGE_LOOP('',(#1447,#1455,#1461,#1462));
#1464=FACE_BOUND('',#1463,.T.);
#1465=ADVANCED_FACE('',(#1464),#1439,.T.);
#1466=CARTESIAN_POINT('',(-7.1,6.495391105,-0.799288508));
#1467=DIRECTION('',(-0.,1.,-0.));
#1468=DIRECTION('',(-0.,-0.,-1.));
#1469=AXIS2_PLACEMENT_3D('',#1466,#1467,#1468);
#1470=PLANE('',#1469);
#1471=CARTESIAN_POINT('',(-7.1,6.495391105,0.000711492));
#1472=VERTEX_POINT('',#1471);
#1473=CARTESIAN_POINT('',(-7.1,6.495391105,-1.599288508));
#1474=DIRECTION('',(0.,0.,1.));
#1475=VECTOR('',#1474,1.6);
#1476=LINE('',#1473,#1475);
#1477=EDGE_CURVE('',#339,#1472,#1476,.T.);
#1478=ORIENTED_EDGE('',*,*,#1477,.F.);
#1479=ORIENTED_EDGE('',*,*,#344,.F.);
#1480=CARTESIAN_POINT('',(-7.098614743,6.495391105,0.000711492));
#1481=VERTEX_POINT('',#1480);
#1482=CARTESIAN_POINT('',(-7.098614743,6.495391105,-1.599288508));
#1483=DIRECTION('',(-0.,0.,1.));
#1484=VECTOR('',#1483,1.6);
#1485=LINE('',#1482,#1484);
#1486=EDGE_CURVE('',#331,#1481,#1485,.T.);
#1487=ORIENTED_EDGE('',*,*,#1486,.T.);
#1488=CARTESIAN_POINT('',(-7.098614743,6.495391105,0.000711492));
#1489=DIRECTION('',(-1.,-0.,0.));
#1490=VECTOR('',#1489,0.001385257);
#1491=LINE('',#1488,#1490);
#1492=EDGE_CURVE('',#1481,#1472,#1491,.T.);
#1493=ORIENTED_EDGE('',*,*,#1492,.T.);
#1494=EDGE_LOOP('',(#1478,#1479,#1487,#1493));
#1495=FACE_BOUND('',#1494,.T.);
#1496=ADVANCED_FACE('',(#1495),#1470,.F.);
#1497=CARTESIAN_POINT('',(0.001567237,32.451149833,0.000711492));
#1498=DIRECTION('',(0.,0.,-1.));
#1499=DIRECTION('',(1.,0.,0.));
#1500=AXIS2_PLACEMENT_3D('',#1497,#1498,#1499);
#1501=PLANE('',#1500);
#1502=CARTESIAN_POINT('',(-5.4124167,3.885269289,0.000711492));
#1503=VERTEX_POINT('',#1502);
#1504=CARTESIAN_POINT('',(-5.4124167,5.090025,0.000711492));
#1505=VERTEX_POINT('',#1504);
#1506=CARTESIAN_POINT('',(-5.4124167,3.885269289,0.000711492));
#1507=DIRECTION('',(-0.,1.,0.));
#1508=VECTOR('',#1507,1.204755711);
#1509=LINE('',#1506,#1508);
#1510=EDGE_CURVE('',#1503,#1505,#1509,.T.);
#1511=ORIENTED_EDGE('',*,*,#1510,.F.);
#1512=CARTESIAN_POINT('',(-6.25,3.180025,0.000711492));
#1513=VERTEX_POINT('',#1512);
#1514=CARTESIAN_POINT('',(-6.25,4.030025,0.000711492));
#1515=DIRECTION('',(0.,0.,-1.));
#1516=DIRECTION('',(1.,0.,0.));
#1517=AXIS2_PLACEMENT_3D('',#1514,#1515,#1516);
#1518=CIRCLE('',#1517,0.85);
#1519=EDGE_CURVE('',#1503,#1513,#1518,.T.);
#1520=ORIENTED_EDGE('',*,*,#1519,.T.);
#1521=CARTESIAN_POINT('',(-7.086717654,3.880346788,0.000711492));
#1522=VERTEX_POINT('',#1521);
#1523=CARTESIAN_POINT('',(-6.25,4.030025,0.000711492));
#1524=DIRECTION('',(0.,0.,-1.));
#1525=DIRECTION('',(1.,0.,0.));
#1526=AXIS2_PLACEMENT_3D('',#1523,#1524,#1525);
#1527=CIRCLE('',#1526,0.85);
#1528=EDGE_CURVE('',#1513,#1522,#1527,.T.);
#1529=ORIENTED_EDGE('',*,*,#1528,.T.);
#1530=CARTESIAN_POINT('',(-7.086717654,6.345712893,0.000711492));
#1531=VERTEX_POINT('',#1530);
#1532=CARTESIAN_POINT('',(-7.086717654,6.345712893,0.000711492));
#1533=DIRECTION('',(0.,-1.,0.));
#1534=VECTOR('',#1533,2.465366105);
#1535=LINE('',#1532,#1534);
#1536=EDGE_CURVE('',#1531,#1522,#1535,.T.);
#1537=ORIENTED_EDGE('',*,*,#1536,.F.);
#1538=CARTESIAN_POINT('',(-6.25,6.495391105,0.000711492));
#1539=DIRECTION('',(0.,0.,-1.));
#1540=DIRECTION('',(1.,0.,0.));
#1541=AXIS2_PLACEMENT_3D('',#1538,#1539,#1540);
#1542=CIRCLE('',#1541,0.85);
#1543=EDGE_CURVE('',#1531,#1472,#1542,.T.);
#1544=ORIENTED_EDGE('',*,*,#1543,.T.);
#1545=ORIENTED_EDGE('',*,*,#1492,.F.);
#1546=CARTESIAN_POINT('',(-7.098614743,6.495391105,0.000711492));
#1547=DIRECTION('',(-0.,1.,0.));
#1548=VECTOR('',#1547,1.694633895);
#1549=LINE('',#1546,#1548);
#1550=EDGE_CURVE('',#1481,#1449,#1549,.T.);
#1551=ORIENTED_EDGE('',*,*,#1550,.T.);
#1552=ORIENTED_EDGE('',*,*,#1454,.T.);
#1553=CARTESIAN_POINT('',(-5.44403296,8.460056722,0.000711492));
#1554=VERTEX_POINT('',#1553);
#1555=CARTESIAN_POINT('',(-6.25,8.190025,0.000711492));
#1556=DIRECTION('',(0.,0.,-1.));
#1557=DIRECTION('',(1.,0.,0.));
#1558=AXIS2_PLACEMENT_3D('',#1555,#1556,#1557);
#1559=CIRCLE('',#1558,0.85);
#1560=EDGE_CURVE('',#1441,#1554,#1559,.T.);
#1561=ORIENTED_EDGE('',*,*,#1560,.T.);
#1562=CARTESIAN_POINT('',(-4.717769921,8.459760902,0.000711492));
#1563=VERTEX_POINT('',#1562);
#1564=CARTESIAN_POINT('',(-5.44403296,8.460056722,0.000711492));
#1565=DIRECTION('',(1.,0.,-0.));
#1566=VECTOR('',#1565,0.726274235);
#1567=LINE('',#1564,#1566);
#1568=EDGE_CURVE('',#1554,#1563,#1567,.T.);
#1569=ORIENTED_EDGE('',*,*,#1568,.T.);
#1570=CARTESIAN_POINT('',(-4.5,8.194370461,0.000711492));
#1571=VERTEX_POINT('',#1570);
#1572=CARTESIAN_POINT('',(-4.71776089,8.4600561,0.000711492));
#1573=CARTESIAN_POINT('',(-4.64082546,8.459559777,0.000711492));
#1574=CARTESIAN_POINT('',(-4.576211823,8.391881311,0.000711492));
#1575=CARTESIAN_POINT('',(-4.5,8.31205452,0.000711492));
#1576=CARTESIAN_POINT('',(-4.5,8.194370461,0.000711492));
#1577=B_SPLINE_CURVE_WITH_KNOTS('',2,(#1572,#1573,#1574,#1575,#1576),.UNSPECIFIED.,.F.,.F.,(3,2,3),(0.130568045,0.5,1.),.UNSPECIFIED.);
#1578=EDGE_CURVE('',#1563,#1571,#1577,.T.);
#1579=ORIENTED_EDGE('',*,*,#1578,.T.);
#1580=CARTESIAN_POINT('',(-4.5,7.850025,0.000711492));
#1581=VERTEX_POINT('',#1580);
#1582=CARTESIAN_POINT('',(-4.5,7.850025,0.000711492));
#1583=DIRECTION('',(-0.,1.,0.));
#1584=VECTOR('',#1583,0.344345461);
#1585=LINE('',#1582,#1584);
#1586=EDGE_CURVE('',#1581,#1571,#1585,.T.);
#1587=ORIENTED_EDGE('',*,*,#1586,.F.);
#1588=CARTESIAN_POINT('',(-4.2,8.150025,0.000711492));
#1589=VERTEX_POINT('',#1588);
#1590=CARTESIAN_POINT('',(-4.2,7.850025,0.000711492));
#1591=DIRECTION('',(0.,0.,-1.));
#1592=DIRECTION('',(1.,0.,0.));
#1593=AXIS2_PLACEMENT_3D('',#1590,#1591,#1592);
#1594=CIRCLE('',#1593,0.3);
#1595=EDGE_CURVE('',#1581,#1589,#1594,.T.);
#1596=ORIENTED_EDGE('',*,*,#1595,.T.);
#1597=CARTESIAN_POINT('',(4.2,8.150025,0.000711492));
#1598=VERTEX_POINT('',#1597);
#1599=CARTESIAN_POINT('',(-4.2,8.150025,0.000711492));
#1600=DIRECTION('',(1.,0.,0.));
#1601=VECTOR('',#1600,8.4);
#1602=LINE('',#1599,#1601);
#1603=EDGE_CURVE('',#1589,#1598,#1602,.T.);
#1604=ORIENTED_EDGE('',*,*,#1603,.T.);
#1605=CARTESIAN_POINT('',(4.5,7.850025,0.000711492));
#1606=VERTEX_POINT('',#1605);
#1607=CARTESIAN_POINT('',(4.2,7.850025,0.000711492));
#1608=DIRECTION('',(0.,0.,-1.));
#1609=DIRECTION('',(1.,0.,0.));
#1610=AXIS2_PLACEMENT_3D('',#1607,#1608,#1609);
#1611=CIRCLE('',#1610,0.3);
#1612=EDGE_CURVE('',#1598,#1606,#1611,.T.);
#1613=ORIENTED_EDGE('',*,*,#1612,.T.);
#1614=CARTESIAN_POINT('',(4.5,8.273722244,0.000711492));
#1615=VERTEX_POINT('',#1614);
#1616=CARTESIAN_POINT('',(4.5,8.273722244,0.000711492));
#1617=DIRECTION('',(0.,-1.,0.));
#1618=VECTOR('',#1617,0.423697244);
#1619=LINE('',#1616,#1618);
#1620=EDGE_CURVE('',#1615,#1606,#1619,.T.);
#1621=ORIENTED_EDGE('',*,*,#1620,.F.);
#1622=CARTESIAN_POINT('',(4.664311447,8.472675327,0.000711492));
#1623=VERTEX_POINT('',#1622);
#1624=CARTESIAN_POINT('',(4.5,8.273722244,0.000711492));
#1625=CARTESIAN_POINT('',(4.5,8.360687846,0.000711492));
#1626=CARTESIAN_POINT('',(4.556571663,8.420199403,0.000711492));
#1627=CARTESIAN_POINT('',(4.604737791,8.470868609,0.000711492));
#1628=CARTESIAN_POINT('',(4.664292436,8.472995836,0.000711492));
#1629=B_SPLINE_CURVE_WITH_KNOTS('',2,(#1624,#1625,#1626,#1627,#1628),.UNSPECIFIED.,.F.,.F.,(3,2,3),(0.,0.5,0.881058922),.UNSPECIFIED.);
#1630=EDGE_CURVE('',#1615,#1623,#1629,.T.);
#1631=ORIENTED_EDGE('',*,*,#1630,.T.);
#1632=CARTESIAN_POINT('',(4.702579929,8.471294985,0.000711492));
#1633=VERTEX_POINT('',#1632);
#1634=CARTESIAN_POINT('',(4.702579929,8.472995479,0.000711492));
#1635=DIRECTION('',(-1.,-0.,0.));
#1636=VECTOR('',#1635,0.038297492);
#1637=LINE('',#1634,#1636);
#1638=EDGE_CURVE('',#1633,#1623,#1637,.T.);
#1639=ORIENTED_EDGE('',*,*,#1638,.F.);
#1640=CARTESIAN_POINT('',(5.448484119,8.472995479,0.000711492));
#1641=VERTEX_POINT('',#1640);
#1642=CARTESIAN_POINT('',(5.448484119,8.472995479,0.000711492));
#1643=DIRECTION('',(-1.,-0.,0.));
#1644=VECTOR('',#1643,0.745904189);
#1645=LINE('',#1642,#1644);
#1646=EDGE_CURVE('',#1641,#1633,#1645,.T.);
#1647=ORIENTED_EDGE('',*,*,#1646,.F.);
#1648=CARTESIAN_POINT('',(7.1,8.190025,0.000711492));
#1649=VERTEX_POINT('',#1648);
#1650=CARTESIAN_POINT('',(6.25,8.190025,0.000711492));
#1651=DIRECTION('',(-0.,-0.,1.));
#1652=DIRECTION('',(1.,0.,0.));
#1653=AXIS2_PLACEMENT_3D('',#1650,#1651,#1652);
#1654=CIRCLE('',#1653,0.85);
#1655=EDGE_CURVE('',#1649,#1641,#1654,.T.);
#1656=ORIENTED_EDGE('',*,*,#1655,.F.);
#1657=CARTESIAN_POINT('',(7.1,6.495391105,0.000711492));
#1658=VERTEX_POINT('',#1657);
#1659=CARTESIAN_POINT('',(7.1,6.495391105,0.000711492));
#1660=DIRECTION('',(-0.,1.,0.));
#1661=VECTOR('',#1660,1.694633895);
#1662=LINE('',#1659,#1661);
#1663=EDGE_CURVE('',#1658,#1649,#1662,.T.);
#1664=ORIENTED_EDGE('',*,*,#1663,.F.);
#1665=CARTESIAN_POINT('',(7.088204515,6.354276997,0.000711492));
#1666=VERTEX_POINT('',#1665);
#1667=CARTESIAN_POINT('',(6.25,6.495391105,0.000711492));
#1668=DIRECTION('',(0.,0.,-1.));
#1669=DIRECTION('',(1.,0.,0.));
#1670=AXIS2_PLACEMENT_3D('',#1667,#1668,#1669);
#1671=CIRCLE('',#1670,0.85);
#1672=EDGE_CURVE('',#1658,#1666,#1671,.T.);
#1673=ORIENTED_EDGE('',*,*,#1672,.T.);
#1674=CARTESIAN_POINT('',(7.088204515,3.888910892,0.000711492));
#1675=VERTEX_POINT('',#1674);
#1676=CARTESIAN_POINT('',(7.088204515,3.888910892,0.000711492));
#1677=DIRECTION('',(-0.,1.,0.));
#1678=VECTOR('',#1677,2.465366105);
#1679=LINE('',#1676,#1678);
#1680=EDGE_CURVE('',#1675,#1666,#1679,.T.);
#1681=ORIENTED_EDGE('',*,*,#1680,.F.);
#1682=CARTESIAN_POINT('',(6.25,3.180025,0.000711492));
#1683=VERTEX_POINT('',#1682);
#1684=CARTESIAN_POINT('',(6.25,4.030025,0.000711492));
#1685=DIRECTION('',(0.,0.,-1.));
#1686=DIRECTION('',(1.,0.,0.));
#1687=AXIS2_PLACEMENT_3D('',#1684,#1685,#1686);
#1688=CIRCLE('',#1687,0.85);
#1689=EDGE_CURVE('',#1675,#1683,#1688,.T.);
#1690=ORIENTED_EDGE('',*,*,#1689,.T.);
#1691=CARTESIAN_POINT('',(5.414522316,3.873573605,0.000711492));
#1692=VERTEX_POINT('',#1691);
#1693=CARTESIAN_POINT('',(6.25,4.030025,0.000711492));
#1694=DIRECTION('',(0.,0.,-1.));
#1695=DIRECTION('',(1.,0.,0.));
#1696=AXIS2_PLACEMENT_3D('',#1693,#1694,#1695);
#1697=CIRCLE('',#1696,0.85);
#1698=EDGE_CURVE('',#1683,#1692,#1697,.T.);
#1699=ORIENTED_EDGE('',*,*,#1698,.T.);
#1700=CARTESIAN_POINT('',(5.414522316,5.090025,0.000711492));
#1701=VERTEX_POINT('',#1700);
#1702=CARTESIAN_POINT('',(5.414522316,5.090025,0.000711492));
#1703=DIRECTION('',(0.,-1.,0.));
#1704=VECTOR('',#1703,1.216451395);
#1705=LINE('',#1702,#1704);
#1706=EDGE_CURVE('',#1701,#1692,#1705,.T.);
#1707=ORIENTED_EDGE('',*,*,#1706,.F.);
#1708=CARTESIAN_POINT('',(5.214522316,5.290025,0.000711492));
#1709=VERTEX_POINT('',#1708);
#1710=CARTESIAN_POINT('',(5.214522316,5.090025,0.000711492));
#1711=DIRECTION('',(-0.,-0.,1.));
#1712=DIRECTION('',(1.,0.,0.));
#1713=AXIS2_PLACEMENT_3D('',#1710,#1711,#1712);
#1714=CIRCLE('',#1713,0.2);
#1715=EDGE_CURVE('',#1701,#1709,#1714,.T.);
#1716=ORIENTED_EDGE('',*,*,#1715,.T.);
#1717=CARTESIAN_POINT('',(4.7,5.290025,0.000711492));
#1718=VERTEX_POINT('',#1717);
#1719=CARTESIAN_POINT('',(4.7,5.290025,0.000711492));
#1720=DIRECTION('',(1.,0.,0.));
#1721=VECTOR('',#1720,0.514522316);
#1722=LINE('',#1719,#1721);
#1723=EDGE_CURVE('',#1718,#1709,#1722,.T.);
#1724=ORIENTED_EDGE('',*,*,#1723,.F.);
#1725=CARTESIAN_POINT('',(4.5,5.490025,0.000711492));
#1726=VERTEX_POINT('',#1725);
#1727=CARTESIAN_POINT('',(4.7,5.490025,0.000711492));
#1728=DIRECTION('',(0.,0.,-1.));
#1729=DIRECTION('',(1.,0.,0.));
#1730=AXIS2_PLACEMENT_3D('',#1727,#1728,#1729);
#1731=CIRCLE('',#1730,0.2);
#1732=EDGE_CURVE('',#1718,#1726,#1731,.T.);
#1733=ORIENTED_EDGE('',*,*,#1732,.T.);
#1734=CARTESIAN_POINT('',(4.5,5.450025,0.000711492));
#1735=VERTEX_POINT('',#1734);
#1736=CARTESIAN_POINT('',(4.5,5.490025,0.000711492));
#1737=DIRECTION('',(0.,-1.,0.));
#1738=VECTOR('',#1737,0.04);
#1739=LINE('',#1736,#1738);
#1740=EDGE_CURVE('',#1726,#1735,#1739,.T.);
#1741=ORIENTED_EDGE('',*,*,#1740,.T.);
#1742=CARTESIAN_POINT('',(4.2,5.450025,0.000711492));
#1743=DIRECTION('',(0.,0.,-1.));
#1744=DIRECTION('',(1.,0.,0.));
#1745=AXIS2_PLACEMENT_3D('',#1742,#1743,#1744);
#1746=CIRCLE('',#1745,0.3);
#1747=EDGE_CURVE('',#1735,#1020,#1746,.T.);
#1748=ORIENTED_EDGE('',*,*,#1747,.T.);
#1749=ORIENTED_EDGE('',*,*,#1025,.T.);
#1750=ORIENTED_EDGE('',*,*,#1409,.F.);
#1751=ORIENTED_EDGE('',*,*,#1133,.T.);
#1752=ORIENTED_EDGE('',*,*,#1215,.F.);
#1753=ORIENTED_EDGE('',*,*,#1099,.T.);
#1754=ORIENTED_EDGE('',*,*,#1332,.F.);
#1755=ORIENTED_EDGE('',*,*,#1057,.T.);
#1756=CARTESIAN_POINT('',(-4.5,5.450025,0.000711492));
#1757=VERTEX_POINT('',#1756);
#1758=CARTESIAN_POINT('',(-4.2,5.450025,0.000711492));
#1759=DIRECTION('',(0.,0.,-1.));
#1760=DIRECTION('',(1.,0.,0.));
#1761=AXIS2_PLACEMENT_3D('',#1758,#1759,#1760);
#1762=CIRCLE('',#1761,0.3);
#1763=EDGE_CURVE('',#1044,#1757,#1762,.T.);
#1764=ORIENTED_EDGE('',*,*,#1763,.T.);
#1765=CARTESIAN_POINT('',(-4.5,5.490025,0.000711492));
#1766=VERTEX_POINT('',#1765);
#1767=CARTESIAN_POINT('',(-4.5,5.450025,0.000711492));
#1768=DIRECTION('',(-0.,1.,0.));
#1769=VECTOR('',#1768,0.04);
#1770=LINE('',#1767,#1769);
#1771=EDGE_CURVE('',#1757,#1766,#1770,.T.);
#1772=ORIENTED_EDGE('',*,*,#1771,.T.);
#1773=CARTESIAN_POINT('',(-4.7,5.290025,0.000711492));
#1774=VERTEX_POINT('',#1773);
#1775=CARTESIAN_POINT('',(-4.7,5.490025,0.000711492));
#1776=DIRECTION('',(0.,0.,-1.));
#1777=DIRECTION('',(1.,0.,0.));
#1778=AXIS2_PLACEMENT_3D('',#1775,#1776,#1777);
#1779=CIRCLE('',#1778,0.2);
#1780=EDGE_CURVE('',#1766,#1774,#1779,.T.);
#1781=ORIENTED_EDGE('',*,*,#1780,.T.);
#1782=CARTESIAN_POINT('',(-5.2124167,5.290025,0.000711492));
#1783=VERTEX_POINT('',#1782);
#1784=CARTESIAN_POINT('',(-4.7,5.290025,0.000711492));
#1785=DIRECTION('',(-1.,-0.,0.));
#1786=VECTOR('',#1785,0.5124167);
#1787=LINE('',#1784,#1786);
#1788=EDGE_CURVE('',#1774,#1783,#1787,.T.);
#1789=ORIENTED_EDGE('',*,*,#1788,.T.);
#1790=CARTESIAN_POINT('',(-5.2124167,5.090025,0.000711492));
#1791=DIRECTION('',(-0.,-0.,1.));
#1792=DIRECTION('',(1.,0.,0.));
#1793=AXIS2_PLACEMENT_3D('',#1790,#1791,#1792);
#1794=CIRCLE('',#1793,0.2);
#1795=EDGE_CURVE('',#1783,#1505,#1794,.T.);
#1796=ORIENTED_EDGE('',*,*,#1795,.T.);
#1797=EDGE_LOOP('',(#1511,#1520,#1529,#1537,#1544,#1545,#1551,#1552,#1561,#1569,#1579,#1587,#1596,#1604,#1613,#1621,#1631,#1639,#1647,#1656,#1664,#1673,#1681,#1690,#1699,#1707,
#1716,#1724,#1733,#1741,#1748,#1749,#1750,#1751,#1752,#1753,#1754,#1755,#1764,#1772,#1781,#1789,#1796));
#1798=FACE_BOUND('',#1797,.T.);
#1799=CARTESIAN_POINT('',(-1.75,-3.311475,0.000711492));
#1800=VERTEX_POINT('',#1799);
#1801=CARTESIAN_POINT('',(-2.25,-3.811475,0.000711492));
#1802=VERTEX_POINT('',#1801);
#1803=CARTESIAN_POINT('',(-2.25,-3.311475,0.000711492));
#1804=DIRECTION('',(0.,0.,-1.));
#1805=DIRECTION('',(1.,0.,0.));
#1806=AXIS2_PLACEMENT_3D('',#1803,#1804,#1805);
#1807=CIRCLE('',#1806,0.5);
#1808=EDGE_CURVE('',#1800,#1802,#1807,.T.);
#1809=ORIENTED_EDGE('',*,*,#1808,.T.);
#1810=CARTESIAN_POINT('',(-2.25,-3.311475,0.000711492));
#1811=DIRECTION('',(0.,0.,-1.));
#1812=DIRECTION('',(1.,0.,0.));
#1813=AXIS2_PLACEMENT_3D('',#1810,#1811,#1812);
#1814=CIRCLE('',#1813,0.5);
#1815=EDGE_CURVE('',#1802,#1800,#1814,.T.);
#1816=ORIENTED_EDGE('',*,*,#1815,.T.);
#1817=EDGE_LOOP('',(#1809,#1816));
#1818=FACE_BOUND('',#1817,.T.);
#1819=CARTESIAN_POINT('',(2.75,-3.311475,0.000711492));
#1820=VERTEX_POINT('',#1819);
#1821=CARTESIAN_POINT('',(2.25,-3.811475,0.000711492));
#1822=VERTEX_POINT('',#1821);
#1823=CARTESIAN_POINT('',(2.25,-3.311475,0.000711492));
#1824=DIRECTION('',(0.,0.,-1.));
#1825=DIRECTION('',(1.,0.,0.));
#1826=AXIS2_PLACEMENT_3D('',#1823,#1824,#1825);
#1827=CIRCLE('',#1826,0.5);
#1828=EDGE_CURVE('',#1820,#1822,#1827,.T.);
#1829=ORIENTED_EDGE('',*,*,#1828,.T.);
#1830=CARTESIAN_POINT('',(2.25,-3.311475,0.000711492));
#1831=DIRECTION('',(0.,0.,-1.));
#1832=DIRECTION('',(1.,0.,0.));
#1833=AXIS2_PLACEMENT_3D('',#1830,#1831,#1832);
#1834=CIRCLE('',#1833,0.5);
#1835=EDGE_CURVE('',#1822,#1820,#1834,.T.);
#1836=ORIENTED_EDGE('',*,*,#1835,.T.);
#1837=EDGE_LOOP('',(#1829,#1836));
#1838=FACE_BOUND('',#1837,.T.);
#1839=CARTESIAN_POINT('',(2.75,-9.811475,0.000711492));
#1840=VERTEX_POINT('',#1839);
#1841=CARTESIAN_POINT('',(2.25,-10.311475,0.000711492));
#1842=VERTEX_POINT('',#1841);
#1843=CARTESIAN_POINT('',(2.25,-9.811475,0.000711492));
#1844=DIRECTION('',(0.,0.,-1.));
#1845=DIRECTION('',(1.,0.,0.));
#1846=AXIS2_PLACEMENT_3D('',#1843,#1844,#1845);
#1847=CIRCLE('',#1846,0.5);
#1848=EDGE_CURVE('',#1840,#1842,#1847,.T.);
#1849=ORIENTED_EDGE('',*,*,#1848,.T.);
#1850=CARTESIAN_POINT('',(2.25,-9.811475,0.000711492));
#1851=DIRECTION('',(0.,0.,-1.));
#1852=DIRECTION('',(1.,0.,0.));
#1853=AXIS2_PLACEMENT_3D('',#1850,#1851,#1852);
#1854=CIRCLE('',#1853,0.5);
#1855=EDGE_CURVE('',#1842,#1840,#1854,.T.);
#1856=ORIENTED_EDGE('',*,*,#1855,.T.);
#1857=EDGE_LOOP('',(#1849,#1856));
#1858=FACE_BOUND('',#1857,.T.);
#1859=CARTESIAN_POINT('',(-1.75,-9.811475,0.000711492));
#1860=VERTEX_POINT('',#1859);
#1861=CARTESIAN_POINT('',(-2.25,-10.311475,0.000711492));
#1862=VERTEX_POINT('',#1861);
#1863=CARTESIAN_POINT('',(-2.25,-9.811475,0.000711492));
#1864=DIRECTION('',(0.,0.,-1.));
#1865=DIRECTION('',(1.,0.,0.));
#1866=AXIS2_PLACEMENT_3D('',#1863,#1864,#1865);
#1867=CIRCLE('',#1866,0.5);
#1868=EDGE_CURVE('',#1860,#1862,#1867,.T.);
#1869=ORIENTED_EDGE('',*,*,#1868,.T.);
#1870=CARTESIAN_POINT('',(-2.25,-9.811475,0.000711492));
#1871=DIRECTION('',(0.,0.,-1.));
#1872=DIRECTION('',(1.,0.,0.));
#1873=AXIS2_PLACEMENT_3D('',#1870,#1871,#1872);
#1874=CIRCLE('',#1873,0.5);
#1875=EDGE_CURVE('',#1862,#1860,#1874,.T.);
#1876=ORIENTED_EDGE('',*,*,#1875,.T.);
#1877=EDGE_LOOP('',(#1869,#1876));
#1878=FACE_BOUND('',#1877,.T.);
#1879=CARTESIAN_POINT('',(-5.,-5.749975,0.000711492));
#1880=VERTEX_POINT('',#1879);
#1881=CARTESIAN_POINT('',(-6.1,-6.849975,0.000711492));
#1882=VERTEX_POINT('',#1881);
#1883=CARTESIAN_POINT('',(-5.,-6.849975,0.000711492));
#1884=DIRECTION('',(0.,0.,1.));
#1885=DIRECTION('',(-1.,-0.,0.));
#1886=AXIS2_PLACEMENT_3D('',#1883,#1884,#1885);
#1887=CIRCLE('',#1886,1.1);
#1888=EDGE_CURVE('',#1880,#1882,#1887,.T.);
#1889=ORIENTED_EDGE('',*,*,#1888,.F.);
#1890=CARTESIAN_POINT('',(-5.,-6.849975,0.000711492));
#1891=DIRECTION('',(0.,0.,1.));
#1892=DIRECTION('',(-1.,-0.,0.));
#1893=AXIS2_PLACEMENT_3D('',#1890,#1891,#1892);
#1894=CIRCLE('',#1893,1.1);
#1895=EDGE_CURVE('',#1882,#1880,#1894,.T.);
#1896=ORIENTED_EDGE('',*,*,#1895,.F.);
#1897=EDGE_LOOP('',(#1889,#1896));
#1898=FACE_BOUND('',#1897,.T.);
#1899=CARTESIAN_POINT('',(5.,-5.749975,0.000711492));
#1900=VERTEX_POINT('',#1899);
#1901=CARTESIAN_POINT('',(3.9,-6.849975,0.000711492));
#1902=VERTEX_POINT('',#1901);
#1903=CARTESIAN_POINT('',(5.,-6.849975,0.000711492));
#1904=DIRECTION('',(0.,0.,1.));
#1905=DIRECTION('',(-1.,-0.,0.));
#1906=AXIS2_PLACEMENT_3D('',#1903,#1904,#1905);
#1907=CIRCLE('',#1906,1.1);
#1908=EDGE_CURVE('',#1900,#1902,#1907,.T.);
#1909=ORIENTED_EDGE('',*,*,#1908,.F.);
#1910=CARTESIAN_POINT('',(5.,-6.849975,0.000711492));
#1911=DIRECTION('',(0.,0.,1.));
#1912=DIRECTION('',(-1.,-0.,0.));
#1913=AXIS2_PLACEMENT_3D('',#1910,#1911,#1912);
#1914=CIRCLE('',#1913,1.1);
#1915=EDGE_CURVE('',#1902,#1900,#1914,.T.);
#1916=ORIENTED_EDGE('',*,*,#1915,.F.);
#1917=EDGE_LOOP('',(#1909,#1916));
#1918=FACE_BOUND('',#1917,.T.);
#1919=ORIENTED_EDGE('',*,*,#846,.T.);
#1920=ORIENTED_EDGE('',*,*,#891,.F.);
#1921=ORIENTED_EDGE('',*,*,#790,.T.);
#1922=CARTESIAN_POINT('',(9.5,6.650025,0.000711492));
#1923=VERTEX_POINT('',#1922);
#1924=CARTESIAN_POINT('',(9.5,6.650025,0.000711492));
#1925=DIRECTION('',(0.,-1.,0.));
#1926=VECTOR('',#1925,11.27);
#1927=LINE('',#1924,#1926);
#1928=EDGE_CURVE('',#1923,#776,#1927,.T.);
#1929=ORIENTED_EDGE('',*,*,#1928,.F.);
#1930=CARTESIAN_POINT('',(6.5,6.650025,0.000711492));
#1931=DIRECTION('',(-0.,-0.,1.));
#1932=DIRECTION('',(1.,0.,0.));
#1933=AXIS2_PLACEMENT_3D('',#1930,#1931,#1932);
#1934=CIRCLE('',#1933,3.);
#1935=EDGE_CURVE('',#1923,#958,#1934,.T.);
#1936=ORIENTED_EDGE('',*,*,#1935,.T.);
#1937=ORIENTED_EDGE('',*,*,#963,.F.);
#1938=CARTESIAN_POINT('',(-9.5,6.650025,0.000711492));
#1939=VERTEX_POINT('',#1938);
#1940=CARTESIAN_POINT('',(-6.5,6.650025,0.000711492));
#1941=DIRECTION('',(-0.,-0.,1.));
#1942=DIRECTION('',(1.,0.,0.));
#1943=AXIS2_PLACEMENT_3D('',#1940,#1941,#1942);
#1944=CIRCLE('',#1943,3.);
#1945=EDGE_CURVE('',#950,#1939,#1944,.T.);
#1946=ORIENTED_EDGE('',*,*,#1945,.T.);
#1947=CARTESIAN_POINT('',(-9.5,-4.619975,0.000711492));
#1948=DIRECTION('',(-0.,1.,-0.));
#1949=VECTOR('',#1948,11.27);
#1950=LINE('',#1947,#1949);
#1951=EDGE_CURVE('',#840,#1939,#1950,.T.);
#1952=ORIENTED_EDGE('',*,*,#1951,.F.);
#1953=EDGE_LOOP('',(#1919,#1920,#1921,#1929,#1936,#1937,#1946,#1952));
#1954=FACE_BOUND('',#1953,.T.);
#1955=ADVANCED_FACE('',(#1798,#1818,#1838,#1858,#1878,#1898,#1918,#1954),#1501,.F.);
#1956=CARTESIAN_POINT('',(6.25,8.190025,-48.377547948));
#1957=DIRECTION('',(0.,0.,1.));
#1958=DIRECTION('',(-1.,-0.,0.));
#1959=AXIS2_PLACEMENT_3D('',#1956,#1957,#1958);
#1960=CYLINDRICAL_SURFACE('',#1959,0.85);
#1961=ORIENTED_EDGE('',*,*,#573,.F.);
#1962=CARTESIAN_POINT('',(7.1,8.190025,-1.599288508));
#1963=DIRECTION('',(0.,0.,1.));
#1964=VECTOR('',#1963,1.6);
#1965=LINE('',#1962,#1964);
#1966=EDGE_CURVE('',#559,#1649,#1965,.T.);
#1967=ORIENTED_EDGE('',*,*,#1966,.T.);
#1968=ORIENTED_EDGE('',*,*,#1655,.T.);
#1969=CARTESIAN_POINT('',(5.448484119,8.472995479,0.000711492));
#1970=DIRECTION('',(-0.,-0.,-1.));
#1971=VECTOR('',#1970,1.6);
#1972=LINE('',#1969,#1971);
#1973=EDGE_CURVE('',#1641,#567,#1972,.T.);
#1974=ORIENTED_EDGE('',*,*,#1973,.T.);
#1975=EDGE_LOOP('',(#1961,#1967,#1968,#1974));
#1976=FACE_BOUND('',#1975,.T.);
#1977=ADVANCED_FACE('',(#1976),#1960,.F.);
#1978=CARTESIAN_POINT('',(6.25,6.495391105,0.833976074));
#1979=DIRECTION('',(0.,-0.,-1.));
#1980=DIRECTION('',(0.,-1.,0.));
#1981=AXIS2_PLACEMENT_3D('',#1978,#1979,#1980);
#1982=CYLINDRICAL_SURFACE('',#1981,0.85);
#1983=ORIENTED_EDGE('',*,*,#556,.T.);
#1984=CARTESIAN_POINT('',(7.088204515,6.354276997,-1.599288508));
#1985=DIRECTION('',(-0.,0.,1.));
#1986=VECTOR('',#1985,1.6);
#1987=LINE('',#1984,#1986);
#1988=EDGE_CURVE('',#542,#1666,#1987,.T.);
#1989=ORIENTED_EDGE('',*,*,#1988,.T.);
#1990=ORIENTED_EDGE('',*,*,#1672,.F.);
#1991=CARTESIAN_POINT('',(7.1,6.495391105,-1.599288508));
#1992=DIRECTION('',(-0.,0.,1.));
#1993=VECTOR('',#1992,1.6);
#1994=LINE('',#1991,#1993);
#1995=EDGE_CURVE('',#550,#1658,#1994,.T.);
#1996=ORIENTED_EDGE('',*,*,#1995,.F.);
#1997=EDGE_LOOP('',(#1983,#1989,#1990,#1996));
#1998=FACE_BOUND('',#1997,.T.);
#1999=ADVANCED_FACE('',(#1998),#1982,.F.);
#2000=CARTESIAN_POINT('',(7.088204515,32.451149833,3.956477469));
#2001=DIRECTION('',(-1.,-0.,0.));
#2002=DIRECTION('',(0.,0.,-1.));
#2003=AXIS2_PLACEMENT_3D('',#2000,#2001,#2002);
#2004=PLANE('',#2003);
#2005=ORIENTED_EDGE('',*,*,#1988,.F.);
#2006=ORIENTED_EDGE('',*,*,#547,.F.);
#2007=CARTESIAN_POINT('',(7.088204515,3.888910892,0.000711492));
#2008=DIRECTION('',(0.,-0.,-1.));
#2009=VECTOR('',#2008,1.6);
#2010=LINE('',#2007,#2009);
#2011=EDGE_CURVE('',#1675,#533,#2010,.T.);
#2012=ORIENTED_EDGE('',*,*,#2011,.F.);
#2013=ORIENTED_EDGE('',*,*,#1680,.T.);
#2014=EDGE_LOOP('',(#2005,#2006,#2012,#2013));
#2015=FACE_BOUND('',#2014,.T.);
#2016=ADVANCED_FACE('',(#2015),#2004,.T.);
#2017=CARTESIAN_POINT('',(-7.086717654,32.451149833,3.956477469));
#2018=DIRECTION('',(1.,0.,0.));
#2019=DIRECTION('',(0.,0.,1.));
#2020=AXIS2_PLACEMENT_3D('',#2017,#2018,#2019);
#2021=PLANE('',#2020);
#2022=CARTESIAN_POINT('',(-7.086717654,6.345712893,0.000711492));
#2023=DIRECTION('',(-0.,-0.,-1.));
#2024=VECTOR('',#2023,1.6);
#2025=LINE('',#2022,#2024);
#2026=EDGE_CURVE('',#1531,#347,#2025,.T.);
#2027=ORIENTED_EDGE('',*,*,#2026,.F.);
#2028=ORIENTED_EDGE('',*,*,#1536,.T.);
#2029=CARTESIAN_POINT('',(-7.086717654,3.880346788,-1.599288508));
#2030=DIRECTION('',(-0.,0.,1.));
#2031=VECTOR('',#2030,1.6);
#2032=LINE('',#2029,#2031);
#2033=EDGE_CURVE('',#356,#1522,#2032,.T.);
#2034=ORIENTED_EDGE('',*,*,#2033,.F.);
#2035=ORIENTED_EDGE('',*,*,#361,.F.);
#2036=EDGE_LOOP('',(#2027,#2028,#2034,#2035));
#2037=FACE_BOUND('',#2036,.T.);
#2038=ADVANCED_FACE('',(#2037),#2021,.T.);
#2039=CARTESIAN_POINT('',(-6.25,8.190025,0.160711492));
#2040=DIRECTION('',(0.,0.,-1.));
#2041=DIRECTION('',(1.,0.,0.));
#2042=AXIS2_PLACEMENT_3D('',#2039,#2040,#2041);
#2043=CYLINDRICAL_SURFACE('',#2042,0.85);
#2044=CARTESIAN_POINT('',(-6.3,9.038553137,-1.399288508));
#2045=VERTEX_POINT('',#2044);
#2046=CARTESIAN_POINT('',(-6.2,9.038553137,-1.399288508));
#2047=VERTEX_POINT('',#2046);
#2048=CARTESIAN_POINT('',(-6.25,8.190025,-1.399288508));
#2049=DIRECTION('',(0.,0.,-1.));
#2050=DIRECTION('',(0.,-1.,0.));
#2051=AXIS2_PLACEMENT_3D('',#2048,#2049,#2050);
#2052=CIRCLE('',#2051,0.85);
#2053=EDGE_CURVE('',#2045,#2047,#2052,.T.);
#2054=ORIENTED_EDGE('',*,*,#2053,.T.);
#2055=CARTESIAN_POINT('',(-6.2,9.038553137,-1.399288508));
#2056=DIRECTION('',(0.,0.,-1.));
#2057=VECTOR('',#2056,0.2);
#2058=LINE('',#2055,#2057);
#2059=EDGE_CURVE('',#2047,#710,#2058,.T.);
#2060=ORIENTED_EDGE('',*,*,#2059,.T.);
#2061=ORIENTED_EDGE('',*,*,#716,.T.);
#2062=CARTESIAN_POINT('',(-5.44403296,8.460056722,0.000711492));
#2063=DIRECTION('',(0.,0.,-1.));
#2064=VECTOR('',#2063,1.6);
#2065=LINE('',#2062,#2064);
#2066=EDGE_CURVE('',#1554,#702,#2065,.T.);
#2067=ORIENTED_EDGE('',*,*,#2066,.F.);
#2068=ORIENTED_EDGE('',*,*,#1560,.F.);
#2069=ORIENTED_EDGE('',*,*,#1446,.F.);
#2070=ORIENTED_EDGE('',*,*,#320,.T.);
#2071=CARTESIAN_POINT('',(-6.3,9.038553137,-1.399288508));
#2072=DIRECTION('',(0.,0.,-1.));
#2073=VECTOR('',#2072,0.2);
#2074=LINE('',#2071,#2073);
#2075=EDGE_CURVE('',#2045,#306,#2074,.T.);
#2076=ORIENTED_EDGE('',*,*,#2075,.F.);
#2077=EDGE_LOOP('',(#2054,#2060,#2061,#2067,#2068,#2069,#2070,#2076));
#2078=FACE_BOUND('',#2077,.T.);
#2079=ADVANCED_FACE('',(#2078),#2043,.F.);
#2080=CARTESIAN_POINT('',(-9.5,32.451149833,0.000711492));
#2081=DIRECTION('',(-1.,-0.,0.));
#2082=DIRECTION('',(0.,0.,-1.));
#2083=AXIS2_PLACEMENT_3D('',#2080,#2081,#2082);
#2084=PLANE('',#2083);
#2085=ORIENTED_EDGE('',*,*,#1951,.T.);
#2086=CARTESIAN_POINT('',(-9.5,6.650025,0.000711492));
#2087=DIRECTION('',(0.,-0.,-1.));
#2088=VECTOR('',#2087,1.6);
#2089=LINE('',#2086,#2088);
#2090=EDGE_CURVE('',#1939,#281,#2089,.T.);
#2091=ORIENTED_EDGE('',*,*,#2090,.T.);
#2092=ORIENTED_EDGE('',*,*,#286,.F.);
#2093=ORIENTED_EDGE('',*,*,#852,.T.);
#2094=EDGE_LOOP('',(#2085,#2091,#2092,#2093));
#2095=FACE_BOUND('',#2094,.T.);
#2096=ADVANCED_FACE('',(#2095),#2084,.T.);
#2097=CARTESIAN_POINT('',(9.5,32.451149833,0.000711492));
#2098=DIRECTION('',(1.,0.,0.));
#2099=DIRECTION('',(0.,0.,1.));
#2100=AXIS2_PLACEMENT_3D('',#2097,#2098,#2099);
#2101=PLANE('',#2100);
#2102=ORIENTED_EDGE('',*,*,#1928,.T.);
#2103=ORIENTED_EDGE('',*,*,#781,.T.);
#2104=ORIENTED_EDGE('',*,*,#747,.F.);
#2105=CARTESIAN_POINT('',(9.5,6.650025,-1.599288508));
#2106=DIRECTION('',(-0.,0.,1.));
#2107=VECTOR('',#2106,1.6);
#2108=LINE('',#2105,#2107);
#2109=EDGE_CURVE('',#735,#1923,#2108,.T.);
#2110=ORIENTED_EDGE('',*,*,#2109,.T.);
#2111=EDGE_LOOP('',(#2102,#2103,#2104,#2110));
#2112=FACE_BOUND('',#2111,.T.);
#2113=ADVANCED_FACE('',(#2112),#2101,.T.);
#2114=CARTESIAN_POINT('',(5.,-6.849975,-1.999288508));
#2115=DIRECTION('',(0.,-0.,1.));
#2116=DIRECTION('',(-0.,1.,0.));
#2117=AXIS2_PLACEMENT_3D('',#2114,#2115,#2116);
#2118=CYLINDRICAL_SURFACE('',#2117,1.1);
#2119=CARTESIAN_POINT('',(5.,-5.749975,0.000711492));
#2120=DIRECTION('',(-0.,0.,-1.));
#2121=VECTOR('',#2120,1.6);
#2122=LINE('',#2119,#2121);
#2123=EDGE_CURVE('',#1900,#52,#2122,.T.);
#2124=ORIENTED_EDGE('',*,*,#2123,.F.);
#2125=ORIENTED_EDGE('',*,*,#1908,.T.);
#2126=ORIENTED_EDGE('',*,*,#1915,.T.);
#2127=ORIENTED_EDGE('',*,*,#2123,.T.);
#2128=ORIENTED_EDGE('',*,*,#58,.T.);
#2129=CARTESIAN_POINT('',(5.83861217,-7.561824443,-1.399288508));
#2130=VERTEX_POINT('',#2129);
#2131=CARTESIAN_POINT('',(5.83861217,-7.561824443,-1.399288508));
#2132=DIRECTION('',(0.,0.,-1.));
#2133=VECTOR('',#2132,0.2);
#2134=LINE('',#2131,#2133);
#2135=EDGE_CURVE('',#2130,#44,#2134,.T.);
#2136=ORIENTED_EDGE('',*,*,#2135,.F.);
#2137=CARTESIAN_POINT('',(5.770500132,-7.635041588,-1.399288508));
#2138=VERTEX_POINT('',#2137);
#2139=CARTESIAN_POINT('',(5.,-6.849975,-1.399288508));
#2140=DIRECTION('',(0.,0.,-1.));
#2141=DIRECTION('',(0.,-1.,0.));
#2142=AXIS2_PLACEMENT_3D('',#2139,#2140,#2141);
#2143=CIRCLE('',#2142,1.1);
#2144=EDGE_CURVE('',#2130,#2138,#2143,.T.);
#2145=ORIENTED_EDGE('',*,*,#2144,.T.);
#2146=CARTESIAN_POINT('',(5.770500132,-7.635041588,-1.399288508));
#2147=DIRECTION('',(0.,0.,-1.));
#2148=VECTOR('',#2147,0.2);
#2149=LINE('',#2146,#2148);
#2150=EDGE_CURVE('',#2138,#61,#2149,.T.);
#2151=ORIENTED_EDGE('',*,*,#2150,.T.);
#2152=ORIENTED_EDGE('',*,*,#67,.T.);
#2153=EDGE_LOOP('',(#2124,#2125,#2126,#2127,#2128,#2136,#2145,#2151,#2152));
#2154=FACE_BOUND('',#2153,.T.);
#2155=ADVANCED_FACE('',(#2154),#2118,.F.);
#2156=CARTESIAN_POINT('',(-5.,-6.849975,-1.999288508));
#2157=DIRECTION('',(0.,-0.,1.));
#2158=DIRECTION('',(-0.,1.,0.));
#2159=AXIS2_PLACEMENT_3D('',#2156,#2157,#2158);
#2160=CYLINDRICAL_SURFACE('',#2159,1.1);
#2161=CARTESIAN_POINT('',(-5.,-5.749975,0.000711492));
#2162=DIRECTION('',(-0.,0.,-1.));
#2163=VECTOR('',#2162,1.6);
#2164=LINE('',#2161,#2163);
#2165=EDGE_CURVE('',#1880,#246,#2164,.T.);
#2166=ORIENTED_EDGE('',*,*,#2165,.F.);
#2167=ORIENTED_EDGE('',*,*,#1888,.T.);
#2168=ORIENTED_EDGE('',*,*,#1895,.T.);
#2169=ORIENTED_EDGE('',*,*,#2165,.T.);
#2170=ORIENTED_EDGE('',*,*,#252,.T.);
#2171=CARTESIAN_POINT('',(-5.770500131,-7.635041588,-1.399288508));
#2172=VERTEX_POINT('',#2171);
#2173=CARTESIAN_POINT('',(-5.770500131,-7.635041588,-1.399288508));
#2174=DIRECTION('',(0.,0.,-1.));
#2175=VECTOR('',#2174,0.2);
#2176=LINE('',#2173,#2175);
#2177=EDGE_CURVE('',#2172,#238,#2176,.T.);
#2178=ORIENTED_EDGE('',*,*,#2177,.F.);
#2179=CARTESIAN_POINT('',(-5.838612169,-7.561824443,-1.399288508));
#2180=VERTEX_POINT('',#2179);
#2181=CARTESIAN_POINT('',(-5.,-6.849975,-1.399288508));
#2182=DIRECTION('',(0.,0.,-1.));
#2183=DIRECTION('',(0.,-1.,0.));
#2184=AXIS2_PLACEMENT_3D('',#2181,#2182,#2183);
#2185=CIRCLE('',#2184,1.1);
#2186=EDGE_CURVE('',#2172,#2180,#2185,.T.);
#2187=ORIENTED_EDGE('',*,*,#2186,.T.);
#2188=CARTESIAN_POINT('',(-5.838612169,-7.561824443,-1.399288508));
#2189=DIRECTION('',(0.,0.,-1.));
#2190=VECTOR('',#2189,0.2);
#2191=LINE('',#2188,#2190);
#2192=EDGE_CURVE('',#2180,#255,#2191,.T.);
#2193=ORIENTED_EDGE('',*,*,#2192,.T.);
#2194=ORIENTED_EDGE('',*,*,#261,.T.);
#2195=EDGE_LOOP('',(#2166,#2167,#2168,#2169,#2170,#2178,#2187,#2193,#2194));
#2196=FACE_BOUND('',#2195,.T.);
#2197=ADVANCED_FACE('',(#2196),#2160,.F.);
#2198=CARTESIAN_POINT('',(4.5,6.650025,4.700711492));
#2199=DIRECTION('',(1.,0.,0.));
#2200=DIRECTION('',(0.,0.,1.));
#2201=AXIS2_PLACEMENT_3D('',#2198,#2199,#2200);
#2202=PLANE('',#2201);
#2203=CARTESIAN_POINT('',(4.5,7.850025,4.400711492));
#2204=VERTEX_POINT('',#2203);
#2205=CARTESIAN_POINT('',(4.5,7.850025,0.000711492));
#2206=DIRECTION('',(0.,-0.,1.));
#2207=VECTOR('',#2206,4.4);
#2208=LINE('',#2205,#2207);
#2209=EDGE_CURVE('',#1606,#2204,#2208,.T.);
#2210=ORIENTED_EDGE('',*,*,#2209,.T.);
#2211=CARTESIAN_POINT('',(4.5,5.450025,4.400711492));
#2212=VERTEX_POINT('',#2211);
#2213=CARTESIAN_POINT('',(4.5,7.850025,4.400711492));
#2214=DIRECTION('',(0.,-1.,0.));
#2215=VECTOR('',#2214,2.4);
#2216=LINE('',#2213,#2215);
#2217=EDGE_CURVE('',#2204,#2212,#2216,.T.);
#2218=ORIENTED_EDGE('',*,*,#2217,.T.);
#2219=CARTESIAN_POINT('',(4.5,5.450025,4.400711492));
#2220=DIRECTION('',(-0.,0.,-1.));
#2221=VECTOR('',#2220,4.4);
#2222=LINE('',#2219,#2221);
#2223=EDGE_CURVE('',#2212,#1735,#2222,.T.);
#2224=ORIENTED_EDGE('',*,*,#2223,.T.);
#2225=ORIENTED_EDGE('',*,*,#1740,.F.);
#2226=CARTESIAN_POINT('',(4.5,5.490025,0.000711492));
#2227=DIRECTION('',(0.,-0.,-1.));
#2228=VECTOR('',#2227,1.6);
#2229=LINE('',#2226,#2228);
#2230=EDGE_CURVE('',#1726,#618,#2229,.T.);
#2231=ORIENTED_EDGE('',*,*,#2230,.T.);
#2232=ORIENTED_EDGE('',*,*,#623,.F.);
#2233=ORIENTED_EDGE('',*,*,#615,.F.);
#2234=ORIENTED_EDGE('',*,*,#607,.F.);
#2235=CARTESIAN_POINT('',(4.5,8.273722244,-1.599288508));
#2236=DIRECTION('',(0.,0.,1.));
#2237=VECTOR('',#2236,1.6);
#2238=LINE('',#2235,#2237);
#2239=EDGE_CURVE('',#592,#1615,#2238,.T.);
#2240=ORIENTED_EDGE('',*,*,#2239,.T.);
#2241=ORIENTED_EDGE('',*,*,#1620,.T.);
#2242=EDGE_LOOP('',(#2210,#2218,#2224,#2225,#2231,#2232,#2233,#2234,#2240,#2241));
#2243=FACE_BOUND('',#2242,.T.);
#2244=ADVANCED_FACE('',(#2243),#2202,.T.);
#2245=CARTESIAN_POINT('',(-0.,8.150025,4.700711492));
#2246=DIRECTION('',(-0.,1.,0.));
#2247=DIRECTION('',(-0.,0.,-1.));
#2248=AXIS2_PLACEMENT_3D('',#2245,#2246,#2247);
#2249=PLANE('',#2248);
#2250=CARTESIAN_POINT('',(-4.2,8.150025,4.400711492));
#2251=VERTEX_POINT('',#2250);
#2252=CARTESIAN_POINT('',(-4.2,8.150025,0.000711492));
#2253=DIRECTION('',(0.,-0.,1.));
#2254=VECTOR('',#2253,4.4);
#2255=LINE('',#2252,#2254);
#2256=EDGE_CURVE('',#1589,#2251,#2255,.T.);
#2257=ORIENTED_EDGE('',*,*,#2256,.T.);
#2258=CARTESIAN_POINT('',(4.2,8.150025,4.400711492));
#2259=VERTEX_POINT('',#2258);
#2260=CARTESIAN_POINT('',(-4.2,8.150025,4.400711492));
#2261=DIRECTION('',(1.,0.,0.));
#2262=VECTOR('',#2261,8.4);
#2263=LINE('',#2260,#2262);
#2264=EDGE_CURVE('',#2251,#2259,#2263,.T.);
#2265=ORIENTED_EDGE('',*,*,#2264,.T.);
#2266=CARTESIAN_POINT('',(4.2,8.150025,4.400711492));
#2267=DIRECTION('',(-0.,0.,-1.));
#2268=VECTOR('',#2267,4.4);
#2269=LINE('',#2266,#2268);
#2270=EDGE_CURVE('',#2259,#1598,#2269,.T.);
#2271=ORIENTED_EDGE('',*,*,#2270,.T.);
#2272=ORIENTED_EDGE('',*,*,#1603,.F.);
#2273=EDGE_LOOP('',(#2257,#2265,#2271,#2272));
#2274=FACE_BOUND('',#2273,.T.);
#2275=ADVANCED_FACE('',(#2274),#2249,.T.);
#2276=CARTESIAN_POINT('',(-4.5,6.650025,4.700711492));
#2277=DIRECTION('',(-1.,-0.,0.));
#2278=DIRECTION('',(0.,0.,-1.));
#2279=AXIS2_PLACEMENT_3D('',#2276,#2277,#2278);
#2280=PLANE('',#2279);
#2281=CARTESIAN_POINT('',(-4.5,5.450025,4.400711492));
#2282=VERTEX_POINT('',#2281);
#2283=CARTESIAN_POINT('',(-4.5,5.450025,0.000711492));
#2284=DIRECTION('',(0.,-0.,1.));
#2285=VECTOR('',#2284,4.4);
#2286=LINE('',#2283,#2285);
#2287=EDGE_CURVE('',#1757,#2282,#2286,.T.);
#2288=ORIENTED_EDGE('',*,*,#2287,.T.);
#2289=CARTESIAN_POINT('',(-4.5,7.850025,4.400711492));
#2290=VERTEX_POINT('',#2289);
#2291=CARTESIAN_POINT('',(-4.5,5.450025,4.400711492));
#2292=DIRECTION('',(-0.,1.,0.));
#2293=VECTOR('',#2292,2.4);
#2294=LINE('',#2291,#2293);
#2295=EDGE_CURVE('',#2282,#2290,#2294,.T.);
#2296=ORIENTED_EDGE('',*,*,#2295,.T.);
#2297=CARTESIAN_POINT('',(-4.5,7.850025,4.400711492));
#2298=DIRECTION('',(-0.,0.,-1.));
#2299=VECTOR('',#2298,4.4);
#2300=LINE('',#2297,#2299);
#2301=EDGE_CURVE('',#2290,#1581,#2300,.T.);
#2302=ORIENTED_EDGE('',*,*,#2301,.T.);
#2303=ORIENTED_EDGE('',*,*,#1586,.T.);
#2304=CARTESIAN_POINT('',(-4.5,8.194370461,0.000711492));
#2305=DIRECTION('',(0.,0.,-1.));
#2306=VECTOR('',#2305,1.6);
#2307=LINE('',#2304,#2306);
#2308=EDGE_CURVE('',#1571,#684,#2307,.T.);
#2309=ORIENTED_EDGE('',*,*,#2308,.T.);
#2310=ORIENTED_EDGE('',*,*,#689,.F.);
#2311=ORIENTED_EDGE('',*,*,#681,.F.);
#2312=ORIENTED_EDGE('',*,*,#673,.F.);
#2313=CARTESIAN_POINT('',(-4.5,5.490025,-1.599288508));
#2314=DIRECTION('',(-0.,0.,1.));
#2315=VECTOR('',#2314,1.6);
#2316=LINE('',#2313,#2315);
#2317=EDGE_CURVE('',#659,#1766,#2316,.T.);
#2318=ORIENTED_EDGE('',*,*,#2317,.T.);
#2319=ORIENTED_EDGE('',*,*,#1771,.F.);
#2320=EDGE_LOOP('',(#2288,#2296,#2302,#2303,#2309,#2310,#2311,#2312,#2318,#2319));
#2321=FACE_BOUND('',#2320,.T.);
#2322=ADVANCED_FACE('',(#2321),#2280,.T.);
#2323=CARTESIAN_POINT('',(-0.,0.150025,4.700711492));
#2324=DIRECTION('',(0.,0.,1.));
#2325=DIRECTION('',(-1.,-0.,0.));
#2326=AXIS2_PLACEMENT_3D('',#2323,#2324,#2325);
#2327=PLANE('',#2326);
#2328=CARTESIAN_POINT('',(-4.2,5.450025,4.700711492));
#2329=VERTEX_POINT('',#2328);
#2330=CARTESIAN_POINT('',(4.2,5.450025,4.700711492));
#2331=VERTEX_POINT('',#2330);
#2332=CARTESIAN_POINT('',(-4.2,5.450025,4.700711492));
#2333=DIRECTION('',(1.,0.,-0.));
#2334=VECTOR('',#2333,8.4);
#2335=LINE('',#2332,#2334);
#2336=EDGE_CURVE('',#2329,#2331,#2335,.T.);
#2337=ORIENTED_EDGE('',*,*,#2336,.T.);
#2338=CARTESIAN_POINT('',(4.2,7.850025,4.700711492));
#2339=VERTEX_POINT('',#2338);
#2340=CARTESIAN_POINT('',(4.2,5.450025,4.700711492));
#2341=DIRECTION('',(-0.,1.,-0.));
#2342=VECTOR('',#2341,2.4);
#2343=LINE('',#2340,#2342);
#2344=EDGE_CURVE('',#2331,#2339,#2343,.T.);
#2345=ORIENTED_EDGE('',*,*,#2344,.T.);
#2346=CARTESIAN_POINT('',(-4.2,7.850025,4.700711492));
#2347=VERTEX_POINT('',#2346);
#2348=CARTESIAN_POINT('',(4.2,7.850025,4.700711492));
#2349=DIRECTION('',(-1.,-0.,-0.));
#2350=VECTOR('',#2349,8.4);
#2351=LINE('',#2348,#2350);
#2352=EDGE_CURVE('',#2339,#2347,#2351,.T.);
#2353=ORIENTED_EDGE('',*,*,#2352,.T.);
#2354=CARTESIAN_POINT('',(-4.2,7.850025,4.700711492));
#2355=DIRECTION('',(0.,-1.,-0.));
#2356=VECTOR('',#2355,2.4);
#2357=LINE('',#2354,#2356);
#2358=EDGE_CURVE('',#2347,#2329,#2357,.T.);
#2359=ORIENTED_EDGE('',*,*,#2358,.T.);
#2360=EDGE_LOOP('',(#2337,#2345,#2353,#2359));
#2361=FACE_BOUND('',#2360,.T.);
#2362=ADVANCED_FACE('',(#2361),#2327,.T.);
#2363=CARTESIAN_POINT('',(-5.4124167,32.451149833,3.956477469));
#2364=DIRECTION('',(-1.,-0.,0.));
#2365=DIRECTION('',(0.,0.,-1.));
#2366=AXIS2_PLACEMENT_3D('',#2363,#2364,#2365);
#2367=PLANE('',#2366);
#2368=ORIENTED_EDGE('',*,*,#387,.F.);
#2369=CARTESIAN_POINT('',(-5.4124167,3.885269289,-1.599288508));
#2370=DIRECTION('',(-0.,0.,1.));
#2371=VECTOR('',#2370,1.6);
#2372=LINE('',#2369,#2371);
#2373=EDGE_CURVE('',#373,#1503,#2372,.T.);
#2374=ORIENTED_EDGE('',*,*,#2373,.T.);
#2375=ORIENTED_EDGE('',*,*,#1510,.T.);
#2376=CARTESIAN_POINT('',(-5.4124167,5.090025,0.000711492));
#2377=DIRECTION('',(0.,-0.,-1.));
#2378=VECTOR('',#2377,1.6);
#2379=LINE('',#2376,#2378);
#2380=EDGE_CURVE('',#1505,#382,#2379,.T.);
#2381=ORIENTED_EDGE('',*,*,#2380,.T.);
#2382=EDGE_LOOP('',(#2368,#2374,#2375,#2381));
#2383=FACE_BOUND('',#2382,.T.);
#2384=ADVANCED_FACE('',(#2383),#2367,.T.);
#2385=CARTESIAN_POINT('',(0.001567237,5.290025,3.956477469));
#2386=DIRECTION('',(0.,-1.,0.));
#2387=DIRECTION('',(-0.,0.,1.));
#2388=AXIS2_PLACEMENT_3D('',#2385,#2386,#2387);
#2389=PLANE('',#2388);
#2390=ORIENTED_EDGE('',*,*,#404,.T.);
#2391=CARTESIAN_POINT('',(-5.2124167,5.290025,-1.599288508));
#2392=DIRECTION('',(-0.,0.,1.));
#2393=VECTOR('',#2392,1.6);
#2394=LINE('',#2391,#2393);
#2395=EDGE_CURVE('',#390,#1783,#2394,.T.);
#2396=ORIENTED_EDGE('',*,*,#2395,.T.);
#2397=ORIENTED_EDGE('',*,*,#1788,.F.);
#2398=CARTESIAN_POINT('',(-4.7,5.290025,0.000711492));
#2399=DIRECTION('',(0.,-0.,-1.));
#2400=VECTOR('',#2399,1.6);
#2401=LINE('',#2398,#2400);
#2402=EDGE_CURVE('',#1774,#399,#2401,.T.);
#2403=ORIENTED_EDGE('',*,*,#2402,.T.);
#2404=EDGE_LOOP('',(#2390,#2396,#2397,#2403));
#2405=FACE_BOUND('',#2404,.T.);
#2406=ADVANCED_FACE('',(#2405),#2389,.F.);
#2407=CARTESIAN_POINT('',(5.414522316,32.451149833,3.956477469));
#2408=DIRECTION('',(1.,0.,0.));
#2409=DIRECTION('',(0.,0.,1.));
#2410=AXIS2_PLACEMENT_3D('',#2407,#2408,#2409);
#2411=PLANE('',#2410);
#2412=ORIENTED_EDGE('',*,*,#1706,.T.);
#2413=CARTESIAN_POINT('',(5.414522316,3.873573605,-1.599288508));
#2414=DIRECTION('',(-0.,0.,1.));
#2415=VECTOR('',#2414,1.6);
#2416=LINE('',#2413,#2415);
#2417=EDGE_CURVE('',#516,#1692,#2416,.T.);
#2418=ORIENTED_EDGE('',*,*,#2417,.F.);
#2419=ORIENTED_EDGE('',*,*,#521,.F.);
#2420=CARTESIAN_POINT('',(5.414522316,5.090025,-1.599288508));
#2421=DIRECTION('',(-0.,0.,1.));
#2422=VECTOR('',#2421,1.6);
#2423=LINE('',#2420,#2422);
#2424=EDGE_CURVE('',#507,#1701,#2423,.T.);
#2425=ORIENTED_EDGE('',*,*,#2424,.T.);
#2426=EDGE_LOOP('',(#2412,#2418,#2419,#2425));
#2427=FACE_BOUND('',#2426,.T.);
#2428=ADVANCED_FACE('',(#2427),#2411,.T.);
#2429=CARTESIAN_POINT('',(0.001567237,5.290025,3.956477469));
#2430=DIRECTION('',(-0.,1.,-0.));
#2431=DIRECTION('',(0.,-0.,-1.));
#2432=AXIS2_PLACEMENT_3D('',#2429,#2430,#2431);
#2433=PLANE('',#2432);
#2434=ORIENTED_EDGE('',*,*,#1723,.T.);
#2435=CARTESIAN_POINT('',(5.214522316,5.290025,0.000711492));
#2436=DIRECTION('',(0.,-0.,-1.));
#2437=VECTOR('',#2436,1.6);
#2438=LINE('',#2435,#2437);
#2439=EDGE_CURVE('',#1709,#499,#2438,.T.);
#2440=ORIENTED_EDGE('',*,*,#2439,.T.);
#2441=ORIENTED_EDGE('',*,*,#504,.F.);
#2442=CARTESIAN_POINT('',(4.7,5.290025,-1.599288508));
#2443=DIRECTION('',(-0.,0.,1.));
#2444=VECTOR('',#2443,1.6);
#2445=LINE('',#2442,#2444);
#2446=EDGE_CURVE('',#490,#1718,#2445,.T.);
#2447=ORIENTED_EDGE('',*,*,#2446,.T.);
#2448=EDGE_LOOP('',(#2434,#2440,#2441,#2447));
#2449=FACE_BOUND('',#2448,.T.);
#2450=ADVANCED_FACE('',(#2449),#2433,.T.);
#2451=CARTESIAN_POINT('',(-6.5,6.650025,0.000711492));
#2452=DIRECTION('',(0.,-0.,-1.));
#2453=DIRECTION('',(0.,-1.,0.));
#2454=AXIS2_PLACEMENT_3D('',#2451,#2452,#2453);
#2455=CYLINDRICAL_SURFACE('',#2454,3.);
#2456=ORIENTED_EDGE('',*,*,#1945,.F.);
#2457=ORIENTED_EDGE('',*,*,#955,.F.);
#2458=ORIENTED_EDGE('',*,*,#295,.F.);
#2459=ORIENTED_EDGE('',*,*,#2090,.F.);
#2460=EDGE_LOOP('',(#2456,#2457,#2458,#2459));
#2461=FACE_BOUND('',#2460,.T.);
#2462=ADVANCED_FACE('',(#2461),#2455,.T.);
#2463=CARTESIAN_POINT('',(6.5,6.650025,0.000711492));
#2464=DIRECTION('',(0.,-0.,-1.));
#2465=DIRECTION('',(0.,-1.,0.));
#2466=AXIS2_PLACEMENT_3D('',#2463,#2464,#2465);
#2467=CYLINDRICAL_SURFACE('',#2466,3.);
#2468=ORIENTED_EDGE('',*,*,#1935,.F.);
#2469=ORIENTED_EDGE('',*,*,#2109,.F.);
#2470=ORIENTED_EDGE('',*,*,#741,.F.);
#2471=ORIENTED_EDGE('',*,*,#969,.F.);
#2472=EDGE_LOOP('',(#2468,#2469,#2470,#2471));
#2473=FACE_BOUND('',#2472,.T.);
#2474=ADVANCED_FACE('',(#2473),#2467,.T.);
#2475=CARTESIAN_POINT('',(-4.5,8.194370461,0.000711492));
#2476=CARTESIAN_POINT('',(-4.5,8.194370461,-0.532621841));
#2477=CARTESIAN_POINT('',(-4.5,8.194370461,-1.065955174));
#2478=CARTESIAN_POINT('',(-4.5,8.194370461,-1.599288508));
#2479=CARTESIAN_POINT('',(-4.5,8.451428095,0.000711492));
#2480=CARTESIAN_POINT('',(-4.5,8.451428095,-0.532621841));
#2481=CARTESIAN_POINT('',(-4.5,8.451428095,-1.065955174));
#2482=CARTESIAN_POINT('',(-4.5,8.451428095,-1.599288508));
#2483=CARTESIAN_POINT('',(-4.717808115,8.458874296,0.000711492));
#2484=CARTESIAN_POINT('',(-4.717808115,8.458874296,-0.532621841));
#2485=CARTESIAN_POINT('',(-4.717808115,8.458874296,-1.065955174));
#2486=CARTESIAN_POINT('',(-4.717808115,8.458874296,-1.599288508));
#2487=(BOUNDED_SURFACE()
B_SPLINE_SURFACE(2,3,((#2475,#2476,#2477,#2478),(#2479,#2480,#2481,#2482),(#2483,#2484,#2485,#2486)),.UNSPECIFIED.,.F.,.F.,.U.)
B_SPLINE_SURFACE_WITH_KNOTS((3,3),(4,4),(0.,0.844094619),(-0.0008,0.0008),.UNSPECIFIED.)
GEOMETRIC_REPRESENTATION_ITEM()
RATIONAL_B_SPLINE_SURFACE(((1.,1.,1.,1.),(0.664131047,0.664131047,0.664131047,0.664131047),(0.895272446,0.895272446,0.895272446,0.895272446)))
REPRESENTATION_ITEM('')
SURFACE()
);
#2488=ORIENTED_EDGE('',*,*,#1578,.F.);
#2489=CARTESIAN_POINT('',(-4.717758725,8.460056722,0.000711492));
#2490=DIRECTION('',(-0.,-0.,-1.));
#2491=VECTOR('',#2490,1.6);
#2492=LINE('',#2489,#2491);
#2493=EDGE_CURVE('',#1563,#692,#2492,.T.);
#2494=ORIENTED_EDGE('',*,*,#2493,.T.);
#2495=ORIENTED_EDGE('',*,*,#699,.F.);
#2496=ORIENTED_EDGE('',*,*,#2308,.F.);
#2497=EDGE_LOOP('',(#2488,#2494,#2495,#2496));
#2498=FACE_BOUND('',#2497,.T.);
#2499=ADVANCED_FACE('',(#2498),#2487,.T.);
#2500=CARTESIAN_POINT('',(4.664330485,8.472354516,0.000711492));
#2501=CARTESIAN_POINT('',(4.664330485,8.472354516,-0.532621841));
#2502=CARTESIAN_POINT('',(4.664330485,8.472354516,-1.065955174));
#2503=CARTESIAN_POINT('',(4.664330485,8.472354516,-1.599288508));
#2504=CARTESIAN_POINT('',(4.5,8.462604714,0.000711492));
#2505=CARTESIAN_POINT('',(4.5,8.462604714,-0.532621841));
#2506=CARTESIAN_POINT('',(4.5,8.462604714,-1.065955174));
#2507=CARTESIAN_POINT('',(4.5,8.462604714,-1.599288508));
#2508=CARTESIAN_POINT('',(4.5,8.273722244,0.000711492));
#2509=CARTESIAN_POINT('',(4.5,8.273722244,-0.532621841));
#2510=CARTESIAN_POINT('',(4.5,8.273722244,-1.065955174));
#2511=CARTESIAN_POINT('',(4.5,8.273722244,-1.599288508));
#2512=(BOUNDED_SURFACE()
B_SPLINE_SURFACE(2,3,((#2500,#2501,#2502,#2503),(#2504,#2505,#2506,#2507),(#2508,#2509,#2510,#2511)),.UNSPECIFIED.,.F.,.F.,.U.)
B_SPLINE_SURFACE_WITH_KNOTS((3,3),(4,4),(0.140286319,1.),(-0.0008,0.0008),.UNSPECIFIED.)
GEOMETRIC_REPRESENTATION_ITEM()
RATIONAL_B_SPLINE_SURFACE(((0.911141763,0.911141763,0.911141763,0.911141763),(0.683296854,0.683296854,0.683296854,0.683296854),(1.,1.,1.,1.)))
REPRESENTATION_ITEM('')
SURFACE()
);
#2513=ORIENTED_EDGE('',*,*,#1630,.F.);
#2514=ORIENTED_EDGE('',*,*,#2239,.F.);
#2515=ORIENTED_EDGE('',*,*,#599,.F.);
#2516=CARTESIAN_POINT('',(4.664282437,8.472995479,-1.599288508));
#2517=DIRECTION('',(0.,0.,1.));
#2518=VECTOR('',#2517,1.6);
#2519=LINE('',#2516,#2518);
#2520=EDGE_CURVE('',#584,#1623,#2519,.T.);
#2521=ORIENTED_EDGE('',*,*,#2520,.T.);
#2522=EDGE_LOOP('',(#2513,#2514,#2515,#2521));
#2523=FACE_BOUND('',#2522,.T.);
#2524=ADVANCED_FACE('',(#2523),#2512,.T.);
#2525=CARTESIAN_POINT('',(4.7,5.490025,4.700711492));
#2526=DIRECTION('',(-0.,0.,1.));
#2527=DIRECTION('',(-0.,1.,-0.));
#2528=AXIS2_PLACEMENT_3D('',#2525,#2526,#2527);
#2529=CYLINDRICAL_SURFACE('',#2528,0.2);
#2530=CARTESIAN_POINT('',(4.616026161,5.308508074,-1.399288508));
#2531=VERTEX_POINT('',#2530);
#2532=CARTESIAN_POINT('',(4.525011853,5.393178996,-1.399288508));
#2533=VERTEX_POINT('',#2532);
#2534=CARTESIAN_POINT('',(4.7,5.490025,-1.399288508));
#2535=DIRECTION('',(0.,0.,-1.));
#2536=DIRECTION('',(0.,-1.,0.));
#2537=AXIS2_PLACEMENT_3D('',#2534,#2535,#2536);
#2538=CIRCLE('',#2537,0.2);
#2539=EDGE_CURVE('',#2531,#2533,#2538,.T.);
#2540=ORIENTED_EDGE('',*,*,#2539,.T.);
#2541=CARTESIAN_POINT('',(4.525011853,5.393178996,-1.399288508));
#2542=DIRECTION('',(0.,0.,-1.));
#2543=VECTOR('',#2542,0.2);
#2544=LINE('',#2541,#2543);
#2545=EDGE_CURVE('',#2533,#626,#2544,.T.);
#2546=ORIENTED_EDGE('',*,*,#2545,.T.);
#2547=ORIENTED_EDGE('',*,*,#632,.F.);
#2548=ORIENTED_EDGE('',*,*,#2230,.F.);
#2549=ORIENTED_EDGE('',*,*,#1732,.F.);
#2550=ORIENTED_EDGE('',*,*,#2446,.F.);
#2551=ORIENTED_EDGE('',*,*,#496,.F.);
#2552=CARTESIAN_POINT('',(4.616026161,5.308508074,-1.399288508));
#2553=DIRECTION('',(0.,0.,-1.));
#2554=VECTOR('',#2553,0.2);
#2555=LINE('',#2552,#2554);
#2556=EDGE_CURVE('',#2531,#482,#2555,.T.);
#2557=ORIENTED_EDGE('',*,*,#2556,.F.);
#2558=EDGE_LOOP('',(#2540,#2546,#2547,#2548,#2549,#2550,#2551,#2557));
#2559=FACE_BOUND('',#2558,.T.);
#2560=ADVANCED_FACE('',(#2559),#2529,.F.);
#2561=CARTESIAN_POINT('',(-4.7,5.490025,3.956477469));
#2562=DIRECTION('',(0.,-0.,-1.));
#2563=DIRECTION('',(0.,-1.,0.));
#2564=AXIS2_PLACEMENT_3D('',#2561,#2562,#2563);
#2565=CYLINDRICAL_SURFACE('',#2564,0.2);
#2566=CARTESIAN_POINT('',(-4.525011853,5.393178996,-1.399288508));
#2567=VERTEX_POINT('',#2566);
#2568=CARTESIAN_POINT('',(-4.616026161,5.308508074,-1.399288508));
#2569=VERTEX_POINT('',#2568);
#2570=CARTESIAN_POINT('',(-4.7,5.490025,-1.399288508));
#2571=DIRECTION('',(0.,0.,-1.));
#2572=DIRECTION('',(0.,-1.,0.));
#2573=AXIS2_PLACEMENT_3D('',#2570,#2571,#2572);
#2574=CIRCLE('',#2573,0.2);
#2575=EDGE_CURVE('',#2567,#2569,#2574,.T.);
#2576=ORIENTED_EDGE('',*,*,#2575,.T.);
#2577=CARTESIAN_POINT('',(-4.616026161,5.308508074,-1.399288508));
#2578=DIRECTION('',(0.,0.,-1.));
#2579=VECTOR('',#2578,0.2);
#2580=LINE('',#2577,#2579);
#2581=EDGE_CURVE('',#2569,#407,#2580,.T.);
#2582=ORIENTED_EDGE('',*,*,#2581,.T.);
#2583=ORIENTED_EDGE('',*,*,#413,.F.);
#2584=ORIENTED_EDGE('',*,*,#2402,.F.);
#2585=ORIENTED_EDGE('',*,*,#1780,.F.);
#2586=ORIENTED_EDGE('',*,*,#2317,.F.);
#2587=ORIENTED_EDGE('',*,*,#665,.F.);
#2588=CARTESIAN_POINT('',(-4.525011853,5.393178996,-1.399288508));
#2589=DIRECTION('',(0.,0.,-1.));
#2590=VECTOR('',#2589,0.2);
#2591=LINE('',#2588,#2590);
#2592=EDGE_CURVE('',#2567,#651,#2591,.T.);
#2593=ORIENTED_EDGE('',*,*,#2592,.F.);
#2594=EDGE_LOOP('',(#2576,#2582,#2583,#2584,#2585,#2586,#2587,#2593));
#2595=FACE_BOUND('',#2594,.T.);
#2596=ADVANCED_FACE('',(#2595),#2565,.F.);
#2597=CARTESIAN_POINT('',(5.214522316,5.090025,3.956477469));
#2598=DIRECTION('',(0.,-0.,-1.));
#2599=DIRECTION('',(0.,-1.,0.));
#2600=AXIS2_PLACEMENT_3D('',#2597,#2598,#2599);
#2601=CYLINDRICAL_SURFACE('',#2600,0.2);
#2602=ORIENTED_EDGE('',*,*,#1715,.F.);
#2603=ORIENTED_EDGE('',*,*,#2424,.F.);
#2604=ORIENTED_EDGE('',*,*,#513,.F.);
#2605=ORIENTED_EDGE('',*,*,#2439,.F.);
#2606=EDGE_LOOP('',(#2602,#2603,#2604,#2605));
#2607=FACE_BOUND('',#2606,.T.);
#2608=ADVANCED_FACE('',(#2607),#2601,.T.);
#2609=CARTESIAN_POINT('',(-5.2124167,5.090025,3.956477469));
#2610=DIRECTION('',(-0.,0.,1.));
#2611=DIRECTION('',(-0.,1.,-0.));
#2612=AXIS2_PLACEMENT_3D('',#2609,#2610,#2611);
#2613=CYLINDRICAL_SURFACE('',#2612,0.2);
#2614=ORIENTED_EDGE('',*,*,#1795,.F.);
#2615=ORIENTED_EDGE('',*,*,#2395,.F.);
#2616=ORIENTED_EDGE('',*,*,#396,.F.);
#2617=ORIENTED_EDGE('',*,*,#2380,.F.);
#2618=EDGE_LOOP('',(#2614,#2615,#2616,#2617));
#2619=FACE_BOUND('',#2618,.T.);
#2620=ADVANCED_FACE('',(#2619),#2613,.T.);
#2621=CARTESIAN_POINT('',(-6.25,6.495391105,0.833976074));
#2622=DIRECTION('',(-0.,-0.,-1.));
#2623=DIRECTION('',(0.,-1.,0.));
#2624=AXIS2_PLACEMENT_3D('',#2621,#2622,#2623);
#2625=CYLINDRICAL_SURFACE('',#2624,0.85);
#2626=ORIENTED_EDGE('',*,*,#1543,.F.);
#2627=ORIENTED_EDGE('',*,*,#2026,.T.);
#2628=ORIENTED_EDGE('',*,*,#353,.F.);
#2629=ORIENTED_EDGE('',*,*,#1477,.T.);
#2630=EDGE_LOOP('',(#2626,#2627,#2628,#2629));
#2631=FACE_BOUND('',#2630,.T.);
#2632=ADVANCED_FACE('',(#2631),#2625,.F.);
#2633=CARTESIAN_POINT('',(4.2,7.850025,4.700711492));
#2634=DIRECTION('',(-0.,0.,-1.));
#2635=DIRECTION('',(0.,-1.,-0.));
#2636=AXIS2_PLACEMENT_3D('',#2633,#2634,#2635);
#2637=CYLINDRICAL_SURFACE('',#2636,0.3);
#2638=ORIENTED_EDGE('',*,*,#2270,.F.);
#2639=CARTESIAN_POINT('',(4.2,7.850025,4.400711492));
#2640=DIRECTION('',(-0.,0.,-1.));
#2641=DIRECTION('',(0.,-1.,-0.));
#2642=AXIS2_PLACEMENT_3D('',#2639,#2640,#2641);
#2643=CIRCLE('',#2642,0.3);
#2644=EDGE_CURVE('',#2259,#2204,#2643,.T.);
#2645=ORIENTED_EDGE('',*,*,#2644,.T.);
#2646=ORIENTED_EDGE('',*,*,#2209,.F.);
#2647=ORIENTED_EDGE('',*,*,#1612,.F.);
#2648=EDGE_LOOP('',(#2638,#2645,#2646,#2647));
#2649=FACE_BOUND('',#2648,.T.);
#2650=ADVANCED_FACE('',(#2649),#2637,.T.);
#2651=CARTESIAN_POINT('',(-4.2,7.850025,4.700711492));
#2652=DIRECTION('',(-0.,0.,-1.));
#2653=DIRECTION('',(0.,-1.,-0.));
#2654=AXIS2_PLACEMENT_3D('',#2651,#2652,#2653);
#2655=CYLINDRICAL_SURFACE('',#2654,0.3);
#2656=ORIENTED_EDGE('',*,*,#2301,.F.);
#2657=CARTESIAN_POINT('',(-4.2,7.850025,4.400711492));
#2658=DIRECTION('',(-0.,0.,-1.));
#2659=DIRECTION('',(0.,-1.,-0.));
#2660=AXIS2_PLACEMENT_3D('',#2657,#2658,#2659);
#2661=CIRCLE('',#2660,0.3);
#2662=EDGE_CURVE('',#2290,#2251,#2661,.T.);
#2663=ORIENTED_EDGE('',*,*,#2662,.T.);
#2664=ORIENTED_EDGE('',*,*,#2256,.F.);
#2665=ORIENTED_EDGE('',*,*,#1595,.F.);
#2666=EDGE_LOOP('',(#2656,#2663,#2664,#2665));
#2667=FACE_BOUND('',#2666,.T.);
#2668=ADVANCED_FACE('',(#2667),#2655,.T.);
#2669=CARTESIAN_POINT('',(-4.2,5.450025,4.700711492));
#2670=DIRECTION('',(-0.,0.,-1.));
#2671=DIRECTION('',(0.,-1.,-0.));
#2672=AXIS2_PLACEMENT_3D('',#2669,#2670,#2671);
#2673=CYLINDRICAL_SURFACE('',#2672,0.3);
#2674=ORIENTED_EDGE('',*,*,#1049,.F.);
#2675=CARTESIAN_POINT('',(-4.2,5.450025,4.400711492));
#2676=DIRECTION('',(-0.,0.,-1.));
#2677=DIRECTION('',(0.,-1.,-0.));
#2678=AXIS2_PLACEMENT_3D('',#2675,#2676,#2677);
#2679=CIRCLE('',#2678,0.3);
#2680=EDGE_CURVE('',#1036,#2282,#2679,.T.);
#2681=ORIENTED_EDGE('',*,*,#2680,.T.);
#2682=ORIENTED_EDGE('',*,*,#2287,.F.);
#2683=ORIENTED_EDGE('',*,*,#1763,.F.);
#2684=EDGE_LOOP('',(#2674,#2681,#2682,#2683));
#2685=FACE_BOUND('',#2684,.T.);
#2686=ADVANCED_FACE('',(#2685),#2673,.T.);
#2687=CARTESIAN_POINT('',(4.2,5.450025,4.700711492));
#2688=DIRECTION('',(-0.,0.,-1.));
#2689=DIRECTION('',(0.,-1.,-0.));
#2690=AXIS2_PLACEMENT_3D('',#2687,#2688,#2689);
#2691=CYLINDRICAL_SURFACE('',#2690,0.3);
#2692=ORIENTED_EDGE('',*,*,#2223,.F.);
#2693=CARTESIAN_POINT('',(4.2,5.450025,4.400711492));
#2694=DIRECTION('',(-0.,0.,-1.));
#2695=DIRECTION('',(0.,-1.,-0.));
#2696=AXIS2_PLACEMENT_3D('',#2693,#2694,#2695);
#2697=CIRCLE('',#2696,0.3);
#2698=EDGE_CURVE('',#2212,#1028,#2697,.T.);
#2699=ORIENTED_EDGE('',*,*,#2698,.T.);
#2700=ORIENTED_EDGE('',*,*,#1033,.F.);
#2701=ORIENTED_EDGE('',*,*,#1747,.F.);
#2702=EDGE_LOOP('',(#2692,#2699,#2700,#2701));
#2703=FACE_BOUND('',#2702,.T.);
#2704=ADVANCED_FACE('',(#2703),#2691,.T.);
#2705=CARTESIAN_POINT('',(-4.2,5.450025,4.400711492));
#2706=DIRECTION('',(0.,0.,1.));
#2707=DIRECTION('',(-1.,-0.,0.));
#2708=AXIS2_PLACEMENT_3D('',#2705,#2706,#2707);
#2709=SPHERICAL_SURFACE('',#2708,0.3);
#2710=CARTESIAN_POINT('',(-4.2,5.450025,4.400711492));
#2711=DIRECTION('',(-0.,1.,0.));
#2712=DIRECTION('',(0.,0.,-1.));
#2713=AXIS2_PLACEMENT_3D('',#2710,#2711,#2712);
#2714=CIRCLE('',#2713,0.3);
#2715=EDGE_CURVE('',#2282,#2329,#2714,.T.);
#2716=ORIENTED_EDGE('',*,*,#2715,.F.);
#2717=ORIENTED_EDGE('',*,*,#2680,.F.);
#2718=CARTESIAN_POINT('',(-4.2,5.450025,4.400711492));
#2719=DIRECTION('',(1.,0.,-0.));
#2720=DIRECTION('',(0.,0.,1.));
#2721=AXIS2_PLACEMENT_3D('',#2718,#2719,#2720);
#2722=CIRCLE('',#2721,0.3);
#2723=EDGE_CURVE('',#2329,#1036,#2722,.T.);
#2724=ORIENTED_EDGE('',*,*,#2723,.F.);
#2725=EDGE_LOOP('',(#2716,#2717,#2724));
#2726=FACE_BOUND('',#2725,.T.);
#2727=ADVANCED_FACE('',(#2726),#2709,.T.);
#2728=CARTESIAN_POINT('',(-0.,5.450025,4.400711492));
#2729=DIRECTION('',(-1.,-0.,-0.));
#2730=DIRECTION('',(0.,0.,-1.));
#2731=AXIS2_PLACEMENT_3D('',#2728,#2729,#2730);
#2732=CYLINDRICAL_SURFACE('',#2731,0.3);
#2733=ORIENTED_EDGE('',*,*,#2723,.T.);
#2734=ORIENTED_EDGE('',*,*,#1041,.F.);
#2735=CARTESIAN_POINT('',(4.2,5.450025,4.400711492));
#2736=DIRECTION('',(1.,0.,-0.));
#2737=DIRECTION('',(0.,0.,1.));
#2738=AXIS2_PLACEMENT_3D('',#2735,#2736,#2737);
#2739=CIRCLE('',#2738,0.3);
#2740=EDGE_CURVE('',#2331,#1028,#2739,.T.);
#2741=ORIENTED_EDGE('',*,*,#2740,.F.);
#2742=ORIENTED_EDGE('',*,*,#2336,.F.);
#2743=EDGE_LOOP('',(#2733,#2734,#2741,#2742));
#2744=FACE_BOUND('',#2743,.T.);
#2745=ADVANCED_FACE('',(#2744),#2732,.T.);
#2746=CARTESIAN_POINT('',(-4.2,6.650025,4.400711492));
#2747=DIRECTION('',(-0.,1.,0.));
#2748=DIRECTION('',(0.,0.,-1.));
#2749=AXIS2_PLACEMENT_3D('',#2746,#2747,#2748);
#2750=CYLINDRICAL_SURFACE('',#2749,0.3);
#2751=ORIENTED_EDGE('',*,*,#2715,.T.);
#2752=ORIENTED_EDGE('',*,*,#2358,.F.);
#2753=CARTESIAN_POINT('',(-4.2,7.850025,4.400711492));
#2754=DIRECTION('',(-0.,1.,0.));
#2755=DIRECTION('',(0.,0.,-1.));
#2756=AXIS2_PLACEMENT_3D('',#2753,#2754,#2755);
#2757=CIRCLE('',#2756,0.3);
#2758=EDGE_CURVE('',#2290,#2347,#2757,.T.);
#2759=ORIENTED_EDGE('',*,*,#2758,.F.);
#2760=ORIENTED_EDGE('',*,*,#2295,.F.);
#2761=EDGE_LOOP('',(#2751,#2752,#2759,#2760));
#2762=FACE_BOUND('',#2761,.T.);
#2763=ADVANCED_FACE('',(#2762),#2750,.T.);
#2764=CARTESIAN_POINT('',(4.2,5.450025,4.400711492));
#2765=DIRECTION('',(0.,0.,1.));
#2766=DIRECTION('',(-1.,-0.,0.));
#2767=AXIS2_PLACEMENT_3D('',#2764,#2765,#2766);
#2768=SPHERICAL_SURFACE('',#2767,0.3);
#2769=ORIENTED_EDGE('',*,*,#2740,.T.);
#2770=ORIENTED_EDGE('',*,*,#2698,.F.);
#2771=CARTESIAN_POINT('',(4.2,5.450025,4.400711492));
#2772=DIRECTION('',(-0.,1.,0.));
#2773=DIRECTION('',(0.,0.,-1.));
#2774=AXIS2_PLACEMENT_3D('',#2771,#2772,#2773);
#2775=CIRCLE('',#2774,0.3);
#2776=EDGE_CURVE('',#2331,#2212,#2775,.T.);
#2777=ORIENTED_EDGE('',*,*,#2776,.F.);
#2778=EDGE_LOOP('',(#2769,#2770,#2777));
#2779=FACE_BOUND('',#2778,.T.);
#2780=ADVANCED_FACE('',(#2779),#2768,.T.);
#2781=CARTESIAN_POINT('',(-4.2,7.850025,4.400711492));
#2782=DIRECTION('',(0.,0.,1.));
#2783=DIRECTION('',(-1.,-0.,0.));
#2784=AXIS2_PLACEMENT_3D('',#2781,#2782,#2783);
#2785=SPHERICAL_SURFACE('',#2784,0.3);
#2786=ORIENTED_EDGE('',*,*,#2662,.F.);
#2787=ORIENTED_EDGE('',*,*,#2758,.T.);
#2788=CARTESIAN_POINT('',(-4.2,7.850025,4.400711492));
#2789=DIRECTION('',(1.,0.,-0.));
#2790=DIRECTION('',(0.,0.,1.));
#2791=AXIS2_PLACEMENT_3D('',#2788,#2789,#2790);
#2792=CIRCLE('',#2791,0.3);
#2793=EDGE_CURVE('',#2251,#2347,#2792,.T.);
#2794=ORIENTED_EDGE('',*,*,#2793,.F.);
#2795=EDGE_LOOP('',(#2786,#2787,#2794));
#2796=FACE_BOUND('',#2795,.T.);
#2797=ADVANCED_FACE('',(#2796),#2785,.T.);
#2798=CARTESIAN_POINT('',(4.2,6.650025,4.400711492));
#2799=DIRECTION('',(0.,-1.,0.));
#2800=DIRECTION('',(0.,0.,1.));
#2801=AXIS2_PLACEMENT_3D('',#2798,#2799,#2800);
#2802=CYLINDRICAL_SURFACE('',#2801,0.3);
#2803=ORIENTED_EDGE('',*,*,#2776,.T.);
#2804=ORIENTED_EDGE('',*,*,#2217,.F.);
#2805=CARTESIAN_POINT('',(4.2,7.850025,4.400711492));
#2806=DIRECTION('',(-0.,1.,0.));
#2807=DIRECTION('',(0.,0.,-1.));
#2808=AXIS2_PLACEMENT_3D('',#2805,#2806,#2807);
#2809=CIRCLE('',#2808,0.3);
#2810=EDGE_CURVE('',#2339,#2204,#2809,.T.);
#2811=ORIENTED_EDGE('',*,*,#2810,.F.);
#2812=ORIENTED_EDGE('',*,*,#2344,.F.);
#2813=EDGE_LOOP('',(#2803,#2804,#2811,#2812));
#2814=FACE_BOUND('',#2813,.T.);
#2815=ADVANCED_FACE('',(#2814),#2802,.T.);
#2816=CARTESIAN_POINT('',(-0.,7.850025,4.400711492));
#2817=DIRECTION('',(1.,0.,-0.));
#2818=DIRECTION('',(0.,0.,1.));
#2819=AXIS2_PLACEMENT_3D('',#2816,#2817,#2818);
#2820=CYLINDRICAL_SURFACE('',#2819,0.3);
#2821=ORIENTED_EDGE('',*,*,#2793,.T.);
#2822=ORIENTED_EDGE('',*,*,#2352,.F.);
#2823=CARTESIAN_POINT('',(4.2,7.850025,4.400711492));
#2824=DIRECTION('',(1.,0.,-0.));
#2825=DIRECTION('',(0.,0.,1.));
#2826=AXIS2_PLACEMENT_3D('',#2823,#2824,#2825);
#2827=CIRCLE('',#2826,0.3);
#2828=EDGE_CURVE('',#2259,#2339,#2827,.T.);
#2829=ORIENTED_EDGE('',*,*,#2828,.F.);
#2830=ORIENTED_EDGE('',*,*,#2264,.F.);
#2831=EDGE_LOOP('',(#2821,#2822,#2829,#2830));
#2832=FACE_BOUND('',#2831,.T.);
#2833=ADVANCED_FACE('',(#2832),#2820,.T.);
#2834=CARTESIAN_POINT('',(4.2,7.850025,4.400711492));
#2835=DIRECTION('',(0.,0.,1.));
#2836=DIRECTION('',(-1.,-0.,0.));
#2837=AXIS2_PLACEMENT_3D('',#2834,#2835,#2836);
#2838=SPHERICAL_SURFACE('',#2837,0.3);
#2839=ORIENTED_EDGE('',*,*,#2810,.T.);
#2840=ORIENTED_EDGE('',*,*,#2644,.F.);
#2841=ORIENTED_EDGE('',*,*,#2828,.T.);
#2842=EDGE_LOOP('',(#2839,#2840,#2841));
#2843=FACE_BOUND('',#2842,.T.);
#2844=ADVANCED_FACE('',(#2843),#2838,.T.);
#2845=CARTESIAN_POINT('',(-6.25,4.030025,1.600711492));
#2846=DIRECTION('',(0.,-0.,-1.));
#2847=DIRECTION('',(0.,-1.,0.));
#2848=AXIS2_PLACEMENT_3D('',#2845,#2846,#2847);
#2849=CYLINDRICAL_SURFACE('',#2848,0.85);
#2850=CARTESIAN_POINT('',(-6.25,3.180025,-1.599288508));
#2851=DIRECTION('',(-0.,0.,1.));
#2852=VECTOR('',#2851,1.6);
#2853=LINE('',#2850,#2852);
#2854=EDGE_CURVE('',#364,#1513,#2853,.T.);
#2855=ORIENTED_EDGE('',*,*,#2854,.F.);
#2856=ORIENTED_EDGE('',*,*,#370,.T.);
#2857=ORIENTED_EDGE('',*,*,#2033,.T.);
#2858=ORIENTED_EDGE('',*,*,#1528,.F.);
#2859=EDGE_LOOP('',(#2855,#2856,#2857,#2858));
#2860=FACE_BOUND('',#2859,.T.);
#2861=ADVANCED_FACE('',(#2860),#2849,.F.);
#2862=CARTESIAN_POINT('',(6.25,4.030025,1.600711492));
#2863=DIRECTION('',(0.,-0.,-1.));
#2864=DIRECTION('',(0.,-1.,0.));
#2865=AXIS2_PLACEMENT_3D('',#2862,#2863,#2864);
#2866=CYLINDRICAL_SURFACE('',#2865,0.85);
#2867=CARTESIAN_POINT('',(6.25,3.180025,-1.599288508));
#2868=DIRECTION('',(-0.,0.,1.));
#2869=VECTOR('',#2868,1.6);
#2870=LINE('',#2867,#2869);
#2871=EDGE_CURVE('',#524,#1683,#2870,.T.);
#2872=ORIENTED_EDGE('',*,*,#2871,.F.);
#2873=ORIENTED_EDGE('',*,*,#530,.T.);
#2874=ORIENTED_EDGE('',*,*,#2417,.T.);
#2875=ORIENTED_EDGE('',*,*,#1698,.F.);
#2876=EDGE_LOOP('',(#2872,#2873,#2874,#2875));
#2877=FACE_BOUND('',#2876,.T.);
#2878=ADVANCED_FACE('',(#2877),#2866,.F.);
#2879=CARTESIAN_POINT('',(-5.42201648,8.460056722,0.160711492));
#2880=DIRECTION('',(0.,-1.,0.));
#2881=DIRECTION('',(0.,0.,1.));
#2882=AXIS2_PLACEMENT_3D('',#2879,#2880,#2881);
#2883=PLANE('',#2882);
#2884=ORIENTED_EDGE('',*,*,#707,.F.);
#2885=ORIENTED_EDGE('',*,*,#2493,.F.);
#2886=ORIENTED_EDGE('',*,*,#1568,.F.);
#2887=ORIENTED_EDGE('',*,*,#2066,.T.);
#2888=EDGE_LOOP('',(#2884,#2885,#2886,#2887));
#2889=FACE_BOUND('',#2888,.T.);
#2890=ADVANCED_FACE('',(#2889),#2883,.T.);
#2891=CARTESIAN_POINT('',(-7.098614743,8.190025,-37.039298913));
#2892=DIRECTION('',(-1.,-0.,0.));
#2893=DIRECTION('',(0.,-1.,0.));
#2894=AXIS2_PLACEMENT_3D('',#2891,#2892,#2893);
#2895=PLANE('',#2894);
#2896=ORIENTED_EDGE('',*,*,#1486,.F.);
#2897=ORIENTED_EDGE('',*,*,#336,.T.);
#2898=ORIENTED_EDGE('',*,*,#1460,.T.);
#2899=ORIENTED_EDGE('',*,*,#1550,.F.);
#2900=EDGE_LOOP('',(#2896,#2897,#2898,#2899));
#2901=FACE_BOUND('',#2900,.T.);
#2902=ADVANCED_FACE('',(#2901),#2895,.F.);
#2903=CARTESIAN_POINT('',(4.664282437,8.472995479,-44.029249737));
#2904=DIRECTION('',(0.,-1.,0.));
#2905=DIRECTION('',(0.,0.,1.));
#2906=AXIS2_PLACEMENT_3D('',#2903,#2904,#2905);
#2907=PLANE('',#2906);
#2908=ORIENTED_EDGE('',*,*,#1646,.T.);
#2909=ORIENTED_EDGE('',*,*,#1638,.T.);
#2910=ORIENTED_EDGE('',*,*,#2520,.F.);
#2911=ORIENTED_EDGE('',*,*,#589,.F.);
#2912=ORIENTED_EDGE('',*,*,#581,.F.);
#2913=ORIENTED_EDGE('',*,*,#1973,.F.);
#2914=EDGE_LOOP('',(#2908,#2909,#2910,#2911,#2912,#2913));
#2915=FACE_BOUND('',#2914,.T.);
#2916=ADVANCED_FACE('',(#2915),#2907,.T.);
#2917=CARTESIAN_POINT('',(7.1,8.190025,-47.27866665));
#2918=DIRECTION('',(-1.,-0.,0.));
#2919=DIRECTION('',(0.,-1.,0.));
#2920=AXIS2_PLACEMENT_3D('',#2917,#2918,#2919);
#2921=PLANE('',#2920);
#2922=ORIENTED_EDGE('',*,*,#564,.F.);
#2923=ORIENTED_EDGE('',*,*,#1995,.T.);
#2924=ORIENTED_EDGE('',*,*,#1663,.T.);
#2925=ORIENTED_EDGE('',*,*,#1966,.F.);
#2926=EDGE_LOOP('',(#2922,#2923,#2924,#2925));
#2927=FACE_BOUND('',#2926,.T.);
#2928=ADVANCED_FACE('',(#2927),#2921,.T.);
#2929=CARTESIAN_POINT('',(-2.25,-9.811475,2.950711492));
#2930=DIRECTION('',(0.,-0.,-1.));
#2931=DIRECTION('',(0.,-1.,0.));
#2932=AXIS2_PLACEMENT_3D('',#2929,#2930,#2931);
#2933=CYLINDRICAL_SURFACE('',#2932,0.5);
#2934=CARTESIAN_POINT('',(-2.25,-10.311475,-1.399288508));
#2935=VERTEX_POINT('',#2934);
#2936=CARTESIAN_POINT('',(-2.25,-10.311475,-1.399288508));
#2937=DIRECTION('',(-0.,0.,1.));
#2938=VECTOR('',#2937,1.4);
#2939=LINE('',#2936,#2938);
#2940=EDGE_CURVE('',#2935,#1862,#2939,.T.);
#2941=ORIENTED_EDGE('',*,*,#2940,.F.);
#2942=CARTESIAN_POINT('',(-2.3,-10.308968719,-1.399288508));
#2943=VERTEX_POINT('',#2942);
#2944=CARTESIAN_POINT('',(-2.25,-9.811475,-1.399288508));
#2945=DIRECTION('',(0.,0.,-1.));
#2946=DIRECTION('',(0.,-1.,0.));
#2947=AXIS2_PLACEMENT_3D('',#2944,#2945,#2946);
#2948=CIRCLE('',#2947,0.5);
#2949=EDGE_CURVE('',#2935,#2943,#2948,.T.);
#2950=ORIENTED_EDGE('',*,*,#2949,.T.);
#2951=CARTESIAN_POINT('',(-2.3,-10.308968719,-1.399288508));
#2952=DIRECTION('',(0.,0.,-1.));
#2953=VECTOR('',#2952,0.2);
#2954=LINE('',#2951,#2953);
#2955=EDGE_CURVE('',#2943,#204,#2954,.T.);
#2956=ORIENTED_EDGE('',*,*,#2955,.T.);
#2957=ORIENTED_EDGE('',*,*,#210,.T.);
#2958=CARTESIAN_POINT('',(-2.3,-9.313981281,-1.399288508));
#2959=VERTEX_POINT('',#2958);
#2960=CARTESIAN_POINT('',(-2.3,-9.313981281,-1.399288508));
#2961=DIRECTION('',(0.,0.,-1.));
#2962=VECTOR('',#2961,0.2);
#2963=LINE('',#2960,#2962);
#2964=EDGE_CURVE('',#2959,#196,#2963,.T.);
#2965=ORIENTED_EDGE('',*,*,#2964,.F.);
#2966=CARTESIAN_POINT('',(-2.2,-9.313981281,-1.399288508));
#2967=VERTEX_POINT('',#2966);
#2968=CARTESIAN_POINT('',(-2.25,-9.811475,-1.399288508));
#2969=DIRECTION('',(0.,0.,-1.));
#2970=DIRECTION('',(0.,-1.,0.));
#2971=AXIS2_PLACEMENT_3D('',#2968,#2969,#2970);
#2972=CIRCLE('',#2971,0.5);
#2973=EDGE_CURVE('',#2959,#2967,#2972,.T.);
#2974=ORIENTED_EDGE('',*,*,#2973,.T.);
#2975=CARTESIAN_POINT('',(-2.2,-9.313981281,-1.399288508));
#2976=DIRECTION('',(0.,0.,-1.));
#2977=VECTOR('',#2976,0.2);
#2978=LINE('',#2975,#2977);
#2979=EDGE_CURVE('',#2967,#170,#2978,.T.);
#2980=ORIENTED_EDGE('',*,*,#2979,.T.);
#2981=ORIENTED_EDGE('',*,*,#176,.T.);
#2982=CARTESIAN_POINT('',(-2.2,-10.308968719,-1.399288508));
#2983=VERTEX_POINT('',#2982);
#2984=CARTESIAN_POINT('',(-2.2,-10.308968719,-1.399288508));
#2985=DIRECTION('',(0.,0.,-1.));
#2986=VECTOR('',#2985,0.2);
#2987=LINE('',#2984,#2986);
#2988=EDGE_CURVE('',#2983,#162,#2987,.T.);
#2989=ORIENTED_EDGE('',*,*,#2988,.F.);
#2990=CARTESIAN_POINT('',(-2.25,-9.811475,-1.399288508));
#2991=DIRECTION('',(0.,0.,-1.));
#2992=DIRECTION('',(0.,-1.,0.));
#2993=AXIS2_PLACEMENT_3D('',#2990,#2991,#2992);
#2994=CIRCLE('',#2993,0.5);
#2995=EDGE_CURVE('',#2983,#2935,#2994,.T.);
#2996=ORIENTED_EDGE('',*,*,#2995,.T.);
#2997=ORIENTED_EDGE('',*,*,#2940,.T.);
#2998=ORIENTED_EDGE('',*,*,#1868,.F.);
#2999=ORIENTED_EDGE('',*,*,#1875,.F.);
#3000=EDGE_LOOP('',(#2941,#2950,#2956,#2957,#2965,#2974,#2980,#2981,#2989,#2996,#2997,#2998,#2999));
#3001=FACE_BOUND('',#3000,.T.);
#3002=ADVANCED_FACE('',(#3001),#2933,.F.);
#3003=CARTESIAN_POINT('',(2.25,-9.811475,2.950711492));
#3004=DIRECTION('',(0.,-0.,-1.));
#3005=DIRECTION('',(0.,-1.,0.));
#3006=AXIS2_PLACEMENT_3D('',#3003,#3004,#3005);
#3007=CYLINDRICAL_SURFACE('',#3006,0.5);
#3008=CARTESIAN_POINT('',(2.25,-10.311475,-1.399288508));
#3009=VERTEX_POINT('',#3008);
#3010=CARTESIAN_POINT('',(2.25,-10.311475,-1.399288508));
#3011=DIRECTION('',(-0.,0.,1.));
#3012=VECTOR('',#3011,1.4);
#3013=LINE('',#3010,#3012);
#3014=EDGE_CURVE('',#3009,#1842,#3013,.T.);
#3015=ORIENTED_EDGE('',*,*,#3014,.F.);
#3016=CARTESIAN_POINT('',(2.2,-10.308968719,-1.399288508));
#3017=VERTEX_POINT('',#3016);
#3018=CARTESIAN_POINT('',(2.25,-9.811475,-1.399288508));
#3019=DIRECTION('',(0.,0.,-1.));
#3020=DIRECTION('',(0.,-1.,0.));
#3021=AXIS2_PLACEMENT_3D('',#3018,#3019,#3020);
#3022=CIRCLE('',#3021,0.5);
#3023=EDGE_CURVE('',#3009,#3017,#3022,.T.);
#3024=ORIENTED_EDGE('',*,*,#3023,.T.);
#3025=CARTESIAN_POINT('',(2.2,-10.308968719,-1.399288508));
#3026=DIRECTION('',(0.,0.,-1.));
#3027=VECTOR('',#3026,0.2);
#3028=LINE('',#3025,#3027);
#3029=EDGE_CURVE('',#3017,#137,#3028,.T.);
#3030=ORIENTED_EDGE('',*,*,#3029,.T.);
#3031=ORIENTED_EDGE('',*,*,#143,.T.);
#3032=CARTESIAN_POINT('',(2.2,-9.313981281,-1.399288508));
#3033=VERTEX_POINT('',#3032);
#3034=CARTESIAN_POINT('',(2.2,-9.313981281,-1.399288508));
#3035=DIRECTION('',(0.,0.,-1.));
#3036=VECTOR('',#3035,0.2);
#3037=LINE('',#3034,#3036);
#3038=EDGE_CURVE('',#3033,#129,#3037,.T.);
#3039=ORIENTED_EDGE('',*,*,#3038,.F.);
#3040=CARTESIAN_POINT('',(2.3,-9.313981281,-1.399288508));
#3041=VERTEX_POINT('',#3040);
#3042=CARTESIAN_POINT('',(2.25,-9.811475,-1.399288508));
#3043=DIRECTION('',(0.,0.,-1.));
#3044=DIRECTION('',(0.,-1.,0.));
#3045=AXIS2_PLACEMENT_3D('',#3042,#3043,#3044);
#3046=CIRCLE('',#3045,0.5);
#3047=EDGE_CURVE('',#3033,#3041,#3046,.T.);
#3048=ORIENTED_EDGE('',*,*,#3047,.T.);
#3049=CARTESIAN_POINT('',(2.3,-9.313981281,-1.399288508));
#3050=DIRECTION('',(0.,0.,-1.));
#3051=VECTOR('',#3050,0.2);
#3052=LINE('',#3049,#3051);
#3053=EDGE_CURVE('',#3041,#103,#3052,.T.);
#3054=ORIENTED_EDGE('',*,*,#3053,.T.);
#3055=ORIENTED_EDGE('',*,*,#109,.T.);
#3056=CARTESIAN_POINT('',(2.3,-10.308968719,-1.399288508));
#3057=VERTEX_POINT('',#3056);
#3058=CARTESIAN_POINT('',(2.3,-10.308968719,-1.399288508));
#3059=DIRECTION('',(0.,0.,-1.));
#3060=VECTOR('',#3059,0.2);
#3061=LINE('',#3058,#3060);
#3062=EDGE_CURVE('',#3057,#95,#3061,.T.);
#3063=ORIENTED_EDGE('',*,*,#3062,.F.);
#3064=CARTESIAN_POINT('',(2.25,-9.811475,-1.399288508));
#3065=DIRECTION('',(0.,0.,-1.));
#3066=DIRECTION('',(0.,-1.,0.));
#3067=AXIS2_PLACEMENT_3D('',#3064,#3065,#3066);
#3068=CIRCLE('',#3067,0.5);
#3069=EDGE_CURVE('',#3057,#3009,#3068,.T.);
#3070=ORIENTED_EDGE('',*,*,#3069,.T.);
#3071=ORIENTED_EDGE('',*,*,#3014,.T.);
#3072=ORIENTED_EDGE('',*,*,#1848,.F.);
#3073=ORIENTED_EDGE('',*,*,#1855,.F.);
#3074=EDGE_LOOP('',(#3015,#3024,#3030,#3031,#3039,#3048,#3054,#3055,#3063,#3070,#3071,#3072,#3073));
#3075=FACE_BOUND('',#3074,.T.);
#3076=ADVANCED_FACE('',(#3075),#3007,.F.);
#3077=CARTESIAN_POINT('',(2.25,-3.311475,2.950711492));
#3078=DIRECTION('',(0.,-0.,-1.));
#3079=DIRECTION('',(0.,-1.,0.));
#3080=AXIS2_PLACEMENT_3D('',#3077,#3078,#3079);
#3081=CYLINDRICAL_SURFACE('',#3080,0.5);
#3082=CARTESIAN_POINT('',(2.25,-3.811475,-1.399288508));
#3083=VERTEX_POINT('',#3082);
#3084=CARTESIAN_POINT('',(2.25,-3.811475,-1.399288508));
#3085=DIRECTION('',(-0.,0.,1.));
#3086=VECTOR('',#3085,1.4);
#3087=LINE('',#3084,#3086);
#3088=EDGE_CURVE('',#3083,#1822,#3087,.T.);
#3089=ORIENTED_EDGE('',*,*,#3088,.F.);
#3090=CARTESIAN_POINT('',(2.2,-3.808968719,-1.399288508));
#3091=VERTEX_POINT('',#3090);
#3092=CARTESIAN_POINT('',(2.25,-3.311475,-1.399288508));
#3093=DIRECTION('',(0.,0.,-1.));
#3094=DIRECTION('',(0.,-1.,0.));
#3095=AXIS2_PLACEMENT_3D('',#3092,#3093,#3094);
#3096=CIRCLE('',#3095,0.5);
#3097=EDGE_CURVE('',#3083,#3091,#3096,.T.);
#3098=ORIENTED_EDGE('',*,*,#3097,.T.);
#3099=CARTESIAN_POINT('',(2.2,-3.808968719,-1.399288508));
#3100=DIRECTION('',(0.,0.,-1.));
#3101=VECTOR('',#3100,0.2);
#3102=LINE('',#3099,#3101);
#3103=EDGE_CURVE('',#3091,#120,#3102,.T.);
#3104=ORIENTED_EDGE('',*,*,#3103,.T.);
#3105=ORIENTED_EDGE('',*,*,#126,.T.);
#3106=CARTESIAN_POINT('',(2.3,-3.808968719,-1.399288508));
#3107=VERTEX_POINT('',#3106);
#3108=CARTESIAN_POINT('',(2.3,-3.808968719,-1.399288508));
#3109=DIRECTION('',(0.,0.,-1.));
#3110=VECTOR('',#3109,0.2);
#3111=LINE('',#3108,#3110);
#3112=EDGE_CURVE('',#3107,#112,#3111,.T.);
#3113=ORIENTED_EDGE('',*,*,#3112,.F.);
#3114=CARTESIAN_POINT('',(2.25,-3.311475,-1.399288508));
#3115=DIRECTION('',(0.,0.,-1.));
#3116=DIRECTION('',(0.,-1.,0.));
#3117=AXIS2_PLACEMENT_3D('',#3114,#3115,#3116);
#3118=CIRCLE('',#3117,0.5);
#3119=EDGE_CURVE('',#3107,#3083,#3118,.T.);
#3120=ORIENTED_EDGE('',*,*,#3119,.T.);
#3121=ORIENTED_EDGE('',*,*,#3088,.T.);
#3122=ORIENTED_EDGE('',*,*,#1828,.F.);
#3123=ORIENTED_EDGE('',*,*,#1835,.F.);
#3124=EDGE_LOOP('',(#3089,#3098,#3104,#3105,#3113,#3120,#3121,#3122,#3123));
#3125=FACE_BOUND('',#3124,.T.);
#3126=ADVANCED_FACE('',(#3125),#3081,.F.);
#3127=CARTESIAN_POINT('',(-2.25,-3.311475,2.950711492));
#3128=DIRECTION('',(0.,-0.,-1.));
#3129=DIRECTION('',(0.,-1.,0.));
#3130=AXIS2_PLACEMENT_3D('',#3127,#3128,#3129);
#3131=CYLINDRICAL_SURFACE('',#3130,0.5);
#3132=CARTESIAN_POINT('',(-2.25,-3.811475,-1.399288508));
#3133=VERTEX_POINT('',#3132);
#3134=CARTESIAN_POINT('',(-2.25,-3.811475,-1.399288508));
#3135=DIRECTION('',(-0.,0.,1.));
#3136=VECTOR('',#3135,1.4);
#3137=LINE('',#3134,#3136);
#3138=EDGE_CURVE('',#3133,#1802,#3137,.T.);
#3139=ORIENTED_EDGE('',*,*,#3138,.F.);
#3140=CARTESIAN_POINT('',(-2.3,-3.808968719,-1.399288508));
#3141=VERTEX_POINT('',#3140);
#3142=CARTESIAN_POINT('',(-2.25,-3.311475,-1.399288508));
#3143=DIRECTION('',(0.,0.,-1.));
#3144=DIRECTION('',(0.,-1.,0.));
#3145=AXIS2_PLACEMENT_3D('',#3142,#3143,#3144);
#3146=CIRCLE('',#3145,0.5);
#3147=EDGE_CURVE('',#3133,#3141,#3146,.T.);
#3148=ORIENTED_EDGE('',*,*,#3147,.T.);
#3149=CARTESIAN_POINT('',(-2.3,-3.808968719,-1.399288508));
#3150=DIRECTION('',(0.,0.,-1.));
#3151=VECTOR('',#3150,0.2);
#3152=LINE('',#3149,#3151);
#3153=EDGE_CURVE('',#3141,#187,#3152,.T.);
#3154=ORIENTED_EDGE('',*,*,#3153,.T.);
#3155=ORIENTED_EDGE('',*,*,#193,.T.);
#3156=CARTESIAN_POINT('',(-2.2,-3.808968719,-1.399288508));
#3157=VERTEX_POINT('',#3156);
#3158=CARTESIAN_POINT('',(-2.2,-3.808968719,-1.399288508));
#3159=DIRECTION('',(0.,0.,-1.));
#3160=VECTOR('',#3159,0.2);
#3161=LINE('',#3158,#3160);
#3162=EDGE_CURVE('',#3157,#179,#3161,.T.);
#3163=ORIENTED_EDGE('',*,*,#3162,.F.);
#3164=CARTESIAN_POINT('',(-2.25,-3.311475,-1.399288508));
#3165=DIRECTION('',(0.,0.,-1.));
#3166=DIRECTION('',(0.,-1.,0.));
#3167=AXIS2_PLACEMENT_3D('',#3164,#3165,#3166);
#3168=CIRCLE('',#3167,0.5);
#3169=EDGE_CURVE('',#3157,#3133,#3168,.T.);
#3170=ORIENTED_EDGE('',*,*,#3169,.T.);
#3171=ORIENTED_EDGE('',*,*,#3138,.T.);
#3172=ORIENTED_EDGE('',*,*,#1808,.F.);
#3173=ORIENTED_EDGE('',*,*,#1815,.F.);
#3174=EDGE_LOOP('',(#3139,#3148,#3154,#3155,#3163,#3170,#3171,#3172,#3173));
#3175=FACE_BOUND('',#3174,.T.);
#3176=ADVANCED_FACE('',(#3175),#3131,.F.);
#3177=CARTESIAN_POINT('',(-2.2,-6.561475,-1.399288508));
#3178=DIRECTION('',(1.,0.,0.));
#3179=DIRECTION('',(-0.,1.,0.));
#3180=AXIS2_PLACEMENT_3D('',#3177,#3178,#3179);
#3181=PLANE('',#3180);
#3182=ORIENTED_EDGE('',*,*,#184,.T.);
#3183=ORIENTED_EDGE('',*,*,#2979,.F.);
#3184=CARTESIAN_POINT('',(-2.2,-3.808968719,-1.399288508));
#3185=DIRECTION('',(0.,-1.,0.));
#3186=VECTOR('',#3185,5.505012563);
#3187=LINE('',#3184,#3186);
#3188=EDGE_CURVE('',#3157,#2967,#3187,.T.);
#3189=ORIENTED_EDGE('',*,*,#3188,.F.);
#3190=ORIENTED_EDGE('',*,*,#3162,.T.);
#3191=EDGE_LOOP('',(#3182,#3183,#3189,#3190));
#3192=FACE_BOUND('',#3191,.T.);
#3193=ADVANCED_FACE('',(#3192),#3181,.F.);
#3194=CARTESIAN_POINT('',(-2.3,-6.561475,-1.399288508));
#3195=DIRECTION('',(1.,0.,0.));
#3196=DIRECTION('',(-0.,1.,0.));
#3197=AXIS2_PLACEMENT_3D('',#3194,#3195,#3196);
#3198=PLANE('',#3197);
#3199=ORIENTED_EDGE('',*,*,#201,.F.);
#3200=ORIENTED_EDGE('',*,*,#3153,.F.);
#3201=CARTESIAN_POINT('',(-2.3,-3.808968719,-1.399288508));
#3202=DIRECTION('',(0.,-1.,0.));
#3203=VECTOR('',#3202,5.505012563);
#3204=LINE('',#3201,#3203);
#3205=EDGE_CURVE('',#3141,#2959,#3204,.T.);
#3206=ORIENTED_EDGE('',*,*,#3205,.T.);
#3207=ORIENTED_EDGE('',*,*,#2964,.T.);
#3208=EDGE_LOOP('',(#3199,#3200,#3206,#3207));
#3209=FACE_BOUND('',#3208,.T.);
#3210=ADVANCED_FACE('',(#3209),#3198,.T.);
#3211=CARTESIAN_POINT('',(-8.7550125,155.5150125,-1.399288508));
#3212=DIRECTION('',(0.,0.,1.));
#3213=DIRECTION('',(0.,-1.,0.));
#3214=AXIS2_PLACEMENT_3D('',#3211,#3212,#3213);
#3215=PLANE('',#3214);
#3216=ORIENTED_EDGE('',*,*,#3188,.T.);
#3217=ORIENTED_EDGE('',*,*,#2973,.F.);
#3218=ORIENTED_EDGE('',*,*,#3205,.F.);
#3219=ORIENTED_EDGE('',*,*,#3147,.F.);
#3220=ORIENTED_EDGE('',*,*,#3169,.F.);
#3221=EDGE_LOOP('',(#3216,#3217,#3218,#3219,#3220));
#3222=FACE_BOUND('',#3221,.T.);
#3223=ADVANCED_FACE('',(#3222),#3215,.F.);
#3224=CARTESIAN_POINT('',(2.2,-6.561475,-1.399288508));
#3225=DIRECTION('',(-1.,-0.,0.));
#3226=DIRECTION('',(0.,-1.,0.));
#3227=AXIS2_PLACEMENT_3D('',#3224,#3225,#3226);
#3228=PLANE('',#3227);
#3229=ORIENTED_EDGE('',*,*,#134,.T.);
#3230=ORIENTED_EDGE('',*,*,#3103,.F.);
#3231=CARTESIAN_POINT('',(2.2,-9.313981281,-1.399288508));
#3232=DIRECTION('',(-0.,1.,0.));
#3233=VECTOR('',#3232,5.505012563);
#3234=LINE('',#3231,#3233);
#3235=EDGE_CURVE('',#3033,#3091,#3234,.T.);
#3236=ORIENTED_EDGE('',*,*,#3235,.F.);
#3237=ORIENTED_EDGE('',*,*,#3038,.T.);
#3238=EDGE_LOOP('',(#3229,#3230,#3236,#3237));
#3239=FACE_BOUND('',#3238,.T.);
#3240=ADVANCED_FACE('',(#3239),#3228,.F.);
#3241=CARTESIAN_POINT('',(2.3,-6.561475,-1.399288508));
#3242=DIRECTION('',(-1.,-0.,0.));
#3243=DIRECTION('',(0.,-1.,0.));
#3244=AXIS2_PLACEMENT_3D('',#3241,#3242,#3243);
#3245=PLANE('',#3244);
#3246=ORIENTED_EDGE('',*,*,#117,.F.);
#3247=ORIENTED_EDGE('',*,*,#3053,.F.);
#3248=CARTESIAN_POINT('',(2.3,-9.313981281,-1.399288508));
#3249=DIRECTION('',(-0.,1.,0.));
#3250=VECTOR('',#3249,5.505012563);
#3251=LINE('',#3248,#3250);
#3252=EDGE_CURVE('',#3041,#3107,#3251,.T.);
#3253=ORIENTED_EDGE('',*,*,#3252,.T.);
#3254=ORIENTED_EDGE('',*,*,#3112,.T.);
#3255=EDGE_LOOP('',(#3246,#3247,#3253,#3254));
#3256=FACE_BOUND('',#3255,.T.);
#3257=ADVANCED_FACE('',(#3256),#3245,.T.);
#3258=CARTESIAN_POINT('',(-8.7550125,155.5150125,-1.399288508));
#3259=DIRECTION('',(0.,0.,1.));
#3260=DIRECTION('',(0.,-1.,0.));
#3261=AXIS2_PLACEMENT_3D('',#3258,#3259,#3260);
#3262=PLANE('',#3261);
#3263=ORIENTED_EDGE('',*,*,#3235,.T.);
#3264=ORIENTED_EDGE('',*,*,#3097,.F.);
#3265=ORIENTED_EDGE('',*,*,#3119,.F.);
#3266=ORIENTED_EDGE('',*,*,#3252,.F.);
#3267=ORIENTED_EDGE('',*,*,#3047,.F.);
#3268=EDGE_LOOP('',(#3263,#3264,#3265,#3266,#3267));
#3269=FACE_BOUND('',#3268,.T.);
#3270=ADVANCED_FACE('',(#3269),#3262,.F.);
#3271=CARTESIAN_POINT('',(2.3,-10.739471859,-1.399288508));
#3272=DIRECTION('',(-1.,-0.,0.));
#3273=DIRECTION('',(0.,0.,-1.));
#3274=AXIS2_PLACEMENT_3D('',#3271,#3272,#3273);
#3275=PLANE('',#3274);
#3276=ORIENTED_EDGE('',*,*,#100,.F.);
#3277=ORIENTED_EDGE('',*,*,#883,.F.);
#3278=CARTESIAN_POINT('',(2.3,-11.169975,-1.399288508));
#3279=DIRECTION('',(-0.,1.,0.));
#3280=VECTOR('',#3279,0.861006281);
#3281=LINE('',#3278,#3280);
#3282=EDGE_CURVE('',#870,#3057,#3281,.T.);
#3283=ORIENTED_EDGE('',*,*,#3282,.T.);
#3284=ORIENTED_EDGE('',*,*,#3062,.T.);
#3285=EDGE_LOOP('',(#3276,#3277,#3283,#3284));
#3286=FACE_BOUND('',#3285,.T.);
#3287=ADVANCED_FACE('',(#3286),#3275,.T.);
#3288=CARTESIAN_POINT('',(2.2,-10.739471859,-1.399288508));
#3289=DIRECTION('',(-1.,-0.,0.));
#3290=DIRECTION('',(0.,0.,-1.));
#3291=AXIS2_PLACEMENT_3D('',#3288,#3289,#3290);
#3292=PLANE('',#3291);
#3293=ORIENTED_EDGE('',*,*,#151,.T.);
#3294=ORIENTED_EDGE('',*,*,#3029,.F.);
#3295=CARTESIAN_POINT('',(2.2,-11.169975,-1.399288508));
#3296=DIRECTION('',(-0.,1.,0.));
#3297=VECTOR('',#3296,0.861006281);
#3298=LINE('',#3295,#3297);
#3299=EDGE_CURVE('',#872,#3017,#3298,.T.);
#3300=ORIENTED_EDGE('',*,*,#3299,.F.);
#3301=ORIENTED_EDGE('',*,*,#922,.T.);
#3302=EDGE_LOOP('',(#3293,#3294,#3300,#3301));
#3303=FACE_BOUND('',#3302,.T.);
#3304=ADVANCED_FACE('',(#3303),#3292,.F.);
#3305=CARTESIAN_POINT('',(-8.7550125,155.5150125,-1.399288508));
#3306=DIRECTION('',(0.,0.,1.));
#3307=DIRECTION('',(0.,-1.,0.));
#3308=AXIS2_PLACEMENT_3D('',#3305,#3306,#3307);
#3309=PLANE('',#3308);
#3310=ORIENTED_EDGE('',*,*,#3282,.F.);
#3311=ORIENTED_EDGE('',*,*,#877,.T.);
#3312=ORIENTED_EDGE('',*,*,#3299,.T.);
#3313=ORIENTED_EDGE('',*,*,#3023,.F.);
#3314=ORIENTED_EDGE('',*,*,#3069,.F.);
#3315=EDGE_LOOP('',(#3310,#3311,#3312,#3313,#3314));
#3316=FACE_BOUND('',#3315,.T.);
#3317=ADVANCED_FACE('',(#3316),#3309,.F.);
#3318=CARTESIAN_POINT('',(-2.2,-10.739471859,-1.399288508));
#3319=DIRECTION('',(1.,-0.,0.));
#3320=DIRECTION('',(0.,1.,0.));
#3321=AXIS2_PLACEMENT_3D('',#3318,#3319,#3320);
#3322=PLANE('',#3321);
#3323=ORIENTED_EDGE('',*,*,#167,.T.);
#3324=ORIENTED_EDGE('',*,*,#915,.F.);
#3325=CARTESIAN_POINT('',(-2.2,-10.308968719,-1.399288508));
#3326=DIRECTION('',(-0.,-1.,0.));
#3327=VECTOR('',#3326,0.861006281);
#3328=LINE('',#3325,#3327);
#3329=EDGE_CURVE('',#2983,#904,#3328,.T.);
#3330=ORIENTED_EDGE('',*,*,#3329,.F.);
#3331=ORIENTED_EDGE('',*,*,#2988,.T.);
#3332=EDGE_LOOP('',(#3323,#3324,#3330,#3331));
#3333=FACE_BOUND('',#3332,.T.);
#3334=ADVANCED_FACE('',(#3333),#3322,.F.);
#3335=CARTESIAN_POINT('',(-2.3,-10.739471859,-1.399288508));
#3336=DIRECTION('',(1.,-0.,0.));
#3337=DIRECTION('',(0.,1.,0.));
#3338=AXIS2_PLACEMENT_3D('',#3335,#3336,#3337);
#3339=PLANE('',#3338);
#3340=ORIENTED_EDGE('',*,*,#218,.F.);
#3341=ORIENTED_EDGE('',*,*,#2955,.F.);
#3342=CARTESIAN_POINT('',(-2.3,-10.308968719,-1.399288508));
#3343=DIRECTION('',(-0.,-1.,0.));
#3344=VECTOR('',#3343,0.861006281);
#3345=LINE('',#3342,#3344);
#3346=EDGE_CURVE('',#2943,#896,#3345,.T.);
#3347=ORIENTED_EDGE('',*,*,#3346,.T.);
#3348=ORIENTED_EDGE('',*,*,#901,.T.);
#3349=EDGE_LOOP('',(#3340,#3341,#3347,#3348));
#3350=FACE_BOUND('',#3349,.T.);
#3351=ADVANCED_FACE('',(#3350),#3339,.T.);
#3352=CARTESIAN_POINT('',(-8.7550125,155.5150125,-1.399288508));
#3353=DIRECTION('',(0.,0.,1.));
#3354=DIRECTION('',(0.,-1.,0.));
#3355=AXIS2_PLACEMENT_3D('',#3352,#3353,#3354);
#3356=PLANE('',#3355);
#3357=ORIENTED_EDGE('',*,*,#909,.T.);
#3358=ORIENTED_EDGE('',*,*,#3346,.F.);
#3359=ORIENTED_EDGE('',*,*,#2949,.F.);
#3360=ORIENTED_EDGE('',*,*,#2995,.F.);
#3361=ORIENTED_EDGE('',*,*,#3329,.T.);
#3362=EDGE_LOOP('',(#3357,#3358,#3359,#3360,#3361));
#3363=FACE_BOUND('',#3362,.T.);
#3364=ADVANCED_FACE('',(#3363),#3356,.F.);
#3365=CARTESIAN_POINT('',(-3.876911879,5.271601998,-1.399288508));
#3366=DIRECTION('',(-0.184373876,-0.982856182,0.));
#3367=DIRECTION('',(0.982856182,-0.184373876,0.));
#3368=AXIS2_PLACEMENT_3D('',#3365,#3366,#3367);
#3369=PLANE('',#3368);
#3370=ORIENTED_EDGE('',*,*,#656,.F.);
#3371=ORIENTED_EDGE('',*,*,#992,.F.);
#3372=CARTESIAN_POINT('',(-3.228811905,5.150025,-1.399288508));
#3373=DIRECTION('',(-0.982856182,0.184373876,0.));
#3374=VECTOR('',#3373,1.318809376);
#3375=LINE('',#3372,#3374);
#3376=EDGE_CURVE('',#987,#2567,#3375,.T.);
#3377=ORIENTED_EDGE('',*,*,#3376,.T.);
#3378=ORIENTED_EDGE('',*,*,#2592,.T.);
#3379=EDGE_LOOP('',(#3370,#3371,#3377,#3378));
#3380=FACE_BOUND('',#3379,.T.);
#3381=ADVANCED_FACE('',(#3380),#3369,.T.);
#3382=CARTESIAN_POINT('',(-4.057379363,5.203711587,-1.399288508));
#3383=DIRECTION('',(-0.184373876,-0.982856182,0.));
#3384=DIRECTION('',(0.982856182,-0.184373876,0.));
#3385=AXIS2_PLACEMENT_3D('',#3382,#3383,#3384);
#3386=PLANE('',#3385);
#3387=ORIENTED_EDGE('',*,*,#421,.T.);
#3388=ORIENTED_EDGE('',*,*,#2581,.F.);
#3389=CARTESIAN_POINT('',(-3.498732566,5.098915099,-1.399288508));
#3390=DIRECTION('',(-0.982856182,0.184373876,0.));
#3391=VECTOR('',#3390,1.136782386);
#3392=LINE('',#3389,#3391);
#3393=EDGE_CURVE('',#1275,#2569,#3392,.T.);
#3394=ORIENTED_EDGE('',*,*,#3393,.F.);
#3395=ORIENTED_EDGE('',*,*,#1280,.T.);
#3396=EDGE_LOOP('',(#3387,#3388,#3394,#3395));
#3397=FACE_BOUND('',#3396,.T.);
#3398=ADVANCED_FACE('',(#3397),#3386,.F.);
#3399=CARTESIAN_POINT('',(-8.7550125,155.5150125,-1.399288508));
#3400=DIRECTION('',(0.,0.,1.));
#3401=DIRECTION('',(0.,-1.,0.));
#3402=AXIS2_PLACEMENT_3D('',#3399,#3400,#3401);
#3403=PLANE('',#3402);
#3404=ORIENTED_EDGE('',*,*,#3376,.F.);
#3405=ORIENTED_EDGE('',*,*,#1071,.T.);
#3406=ORIENTED_EDGE('',*,*,#1285,.T.);
#3407=ORIENTED_EDGE('',*,*,#3393,.T.);
#3408=ORIENTED_EDGE('',*,*,#2575,.F.);
#3409=EDGE_LOOP('',(#3404,#3405,#3406,#3407,#3408));
#3410=FACE_BOUND('',#3409,.T.);
#3411=ADVANCED_FACE('',(#3410),#3403,.F.);
#3412=CARTESIAN_POINT('',(4.057374464,5.203710668,-1.399288508));
#3413=DIRECTION('',(0.184373876,-0.982856182,0.));
#3414=DIRECTION('',(0.982856182,0.184373876,0.));
#3415=AXIS2_PLACEMENT_3D('',#3412,#3413,#3414);
#3416=PLANE('',#3415);
#3417=ORIENTED_EDGE('',*,*,#487,.T.);
#3418=ORIENTED_EDGE('',*,*,#1423,.F.);
#3419=CARTESIAN_POINT('',(4.616026161,5.308508074,-1.399288508));
#3420=DIRECTION('',(-0.982856182,-0.184373876,0.));
#3421=VECTOR('',#3420,1.136792356);
#3422=LINE('',#3419,#3421);
#3423=EDGE_CURVE('',#2531,#1413,#3422,.T.);
#3424=ORIENTED_EDGE('',*,*,#3423,.F.);
#3425=ORIENTED_EDGE('',*,*,#2556,.T.);
#3426=EDGE_LOOP('',(#3417,#3418,#3424,#3425));
#3427=FACE_BOUND('',#3426,.T.);
#3428=ADVANCED_FACE('',(#3427),#3416,.F.);
#3429=CARTESIAN_POINT('',(3.876911879,5.271601998,-1.399288508));
#3430=DIRECTION('',(0.184373876,-0.982856182,0.));
#3431=DIRECTION('',(0.982856182,0.184373876,0.));
#3432=AXIS2_PLACEMENT_3D('',#3429,#3430,#3431);
#3433=PLANE('',#3432);
#3434=ORIENTED_EDGE('',*,*,#640,.F.);
#3435=ORIENTED_EDGE('',*,*,#2545,.F.);
#3436=CARTESIAN_POINT('',(4.525011853,5.393178996,-1.399288508));
#3437=DIRECTION('',(-0.982856182,-0.184373876,0.));
#3438=VECTOR('',#3437,1.318809376);
#3439=LINE('',#3436,#3438);
#3440=EDGE_CURVE('',#2533,#996,#3439,.T.);
#3441=ORIENTED_EDGE('',*,*,#3440,.T.);
#3442=ORIENTED_EDGE('',*,*,#1001,.T.);
#3443=EDGE_LOOP('',(#3434,#3435,#3441,#3442));
#3444=FACE_BOUND('',#3443,.T.);
#3445=ADVANCED_FACE('',(#3444),#3433,.T.);
#3446=CARTESIAN_POINT('',(-8.7550125,155.5150125,-1.399288508));
#3447=DIRECTION('',(0.,0.,1.));
#3448=DIRECTION('',(0.,-1.,0.));
#3449=AXIS2_PLACEMENT_3D('',#3446,#3447,#3448);
#3450=PLANE('',#3449);
#3451=ORIENTED_EDGE('',*,*,#3423,.T.);
#3452=ORIENTED_EDGE('',*,*,#1417,.T.);
#3453=ORIENTED_EDGE('',*,*,#1009,.T.);
#3454=ORIENTED_EDGE('',*,*,#3440,.F.);
#3455=ORIENTED_EDGE('',*,*,#2539,.F.);
#3456=EDGE_LOOP('',(#3451,#3452,#3453,#3454,#3455));
#3457=FACE_BOUND('',#3456,.T.);
#3458=ADVANCED_FACE('',(#3457),#3450,.F.);
#3459=CARTESIAN_POINT('',(-6.3,9.344289069,-1.399288508));
#3460=DIRECTION('',(-1.,-0.,0.));
#3461=DIRECTION('',(0.,0.,-1.));
#3462=AXIS2_PLACEMENT_3D('',#3459,#3460,#3461);
#3463=PLANE('',#3462);
#3464=ORIENTED_EDGE('',*,*,#311,.T.);
#3465=ORIENTED_EDGE('',*,*,#946,.F.);
#3466=CARTESIAN_POINT('',(-6.3,9.038553137,-1.399288508));
#3467=DIRECTION('',(-0.,1.,0.));
#3468=VECTOR('',#3467,0.611471863);
#3469=LINE('',#3466,#3468);
#3470=EDGE_CURVE('',#2045,#933,#3469,.T.);
#3471=ORIENTED_EDGE('',*,*,#3470,.F.);
#3472=ORIENTED_EDGE('',*,*,#2075,.T.);
#3473=EDGE_LOOP('',(#3464,#3465,#3471,#3472));
#3474=FACE_BOUND('',#3473,.T.);
#3475=ADVANCED_FACE('',(#3474),#3463,.F.);
#3476=CARTESIAN_POINT('',(-6.2,9.344289069,-1.399288508));
#3477=DIRECTION('',(-1.,-0.,0.));
#3478=DIRECTION('',(0.,0.,-1.));
#3479=AXIS2_PLACEMENT_3D('',#3476,#3477,#3478);
#3480=PLANE('',#3479);
#3481=ORIENTED_EDGE('',*,*,#724,.F.);
#3482=ORIENTED_EDGE('',*,*,#2059,.F.);
#3483=CARTESIAN_POINT('',(-6.2,9.038553137,-1.399288508));
#3484=DIRECTION('',(-0.,1.,0.));
#3485=VECTOR('',#3484,0.611471863);
#3486=LINE('',#3483,#3485);
#3487=EDGE_CURVE('',#2047,#935,#3486,.T.);
#3488=ORIENTED_EDGE('',*,*,#3487,.T.);
#3489=ORIENTED_EDGE('',*,*,#976,.T.);
#3490=EDGE_LOOP('',(#3481,#3482,#3488,#3489));
#3491=FACE_BOUND('',#3490,.T.);
#3492=ADVANCED_FACE('',(#3491),#3480,.T.);
#3493=CARTESIAN_POINT('',(-8.7550125,155.5150125,-1.399288508));
#3494=DIRECTION('',(0.,0.,1.));
#3495=DIRECTION('',(0.,-1.,0.));
#3496=AXIS2_PLACEMENT_3D('',#3493,#3494,#3495);
#3497=PLANE('',#3496);
#3498=ORIENTED_EDGE('',*,*,#3470,.T.);
#3499=ORIENTED_EDGE('',*,*,#940,.T.);
#3500=ORIENTED_EDGE('',*,*,#3487,.F.);
#3501=ORIENTED_EDGE('',*,*,#2053,.F.);
#3502=EDGE_LOOP('',(#3498,#3499,#3500,#3501));
#3503=FACE_BOUND('',#3502,.T.);
#3504=ADVANCED_FACE('',(#3503),#3497,.F.);
#3505=CARTESIAN_POINT('',(1.249983478,5.050025,-1.399288508));
#3506=DIRECTION('',(-0.,1.,0.));
#3507=DIRECTION('',(0.,0.,1.));
#3508=AXIS2_PLACEMENT_3D('',#3505,#3506,#3507);
#3509=PLANE('',#3508);
#3510=ORIENTED_EDGE('',*,*,#465,.F.);
#3511=ORIENTED_EDGE('',*,*,#1229,.F.);
#3512=CARTESIAN_POINT('',(0.995094753,5.050025,-1.399288508));
#3513=DIRECTION('',(1.,0.,0.));
#3514=VECTOR('',#3513,0.509777451);
#3515=LINE('',#3512,#3514);
#3516=EDGE_CURVE('',#1219,#1358,#3515,.T.);
#3517=ORIENTED_EDGE('',*,*,#3516,.T.);
#3518=ORIENTED_EDGE('',*,*,#1430,.T.);
#3519=EDGE_LOOP('',(#3510,#3511,#3517,#3518));
#3520=FACE_BOUND('',#3519,.T.);
#3521=ADVANCED_FACE('',(#3520),#3509,.T.);
#3522=CARTESIAN_POINT('',(-8.7550125,155.5150125,-1.399288508));
#3523=DIRECTION('',(0.,0.,1.));
#3524=DIRECTION('',(0.,-1.,0.));
#3525=AXIS2_PLACEMENT_3D('',#3522,#3523,#3524);
#3526=PLANE('',#3525);
#3527=ORIENTED_EDGE('',*,*,#1223,.T.);
#3528=ORIENTED_EDGE('',*,*,#1117,.T.);
#3529=ORIENTED_EDGE('',*,*,#1362,.T.);
#3530=ORIENTED_EDGE('',*,*,#3516,.F.);
#3531=EDGE_LOOP('',(#3527,#3528,#3529,#3530));
#3532=FACE_BOUND('',#3531,.T.);
#3533=ADVANCED_FACE('',(#3532),#3526,.F.);
#3534=CARTESIAN_POINT('',(-1.250016522,5.050025,-1.399288508));
#3535=DIRECTION('',(-0.,1.,0.));
#3536=DIRECTION('',(0.,0.,1.));
#3537=AXIS2_PLACEMENT_3D('',#3534,#3535,#3536);
#3538=PLANE('',#3537);
#3539=ORIENTED_EDGE('',*,*,#443,.F.);
#3540=ORIENTED_EDGE('',*,*,#1271,.F.);
#3541=CARTESIAN_POINT('',(-1.504905247,5.050025,-1.399288508));
#3542=DIRECTION('',(1.,0.,0.));
#3543=VECTOR('',#3542,0.509777451);
#3544=LINE('',#3541,#3543);
#3545=EDGE_CURVE('',#1261,#1164,#3544,.T.);
#3546=ORIENTED_EDGE('',*,*,#3545,.T.);
#3547=ORIENTED_EDGE('',*,*,#1236,.T.);
#3548=EDGE_LOOP('',(#3539,#3540,#3546,#3547));
#3549=FACE_BOUND('',#3548,.T.);
#3550=ADVANCED_FACE('',(#3549),#3538,.T.);
#3551=CARTESIAN_POINT('',(-8.7550125,155.5150125,-1.399288508));
#3552=DIRECTION('',(0.,0.,1.));
#3553=DIRECTION('',(0.,-1.,0.));
#3554=AXIS2_PLACEMENT_3D('',#3551,#3552,#3553);
#3555=PLANE('',#3554);
#3556=ORIENTED_EDGE('',*,*,#1168,.T.);
#3557=ORIENTED_EDGE('',*,*,#3545,.F.);
#3558=ORIENTED_EDGE('',*,*,#1265,.T.);
#3559=ORIENTED_EDGE('',*,*,#1083,.T.);
#3560=EDGE_LOOP('',(#3556,#3557,#3558,#3559));
#3561=FACE_BOUND('',#3560,.T.);
#3562=ADVANCED_FACE('',(#3561),#3555,.F.);
#3563=CARTESIAN_POINT('',(-6.658265555,-8.460907063,-1.399288508));
#3564=DIRECTION('',(0.681120378,-0.732171449,0.));
#3565=DIRECTION('',(0.732171449,0.681120378,0.));
#3566=AXIS2_PLACEMENT_3D('',#3563,#3564,#3565);
#3567=PLANE('',#3566);
#3568=ORIENTED_EDGE('',*,*,#243,.T.);
#3569=ORIENTED_EDGE('',*,*,#828,.F.);
#3570=CARTESIAN_POINT('',(-5.770500131,-7.635041588,-1.399288508));
#3571=DIRECTION('',(-0.732171449,-0.681120378,0.));
#3572=VECTOR('',#3571,2.425020601);
#3573=LINE('',#3570,#3572);
#3574=EDGE_CURVE('',#2172,#814,#3573,.T.);
#3575=ORIENTED_EDGE('',*,*,#3574,.F.);
#3576=ORIENTED_EDGE('',*,*,#2177,.T.);
#3577=EDGE_LOOP('',(#3568,#3569,#3575,#3576));
#3578=FACE_BOUND('',#3577,.T.);
#3579=ADVANCED_FACE('',(#3578),#3567,.F.);
#3580=CARTESIAN_POINT('',(-6.72770001,-8.388920129,-1.399288508));
#3581=DIRECTION('',(0.681120378,-0.732171449,0.));
#3582=DIRECTION('',(0.732171449,0.681120378,0.));
#3583=AXIS2_PLACEMENT_3D('',#3580,#3581,#3582);
#3584=PLANE('',#3583);
#3585=ORIENTED_EDGE('',*,*,#269,.F.);
#3586=ORIENTED_EDGE('',*,*,#2192,.F.);
#3587=CARTESIAN_POINT('',(-5.838612169,-7.561824443,-1.399288508));
#3588=DIRECTION('',(-0.732171449,-0.681120378,0.));
#3589=VECTOR('',#3588,2.428632916);
#3590=LINE('',#3587,#3589);
#3591=EDGE_CURVE('',#2180,#816,#3590,.T.);
#3592=ORIENTED_EDGE('',*,*,#3591,.T.);
#3593=ORIENTED_EDGE('',*,*,#859,.T.);
#3594=EDGE_LOOP('',(#3585,#3586,#3592,#3593));
#3595=FACE_BOUND('',#3594,.T.);
#3596=ADVANCED_FACE('',(#3595),#3584,.T.);
#3597=CARTESIAN_POINT('',(-8.7550125,155.5150125,-1.399288508));
#3598=DIRECTION('',(0.,0.,1.));
#3599=DIRECTION('',(0.,-1.,0.));
#3600=AXIS2_PLACEMENT_3D('',#3597,#3598,#3599);
#3601=PLANE('',#3600);
#3602=ORIENTED_EDGE('',*,*,#822,.T.);
#3603=ORIENTED_EDGE('',*,*,#3591,.F.);
#3604=ORIENTED_EDGE('',*,*,#2186,.F.);
#3605=ORIENTED_EDGE('',*,*,#3574,.T.);
#3606=EDGE_LOOP('',(#3602,#3603,#3604,#3605));
#3607=FACE_BOUND('',#3606,.T.);
#3608=ADVANCED_FACE('',(#3607),#3601,.F.);
#3609=CARTESIAN_POINT('',(6.72770001,-8.388920128,-1.399288508));
#3610=DIRECTION('',(-0.681120378,-0.732171449,0.));
#3611=DIRECTION('',(0.732171449,-0.681120378,0.));
#3612=AXIS2_PLACEMENT_3D('',#3609,#3610,#3611);
#3613=PLANE('',#3612);
#3614=ORIENTED_EDGE('',*,*,#49,.F.);
#3615=ORIENTED_EDGE('',*,*,#772,.F.);
#3616=CARTESIAN_POINT('',(7.61678785,-9.216015814,-1.399288508));
#3617=DIRECTION('',(-0.732171449,0.681120378,0.));
#3618=VECTOR('',#3617,2.428632917);
#3619=LINE('',#3616,#3618);
#3620=EDGE_CURVE('',#760,#2130,#3619,.T.);
#3621=ORIENTED_EDGE('',*,*,#3620,.T.);
#3622=ORIENTED_EDGE('',*,*,#2135,.T.);
#3623=EDGE_LOOP('',(#3614,#3615,#3621,#3622));
#3624=FACE_BOUND('',#3623,.T.);
#3625=ADVANCED_FACE('',(#3624),#3613,.T.);
#3626=CARTESIAN_POINT('',(6.658265555,-8.460907062,-1.399288508));
#3627=DIRECTION('',(-0.681120378,-0.732171449,0.));
#3628=DIRECTION('',(0.732171449,-0.681120378,0.));
#3629=AXIS2_PLACEMENT_3D('',#3626,#3627,#3628);
#3630=PLANE('',#3629);
#3631=ORIENTED_EDGE('',*,*,#75,.T.);
#3632=ORIENTED_EDGE('',*,*,#2150,.F.);
#3633=CARTESIAN_POINT('',(7.546030978,-9.286772537,-1.399288508));
#3634=DIRECTION('',(-0.732171449,0.681120378,0.));
#3635=VECTOR('',#3634,2.425020601);
#3636=LINE('',#3633,#3635);
#3637=EDGE_CURVE('',#758,#2138,#3636,.T.);
#3638=ORIENTED_EDGE('',*,*,#3637,.F.);
#3639=ORIENTED_EDGE('',*,*,#803,.T.);
#3640=EDGE_LOOP('',(#3631,#3632,#3638,#3639));
#3641=FACE_BOUND('',#3640,.T.);
#3642=ADVANCED_FACE('',(#3641),#3630,.F.);
#3643=CARTESIAN_POINT('',(-8.7550125,155.5150125,-1.399288508));
#3644=DIRECTION('',(0.,0.,1.));
#3645=DIRECTION('',(0.,-1.,0.));
#3646=AXIS2_PLACEMENT_3D('',#3643,#3644,#3645);
#3647=PLANE('',#3646);
#3648=ORIENTED_EDGE('',*,*,#3620,.F.);
#3649=ORIENTED_EDGE('',*,*,#766,.F.);
#3650=ORIENTED_EDGE('',*,*,#3637,.T.);
#3651=ORIENTED_EDGE('',*,*,#2144,.F.);
#3652=EDGE_LOOP('',(#3648,#3649,#3650,#3651));
#3653=FACE_BOUND('',#3652,.T.);
#3654=ADVANCED_FACE('',(#3653),#3647,.F.);
#3655=CARTESIAN_POINT('',(-6.25,4.030025,1.600711492));
#3656=DIRECTION('',(0.,-0.,-1.));
#3657=DIRECTION('',(0.,-1.,0.));
#3658=AXIS2_PLACEMENT_3D('',#3655,#3656,#3657);
#3659=CYLINDRICAL_SURFACE('',#3658,0.85);
#3660=ORIENTED_EDGE('',*,*,#2854,.T.);
#3661=ORIENTED_EDGE('',*,*,#1519,.F.);
#3662=ORIENTED_EDGE('',*,*,#2373,.F.);
#3663=ORIENTED_EDGE('',*,*,#379,.T.);
#3664=EDGE_LOOP('',(#3660,#3661,#3662,#3663));
#3665=FACE_BOUND('',#3664,.T.);
#3666=ADVANCED_FACE('',(#3665),#3659,.F.);
#3667=CARTESIAN_POINT('',(6.25,4.030025,1.600711492));
#3668=DIRECTION('',(0.,-0.,-1.));
#3669=DIRECTION('',(0.,-1.,0.));
#3670=AXIS2_PLACEMENT_3D('',#3667,#3668,#3669);
#3671=CYLINDRICAL_SURFACE('',#3670,0.85);
#3672=ORIENTED_EDGE('',*,*,#2871,.T.);
#3673=ORIENTED_EDGE('',*,*,#1689,.F.);
#3674=ORIENTED_EDGE('',*,*,#2011,.T.);
#3675=ORIENTED_EDGE('',*,*,#539,.T.);
#3676=EDGE_LOOP('',(#3672,#3673,#3674,#3675));
#3677=FACE_BOUND('',#3676,.T.);
#3678=ADVANCED_FACE('',(#3677),#3671,.F.);
#3679=CLOSED_SHELL('',(#751,#807,#863,#926,#980,#1143,#1240,#1337,#1434,#1465,#1496,#1955,#1977,#1999,#2016,#2038,#2079,#2096,#2113,#2155,#2197,#2244,#2275,#2322,#2362,#2384,
#2406,#2428,#2450,#2462,#2474,#2499,#2524,#2560,#2596,#2608,#2620,#2632,#2650,#2668,#2686,#2704,#2727,#2745,#2763,#2780,#2797,#2815,#2833,#2844,#2861,
#2878,#2890,#2902,#2916,#2928,#3002,#3076,#3126,#3176,#3193,#3210,#3223,#3240,#3257,#3270,#3287,#3304,#3317,#3334,#3351,#3364,#3381,#3398,#3411,#3428,
#3445,#3458,#3475,#3492,#3504,#3521,#3533,#3550,#3562,#3579,#3596,#3608,#3625,#3642,#3654,#3666,#3678));
#3680=MANIFOLD_SOLID_BREP('Solid 1936',#3679);
#26=STYLED_ITEM('',(),#3680);
#16=SHAPE_REPRESENTATION('root',(#15),#10);
#17=ADVANCED_BREP_SHAPE_REPRESENTATION('root',(#3680),#10);
#3688=SHAPE_REPRESENTATION_RELATIONSHIP('','',#16,#17);
#3689=APPLICATION_CONTEXT('configuration controlled 3D design of mechanical parts and assemblies');
#3690=APPLICATION_PROTOCOL_DEFINITION('international standard','configuration_control_3d_design_ed2_mim',2004,#3689);
#3691=PRODUCT_CONTEXT('',#3689,'mechanical');
#3692=PRODUCT_DEFINITION_CONTEXT('part definition',#3689,'design');
#24=PRODUCT('root','root','',(#3691));
#3693=PRODUCT_RELATED_PRODUCT_CATEGORY('part','',(#24));
#3694=PRODUCT_DEFINITION_FORMATION_WITH_SPECIFIED_SOURCE('','',#24,.NOT_KNOWN.);
#25=PRODUCT_DEFINITION('design','',#3694,#3692);
#23=PRODUCT_DEFINITION_SHAPE('','',#25);
#3695=SHAPE_DEFINITION_REPRESENTATION(#23,#16);
#11=DRAUGHTING_MODEL('',(),#10);
#1=MECHANICAL_DESIGN_GEOMETRIC_PRESENTATION_REPRESENTATION('',(#26),#10);
ENDSEC;
END-ISO-10303-21;
