ISO-10303-21;
HEADER;

/* File generated by HOOPS Exchange Version 25.8.0 */

FILE_DESCRIPTION(('HOOPS Exchange Step'),'2;1');

FILE_NAME('/Volumes/Primary/Projects/THQWGD001/step/THQWGD001C/THQWGD001C_cover.stp',
'2026-05-24T03:52:39-15:00',
('hayashi'),
('Unknown organisation'),
'HOOPS Exchange 2025.8',
'HOOPS Exchange',
'Unknown authorisation');

FILE_SCHEMA( ('AP203_CONFIGURATION_CONTROLLED_3D_DESIGN_OF_MECHANICAL_PARTS_AND_ASSEMBLIES_MIM_LF') );

ENDSEC;

DATA;
#3=(NAMED_UNIT(*)PLANE_ANGLE_UNIT()SI_UNIT($,.RADIAN.));
#4=PLANE_ANGLE_MEASURE_WITH_UNIT(PLANE_ANGLE_MEASURE(0.0174532925),#3);
#5=(CONVERSION_BASED_UNIT('DEGREE',#4)NAMED_UNIT(#6)PLANE_ANGLE_UNIT());
#6=DIMENSIONAL_EXPONENTS(0.,0.,0.,0.,0.,0.,0.);
#7=(NAMED_UNIT(*)SI_UNIT($,.STERADIAN.)SOLID_ANGLE_UNIT());
#8=(LENGTH_UNIT()NAMED_UNIT(*)SI_UNIT(.MILLI.,.METRE.));
#9=UNCERTAINTY_MEASURE_WITH_UNIT(LENGTH_MEASURE(1.000000E-05),#8,'DISTANCE_ACCURACY_VALUE','Maximum Tolerance applied to model');
#10=(GEOMETRIC_REPRESENTATION_CONTEXT(3)GLOBAL_UNCERTAINTY_ASSIGNED_CONTEXT((#9))GLOBAL_UNIT_ASSIGNED_CONTEXT((#8,#5,#7))REPRESENTATION_CONTEXT('','root'));
#12=CARTESIAN_POINT('',(0.,0.,0.));
#13=DIRECTION('',(0.,0.,1.));
#14=DIRECTION('',(1.,0.,0.));
#15=AXIS2_PLACEMENT_3D('TS3D_PRODUCT_CSYS',#12,#13,#14);
#27=CARTESIAN_POINT('',(-4.94678759,2.771464793,8.738223259));
#28=DIRECTION('',(-0.992277877,-0.,-0.124034735));
#29=DIRECTION('',(-0.124034735,0.,0.992277877));
#30=AXIS2_PLACEMENT_3D('',#27,#28,#29);
#31=PLANE('',#30);
#32=CARTESIAN_POINT('',(-4.89678759,8.662517431,8.338223259));
#33=VERTEX_POINT('',#32);
#34=CARTESIAN_POINT('',(-5.026440168,8.671137955,9.375443881));
#35=VERTEX_POINT('',#34);
#36=CARTESIAN_POINT('',(-4.89678759,8.662517431,8.338223259));
#37=CARTESIAN_POINT('',(-4.940004653,8.666665687,8.683959763));
#38=CARTESIAN_POINT('',(-4.983221928,8.670230121,9.029697963));
#39=CARTESIAN_POINT('',(-5.026440168,8.671137955,9.375443881));
#40=B_SPLINE_CURVE_WITH_KNOTS('',3,(#36,#37,#38,#39),.UNSPECIFIED.,.F.,.F.,(4,4),(-0.,0.001045313),.UNSPECIFIED.);
#41=EDGE_CURVE('',#33,#35,#40,.T.);
#42=ORIENTED_EDGE('',*,*,#41,.T.);
#43=CARTESIAN_POINT('',(-4.99678759,8.421464793,9.138223259));
#44=VERTEX_POINT('',#43);
#45=CARTESIAN_POINT('',(-5.02803759,8.421464793,9.388223259));
#46=DIRECTION('',(-0.992277877,-0.,-0.124034735));
#47=DIRECTION('',(-0.124034735,0.,0.992277877));
#48=AXIS2_PLACEMENT_3D('',#45,#46,#47);
#49=ELLIPSE('',#48,0.251945555,0.25);
#50=EDGE_CURVE('',#35,#44,#49,.T.);
#51=ORIENTED_EDGE('',*,*,#50,.T.);
#52=CARTESIAN_POINT('',(-4.99678759,8.171416063,9.138223259));
#53=VERTEX_POINT('',#52);
#54=CARTESIAN_POINT('',(-4.99678759,8.421464793,9.138223259));
#55=DIRECTION('',(0.,-1.,0.));
#56=VECTOR('',#55,0.25004873);
#57=LINE('',#54,#56);
#58=EDGE_CURVE('',#44,#53,#57,.T.);
#59=ORIENTED_EDGE('',*,*,#58,.T.);
#60=CARTESIAN_POINT('',(-4.99678759,3.471464793,9.138223259));
#61=VERTEX_POINT('',#60);
#62=CARTESIAN_POINT('',(-4.99678759,3.471464793,9.138223259));
#63=DIRECTION('',(-0.,1.,-0.));
#64=VECTOR('',#63,4.69995127);
#65=LINE('',#62,#64);
#66=EDGE_CURVE('',#61,#53,#65,.T.);
#67=ORIENTED_EDGE('',*,*,#66,.F.);
#68=CARTESIAN_POINT('',(-4.89678759,3.471464793,8.338223259));
#69=VERTEX_POINT('',#68);
#70=CARTESIAN_POINT('',(-4.99678759,3.471464793,9.138223259));
#71=DIRECTION('',(0.124034735,-0.,-0.992277877));
#72=VECTOR('',#71,0.806225775);
#73=LINE('',#70,#72);
#74=EDGE_CURVE('',#61,#69,#73,.T.);
#75=ORIENTED_EDGE('',*,*,#74,.T.);
#76=CARTESIAN_POINT('',(-4.89678759,3.471464793,8.338223259));
#77=DIRECTION('',(-0.,1.,-0.));
#78=VECTOR('',#77,5.191052637);
#79=LINE('',#76,#78);
#80=EDGE_CURVE('',#69,#33,#79,.T.);
#81=ORIENTED_EDGE('',*,*,#80,.T.);
#82=EDGE_LOOP('',(#42,#51,#59,#67,#75,#81));
#83=FACE_BOUND('',#82,.T.);
#84=ADVANCED_FACE('',(#83),#31,.F.);
#85=CARTESIAN_POINT('',(-4.49678759,8.421416063,12.678223259));
#86=DIRECTION('',(0.,0.,1.));
#87=DIRECTION('',(0.,-1.,-0.));
#88=AXIS2_PLACEMENT_3D('',#85,#86,#87);
#89=PLANE('',#88);
#90=CARTESIAN_POINT('',(-4.99678759,8.171416063,12.678223259));
#91=VERTEX_POINT('',#90);
#92=CARTESIAN_POINT('',(-4.74173886,8.426464793,12.678223259));
#93=VERTEX_POINT('',#92);
#94=CARTESIAN_POINT('',(-4.99678759,8.171416063,12.678223259));
#95=DIRECTION('',(0.707106781,0.707106781,0.));
#96=VECTOR('',#95,0.360693373);
#97=LINE('',#94,#96);
#98=EDGE_CURVE('',#91,#93,#97,.T.);
#99=ORIENTED_EDGE('',*,*,#98,.T.);
#100=CARTESIAN_POINT('',(-4.99678759,8.426464793,12.678223259));
#101=VERTEX_POINT('',#100);
#102=CARTESIAN_POINT('',(-4.74173886,8.426464793,12.678223259));
#103=DIRECTION('',(-1.,-0.,0.));
#104=VECTOR('',#103,0.25504873);
#105=LINE('',#102,#104);
#106=EDGE_CURVE('',#93,#101,#105,.T.);
#107=ORIENTED_EDGE('',*,*,#106,.T.);
#108=CARTESIAN_POINT('',(-4.99678759,8.426464793,12.678223259));
#109=DIRECTION('',(0.,-1.,0.));
#110=VECTOR('',#109,0.25504873);
#111=LINE('',#108,#110);
#112=EDGE_CURVE('',#101,#91,#111,.T.);
#113=ORIENTED_EDGE('',*,*,#112,.T.);
#114=EDGE_LOOP('',(#99,#107,#113));
#115=FACE_BOUND('',#114,.T.);
#116=ADVANCED_FACE('',(#115),#89,.T.);
#117=CARTESIAN_POINT('',(-4.49678759,8.420177438,9.138223259));
#118=DIRECTION('',(0.,-0.,-1.));
#119=DIRECTION('',(-0.,1.,-0.));
#120=AXIS2_PLACEMENT_3D('',#117,#118,#119);
#121=PLANE('',#120);
#122=ORIENTED_EDGE('',*,*,#58,.F.);
#123=CARTESIAN_POINT('',(-4.74673886,8.421464793,9.138223259));
#124=VERTEX_POINT('',#123);
#125=CARTESIAN_POINT('',(-4.99678759,8.421464793,9.138223259));
#126=DIRECTION('',(1.,0.,-0.));
#127=VECTOR('',#126,0.25004873);
#128=LINE('',#125,#127);
#129=EDGE_CURVE('',#44,#124,#128,.T.);
#130=ORIENTED_EDGE('',*,*,#129,.T.);
#131=CARTESIAN_POINT('',(-4.74673886,8.421464793,9.138223259));
#132=DIRECTION('',(-0.707106781,-0.707106781,0.));
#133=VECTOR('',#132,0.353622306);
#134=LINE('',#131,#133);
#135=EDGE_CURVE('',#124,#53,#134,.T.);
#136=ORIENTED_EDGE('',*,*,#135,.T.);
#137=EDGE_LOOP('',(#122,#130,#136));
#138=FACE_BOUND('',#137,.T.);
#139=ADVANCED_FACE('',(#138),#121,.T.);
#140=CARTESIAN_POINT('',(-4.49678759,6.071464793,10.908223259));
#141=DIRECTION('',(1.,0.,-0.));
#142=DIRECTION('',(-0.,1.,0.));
#143=AXIS2_PLACEMENT_3D('',#140,#141,#142);
#144=PLANE('',#143);
#145=CARTESIAN_POINT('',(-4.49678759,8.671416063,12.43810951));
#146=VERTEX_POINT('',#145);
#147=CARTESIAN_POINT('',(-4.49678759,8.671416063,9.383287395));
#148=VERTEX_POINT('',#147);
#149=CARTESIAN_POINT('',(-4.49678759,8.671416063,12.43810951));
#150=DIRECTION('',(-0.,0.,-1.));
#151=VECTOR('',#150,3.054822115);
#152=LINE('',#149,#151);
#153=EDGE_CURVE('',#146,#148,#152,.T.);
#154=ORIENTED_EDGE('',*,*,#153,.T.);
#155=CARTESIAN_POINT('',(-4.49678759,8.671464793,9.388223259));
#156=VERTEX_POINT('',#155);
#157=CARTESIAN_POINT('',(-4.49678759,8.421464793,9.388223259));
#158=DIRECTION('',(1.,0.,-0.));
#159=DIRECTION('',(-0.,1.,0.));
#160=AXIS2_PLACEMENT_3D('',#157,#158,#159);
#161=CIRCLE('',#160,0.25);
#162=EDGE_CURVE('',#148,#156,#161,.T.);
#163=ORIENTED_EDGE('',*,*,#162,.T.);
#164=CARTESIAN_POINT('',(-4.49678759,8.671464793,12.433223259));
#165=VERTEX_POINT('',#164);
#166=CARTESIAN_POINT('',(-4.49678759,8.671464793,12.433223259));
#167=DIRECTION('',(-0.,0.,-1.));
#168=VECTOR('',#167,3.045);
#169=LINE('',#166,#168);
#170=EDGE_CURVE('',#165,#156,#169,.T.);
#171=ORIENTED_EDGE('',*,*,#170,.F.);
#172=CARTESIAN_POINT('',(-4.49678759,8.426464793,12.433223259));
#173=DIRECTION('',(1.,0.,-0.));
#174=DIRECTION('',(-0.,1.,0.));
#175=AXIS2_PLACEMENT_3D('',#172,#173,#174);
#176=CIRCLE('',#175,0.245);
#177=EDGE_CURVE('',#165,#146,#176,.T.);
#178=ORIENTED_EDGE('',*,*,#177,.T.);
#179=EDGE_LOOP('',(#154,#163,#171,#178));
#180=FACE_BOUND('',#179,.T.);
#181=ADVANCED_FACE('',(#180),#144,.T.);
#182=CARTESIAN_POINT('',(-4.99678759,2.771464793,10.908223259));
#183=DIRECTION('',(-1.,-0.,0.));
#184=DIRECTION('',(-0.,0.,1.));
#185=AXIS2_PLACEMENT_3D('',#182,#183,#184);
#186=PLANE('',#185);
#187=CARTESIAN_POINT('',(-4.99678759,8.171416063,12.678223259));
#188=DIRECTION('',(-0.,0.,-1.));
#189=VECTOR('',#188,3.54);
#190=LINE('',#187,#189);
#191=EDGE_CURVE('',#91,#53,#190,.T.);
#192=ORIENTED_EDGE('',*,*,#191,.F.);
#193=CARTESIAN_POINT('',(-4.99678759,5.771464793,12.678223259));
#194=VERTEX_POINT('',#193);
#195=CARTESIAN_POINT('',(-4.99678759,8.171416063,12.678223259));
#196=DIRECTION('',(0.,-1.,0.));
#197=VECTOR('',#196,2.39995127);
#198=LINE('',#195,#197);
#199=EDGE_CURVE('',#91,#194,#198,.T.);
#200=ORIENTED_EDGE('',*,*,#199,.T.);
#201=CARTESIAN_POINT('',(-4.99678759,3.471464793,12.678223259));
#202=VERTEX_POINT('',#201);
#203=CARTESIAN_POINT('',(-4.99678759,5.771464793,12.678223259));
#204=DIRECTION('',(0.,-1.,0.));
#205=VECTOR('',#204,2.3);
#206=LINE('',#203,#205);
#207=EDGE_CURVE('',#194,#202,#206,.T.);
#208=ORIENTED_EDGE('',*,*,#207,.T.);
#209=CARTESIAN_POINT('',(-4.99678759,3.471464793,12.678223259));
#210=DIRECTION('',(0.,-0.,-1.));
#211=VECTOR('',#210,3.54);
#212=LINE('',#209,#211);
#213=EDGE_CURVE('',#202,#61,#212,.T.);
#214=ORIENTED_EDGE('',*,*,#213,.T.);
#215=ORIENTED_EDGE('',*,*,#66,.T.);
#216=EDGE_LOOP('',(#192,#200,#208,#214,#215));
#217=FACE_BOUND('',#216,.T.);
#218=ADVANCED_FACE('',(#217),#186,.F.);
#219=CARTESIAN_POINT('',(4.95321241,2.771464793,8.738223259));
#220=DIRECTION('',(0.992277877,0.,-0.124034735));
#221=DIRECTION('',(-0.124034735,-0.,-0.992277877));
#222=AXIS2_PLACEMENT_3D('',#219,#220,#221);
#223=PLANE('',#222);
#224=CARTESIAN_POINT('',(5.00321241,3.471464793,9.138223259));
#225=VERTEX_POINT('',#224);
#226=CARTESIAN_POINT('',(5.00321241,8.171416063,9.138223259));
#227=VERTEX_POINT('',#226);
#228=CARTESIAN_POINT('',(5.00321241,3.471464793,9.138223259));
#229=DIRECTION('',(-0.,1.,-0.));
#230=VECTOR('',#229,4.69995127);
#231=LINE('',#228,#230);
#232=EDGE_CURVE('',#225,#227,#231,.T.);
#233=ORIENTED_EDGE('',*,*,#232,.T.);
#234=CARTESIAN_POINT('',(5.00321241,8.421464793,9.138223259));
#235=VERTEX_POINT('',#234);
#236=CARTESIAN_POINT('',(5.00321241,8.171416063,9.138223259));
#237=DIRECTION('',(-0.,1.,-0.));
#238=VECTOR('',#237,0.25004873);
#239=LINE('',#236,#238);
#240=EDGE_CURVE('',#227,#235,#239,.T.);
#241=ORIENTED_EDGE('',*,*,#240,.T.);
#242=CARTESIAN_POINT('',(5.032864988,8.671137955,9.375443881));
#243=VERTEX_POINT('',#242);
#244=CARTESIAN_POINT('',(5.03446241,8.421464793,9.388223259));
#245=DIRECTION('',(0.992277877,0.,-0.124034735));
#246=DIRECTION('',(0.124034735,0.,0.992277877));
#247=AXIS2_PLACEMENT_3D('',#244,#245,#246);
#248=ELLIPSE('',#247,0.251945555,0.25);
#249=EDGE_CURVE('',#235,#243,#248,.T.);
#250=ORIENTED_EDGE('',*,*,#249,.T.);
#251=CARTESIAN_POINT('',(4.90321241,8.662517431,8.338223259));
#252=VERTEX_POINT('',#251);
#253=CARTESIAN_POINT('',(5.032864988,8.671137955,9.375443881));
#254=CARTESIAN_POINT('',(4.989647205,8.670230147,9.029701617));
#255=CARTESIAN_POINT('',(4.946429726,8.666665633,8.683961793));
#256=CARTESIAN_POINT('',(4.90321241,8.662517431,8.338223259));
#257=B_SPLINE_CURVE_WITH_KNOTS('',3,(#253,#254,#255,#256),.UNSPECIFIED.,.F.,.F.,(4,4),(-0.000239068,0.000806236),.UNSPECIFIED.);
#258=EDGE_CURVE('',#243,#252,#257,.T.);
#259=ORIENTED_EDGE('',*,*,#258,.T.);
#260=CARTESIAN_POINT('',(4.90321241,3.471464793,8.338223259));
#261=VERTEX_POINT('',#260);
#262=CARTESIAN_POINT('',(4.90321241,3.471464793,8.338223259));
#263=DIRECTION('',(-0.,1.,-0.));
#264=VECTOR('',#263,5.191052637);
#265=LINE('',#262,#264);
#266=EDGE_CURVE('',#261,#252,#265,.T.);
#267=ORIENTED_EDGE('',*,*,#266,.F.);
#268=CARTESIAN_POINT('',(4.90321241,3.471464793,8.338223259));
#269=DIRECTION('',(0.124034735,0.,0.992277877));
#270=VECTOR('',#269,0.806225775);
#271=LINE('',#268,#270);
#272=EDGE_CURVE('',#261,#225,#271,.T.);
#273=ORIENTED_EDGE('',*,*,#272,.T.);
#274=EDGE_LOOP('',(#233,#241,#250,#259,#267,#273));
#275=FACE_BOUND('',#274,.T.);
#276=ADVANCED_FACE('',(#275),#223,.F.);
#277=CARTESIAN_POINT('',(7.00321241,8.671464793,0.038223259));
#278=DIRECTION('',(-0.,1.,-0.));
#279=DIRECTION('',(-0.,0.,1.));
#280=AXIS2_PLACEMENT_3D('',#277,#278,#279);
#281=PLANE('',#280);
#282=CARTESIAN_POINT('',(0.003212299,8.671464793,15.605621996));
#283=VERTEX_POINT('',#282);
#284=CARTESIAN_POINT('',(-4.891255123,8.671464793,12.937351367));
#285=VERTEX_POINT('',#284);
#286=CARTESIAN_POINT('',(0.003212299,8.671464793,15.605621993));
#287=CARTESIAN_POINT('',(-0.238960864,8.671464793,15.601991007));
#288=CARTESIAN_POINT('',(-0.482092789,8.671464793,15.582116713));
#289=CARTESIAN_POINT('',(-0.720827807,8.671464793,15.546787279));
#290=CARTESIAN_POINT('',(-0.959562825,8.671464793,15.511457845));
#291=CARTESIAN_POINT('',(-1.193918985,8.671464793,15.460923173));
#292=CARTESIAN_POINT('',(-1.424196253,8.671464793,15.39622487));
#293=CARTESIAN_POINT('',(-1.654473521,8.671464793,15.331526567));
#294=CARTESIAN_POINT('',(-1.880670812,8.671464793,15.252660865));
#295=CARTESIAN_POINT('',(-2.102968623,8.671464793,15.160254529));
#296=CARTESIAN_POINT('',(-2.325266435,8.671464793,15.067848193));
#297=CARTESIAN_POINT('',(-2.544164315,8.671464793,14.961530142));
#298=CARTESIAN_POINT('',(-2.756115162,8.671464793,14.843723469));
#299=CARTESIAN_POINT('',(-3.180016854,8.671464793,14.608110125));
#300=CARTESIAN_POINT('',(-3.572498762,8.671464793,14.330497901));
#301=CARTESIAN_POINT('',(-3.932910724,8.671464793,14.016015197));
#302=CARTESIAN_POINT('',(-4.113116706,8.671464793,13.858773846));
#303=CARTESIAN_POINT('',(-4.285528064,8.671464793,13.69210761));
#304=CARTESIAN_POINT('',(-4.448128565,8.671464793,13.513578558));
#305=CARTESIAN_POINT('',(-4.529428816,8.671464793,13.424314032));
#306=CARTESIAN_POINT('',(-4.608537655,8.671464793,13.331706346));
#307=CARTESIAN_POINT('',(-4.683310841,8.671464793,13.236035079));
#308=CARTESIAN_POINT('',(-4.758084027,8.671464793,13.140363813));
#309=CARTESIAN_POINT('',(-4.829049385,8.671464793,13.04197888));
#310=CARTESIAN_POINT('',(-4.891255124,8.671464793,12.937351368));
#311=B_SPLINE_CURVE_WITH_KNOTS('',3,(#286,#287,#288,#289,#290,#291,#292,#293,#294,#295,#296,#297,#298,#299,#300,#301,#302,#303,#304,#305,#306,#307,#308,#309,#310),.UNSPECIFIED.,.F.,.F.,(4,3,3,3,3,3,3,3,4),(0.019260816,0.019987417,0.020714019,0.02144062,0.022167221,0.023620423,0.024347024,0.024710325,0.025073625),.UNSPECIFIED.);
#312=EDGE_CURVE('',#283,#285,#311,.T.);
#313=ORIENTED_EDGE('',*,*,#312,.T.);
#314=CARTESIAN_POINT('',(4.897679943,8.671464793,12.937351367));
#315=VERTEX_POINT('',#314);
#316=CARTESIAN_POINT('',(0.00321241,8.671464793,11.038223259));
#317=DIRECTION('',(-0.,1.,-0.));
#318=DIRECTION('',(0.,-0.,-1.));
#319=AXIS2_PLACEMENT_3D('',#316,#317,#318);
#320=CIRCLE('',#319,5.25);
#321=EDGE_CURVE('',#285,#315,#320,.T.);
#322=ORIENTED_EDGE('',*,*,#321,.T.);
#323=CARTESIAN_POINT('',(4.897679943,8.671464793,12.937351367));
#324=CARTESIAN_POINT('',(4.835477788,8.671464793,13.04198144));
#325=CARTESIAN_POINT('',(4.764508841,8.671464793,13.14036382));
#326=CARTESIAN_POINT('',(4.689735652,8.671464793,13.23603509));
#327=CARTESIAN_POINT('',(4.614962463,8.671464793,13.33170636));
#328=CARTESIAN_POINT('',(4.535853619,8.671464793,13.424314049));
#329=CARTESIAN_POINT('',(4.454553366,8.671464793,13.513578579));
#330=CARTESIAN_POINT('',(4.291952859,8.671464793,13.69210764));
#331=CARTESIAN_POINT('',(4.119541491,8.671464793,13.858773879));
#332=CARTESIAN_POINT('',(3.939335501,8.671464793,14.016015235));
#333=CARTESIAN_POINT('',(3.578923522,8.671464793,14.330497947));
#334=CARTESIAN_POINT('',(3.186441595,8.671464793,14.608110171));
#335=CARTESIAN_POINT('',(2.762539884,8.671464793,14.843723523));
#336=CARTESIAN_POINT('',(2.550589029,8.671464793,14.961530199));
#337=CARTESIAN_POINT('',(2.331690969,8.671464793,15.067847662));
#338=CARTESIAN_POINT('',(2.109393316,8.671464793,15.160254582));
#339=CARTESIAN_POINT('',(1.887095662,8.671464793,15.252661501));
#340=CARTESIAN_POINT('',(1.660897866,8.671464793,15.33152548));
#341=CARTESIAN_POINT('',(1.430620914,8.671464793,15.396224914));
#342=CARTESIAN_POINT('',(1.200343962,8.671464793,15.460924348));
#343=CARTESIAN_POINT('',(0.965987432,8.671464793,15.511457767));
#344=CARTESIAN_POINT('',(0.727252435,8.671464793,15.546787307));
#345=CARTESIAN_POINT('',(0.488517439,8.671464793,15.582116848));
#346=CARTESIAN_POINT('',(0.245385471,8.671464793,15.601991015));
#347=CARTESIAN_POINT('',(0.003212299,8.671464793,15.605621996));
#348=B_SPLINE_CURVE_WITH_KNOTS('',3,(#323,#324,#325,#326,#327,#328,#329,#330,#331,#332,#333,#334,#335,#336,#337,#338,#339,#340,#341,#342,#343,#344,#345,#346,#347),.UNSPECIFIED.,.F.,.F.,(4,3,3,3,3,3,3,3,4),(0.019260816,0.019624117,0.019987417,0.020714018,0.022167221,0.022893822,0.023620423,0.024347024,0.025073625),.UNSPECIFIED.);
#349=EDGE_CURVE('',#315,#283,#348,.T.);
#350=ORIENTED_EDGE('',*,*,#349,.T.);
#351=EDGE_LOOP('',(#313,#322,#350));
#352=FACE_BOUND('',#351,.T.);
#353=ADVANCED_FACE('',(#352),#281,.T.);
#354=CARTESIAN_POINT('',(7.00321241,8.671464793,0.038223259));
#355=DIRECTION('',(-0.,1.,-0.));
#356=DIRECTION('',(-0.,0.,1.));
#357=AXIS2_PLACEMENT_3D('',#354,#355,#356);
#358=PLANE('',#357);
#359=CARTESIAN_POINT('',(4.50321241,8.671464793,9.388223259));
#360=VERTEX_POINT('',#359);
#361=CARTESIAN_POINT('',(4.50321241,8.671464793,12.428223259));
#362=VERTEX_POINT('',#361);
#363=CARTESIAN_POINT('',(4.50321241,8.671464793,9.388223259));
#364=DIRECTION('',(0.,0.,1.));
#365=VECTOR('',#364,3.04);
#366=LINE('',#363,#365);
#367=EDGE_CURVE('',#360,#362,#366,.T.);
#368=ORIENTED_EDGE('',*,*,#367,.T.);
#369=CARTESIAN_POINT('',(5.00321241,8.671464793,12.428223259));
#370=VERTEX_POINT('',#369);
#371=CARTESIAN_POINT('',(4.50321241,8.671464793,12.428223259));
#372=DIRECTION('',(1.,0.,0.));
#373=VECTOR('',#372,0.5);
#374=LINE('',#371,#373);
#375=EDGE_CURVE('',#362,#370,#374,.T.);
#376=ORIENTED_EDGE('',*,*,#375,.T.);
#377=CARTESIAN_POINT('',(5.00321241,8.671464793,12.639004318));
#378=VERTEX_POINT('',#377);
#379=CARTESIAN_POINT('',(5.00321241,8.671464793,12.428223259));
#380=CARTESIAN_POINT('',(5.00321241,8.671464793,12.498483612));
#381=CARTESIAN_POINT('',(5.00321241,8.671464793,12.568743965));
#382=CARTESIAN_POINT('',(5.00321241,8.671464793,12.639004318));
#383=B_SPLINE_CURVE_WITH_KNOTS('',3,(#379,#380,#381,#382),.UNSPECIFIED.,.F.,.F.,(4,4),(0.,0.00021062),.UNSPECIFIED.);
#384=EDGE_CURVE('',#370,#378,#383,.T.);
#385=ORIENTED_EDGE('',*,*,#384,.T.);
#386=CARTESIAN_POINT('',(5.25321241,8.671464793,11.038223259));
#387=VERTEX_POINT('',#386);
#388=CARTESIAN_POINT('',(0.00321241,8.671464793,11.038223259));
#389=DIRECTION('',(-0.,1.,-0.));
#390=DIRECTION('',(0.,-0.,-1.));
#391=AXIS2_PLACEMENT_3D('',#388,#389,#390);
#392=CIRCLE('',#391,5.25);
#393=EDGE_CURVE('',#378,#387,#392,.T.);
#394=ORIENTED_EDGE('',*,*,#393,.T.);
#395=CARTESIAN_POINT('',(5.003808489,8.671464793,9.388223259));
#396=VERTEX_POINT('',#395);
#397=CARTESIAN_POINT('',(5.25321241,8.671464793,11.038223259));
#398=CARTESIAN_POINT('',(5.25321241,8.671464793,10.75748082));
#399=CARTESIAN_POINT('',(5.226880487,8.671464793,10.480359554));
#400=CARTESIAN_POINT('',(5.181646407,8.671464793,10.205837717));
#401=CARTESIAN_POINT('',(5.136412328,8.671464793,9.931315881));
#402=CARTESIAN_POINT('',(5.07275931,8.671464793,9.659094432));
#403=CARTESIAN_POINT('',(5.003815976,8.671464793,9.388221375));
#404=B_SPLINE_CURVE_WITH_KNOTS('',3,(#397,#398,#399,#400,#401,#402,#403),.UNSPECIFIED.,.F.,.F.,(4,3,4),(0.002893942,0.003728739,0.004563537),.UNSPECIFIED.);
#405=EDGE_CURVE('',#387,#396,#404,.T.);
#406=ORIENTED_EDGE('',*,*,#405,.T.);
#407=CARTESIAN_POINT('',(5.003808489,8.671464793,9.388223259));
#408=DIRECTION('',(-1.,-0.,0.));
#409=VECTOR('',#408,0.500596079);
#410=LINE('',#407,#409);
#411=EDGE_CURVE('',#396,#360,#410,.T.);
#412=ORIENTED_EDGE('',*,*,#411,.T.);
#413=EDGE_LOOP('',(#368,#376,#385,#394,#406,#412));
#414=FACE_BOUND('',#413,.T.);
#415=ADVANCED_FACE('',(#414),#358,.T.);
#416=CARTESIAN_POINT('',(7.00321241,8.671464793,0.038223259));
#417=DIRECTION('',(-0.,1.,-0.));
#418=DIRECTION('',(-0.,0.,1.));
#419=AXIS2_PLACEMENT_3D('',#416,#417,#418);
#420=PLANE('',#419);
#421=CARTESIAN_POINT('',(4.90321241,8.671464793,1.138223259));
#422=VERTEX_POINT('',#421);
#423=CARTESIAN_POINT('',(4.90321241,8.671464793,4.426525451));
#424=VERTEX_POINT('',#423);
#425=CARTESIAN_POINT('',(4.90321241,8.671464793,1.138223259));
#426=DIRECTION('',(-0.,0.,1.));
#427=VECTOR('',#426,3.288302192);
#428=LINE('',#425,#427);
#429=EDGE_CURVE('',#422,#424,#428,.T.);
#430=ORIENTED_EDGE('',*,*,#429,.T.);
#431=CARTESIAN_POINT('',(5.50321241,8.671464793,2.738223259));
#432=VERTEX_POINT('',#431);
#433=CARTESIAN_POINT('',(4.903212351,8.671464793,4.426525423));
#434=CARTESIAN_POINT('',(4.962698668,8.671464793,4.286795929));
#435=CARTESIAN_POINT('',(5.028404948,8.671464793,4.150027384));
#436=CARTESIAN_POINT('',(5.097584888,8.671464793,4.014912438));
#437=CARTESIAN_POINT('',(5.166764827,8.671464793,3.879797492));
#438=CARTESIAN_POINT('',(5.240128807,8.671464793,3.746674315));
#439=CARTESIAN_POINT('',(5.307534174,8.671464793,3.610714602));
#440=CARTESIAN_POINT('',(5.341236858,8.671464793,3.542734745));
#441=CARTESIAN_POINT('',(5.373248698,8.671464792,3.473949981));
#442=CARTESIAN_POINT('',(5.400292106,8.671464792,3.402800046));
#443=CARTESIAN_POINT('',(5.427335514,8.671464792,3.331650111));
#444=CARTESIAN_POINT('',(5.448505618,8.671464793,3.258866601));
#445=CARTESIAN_POINT('',(5.463678756,8.671464793,3.1855637));
#446=CARTESIAN_POINT('',(5.494025033,8.671464793,3.0389579));
#447=CARTESIAN_POINT('',(5.50321241,8.671464793,2.889261551));
#448=CARTESIAN_POINT('',(5.50321241,8.671464793,2.738223259));
#449=B_SPLINE_CURVE_WITH_KNOTS('',3,(#433,#434,#435,#436,#437,#438,#439,#440,#441,#442,#443,#444,#445,#446,#447,#448),.UNSPECIFIED.,.F.,.F.,(4,3,3,3,3,4),(0.,0.000448357,0.000896715,0.001120893,0.001345072,0.001793429),.UNSPECIFIED.);
#450=EDGE_CURVE('',#424,#432,#449,.T.);
#451=ORIENTED_EDGE('',*,*,#450,.T.);
#452=CARTESIAN_POINT('',(5.50321241,8.671464793,0.113415578));
#453=VERTEX_POINT('',#452);
#454=CARTESIAN_POINT('',(5.50321241,8.671464793,2.738223259));
#455=DIRECTION('',(0.,-0.,-1.));
#456=VECTOR('',#455,2.624807681);
#457=LINE('',#454,#456);
#458=EDGE_CURVE('',#432,#453,#457,.T.);
#459=ORIENTED_EDGE('',*,*,#458,.T.);
#460=CARTESIAN_POINT('',(5.50321241,8.671464793,0.113415578));
#461=CARTESIAN_POINT('',(5.452808215,8.671464793,0.131258967));
#462=CARTESIAN_POINT('',(5.404166707,8.671464793,0.152758766));
#463=CARTESIAN_POINT('',(5.3576306,8.671464793,0.178625878));
#464=CARTESIAN_POINT('',(5.311094492,8.671464793,0.204492989));
#465=CARTESIAN_POINT('',(5.266367532,8.671464793,0.235090087));
#466=CARTESIAN_POINT('',(5.225828217,8.671464793,0.269407343));
#467=CARTESIAN_POINT('',(5.144749587,8.671464793,0.338041854));
#468=CARTESIAN_POINT('',(5.078094658,8.671464793,0.424317146));
#469=CARTESIAN_POINT('',(5.029606048,8.671464793,0.518874308));
#470=CARTESIAN_POINT('',(4.981117439,8.671464793,0.61343147));
#471=CARTESIAN_POINT('',(4.949362167,8.671464793,0.717168422));
#472=CARTESIAN_POINT('',(4.930087011,8.671464793,0.821225434));
#473=CARTESIAN_POINT('',(4.910811855,8.671464793,0.925282445));
#474=CARTESIAN_POINT('',(4.90321241,8.671464793,1.031463086));
#475=CARTESIAN_POINT('',(4.90321241,8.671464793,1.138223259));
#476=B_SPLINE_CURVE_WITH_KNOTS('',3,(#460,#461,#462,#463,#464,#465,#466,#467,#468,#469,#470,#471,#472,#473,#474,#475),.UNSPECIFIED.,.F.,.F.,(4,3,3,3,3,4),(0.003907335,0.004067625,0.004227916,0.004548497,0.004869078,0.00518966),.UNSPECIFIED.);
#477=EDGE_CURVE('',#453,#422,#476,.T.);
#478=ORIENTED_EDGE('',*,*,#477,.T.);
#479=EDGE_LOOP('',(#430,#451,#459,#478));
#480=FACE_BOUND('',#479,.T.);
#481=ADVANCED_FACE('',(#480),#420,.T.);
#482=CARTESIAN_POINT('',(7.00321241,8.671464793,0.038223259));
#483=DIRECTION('',(-0.,1.,-0.));
#484=DIRECTION('',(-0.,0.,1.));
#485=AXIS2_PLACEMENT_3D('',#482,#483,#484);
#486=PLANE('',#485);
#487=ORIENTED_EDGE('',*,*,#170,.T.);
#488=CARTESIAN_POINT('',(-4.997383669,8.671464793,9.388223259));
#489=VERTEX_POINT('',#488);
#490=CARTESIAN_POINT('',(-4.49678759,8.671464793,9.388223259));
#491=DIRECTION('',(-1.,-0.,0.));
#492=VECTOR('',#491,0.500596079);
#493=LINE('',#490,#492);
#494=EDGE_CURVE('',#156,#489,#493,.T.);
#495=ORIENTED_EDGE('',*,*,#494,.T.);
#496=CARTESIAN_POINT('',(-5.24678759,8.671464793,11.038223259));
#497=VERTEX_POINT('',#496);
#498=CARTESIAN_POINT('',(-4.997396625,8.671464793,9.388220003));
#499=CARTESIAN_POINT('',(-5.066284837,8.671464793,9.658875639));
#500=CARTESIAN_POINT('',(-5.130039913,8.671464793,9.931530491));
#501=CARTESIAN_POINT('',(-5.175296169,8.671464793,10.206319244));
#502=CARTESIAN_POINT('',(-5.220552424,8.671464793,10.481107998));
#503=CARTESIAN_POINT('',(-5.24678759,8.671464793,10.75812734));
#504=CARTESIAN_POINT('',(-5.24678759,8.671464793,11.038223259));
#505=B_SPLINE_CURVE_WITH_KNOTS('',3,(#498,#499,#500,#501,#502,#503,#504),.UNSPECIFIED.,.F.,.F.,(4,3,4),(-0.,0.000834569,0.001669138),.UNSPECIFIED.);
#506=EDGE_CURVE('',#489,#497,#505,.T.);
#507=ORIENTED_EDGE('',*,*,#506,.T.);
#508=CARTESIAN_POINT('',(-4.99678759,8.671464793,12.639004318));
#509=VERTEX_POINT('',#508);
#510=CARTESIAN_POINT('',(0.00321241,8.671464793,11.038223259));
#511=DIRECTION('',(-0.,1.,-0.));
#512=DIRECTION('',(0.,-0.,-1.));
#513=AXIS2_PLACEMENT_3D('',#510,#511,#512);
#514=CIRCLE('',#513,5.25);
#515=EDGE_CURVE('',#497,#509,#514,.T.);
#516=ORIENTED_EDGE('',*,*,#515,.T.);
#517=CARTESIAN_POINT('',(-4.99678759,8.671464793,12.433223259));
#518=VERTEX_POINT('',#517);
#519=CARTESIAN_POINT('',(-4.99678759,8.671464793,12.639004318));
#520=CARTESIAN_POINT('',(-4.99678759,8.671464793,12.570410632));
#521=CARTESIAN_POINT('',(-4.99678759,8.671464793,12.501816945));
#522=CARTESIAN_POINT('',(-4.99678759,8.671464793,12.433223259));
#523=B_SPLINE_CURVE_WITH_KNOTS('',3,(#519,#520,#521,#522),.UNSPECIFIED.,.F.,.F.,(4,4),(0.,0.000205599),.UNSPECIFIED.);
#524=EDGE_CURVE('',#509,#518,#523,.T.);
#525=ORIENTED_EDGE('',*,*,#524,.T.);
#526=CARTESIAN_POINT('',(-4.99678759,8.671464793,12.433223259));
#527=DIRECTION('',(1.,0.,-0.));
#528=VECTOR('',#527,0.5);
#529=LINE('',#526,#528);
#530=EDGE_CURVE('',#518,#165,#529,.T.);
#531=ORIENTED_EDGE('',*,*,#530,.T.);
#532=EDGE_LOOP('',(#487,#495,#507,#516,#525,#531));
#533=FACE_BOUND('',#532,.T.);
#534=ADVANCED_FACE('',(#533),#486,.T.);
#535=CARTESIAN_POINT('',(7.00321241,8.671464793,0.038223259));
#536=DIRECTION('',(-0.,1.,-0.));
#537=DIRECTION('',(-0.,0.,1.));
#538=AXIS2_PLACEMENT_3D('',#535,#536,#537);
#539=PLANE('',#538);
#540=CARTESIAN_POINT('',(-5.49678759,8.671464793,0.113415578));
#541=VERTEX_POINT('',#540);
#542=CARTESIAN_POINT('',(-5.49678759,8.671464793,2.738223259));
#543=VERTEX_POINT('',#542);
#544=CARTESIAN_POINT('',(-5.49678759,8.671464793,0.113415578));
#545=DIRECTION('',(-0.,0.,1.));
#546=VECTOR('',#545,2.624807681);
#547=LINE('',#544,#546);
#548=EDGE_CURVE('',#541,#543,#547,.T.);
#549=ORIENTED_EDGE('',*,*,#548,.T.);
#550=CARTESIAN_POINT('',(-4.89678759,8.671464793,4.426525451));
#551=VERTEX_POINT('',#550);
#552=CARTESIAN_POINT('',(-5.49678759,8.671464793,2.738223259));
#553=CARTESIAN_POINT('',(-5.49678759,8.671464793,2.815198354));
#554=CARTESIAN_POINT('',(-5.49420417,8.671464793,2.891996694));
#555=CARTESIAN_POINT('',(-5.487785235,8.671464793,2.968532611));
#556=CARTESIAN_POINT('',(-5.481366299,8.671464793,3.045068529));
#557=CARTESIAN_POINT('',(-5.470972544,8.671464793,3.121921727));
#558=CARTESIAN_POINT('',(-5.454986531,8.671464793,3.196377269));
#559=CARTESIAN_POINT('',(-5.439000518,8.671464793,3.270832811));
#560=CARTESIAN_POINT('',(-5.417086781,8.671464793,3.342864206));
#561=CARTESIAN_POINT('',(-5.389983262,8.671464793,3.412773237));
#562=CARTESIAN_POINT('',(-5.362879743,8.671464793,3.482682267));
#563=CARTESIAN_POINT('',(-5.331028123,8.671464793,3.550649559));
#564=CARTESIAN_POINT('',(-5.297514214,8.671464793,3.617937056));
#565=CARTESIAN_POINT('',(-5.230486397,8.671464793,3.752512051));
#566=CARTESIAN_POINT('',(-5.157743087,8.671464793,3.884723552));
#567=CARTESIAN_POINT('',(-5.089210206,8.671464793,4.018719195));
#568=CARTESIAN_POINT('',(-5.020677326,8.671464793,4.152714839));
#569=CARTESIAN_POINT('',(-4.955650968,8.671464793,4.288259174));
#570=CARTESIAN_POINT('',(-4.896787578,8.671464793,4.426525446));
#571=B_SPLINE_CURVE_WITH_KNOTS('',3,(#552,#553,#554,#555,#556,#557,#558,#559,#560,#561,#562,#563,#564,#565,#566,#567,#568,#569,#570),.UNSPECIFIED.,.F.,.F.,(4,3,3,3,3,3,4),(0.002151274,0.002373881,0.002596487,0.002819094,0.003041701,0.003486914,0.003932127),.UNSPECIFIED.);
#572=EDGE_CURVE('',#543,#551,#571,.T.);
#573=ORIENTED_EDGE('',*,*,#572,.T.);
#574=CARTESIAN_POINT('',(-4.89678759,8.671464793,1.138223259));
#575=VERTEX_POINT('',#574);
#576=CARTESIAN_POINT('',(-4.89678759,8.671464793,4.426525451));
#577=DIRECTION('',(0.,-0.,-1.));
#578=VECTOR('',#577,3.288302192);
#579=LINE('',#576,#578);
#580=EDGE_CURVE('',#551,#575,#579,.T.);
#581=ORIENTED_EDGE('',*,*,#580,.T.);
#582=CARTESIAN_POINT('',(-4.89678759,8.671464793,1.138223259));
#583=CARTESIAN_POINT('',(-4.89678759,8.671464793,1.031494886));
#584=CARTESIAN_POINT('',(-4.904352928,8.671464793,0.926043227));
#585=CARTESIAN_POINT('',(-4.923420648,8.671464793,0.822532691));
#586=CARTESIAN_POINT('',(-4.932954508,8.671464793,0.770777423));
#587=CARTESIAN_POINT('',(-4.945408206,8.671464793,0.719514902));
#588=CARTESIAN_POINT('',(-4.961641071,8.671464793,0.668890147));
#589=CARTESIAN_POINT('',(-4.977873936,8.671464793,0.618265392));
#590=CARTESIAN_POINT('',(-4.998154431,8.671464793,0.567897655));
#591=CARTESIAN_POINT('',(-5.022423289,8.671464793,0.520355713));
#592=CARTESIAN_POINT('',(-5.046692148,8.671464793,0.47281377));
#593=CARTESIAN_POINT('',(-5.075012591,8.671464793,0.427708697));
#594=CARTESIAN_POINT('',(-5.108002669,8.671464793,0.385412225));
#595=CARTESIAN_POINT('',(-5.140992746,8.671464793,0.343115754));
#596=CARTESIAN_POINT('',(-5.178502325,8.671464793,0.304069982));
#597=CARTESIAN_POINT('',(-5.219067736,8.671464793,0.269691647));
#598=CARTESIAN_POINT('',(-5.300198559,8.671464793,0.200934978));
#599=CARTESIAN_POINT('',(-5.396575844,8.671464793,0.148890121));
#600=CARTESIAN_POINT('',(-5.49678759,8.671464793,0.113415578));
#601=B_SPLINE_CURVE_WITH_KNOTS('',3,(#582,#583,#584,#585,#586,#587,#588,#589,#590,#591,#592,#593,#594,#595,#596,#597,#598,#599,#600),.UNSPECIFIED.,.F.,.F.,(4,3,3,3,3,3,4),(0.,0.000315721,0.000473581,0.000631442,0.000789302,0.000947163,0.001262884),.UNSPECIFIED.);
#602=EDGE_CURVE('',#575,#541,#601,.T.);
#603=ORIENTED_EDGE('',*,*,#602,.T.);
#604=EDGE_LOOP('',(#549,#573,#581,#603));
#605=FACE_BOUND('',#604,.T.);
#606=ADVANCED_FACE('',(#605),#539,.T.);
#607=CARTESIAN_POINT('',(-4.89678759,2.771464793,4.738223259));
#608=DIRECTION('',(-1.,-0.,0.));
#609=DIRECTION('',(-0.,0.,1.));
#610=AXIS2_PLACEMENT_3D('',#607,#608,#609);
#611=PLANE('',#610);
#612=CARTESIAN_POINT('',(-4.89678759,8.617148023,6.538223259));
#613=VERTEX_POINT('',#612);
#614=CARTESIAN_POINT('',(-4.89678759,8.671464793,4.426525451));
#615=CARTESIAN_POINT('',(-4.89678759,8.671464794,4.778638992));
#616=CARTESIAN_POINT('',(-4.89678759,8.653120746,5.130420403));
#617=CARTESIAN_POINT('',(-4.89678759,8.639439335,5.482286234));
#618=CARTESIAN_POINT('',(-4.89678759,8.625757924,5.834152065));
#619=CARTESIAN_POINT('',(-4.89678759,8.617148125,6.18610972));
#620=CARTESIAN_POINT('',(-4.89678759,8.617148023,6.538223259));
#621=B_SPLINE_CURVE_WITH_KNOTS('',3,(#614,#615,#616,#617,#618,#619,#620),.UNSPECIFIED.,.F.,.F.,(4,3,4),(0.,0.001056168,0.002112335),.UNSPECIFIED.);
#622=EDGE_CURVE('',#551,#613,#621,.T.);
#623=ORIENTED_EDGE('',*,*,#622,.T.);
#624=CARTESIAN_POINT('',(-4.89678759,8.617148023,6.538223259));
#625=CARTESIAN_POINT('',(-4.89678759,8.617148023,6.838345024));
#626=CARTESIAN_POINT('',(-4.89678759,8.624042975,7.138355759));
#627=CARTESIAN_POINT('',(-4.89678759,8.633620114,7.438323302));
#628=CARTESIAN_POINT('',(-4.89678759,8.643197253,7.738290845));
#629=CARTESIAN_POINT('',(-4.89678759,8.65491489,8.038223919));
#630=CARTESIAN_POINT('',(-4.89678759,8.662517431,8.338223259));
#631=B_SPLINE_CURVE_WITH_KNOTS('',3,(#624,#625,#626,#627,#628,#629,#630),.UNSPECIFIED.,.F.,.F.,(4,3,4),(0.,0.000900249,0.001800497),.UNSPECIFIED.);
#632=EDGE_CURVE('',#613,#33,#631,.T.);
#633=ORIENTED_EDGE('',*,*,#632,.T.);
#634=ORIENTED_EDGE('',*,*,#80,.F.);
#635=CARTESIAN_POINT('',(-4.89678759,3.471464793,1.138223259));
#636=VERTEX_POINT('',#635);
#637=CARTESIAN_POINT('',(-4.89678759,3.471464793,8.338223259));
#638=DIRECTION('',(0.,-0.,-1.));
#639=VECTOR('',#638,7.2);
#640=LINE('',#637,#639);
#641=EDGE_CURVE('',#69,#636,#640,.T.);
#642=ORIENTED_EDGE('',*,*,#641,.T.);
#643=CARTESIAN_POINT('',(-4.89678759,5.771464793,1.138223259));
#644=VERTEX_POINT('',#643);
#645=CARTESIAN_POINT('',(-4.89678759,5.771464793,1.138223259));
#646=DIRECTION('',(0.,-1.,0.));
#647=VECTOR('',#646,2.3);
#648=LINE('',#645,#647);
#649=EDGE_CURVE('',#644,#636,#648,.T.);
#650=ORIENTED_EDGE('',*,*,#649,.F.);
#651=CARTESIAN_POINT('',(-4.89678759,8.671464793,1.138223259));
#652=DIRECTION('',(0.,-1.,0.));
#653=VECTOR('',#652,2.9);
#654=LINE('',#651,#653);
#655=EDGE_CURVE('',#575,#644,#654,.T.);
#656=ORIENTED_EDGE('',*,*,#655,.F.);
#657=ORIENTED_EDGE('',*,*,#580,.F.);
#658=EDGE_LOOP('',(#623,#633,#634,#642,#650,#656,#657));
#659=FACE_BOUND('',#658,.T.);
#660=CARTESIAN_POINT('',(-4.89678759,3.771464793,2.338223259));
#661=VERTEX_POINT('',#660);
#662=CARTESIAN_POINT('',(-4.89678759,6.771464793,2.338223259));
#663=VERTEX_POINT('',#662);
#664=CARTESIAN_POINT('',(-4.89678759,3.771464793,2.338223259));
#665=DIRECTION('',(-0.,1.,-0.));
#666=VECTOR('',#665,3.);
#667=LINE('',#664,#666);
#668=EDGE_CURVE('',#661,#663,#667,.T.);
#669=ORIENTED_EDGE('',*,*,#668,.F.);
#670=CARTESIAN_POINT('',(-4.89678759,3.771464793,7.138223259));
#671=VERTEX_POINT('',#670);
#672=CARTESIAN_POINT('',(-4.89678759,3.771464793,2.338223259));
#673=DIRECTION('',(-0.,0.,1.));
#674=VECTOR('',#673,4.8);
#675=LINE('',#672,#674);
#676=EDGE_CURVE('',#661,#671,#675,.T.);
#677=ORIENTED_EDGE('',*,*,#676,.T.);
#678=CARTESIAN_POINT('',(-4.89678759,6.771464793,7.138223259));
#679=VERTEX_POINT('',#678);
#680=CARTESIAN_POINT('',(-4.89678759,3.771464793,7.138223259));
#681=DIRECTION('',(-0.,1.,-0.));
#682=VECTOR('',#681,3.);
#683=LINE('',#680,#682);
#684=EDGE_CURVE('',#671,#679,#683,.T.);
#685=ORIENTED_EDGE('',*,*,#684,.T.);
#686=CARTESIAN_POINT('',(-4.89678759,6.771464793,2.338223259));
#687=DIRECTION('',(-0.,0.,1.));
#688=VECTOR('',#687,4.8);
#689=LINE('',#686,#688);
#690=EDGE_CURVE('',#663,#679,#689,.T.);
#691=ORIENTED_EDGE('',*,*,#690,.F.);
#692=EDGE_LOOP('',(#669,#677,#685,#691));
#693=FACE_BOUND('',#692,.T.);
#694=ADVANCED_FACE('',(#659,#693),#611,.F.);
#695=CARTESIAN_POINT('',(7.20321241,2.771464793,-1.561776741));
#696=DIRECTION('',(-0.,0.,1.));
#697=DIRECTION('',(1.,0.,-0.));
#698=AXIS2_PLACEMENT_3D('',#695,#696,#697);
#699=PLANE('',#698);
#700=CARTESIAN_POINT('',(7.00321241,3.471464793,-1.561776741));
#701=VERTEX_POINT('',#700);
#702=CARTESIAN_POINT('',(7.00321241,7.171464793,-1.561776741));
#703=VERTEX_POINT('',#702);
#704=CARTESIAN_POINT('',(7.00321241,3.471464793,-1.561776741));
#705=DIRECTION('',(-0.,1.,-0.));
#706=VECTOR('',#705,3.7);
#707=LINE('',#704,#706);
#708=EDGE_CURVE('',#701,#703,#707,.T.);
#709=ORIENTED_EDGE('',*,*,#708,.F.);
#710=CARTESIAN_POINT('',(7.040901847,3.471464793,-1.561776741));
#711=VERTEX_POINT('',#710);
#712=CARTESIAN_POINT('',(7.040901847,3.471464793,-1.561776741));
#713=DIRECTION('',(-1.,-0.,0.));
#714=VECTOR('',#713,0.037689437);
#715=LINE('',#712,#714);
#716=EDGE_CURVE('',#711,#701,#715,.T.);
#717=ORIENTED_EDGE('',*,*,#716,.F.);
#718=CARTESIAN_POINT('',(7.45321241,3.871464793,-1.561776741));
#719=VERTEX_POINT('',#718);
#720=CARTESIAN_POINT('',(7.040901847,3.871464793,-1.561776741));
#721=DIRECTION('',(-0.,0.,1.));
#722=DIRECTION('',(-1.,-0.,0.));
#723=AXIS2_PLACEMENT_3D('',#720,#721,#722);
#724=ELLIPSE('',#723,0.412310563,0.4);
#725=EDGE_CURVE('',#711,#719,#724,.T.);
#726=ORIENTED_EDGE('',*,*,#725,.T.);
#727=CARTESIAN_POINT('',(7.45321241,7.171473854,-1.561776741));
#728=VERTEX_POINT('',#727);
#729=CARTESIAN_POINT('',(7.45321241,3.871464793,-1.561776741));
#730=DIRECTION('',(-0.,1.,-0.));
#731=VECTOR('',#730,3.300009061);
#732=LINE('',#729,#731);
#733=EDGE_CURVE('',#719,#728,#732,.T.);
#734=ORIENTED_EDGE('',*,*,#733,.T.);
#735=CARTESIAN_POINT('',(6.00321241,8.671464793,-1.561776741));
#736=VERTEX_POINT('',#735);
#737=CARTESIAN_POINT('',(7.45321241,7.171473854,-1.561776741));
#738=CARTESIAN_POINT('',(7.45321241,7.268052128,-1.561776741));
#739=CARTESIAN_POINT('',(7.443688171,7.362997347,-1.561776741));
#740=CARTESIAN_POINT('',(7.42506714,7.456382801,-1.561776741));
#741=CARTESIAN_POINT('',(7.40644611,7.549768256,-1.561776741));
#742=CARTESIAN_POINT('',(7.378285941,7.64254358,-1.561776741));
#743=CARTESIAN_POINT('',(7.341598607,7.73108249,-1.561776741));
#744=CARTESIAN_POINT('',(7.304911274,7.8196214,-1.561776741));
#745=CARTESIAN_POINT('',(7.260076333,7.903645809,-1.561776741));
#746=CARTESIAN_POINT('',(7.207295035,7.983267226,-1.561776741));
#747=CARTESIAN_POINT('',(7.154513737,8.062888644,-1.561776741));
#748=CARTESIAN_POINT('',(7.09323366,8.138426969,-1.561776741));
#749=CARTESIAN_POINT('',(7.026415662,8.206540491,-1.561776741));
#750=CARTESIAN_POINT('',(6.959597664,8.274654013,-1.561776741));
#751=CARTESIAN_POINT('',(6.886817778,8.336172822,-1.561776741));
#752=CARTESIAN_POINT('',(6.80807429,8.391095023,-1.561776741));
#753=CARTESIAN_POINT('',(6.729330802,8.446017223,-1.561776741));
#754=CARTESIAN_POINT('',(6.645317857,8.493655652,-1.561776741));
#755=CARTESIAN_POINT('',(6.558579908,8.532965349,-1.561776741));
#756=CARTESIAN_POINT('',(6.38510401,8.611584742,-1.561776741));
#757=CARTESIAN_POINT('',(6.19580688,8.65909216,-1.561776741));
#758=CARTESIAN_POINT('',(6.00321241,8.671464793,-1.561776741));
#759=B_SPLINE_CURVE_WITH_KNOTS('',3,(#737,#738,#739,#740,#741,#742,#743,#744,#745,#746,#747,#748,#749,#750,#751,#752,#753,#754,#755,#756,#757,#758),.UNSPECIFIED.,.F.,.F.,(4,3,3,3,3,3,3,4),(0.,0.000285567,0.000571135,0.000856702,0.00114227,0.001427837,0.001713405,0.00228454),.UNSPECIFIED.);
#760=EDGE_CURVE('',#728,#736,#759,.T.);
#761=ORIENTED_EDGE('',*,*,#760,.T.);
#762=CARTESIAN_POINT('',(6.00321241,8.585678356,-1.561776741));
#763=VERTEX_POINT('',#762);
#764=CARTESIAN_POINT('',(6.00321241,8.671464793,-1.561776741));
#765=DIRECTION('',(0.,-1.,0.));
#766=VECTOR('',#765,0.085786438);
#767=LINE('',#764,#766);
#768=EDGE_CURVE('',#736,#763,#767,.T.);
#769=ORIENTED_EDGE('',*,*,#768,.T.);
#770=CARTESIAN_POINT('',(5.50321241,7.171464793,-1.561776741));
#771=DIRECTION('',(0.,-0.,-1.));
#772=DIRECTION('',(-0.,1.,-0.));
#773=AXIS2_PLACEMENT_3D('',#770,#771,#772);
#774=CIRCLE('',#773,1.5);
#775=EDGE_CURVE('',#763,#703,#774,.T.);
#776=ORIENTED_EDGE('',*,*,#775,.T.);
#777=EDGE_LOOP('',(#709,#717,#726,#734,#761,#769,#776));
#778=FACE_BOUND('',#777,.T.);
#779=ADVANCED_FACE('',(#778),#699,.T.);
#780=CARTESIAN_POINT('',(7.20321241,2.771464793,-2.561776741));
#781=DIRECTION('',(0.9701425,0.,-0.242535625));
#782=DIRECTION('',(-0.242535625,-0.,-0.9701425));
#783=AXIS2_PLACEMENT_3D('',#780,#781,#782);
#784=PLANE('',#783);
#785=ORIENTED_EDGE('',*,*,#733,.F.);
#786=CARTESIAN_POINT('',(7.00321241,3.871464793,-3.361776741));
#787=VERTEX_POINT('',#786);
#788=CARTESIAN_POINT('',(7.45321241,3.871464793,-1.561776741));
#789=DIRECTION('',(-0.242535625,-0.,-0.9701425));
#790=VECTOR('',#789,1.855397532);
#791=LINE('',#788,#790);
#792=EDGE_CURVE('',#719,#787,#791,.T.);
#793=ORIENTED_EDGE('',*,*,#792,.T.);
#794=CARTESIAN_POINT('',(7.00321241,7.24220609,-3.361776741));
#795=VERTEX_POINT('',#794);
#796=CARTESIAN_POINT('',(7.00321241,3.871464793,-3.361776741));
#797=DIRECTION('',(-0.,1.,-0.));
#798=VECTOR('',#797,3.370741296);
#799=LINE('',#796,#798);
#800=EDGE_CURVE('',#787,#795,#799,.T.);
#801=ORIENTED_EDGE('',*,*,#800,.T.);
#802=CARTESIAN_POINT('',(7.003212411,7.242206089,-3.361776737));
#803=CARTESIAN_POINT('',(7.079308551,7.217969743,-3.057392174));
#804=CARTESIAN_POINT('',(7.155804968,7.200327786,-2.751406509));
#805=CARTESIAN_POINT('',(7.231237623,7.188769488,-2.44967589));
#806=CARTESIAN_POINT('',(7.306670277,7.17721119,-2.147945271));
#807=CARTESIAN_POINT('',(7.380824523,7.17172545,-1.851328288));
#808=CARTESIAN_POINT('',(7.453212692,7.171473853,-1.561775612));
#809=B_SPLINE_CURVE_WITH_KNOTS('',3,(#802,#803,#804,#805,#806,#807,#808),.UNSPECIFIED.,.F.,.F.,(4,3,4),(0.498727414,0.549656877,0.60058634),.UNSPECIFIED.);
#810=EDGE_CURVE('',#795,#728,#809,.T.);
#811=ORIENTED_EDGE('',*,*,#810,.T.);
#812=EDGE_LOOP('',(#785,#793,#801,#811));
#813=FACE_BOUND('',#812,.T.);
#814=ADVANCED_FACE('',(#813),#784,.T.);
#815=CARTESIAN_POINT('',(6.50321241,2.771464793,-3.361776741));
#816=DIRECTION('',(-0.,0.,1.));
#817=DIRECTION('',(1.,0.,-0.));
#818=AXIS2_PLACEMENT_3D('',#815,#816,#817);
#819=PLANE('',#818);
#820=CARTESIAN_POINT('',(6.590901847,3.471464793,-3.361776741));
#821=VERTEX_POINT('',#820);
#822=CARTESIAN_POINT('',(6.40321241,3.471464793,-3.361776741));
#823=VERTEX_POINT('',#822);
#824=CARTESIAN_POINT('',(6.590901847,3.471464793,-3.361776741));
#825=DIRECTION('',(-1.,-0.,0.));
#826=VECTOR('',#825,0.187689437);
#827=LINE('',#824,#826);
#828=EDGE_CURVE('',#821,#823,#827,.T.);
#829=ORIENTED_EDGE('',*,*,#828,.T.);
#830=CARTESIAN_POINT('',(6.00321241,3.871464793,-3.361776741));
#831=VERTEX_POINT('',#830);
#832=CARTESIAN_POINT('',(6.40321241,3.871464793,-3.361776741));
#833=DIRECTION('',(0.,-0.,-1.));
#834=DIRECTION('',(-0.,1.,-0.));
#835=AXIS2_PLACEMENT_3D('',#832,#833,#834);
#836=CIRCLE('',#835,0.4);
#837=EDGE_CURVE('',#823,#831,#836,.T.);
#838=ORIENTED_EDGE('',*,*,#837,.T.);
#839=CARTESIAN_POINT('',(6.00321241,8.671464793,-3.361776741));
#840=VERTEX_POINT('',#839);
#841=CARTESIAN_POINT('',(6.00321241,8.671464793,-3.361776741));
#842=DIRECTION('',(0.,-1.,0.));
#843=VECTOR('',#842,4.8);
#844=LINE('',#841,#843);
#845=EDGE_CURVE('',#840,#831,#844,.T.);
#846=ORIENTED_EDGE('',*,*,#845,.F.);
#847=CARTESIAN_POINT('',(6.00321241,8.671464793,-3.361776741));
#848=CARTESIAN_POINT('',(6.148248809,8.614763422,-3.361776741));
#849=CARTESIAN_POINT('',(6.281810982,8.538920735,-3.361776741));
#850=CARTESIAN_POINT('',(6.403992507,8.444092843,-3.361776741));
#851=CARTESIAN_POINT('',(6.465083269,8.396678898,-3.361776741));
#852=CARTESIAN_POINT('',(6.523198449,8.344345677,-3.361776741));
#853=CARTESIAN_POINT('',(6.576449918,8.288812238,-3.361776741));
#854=CARTESIAN_POINT('',(6.629701386,8.233278799,-3.361776741));
#855=CARTESIAN_POINT('',(6.678624905,8.174166146,-3.361776741));
#856=CARTESIAN_POINT('',(6.72315295,8.111418437,-3.361776741));
#857=CARTESIAN_POINT('',(6.767680994,8.048670729,-3.361776741));
#858=CARTESIAN_POINT('',(6.808101568,7.981649153,-3.361776741));
#859=CARTESIAN_POINT('',(6.842855818,7.912593072,-3.361776741));
#860=CARTESIAN_POINT('',(6.877610067,7.843536992,-3.361776741));
#861=CARTESIAN_POINT('',(6.906823277,7.77250152,-3.361776741));
#862=CARTESIAN_POINT('',(6.930524526,7.699497045,-3.361776741));
#863=CARTESIAN_POINT('',(6.977927023,7.553488094,-3.361776741));
#864=CARTESIAN_POINT('',(7.00321241,7.398074745,-3.361776741));
#865=CARTESIAN_POINT('',(7.00321241,7.24220609,-3.361776741));
#866=B_SPLINE_CURVE_WITH_KNOTS('',3,(#847,#848,#849,#850,#851,#852,#853,#854,#855,#856,#857,#858,#859,#860,#861,#862,#863,#864,#865),.UNSPECIFIED.,.F.,.F.,(4,3,3,3,3,3,4),(0.,0.000460653,0.000690979,0.000921305,0.001151631,0.001381958,0.00184261),.UNSPECIFIED.);
#867=EDGE_CURVE('',#840,#795,#866,.T.);
#868=ORIENTED_EDGE('',*,*,#867,.T.);
#869=ORIENTED_EDGE('',*,*,#800,.F.);
#870=CARTESIAN_POINT('',(6.590901847,3.871464793,-3.361776741));
#871=DIRECTION('',(0.,-0.,-1.));
#872=DIRECTION('',(-1.,-0.,0.));
#873=AXIS2_PLACEMENT_3D('',#870,#871,#872);
#874=ELLIPSE('',#873,0.412310563,0.4);
#875=EDGE_CURVE('',#787,#821,#874,.T.);
#876=ORIENTED_EDGE('',*,*,#875,.T.);
#877=EDGE_LOOP('',(#829,#838,#846,#868,#869,#876));
#878=FACE_BOUND('',#877,.T.);
#879=ADVANCED_FACE('',(#878),#819,.F.);
#880=CARTESIAN_POINT('',(4.90321241,2.771464793,4.738223259));
#881=DIRECTION('',(1.,0.,-0.));
#882=DIRECTION('',(0.,-0.,-1.));
#883=AXIS2_PLACEMENT_3D('',#880,#881,#882);
#884=PLANE('',#883);
#885=CARTESIAN_POINT('',(4.90321241,3.771464793,2.338223259));
#886=VERTEX_POINT('',#885);
#887=CARTESIAN_POINT('',(4.90321241,3.771464793,7.138223259));
#888=VERTEX_POINT('',#887);
#889=CARTESIAN_POINT('',(4.90321241,3.771464793,2.338223259));
#890=DIRECTION('',(-0.,0.,1.));
#891=VECTOR('',#890,4.8);
#892=LINE('',#889,#891);
#893=EDGE_CURVE('',#886,#888,#892,.T.);
#894=ORIENTED_EDGE('',*,*,#893,.F.);
#895=CARTESIAN_POINT('',(4.90321241,6.771464793,2.338223259));
#896=VERTEX_POINT('',#895);
#897=CARTESIAN_POINT('',(4.90321241,3.771464793,2.338223259));
#898=DIRECTION('',(-0.,1.,-0.));
#899=VECTOR('',#898,3.);
#900=LINE('',#897,#899);
#901=EDGE_CURVE('',#886,#896,#900,.T.);
#902=ORIENTED_EDGE('',*,*,#901,.T.);
#903=CARTESIAN_POINT('',(4.90321241,6.771464793,7.138223259));
#904=VERTEX_POINT('',#903);
#905=CARTESIAN_POINT('',(4.90321241,6.771464793,2.338223259));
#906=DIRECTION('',(-0.,0.,1.));
#907=VECTOR('',#906,4.8);
#908=LINE('',#905,#907);
#909=EDGE_CURVE('',#896,#904,#908,.T.);
#910=ORIENTED_EDGE('',*,*,#909,.T.);
#911=CARTESIAN_POINT('',(4.90321241,3.771464793,7.138223259));
#912=DIRECTION('',(-0.,1.,-0.));
#913=VECTOR('',#912,3.);
#914=LINE('',#911,#913);
#915=EDGE_CURVE('',#888,#904,#914,.T.);
#916=ORIENTED_EDGE('',*,*,#915,.F.);
#917=EDGE_LOOP('',(#894,#902,#910,#916));
#918=FACE_BOUND('',#917,.T.);
#919=ORIENTED_EDGE('',*,*,#266,.T.);
#920=CARTESIAN_POINT('',(4.90321241,8.617148023,6.538223259));
#921=VERTEX_POINT('',#920);
#922=CARTESIAN_POINT('',(4.90321241,8.662517431,8.338223259));
#923=CARTESIAN_POINT('',(4.90321241,8.654915553,8.038223869));
#924=CARTESIAN_POINT('',(4.90321241,8.64319709,7.738286738));
#925=CARTESIAN_POINT('',(4.90321241,8.63361992,7.438317222));
#926=CARTESIAN_POINT('',(4.90321241,8.624042749,7.138347706));
#927=CARTESIAN_POINT('',(4.90321241,8.617148131,6.838337619));
#928=CARTESIAN_POINT('',(4.90321241,8.617148023,6.538223259));
#929=B_SPLINE_CURVE_WITH_KNOTS('',3,(#922,#923,#924,#925,#926,#927,#928),.UNSPECIFIED.,.F.,.F.,(4,3,4),(0.,0.00090024,0.00180048),.UNSPECIFIED.);
#930=EDGE_CURVE('',#252,#921,#929,.T.);
#931=ORIENTED_EDGE('',*,*,#930,.T.);
#932=CARTESIAN_POINT('',(4.90321241,8.617148023,6.538223259));
#933=CARTESIAN_POINT('',(4.90321241,8.617148023,6.186267953));
#934=CARTESIAN_POINT('',(4.90321241,8.625751991,5.834318037));
#935=CARTESIAN_POINT('',(4.90321241,8.639436027,5.482371304));
#936=CARTESIAN_POINT('',(4.90321241,8.653120064,5.130424571));
#937=CARTESIAN_POINT('',(4.90321241,8.671464723,4.778480758));
#938=CARTESIAN_POINT('',(4.90321241,8.671464793,4.426525451));
#939=B_SPLINE_CURVE_WITH_KNOTS('',3,(#932,#933,#934,#935,#936,#937,#938),.UNSPECIFIED.,.F.,.F.,(4,3,4),(0.,0.001055866,0.002111731),.UNSPECIFIED.);
#940=EDGE_CURVE('',#921,#424,#939,.T.);
#941=ORIENTED_EDGE('',*,*,#940,.T.);
#942=ORIENTED_EDGE('',*,*,#429,.F.);
#943=CARTESIAN_POINT('',(4.90321241,5.771464793,1.138223259));
#944=VERTEX_POINT('',#943);
#945=CARTESIAN_POINT('',(4.90321241,8.671464793,1.138223259));
#946=DIRECTION('',(0.,-1.,0.));
#947=VECTOR('',#946,2.9);
#948=LINE('',#945,#947);
#949=EDGE_CURVE('',#422,#944,#948,.T.);
#950=ORIENTED_EDGE('',*,*,#949,.T.);
#951=CARTESIAN_POINT('',(4.90321241,3.471464793,1.138223259));
#952=VERTEX_POINT('',#951);
#953=CARTESIAN_POINT('',(4.90321241,5.771464793,1.138223259));
#954=DIRECTION('',(0.,-1.,0.));
#955=VECTOR('',#954,2.3);
#956=LINE('',#953,#955);
#957=EDGE_CURVE('',#944,#952,#956,.T.);
#958=ORIENTED_EDGE('',*,*,#957,.T.);
#959=CARTESIAN_POINT('',(4.90321241,3.471464793,1.138223259));
#960=DIRECTION('',(-0.,0.,1.));
#961=VECTOR('',#960,7.2);
#962=LINE('',#959,#961);
#963=EDGE_CURVE('',#952,#261,#962,.T.);
#964=ORIENTED_EDGE('',*,*,#963,.T.);
#965=EDGE_LOOP('',(#919,#931,#941,#942,#950,#958,#964));
#966=FACE_BOUND('',#965,.T.);
#967=ADVANCED_FACE('',(#918,#966),#884,.F.);
#968=CARTESIAN_POINT('',(5.00321241,2.771464793,10.908223259));
#969=DIRECTION('',(1.,0.,-0.));
#970=DIRECTION('',(0.,-0.,-1.));
#971=AXIS2_PLACEMENT_3D('',#968,#969,#970);
#972=PLANE('',#971);
#973=CARTESIAN_POINT('',(5.00321241,8.171416063,12.678223259));
#974=VERTEX_POINT('',#973);
#975=CARTESIAN_POINT('',(5.00321241,5.771464793,12.678223259));
#976=VERTEX_POINT('',#975);
#977=CARTESIAN_POINT('',(5.00321241,8.171416063,12.678223259));
#978=DIRECTION('',(0.,-1.,0.));
#979=VECTOR('',#978,2.39995127);
#980=LINE('',#977,#979);
#981=EDGE_CURVE('',#974,#976,#980,.T.);
#982=ORIENTED_EDGE('',*,*,#981,.F.);
#983=CARTESIAN_POINT('',(5.00321241,8.171416063,12.678223259));
#984=DIRECTION('',(0.,-0.,-1.));
#985=VECTOR('',#984,3.54);
#986=LINE('',#983,#985);
#987=EDGE_CURVE('',#974,#227,#986,.T.);
#988=ORIENTED_EDGE('',*,*,#987,.T.);
#989=ORIENTED_EDGE('',*,*,#232,.F.);
#990=CARTESIAN_POINT('',(5.00321241,3.471464793,12.678223259));
#991=VERTEX_POINT('',#990);
#992=CARTESIAN_POINT('',(5.00321241,3.471464793,9.138223259));
#993=DIRECTION('',(-0.,0.,1.));
#994=VECTOR('',#993,3.54);
#995=LINE('',#992,#994);
#996=EDGE_CURVE('',#225,#991,#995,.T.);
#997=ORIENTED_EDGE('',*,*,#996,.T.);
#998=CARTESIAN_POINT('',(5.00321241,5.771464793,12.678223259));
#999=DIRECTION('',(0.,-1.,0.));
#1000=VECTOR('',#999,2.3);
#1001=LINE('',#998,#1000);
#1002=EDGE_CURVE('',#976,#991,#1001,.T.);
#1003=ORIENTED_EDGE('',*,*,#1002,.F.);
#1004=EDGE_LOOP('',(#982,#988,#989,#997,#1003));
#1005=FACE_BOUND('',#1004,.T.);
#1006=ADVANCED_FACE('',(#1005),#972,.F.);
#1007=CARTESIAN_POINT('',(-5.99678759,2.771464793,-1.661776741));
#1008=DIRECTION('',(-1.,-0.,0.));
#1009=DIRECTION('',(-0.,0.,1.));
#1010=AXIS2_PLACEMENT_3D('',#1007,#1008,#1009);
#1011=PLANE('',#1010);
#1012=CARTESIAN_POINT('',(-5.99678759,5.771464793,0.038223259));
#1013=VERTEX_POINT('',#1012);
#1014=CARTESIAN_POINT('',(-5.99678759,3.871464793,0.038223259));
#1015=VERTEX_POINT('',#1014);
#1016=CARTESIAN_POINT('',(-5.99678759,5.771464793,0.038223259));
#1017=DIRECTION('',(0.,-1.,0.));
#1018=VECTOR('',#1017,1.9);
#1019=LINE('',#1016,#1018);
#1020=EDGE_CURVE('',#1013,#1015,#1019,.T.);
#1021=ORIENTED_EDGE('',*,*,#1020,.T.);
#1022=CARTESIAN_POINT('',(-5.99678759,3.871464793,-3.361776741));
#1023=VERTEX_POINT('',#1022);
#1024=CARTESIAN_POINT('',(-5.99678759,3.871464793,0.038223259));
#1025=DIRECTION('',(0.,-0.,-1.));
#1026=VECTOR('',#1025,3.4);
#1027=LINE('',#1024,#1026);
#1028=EDGE_CURVE('',#1015,#1023,#1027,.T.);
#1029=ORIENTED_EDGE('',*,*,#1028,.T.);
#1030=CARTESIAN_POINT('',(-5.99678759,8.671464793,-3.361776741));
#1031=VERTEX_POINT('',#1030);
#1032=CARTESIAN_POINT('',(-5.99678759,3.871464793,-3.361776741));
#1033=DIRECTION('',(-0.,1.,-0.));
#1034=VECTOR('',#1033,4.8);
#1035=LINE('',#1032,#1034);
#1036=EDGE_CURVE('',#1023,#1031,#1035,.T.);
#1037=ORIENTED_EDGE('',*,*,#1036,.T.);
#1038=CARTESIAN_POINT('',(-5.99678759,8.671464793,-1.561776741));
#1039=VERTEX_POINT('',#1038);
#1040=CARTESIAN_POINT('',(-5.99678759,8.671464793,-3.361776741));
#1041=CARTESIAN_POINT('',(-5.99678759,8.671464793,-2.761776741));
#1042=CARTESIAN_POINT('',(-5.99678759,8.671464793,-2.161776741));
#1043=CARTESIAN_POINT('',(-5.99678759,8.671464793,-1.561776741));
#1044=B_SPLINE_CURVE_WITH_KNOTS('',3,(#1040,#1041,#1042,#1043),.UNSPECIFIED.,.F.,.F.,(4,4),(0.0035,0.0053),.UNSPECIFIED.);
#1045=EDGE_CURVE('',#1031,#1039,#1044,.T.);
#1046=ORIENTED_EDGE('',*,*,#1045,.T.);
#1047=CARTESIAN_POINT('',(-5.99678759,8.585678356,-1.561776741));
#1048=VERTEX_POINT('',#1047);
#1049=CARTESIAN_POINT('',(-5.99678759,8.671464793,-1.561776741));
#1050=DIRECTION('',(0.,-1.,0.));
#1051=VECTOR('',#1050,0.085786438);
#1052=LINE('',#1049,#1051);
#1053=EDGE_CURVE('',#1039,#1048,#1052,.T.);
#1054=ORIENTED_EDGE('',*,*,#1053,.T.);
#1055=CARTESIAN_POINT('',(-5.99678759,8.585678356,0.038223259));
#1056=VERTEX_POINT('',#1055);
#1057=CARTESIAN_POINT('',(-5.99678759,8.585678356,0.038223259));
#1058=DIRECTION('',(0.,-0.,-1.));
#1059=VECTOR('',#1058,1.6);
#1060=LINE('',#1057,#1059);
#1061=EDGE_CURVE('',#1056,#1048,#1060,.T.);
#1062=ORIENTED_EDGE('',*,*,#1061,.F.);
#1063=CARTESIAN_POINT('',(-5.99678759,8.585678356,0.038223259));
#1064=DIRECTION('',(0.,-1.,0.));
#1065=VECTOR('',#1064,2.814213562);
#1066=LINE('',#1063,#1065);
#1067=EDGE_CURVE('',#1056,#1013,#1066,.T.);
#1068=ORIENTED_EDGE('',*,*,#1067,.T.);
#1069=EDGE_LOOP('',(#1021,#1029,#1037,#1046,#1054,#1062,#1068));
#1070=FACE_BOUND('',#1069,.T.);
#1071=ADVANCED_FACE('',(#1070),#1011,.F.);
#1072=CARTESIAN_POINT('',(-6.49678759,2.771464793,-3.361776741));
#1073=DIRECTION('',(-0.,0.,1.));
#1074=DIRECTION('',(1.,0.,-0.));
#1075=AXIS2_PLACEMENT_3D('',#1072,#1073,#1074);
#1076=PLANE('',#1075);
#1077=ORIENTED_EDGE('',*,*,#1036,.F.);
#1078=CARTESIAN_POINT('',(-6.39678759,3.471464793,-3.361776741));
#1079=VERTEX_POINT('',#1078);
#1080=CARTESIAN_POINT('',(-6.39678759,3.871464793,-3.361776741));
#1081=DIRECTION('',(0.,-0.,-1.));
#1082=DIRECTION('',(-0.,1.,-0.));
#1083=AXIS2_PLACEMENT_3D('',#1080,#1081,#1082);
#1084=CIRCLE('',#1083,0.4);
#1085=EDGE_CURVE('',#1023,#1079,#1084,.T.);
#1086=ORIENTED_EDGE('',*,*,#1085,.T.);
#1087=CARTESIAN_POINT('',(-6.584477028,3.471464793,-3.361776741));
#1088=VERTEX_POINT('',#1087);
#1089=CARTESIAN_POINT('',(-6.39678759,3.471464793,-3.361776741));
#1090=DIRECTION('',(-1.,-0.,0.));
#1091=VECTOR('',#1090,0.187689437);
#1092=LINE('',#1089,#1091);
#1093=EDGE_CURVE('',#1079,#1088,#1092,.T.);
#1094=ORIENTED_EDGE('',*,*,#1093,.T.);
#1095=CARTESIAN_POINT('',(-6.99678759,3.871464793,-3.361776741));
#1096=VERTEX_POINT('',#1095);
#1097=CARTESIAN_POINT('',(-6.584477028,3.871464793,-3.361776741));
#1098=DIRECTION('',(0.,-0.,-1.));
#1099=DIRECTION('',(-1.,-0.,0.));
#1100=AXIS2_PLACEMENT_3D('',#1097,#1098,#1099);
#1101=ELLIPSE('',#1100,0.412310563,0.4);
#1102=EDGE_CURVE('',#1088,#1096,#1101,.T.);
#1103=ORIENTED_EDGE('',*,*,#1102,.T.);
#1104=CARTESIAN_POINT('',(-6.99678759,7.24220609,-3.361776741));
#1105=VERTEX_POINT('',#1104);
#1106=CARTESIAN_POINT('',(-6.99678759,3.871464793,-3.361776741));
#1107=DIRECTION('',(-0.,1.,-0.));
#1108=VECTOR('',#1107,3.370741296);
#1109=LINE('',#1106,#1108);
#1110=EDGE_CURVE('',#1096,#1105,#1109,.T.);
#1111=ORIENTED_EDGE('',*,*,#1110,.T.);
#1112=CARTESIAN_POINT('',(-6.99678759,7.24220609,-3.361776741));
#1113=CARTESIAN_POINT('',(-6.99678759,7.397953599,-3.361776741));
#1114=CARTESIAN_POINT('',(-6.972510601,7.54956291,-3.361776741));
#1115=CARTESIAN_POINT('',(-6.924847946,7.697185956,-3.361776741));
#1116=CARTESIAN_POINT('',(-6.877185291,7.844809001,-3.361776741));
#1117=CARTESIAN_POINT('',(-6.807520245,7.983024103,-3.361776741));
#1118=CARTESIAN_POINT('',(-6.718234952,8.109291283,-3.361776741));
#1119=CARTESIAN_POINT('',(-6.539664365,8.361825642,-3.361776741));
#1120=CARTESIAN_POINT('',(-6.286647423,8.558145308,-3.361776741));
#1121=CARTESIAN_POINT('',(-5.99678759,8.671464793,-3.361776741));
#1122=B_SPLINE_CURVE_WITH_KNOTS('',3,(#1112,#1113,#1114,#1115,#1116,#1117,#1118,#1119,#1120,#1121),.UNSPECIFIED.,.F.,.F.,(4,3,3,4),(0.,0.000460599,0.000921198,0.001842396),.UNSPECIFIED.);
#1123=EDGE_CURVE('',#1105,#1031,#1122,.T.);
#1124=ORIENTED_EDGE('',*,*,#1123,.T.);
#1125=EDGE_LOOP('',(#1077,#1086,#1094,#1103,#1111,#1124));
#1126=FACE_BOUND('',#1125,.T.);
#1127=ADVANCED_FACE('',(#1126),#1076,.F.);
#1128=CARTESIAN_POINT('',(-7.19678759,2.771464793,-2.561776741));
#1129=DIRECTION('',(-0.9701425,-0.,-0.242535625));
#1130=DIRECTION('',(-0.242535625,0.,0.9701425));
#1131=AXIS2_PLACEMENT_3D('',#1128,#1129,#1130);
#1132=PLANE('',#1131);
#1133=ORIENTED_EDGE('',*,*,#1110,.F.);
#1134=CARTESIAN_POINT('',(-7.44678759,3.871464793,-1.561776741));
#1135=VERTEX_POINT('',#1134);
#1136=CARTESIAN_POINT('',(-6.99678759,3.871464793,-3.361776741));
#1137=DIRECTION('',(-0.242535625,0.,0.9701425));
#1138=VECTOR('',#1137,1.855397532);
#1139=LINE('',#1136,#1138);
#1140=EDGE_CURVE('',#1096,#1135,#1139,.T.);
#1141=ORIENTED_EDGE('',*,*,#1140,.T.);
#1142=CARTESIAN_POINT('',(-7.44678759,7.171473854,-1.561776741));
#1143=VERTEX_POINT('',#1142);
#1144=CARTESIAN_POINT('',(-7.44678759,3.871464793,-1.561776741));
#1145=DIRECTION('',(-0.,1.,-0.));
#1146=VECTOR('',#1145,3.300009061);
#1147=LINE('',#1144,#1146);
#1148=EDGE_CURVE('',#1135,#1143,#1147,.T.);
#1149=ORIENTED_EDGE('',*,*,#1148,.T.);
#1150=CARTESIAN_POINT('',(-7.446787636,7.171473854,-1.561776558));
#1151=CARTESIAN_POINT('',(-7.293040807,7.172008251,-2.176763875));
#1152=CARTESIAN_POINT('',(-7.139674638,7.19669708,-2.79022855));
#1153=CARTESIAN_POINT('',(-6.996787598,7.242206087,-3.361776712));
#1154=B_SPLINE_CURVE_WITH_KNOTS('',3,(#1150,#1151,#1152,#1153),.UNSPECIFIED.,.F.,.F.,(4,4),(0.419916538,0.497339596),.UNSPECIFIED.);
#1155=EDGE_CURVE('',#1143,#1105,#1154,.T.);
#1156=ORIENTED_EDGE('',*,*,#1155,.T.);
#1157=EDGE_LOOP('',(#1133,#1141,#1149,#1156));
#1158=FACE_BOUND('',#1157,.T.);
#1159=ADVANCED_FACE('',(#1158),#1132,.T.);
#1160=CARTESIAN_POINT('',(-7.19678759,2.771464793,-1.561776741));
#1161=DIRECTION('',(-0.,0.,1.));
#1162=DIRECTION('',(1.,0.,-0.));
#1163=AXIS2_PLACEMENT_3D('',#1160,#1161,#1162);
#1164=PLANE('',#1163);
#1165=ORIENTED_EDGE('',*,*,#1148,.F.);
#1166=CARTESIAN_POINT('',(-7.034477028,3.471464793,-1.561776741));
#1167=VERTEX_POINT('',#1166);
#1168=CARTESIAN_POINT('',(-7.034477028,3.871464793,-1.561776741));
#1169=DIRECTION('',(-0.,0.,1.));
#1170=DIRECTION('',(-1.,-0.,0.));
#1171=AXIS2_PLACEMENT_3D('',#1168,#1169,#1170);
#1172=ELLIPSE('',#1171,0.412310563,0.4);
#1173=EDGE_CURVE('',#1135,#1167,#1172,.T.);
#1174=ORIENTED_EDGE('',*,*,#1173,.T.);
#1175=CARTESIAN_POINT('',(-6.99678759,3.471464793,-1.561776741));
#1176=VERTEX_POINT('',#1175);
#1177=CARTESIAN_POINT('',(-6.99678759,3.471464793,-1.561776741));
#1178=DIRECTION('',(-1.,-0.,0.));
#1179=VECTOR('',#1178,0.037689437);
#1180=LINE('',#1177,#1179);
#1181=EDGE_CURVE('',#1176,#1167,#1180,.T.);
#1182=ORIENTED_EDGE('',*,*,#1181,.F.);
#1183=CARTESIAN_POINT('',(-6.99678759,7.171464793,-1.561776741));
#1184=VERTEX_POINT('',#1183);
#1185=CARTESIAN_POINT('',(-6.99678759,3.471464793,-1.561776741));
#1186=DIRECTION('',(-0.,1.,-0.));
#1187=VECTOR('',#1186,3.7);
#1188=LINE('',#1185,#1187);
#1189=EDGE_CURVE('',#1176,#1184,#1188,.T.);
#1190=ORIENTED_EDGE('',*,*,#1189,.T.);
#1191=CARTESIAN_POINT('',(-5.49678759,7.171464793,-1.561776741));
#1192=DIRECTION('',(0.,-0.,-1.));
#1193=DIRECTION('',(-0.,1.,-0.));
#1194=AXIS2_PLACEMENT_3D('',#1191,#1192,#1193);
#1195=CIRCLE('',#1194,1.5);
#1196=EDGE_CURVE('',#1184,#1048,#1195,.T.);
#1197=ORIENTED_EDGE('',*,*,#1196,.T.);
#1198=ORIENTED_EDGE('',*,*,#1053,.F.);
#1199=CARTESIAN_POINT('',(-5.99678759,8.671464793,-1.561776741));
#1200=CARTESIAN_POINT('',(-6.092404263,8.665322197,-1.561776741));
#1201=CARTESIAN_POINT('',(-6.188278152,8.650392365,-1.561776741));
#1202=CARTESIAN_POINT('',(-6.280742005,8.627354872,-1.561776741));
#1203=CARTESIAN_POINT('',(-6.373205858,8.604317378,-1.561776741));
#1204=CARTESIAN_POINT('',(-6.463248896,8.573156428,-1.561776741));
#1205=CARTESIAN_POINT('',(-6.550785645,8.533585195,-1.561776741));
#1206=CARTESIAN_POINT('',(-6.638322393,8.494013963,-1.561776741));
#1207=CARTESIAN_POINT('',(-6.722353242,8.446301076,-1.561776741));
#1208=CARTESIAN_POINT('',(-6.800541733,8.391866934,-1.561776741));
#1209=CARTESIAN_POINT('',(-6.878730225,8.337432793,-1.561776741));
#1210=CARTESIAN_POINT('',(-6.95186643,8.275926785,-1.561776741));
#1211=CARTESIAN_POINT('',(-7.019535466,8.207004499,-1.561776741));
#1212=CARTESIAN_POINT('',(-7.087204503,8.138082213,-1.561776741));
#1213=CARTESIAN_POINT('',(-7.147324269,8.063871959,-1.561776741));
#1214=CARTESIAN_POINT('',(-7.200059399,7.984489057,-1.561776741));
#1215=CARTESIAN_POINT('',(-7.252794529,7.905106155,-1.561776741));
#1216=CARTESIAN_POINT('',(-7.298509084,7.819588808,-1.561776741));
#1217=CARTESIAN_POINT('',(-7.335223465,7.730962587,-1.561776741));
#1218=CARTESIAN_POINT('',(-7.371937846,7.642336367,-1.561776741));
#1219=CARTESIAN_POINT('',(-7.399653061,7.551204961,-1.561776741));
#1220=CARTESIAN_POINT('',(-7.418403493,7.45757794,-1.561776741));
#1221=CARTESIAN_POINT('',(-7.437153924,7.36395092,-1.561776741));
#1222=CARTESIAN_POINT('',(-7.446787568,7.26697468,-1.561776741));
#1223=CARTESIAN_POINT('',(-7.44678759,7.171473854,-1.561776741));
#1224=B_SPLINE_CURVE_WITH_KNOTS('',3,(#1199,#1200,#1201,#1202,#1203,#1204,#1205,#1206,#1207,#1208,#1209,#1210,#1211,#1212,#1213,#1214,#1215,#1216,#1217,#1218,#1219,#1220,#1221,#1222,#1223),.UNSPECIFIED.,.F.,.F.,(4,3,3,3,3,3,3,3,4),(0.000967928,0.001253536,0.001539143,0.001824751,0.002110359,0.002395966,0.002681574,0.002967182,0.003252789),.UNSPECIFIED.);
#1225=EDGE_CURVE('',#1039,#1143,#1224,.T.);
#1226=ORIENTED_EDGE('',*,*,#1225,.T.);
#1227=EDGE_LOOP('',(#1165,#1174,#1182,#1190,#1197,#1198,#1226));
#1228=FACE_BOUND('',#1227,.T.);
#1229=ADVANCED_FACE('',(#1228),#1164,.T.);
#1230=CARTESIAN_POINT('',(-6.99678759,2.771464793,1.388223259));
#1231=DIRECTION('',(-1.,-0.,0.));
#1232=DIRECTION('',(-0.,0.,1.));
#1233=AXIS2_PLACEMENT_3D('',#1230,#1231,#1232);
#1234=PLANE('',#1233);
#1235=ORIENTED_EDGE('',*,*,#1189,.F.);
#1236=CARTESIAN_POINT('',(-6.99678759,3.471464793,2.738223259));
#1237=VERTEX_POINT('',#1236);
#1238=CARTESIAN_POINT('',(-6.99678759,3.471464793,2.738223259));
#1239=DIRECTION('',(0.,-0.,-1.));
#1240=VECTOR('',#1239,4.3);
#1241=LINE('',#1238,#1240);
#1242=EDGE_CURVE('',#1237,#1176,#1241,.T.);
#1243=ORIENTED_EDGE('',*,*,#1242,.F.);
#1244=CARTESIAN_POINT('',(-6.99678759,5.771464793,2.738223259));
#1245=VERTEX_POINT('',#1244);
#1246=CARTESIAN_POINT('',(-6.99678759,5.771464793,2.738223259));
#1247=DIRECTION('',(0.,-1.,0.));
#1248=VECTOR('',#1247,2.3);
#1249=LINE('',#1246,#1248);
#1250=EDGE_CURVE('',#1245,#1237,#1249,.T.);
#1251=ORIENTED_EDGE('',*,*,#1250,.F.);
#1252=CARTESIAN_POINT('',(-6.99678759,7.171464793,2.738223259));
#1253=VERTEX_POINT('',#1252);
#1254=CARTESIAN_POINT('',(-6.99678759,7.171464793,2.738223259));
#1255=DIRECTION('',(0.,-1.,0.));
#1256=VECTOR('',#1255,1.4);
#1257=LINE('',#1254,#1256);
#1258=EDGE_CURVE('',#1253,#1245,#1257,.T.);
#1259=ORIENTED_EDGE('',*,*,#1258,.F.);
#1260=CARTESIAN_POINT('',(-6.99678759,7.171464793,2.738223259));
#1261=DIRECTION('',(0.,-0.,-1.));
#1262=VECTOR('',#1261,4.3);
#1263=LINE('',#1260,#1262);
#1264=EDGE_CURVE('',#1253,#1184,#1263,.T.);
#1265=ORIENTED_EDGE('',*,*,#1264,.T.);
#1266=EDGE_LOOP('',(#1235,#1243,#1251,#1259,#1265));
#1267=FACE_BOUND('',#1266,.T.);
#1268=ADVANCED_FACE('',(#1267),#1234,.T.);
#1269=CARTESIAN_POINT('',(0.00321241,2.771464793,11.038223259));
#1270=DIRECTION('',(-0.,1.,-0.));
#1271=DIRECTION('',(-0.,0.,1.));
#1272=AXIS2_PLACEMENT_3D('',#1269,#1270,#1271);
#1273=CYLINDRICAL_SURFACE('',#1272,6.75);
#1274=CARTESIAN_POINT('',(0.00321241,7.171464793,17.788223259));
#1275=VERTEX_POINT('',#1274);
#1276=CARTESIAN_POINT('',(0.00321241,3.471464793,17.788223259));
#1277=VERTEX_POINT('',#1276);
#1278=CARTESIAN_POINT('',(0.00321241,7.171464793,17.788223259));
#1279=DIRECTION('',(0.,-1.,0.));
#1280=VECTOR('',#1279,3.7);
#1281=LINE('',#1278,#1280);
#1282=EDGE_CURVE('',#1275,#1277,#1281,.T.);
#1283=ORIENTED_EDGE('',*,*,#1282,.T.);
#1284=CARTESIAN_POINT('',(6.75321241,3.471464793,11.038223259));
#1285=VERTEX_POINT('',#1284);
#1286=CARTESIAN_POINT('',(0.00321241,3.471464793,11.038223259));
#1287=DIRECTION('',(0.,-1.,0.));
#1288=DIRECTION('',(0.,-0.,-1.));
#1289=AXIS2_PLACEMENT_3D('',#1286,#1287,#1288);
#1290=CIRCLE('',#1289,6.75);
#1291=EDGE_CURVE('',#1285,#1277,#1290,.T.);
#1292=ORIENTED_EDGE('',*,*,#1291,.F.);
#1293=CARTESIAN_POINT('',(6.75321241,5.771464793,11.038223259));
#1294=VERTEX_POINT('',#1293);
#1295=CARTESIAN_POINT('',(6.75321241,5.771464793,11.038223259));
#1296=DIRECTION('',(0.,-1.,0.));
#1297=VECTOR('',#1296,2.3);
#1298=LINE('',#1295,#1297);
#1299=EDGE_CURVE('',#1294,#1285,#1298,.T.);
#1300=ORIENTED_EDGE('',*,*,#1299,.F.);
#1301=CARTESIAN_POINT('',(6.75321241,7.171464793,11.038223259));
#1302=VERTEX_POINT('',#1301);
#1303=CARTESIAN_POINT('',(6.75321241,7.171464793,11.038223259));
#1304=DIRECTION('',(0.,-1.,0.));
#1305=VECTOR('',#1304,1.4);
#1306=LINE('',#1303,#1305);
#1307=EDGE_CURVE('',#1302,#1294,#1306,.T.);
#1308=ORIENTED_EDGE('',*,*,#1307,.F.);
#1309=CARTESIAN_POINT('',(0.00321241,7.171464793,11.038223259));
#1310=DIRECTION('',(0.,-1.,0.));
#1311=DIRECTION('',(0.,-0.,-1.));
#1312=AXIS2_PLACEMENT_3D('',#1309,#1310,#1311);
#1313=CIRCLE('',#1312,6.75);
#1314=EDGE_CURVE('',#1302,#1275,#1313,.T.);
#1315=ORIENTED_EDGE('',*,*,#1314,.T.);
#1316=EDGE_LOOP('',(#1283,#1292,#1300,#1308,#1315));
#1317=FACE_BOUND('',#1316,.T.);
#1318=ADVANCED_FACE('',(#1317),#1273,.T.);
#1319=CARTESIAN_POINT('',(7.00321241,2.771464793,-0.861776741));
#1320=DIRECTION('',(1.,0.,-0.));
#1321=DIRECTION('',(0.,-0.,-1.));
#1322=AXIS2_PLACEMENT_3D('',#1319,#1320,#1321);
#1323=PLANE('',#1322);
#1324=CARTESIAN_POINT('',(7.00321241,3.471464793,2.738223259));
#1325=VERTEX_POINT('',#1324);
#1326=CARTESIAN_POINT('',(7.00321241,3.471464793,-1.561776741));
#1327=DIRECTION('',(-0.,0.,1.));
#1328=VECTOR('',#1327,4.3);
#1329=LINE('',#1326,#1328);
#1330=EDGE_CURVE('',#701,#1325,#1329,.T.);
#1331=ORIENTED_EDGE('',*,*,#1330,.F.);
#1332=ORIENTED_EDGE('',*,*,#708,.T.);
#1333=CARTESIAN_POINT('',(7.00321241,7.171464793,2.738223259));
#1334=VERTEX_POINT('',#1333);
#1335=CARTESIAN_POINT('',(7.00321241,7.171464793,-1.561776741));
#1336=DIRECTION('',(-0.,0.,1.));
#1337=VECTOR('',#1336,4.3);
#1338=LINE('',#1335,#1337);
#1339=EDGE_CURVE('',#703,#1334,#1338,.T.);
#1340=ORIENTED_EDGE('',*,*,#1339,.T.);
#1341=CARTESIAN_POINT('',(7.00321241,5.771464793,2.738223259));
#1342=VERTEX_POINT('',#1341);
#1343=CARTESIAN_POINT('',(7.00321241,7.171464793,2.738223259));
#1344=DIRECTION('',(0.,-1.,0.));
#1345=VECTOR('',#1344,1.4);
#1346=LINE('',#1343,#1345);
#1347=EDGE_CURVE('',#1334,#1342,#1346,.T.);
#1348=ORIENTED_EDGE('',*,*,#1347,.T.);
#1349=CARTESIAN_POINT('',(7.00321241,5.771464793,2.738223259));
#1350=DIRECTION('',(0.,-1.,0.));
#1351=VECTOR('',#1350,2.3);
#1352=LINE('',#1349,#1351);
#1353=EDGE_CURVE('',#1342,#1325,#1352,.T.);
#1354=ORIENTED_EDGE('',*,*,#1353,.T.);
#1355=EDGE_LOOP('',(#1331,#1332,#1340,#1348,#1354));
#1356=FACE_BOUND('',#1355,.T.);
#1357=ADVANCED_FACE('',(#1356),#1323,.T.);
#1358=CARTESIAN_POINT('',(-5.99678759,5.771464793,6.538223259));
#1359=CARTESIAN_POINT('',(-5.99678759,3.471464793,6.538223259));
#1360=CARTESIAN_POINT('',(-5.99678759,5.771464793,4.538223259));
#1361=CARTESIAN_POINT('',(-5.99678759,3.471464793,4.538223259));
#1362=CARTESIAN_POINT('',(-6.99678759,5.771464793,4.538223259));
#1363=CARTESIAN_POINT('',(-6.99678759,3.471464793,4.538223259));
#1364=CARTESIAN_POINT('',(-6.99678759,5.771464793,2.738223259));
#1365=CARTESIAN_POINT('',(-6.99678759,3.471464793,2.738223259));
#1366=B_SPLINE_SURFACE_WITH_KNOTS('',3,1,((#1358,#1359),(#1360,#1361),(#1362,#1363),(#1364,#1365)),.UNSPECIFIED.,.F.,.F.,.U.,(4,4),(2,2),(0.,1.),(0.,0.92),.UNSPECIFIED.);
#1367=CARTESIAN_POINT('',(-5.99678759,3.471464793,6.538223259));
#1368=VERTEX_POINT('',#1367);
#1369=CARTESIAN_POINT('',(-5.99678759,3.471464793,6.538223259));
#1370=CARTESIAN_POINT('',(-5.99678759,3.471464793,6.37201806));
#1371=CARTESIAN_POINT('',(-6.003617303,3.471464793,6.206349878));
#1372=CARTESIAN_POINT('',(-6.019888145,3.471464793,6.041424049));
#1373=CARTESIAN_POINT('',(-6.036158986,3.471464793,5.876498219));
#1374=CARTESIAN_POINT('',(-6.062159956,3.471464793,5.711403079));
#1375=CARTESIAN_POINT('',(-6.100396816,3.471464793,5.54947616));
#1376=CARTESIAN_POINT('',(-6.138633676,3.471464793,5.38754924));
#1377=CARTESIAN_POINT('',(-6.188981996,3.471464793,5.230314482));
#1378=CARTESIAN_POINT('',(-6.250644265,3.471464793,5.077462918));
#1379=CARTESIAN_POINT('',(-6.312306533,3.471464793,4.924611353));
#1380=CARTESIAN_POINT('',(-6.385511905,3.471464793,4.77623176));
#1381=CARTESIAN_POINT('',(-6.462196252,3.471464793,4.629199974));
#1382=CARTESIAN_POINT('',(-6.538880599,3.471464793,4.482168188));
#1383=CARTESIAN_POINT('',(-6.618293505,3.471464793,4.336183552));
#1384=CARTESIAN_POINT('',(-6.688665115,3.471464793,4.186747015));
#1385=CARTESIAN_POINT('',(-6.759036724,3.471464793,4.037310478));
#1386=CARTESIAN_POINT('',(-6.819988213,3.471464793,3.884280323));
#1387=CARTESIAN_POINT('',(-6.866880028,3.471464793,3.725886636));
#1388=CARTESIAN_POINT('',(-6.913771844,3.471464793,3.56749295));
#1389=CARTESIAN_POINT('',(-6.947104719,3.471464793,3.402484888));
#1390=CARTESIAN_POINT('',(-6.967714998,3.471464793,3.236737675));
#1391=CARTESIAN_POINT('',(-6.988325277,3.471464793,3.070990463));
#1392=CARTESIAN_POINT('',(-6.99678759,3.471464793,2.904771257));
#1393=CARTESIAN_POINT('',(-6.99678759,3.471464793,2.738223259));
#1394=B_SPLINE_CURVE_WITH_KNOTS('',3,(#1369,#1370,#1371,#1372,#1373,#1374,#1375,#1376,#1377,#1378,#1379,#1380,#1381,#1382,#1383,#1384,#1385,#1386,#1387,#1388,#1389,#1390,#1391,#1392,#1393),.UNSPECIFIED.,.F.,.F.,(4,3,3,3,3,3,3,3,4),(0.011607869,0.012106484,0.0126051,0.013103715,0.013602331,0.014100947,0.014599562,0.015098178,0.015596793),.UNSPECIFIED.);
#1395=EDGE_CURVE('',#1368,#1237,#1394,.T.);
#1396=ORIENTED_EDGE('',*,*,#1395,.F.);
#1397=CARTESIAN_POINT('',(-5.99678759,5.771464793,6.538223259));
#1398=VERTEX_POINT('',#1397);
#1399=CARTESIAN_POINT('',(-5.99678759,5.771464793,6.538223259));
#1400=DIRECTION('',(0.,-1.,0.));
#1401=VECTOR('',#1400,2.3);
#1402=LINE('',#1399,#1401);
#1403=EDGE_CURVE('',#1398,#1368,#1402,.T.);
#1404=ORIENTED_EDGE('',*,*,#1403,.F.);
#1405=CARTESIAN_POINT('',(-5.99678759,5.771464793,6.538223259));
#1406=CARTESIAN_POINT('',(-5.99678759,5.771464793,4.538223259));
#1407=CARTESIAN_POINT('',(-6.99678759,5.771464793,4.538223259));
#1408=CARTESIAN_POINT('',(-6.99678759,5.771464793,2.738223259));
#1409=B_SPLINE_CURVE_WITH_KNOTS('',3,(#1405,#1406,#1407,#1408),.UNSPECIFIED.,.F.,.F.,(4,4),(0.,1.),.UNSPECIFIED.);
#1410=EDGE_CURVE('',#1398,#1245,#1409,.T.);
#1411=ORIENTED_EDGE('',*,*,#1410,.T.);
#1412=ORIENTED_EDGE('',*,*,#1250,.T.);
#1413=EDGE_LOOP('',(#1396,#1404,#1411,#1412));
#1414=FACE_BOUND('',#1413,.T.);
#1415=ADVANCED_FACE('',(#1414),#1366,.T.);
#1416=CARTESIAN_POINT('',(-6.74678759,5.771464793,11.038223259));
#1417=CARTESIAN_POINT('',(-6.74678759,3.471464793,11.038223259));
#1418=CARTESIAN_POINT('',(-6.74678759,5.771464793,9.288223259));
#1419=CARTESIAN_POINT('',(-6.74678759,3.471464793,9.288223259));
#1420=CARTESIAN_POINT('',(-5.99678759,5.771464793,8.088223259));
#1421=CARTESIAN_POINT('',(-5.99678759,3.471464793,8.088223259));
#1422=CARTESIAN_POINT('',(-5.99678759,5.771464793,6.538223259));
#1423=CARTESIAN_POINT('',(-5.99678759,3.471464793,6.538223259));
#1424=B_SPLINE_SURFACE_WITH_KNOTS('',3,1,((#1416,#1417),(#1418,#1419),(#1420,#1421),(#1422,#1423)),.UNSPECIFIED.,.F.,.F.,.U.,(4,4),(2,2),(0.,1.),(0.,0.92),.UNSPECIFIED.);
#1425=CARTESIAN_POINT('',(-6.74678759,3.471464793,11.038223259));
#1426=VERTEX_POINT('',#1425);
#1427=CARTESIAN_POINT('',(-6.74678759,3.471464793,11.038223259));
#1428=CARTESIAN_POINT('',(-6.74678759,3.471464793,10.655389942));
#1429=CARTESIAN_POINT('',(-6.709871655,3.471464793,10.27672539));
#1430=CARTESIAN_POINT('',(-6.645006331,3.471464793,9.901217048));
#1431=CARTESIAN_POINT('',(-6.580141006,3.471464793,9.525708706));
#1432=CARTESIAN_POINT('',(-6.487418502,3.471464793,9.154071906));
#1433=CARTESIAN_POINT('',(-6.390539674,3.471464793,8.78459519));
#1434=CARTESIAN_POINT('',(-6.293660846,3.471464793,8.415118474));
#1435=CARTESIAN_POINT('',(-6.19305005,3.471464793,8.045719974));
#1436=CARTESIAN_POINT('',(-6.118562952,3.471464793,7.672331416));
#1437=CARTESIAN_POINT('',(-6.044075853,3.471464793,7.298942858));
#1438=CARTESIAN_POINT('',(-5.99678759,3.471464793,6.921824981));
#1439=CARTESIAN_POINT('',(-5.99678759,3.471464793,6.538223259));
#1440=B_SPLINE_CURVE_WITH_KNOTS('',3,(#1427,#1428,#1429,#1430,#1431,#1432,#1433,#1434,#1435,#1436,#1437,#1438,#1439),.UNSPECIFIED.,.F.,.F.,(4,3,3,3,4),(0.,0.001141246,0.002282493,0.003423739,0.004564985),.UNSPECIFIED.);
#1441=EDGE_CURVE('',#1426,#1368,#1440,.T.);
#1442=ORIENTED_EDGE('',*,*,#1441,.F.);
#1443=CARTESIAN_POINT('',(-6.74678759,5.771464793,11.038223259));
#1444=VERTEX_POINT('',#1443);
#1445=CARTESIAN_POINT('',(-6.74678759,5.771464793,11.038223259));
#1446=DIRECTION('',(0.,-1.,0.));
#1447=VECTOR('',#1446,2.3);
#1448=LINE('',#1445,#1447);
#1449=EDGE_CURVE('',#1444,#1426,#1448,.T.);
#1450=ORIENTED_EDGE('',*,*,#1449,.F.);
#1451=CARTESIAN_POINT('',(-6.74678759,5.771464793,11.038223259));
#1452=CARTESIAN_POINT('',(-6.74678759,5.771464793,9.288223259));
#1453=CARTESIAN_POINT('',(-5.99678759,5.771464793,8.088223259));
#1454=CARTESIAN_POINT('',(-5.99678759,5.771464793,6.538223259));
#1455=B_SPLINE_CURVE_WITH_KNOTS('',3,(#1451,#1452,#1453,#1454),.UNSPECIFIED.,.F.,.F.,(4,4),(0.,1.),.UNSPECIFIED.);
#1456=EDGE_CURVE('',#1444,#1398,#1455,.T.);
#1457=ORIENTED_EDGE('',*,*,#1456,.T.);
#1458=ORIENTED_EDGE('',*,*,#1403,.T.);
#1459=EDGE_LOOP('',(#1442,#1450,#1457,#1458));
#1460=FACE_BOUND('',#1459,.T.);
#1461=ADVANCED_FACE('',(#1460),#1424,.T.);
#1462=CARTESIAN_POINT('',(6.75321241,5.771464793,11.038223259));
#1463=CARTESIAN_POINT('',(6.75321241,3.471464793,11.038223259));
#1464=CARTESIAN_POINT('',(6.75321241,5.771464793,9.288223259));
#1465=CARTESIAN_POINT('',(6.75321241,3.471464793,9.288223259));
#1466=CARTESIAN_POINT('',(6.00321241,5.771464793,8.088223259));
#1467=CARTESIAN_POINT('',(6.00321241,3.471464793,8.088223259));
#1468=CARTESIAN_POINT('',(6.00321241,5.771464793,6.538223259));
#1469=CARTESIAN_POINT('',(6.00321241,3.471464793,6.538223259));
#1470=B_SPLINE_SURFACE_WITH_KNOTS('',3,1,((#1462,#1463),(#1464,#1465),(#1466,#1467),(#1468,#1469)),.UNSPECIFIED.,.F.,.F.,.U.,(4,4),(2,2),(0.,1.),(0.,0.92),.UNSPECIFIED.);
#1471=CARTESIAN_POINT('',(6.00321241,3.471464793,6.538223259));
#1472=VERTEX_POINT('',#1471);
#1473=CARTESIAN_POINT('',(6.00321241,3.471464793,6.538223259));
#1474=CARTESIAN_POINT('',(6.00321241,3.471464793,6.91953611));
#1475=CARTESIAN_POINT('',(6.050375321,3.471464793,7.298431557));
#1476=CARTESIAN_POINT('',(6.125085393,3.471464793,7.672820696));
#1477=CARTESIAN_POINT('',(6.199795465,3.471464793,8.047209836));
#1478=CARTESIAN_POINT('',(6.300205798,3.471464793,8.415572851));
#1479=CARTESIAN_POINT('',(6.397003874,3.471464793,8.78474538));
#1480=CARTESIAN_POINT('',(6.49380195,3.471464793,9.15391791));
#1481=CARTESIAN_POINT('',(6.586120866,3.471464793,9.523865328));
#1482=CARTESIAN_POINT('',(6.6509725,3.471464793,9.898564553));
#1483=CARTESIAN_POINT('',(6.683398318,3.471464793,10.085914166));
#1484=CARTESIAN_POINT('',(6.709158011,3.471464793,10.27441701));
#1485=CARTESIAN_POINT('',(6.726610992,3.471464793,10.464356905));
#1486=CARTESIAN_POINT('',(6.744063973,3.471464793,10.6542968));
#1487=CARTESIAN_POINT('',(6.75321241,3.471464793,10.8461837));
#1488=CARTESIAN_POINT('',(6.75321241,3.471464793,11.038223259));
#1489=B_SPLINE_CURVE_WITH_KNOTS('',3,(#1473,#1474,#1475,#1476,#1477,#1478,#1479,#1480,#1481,#1482,#1483,#1484,#1485,#1486,#1487,#1488),.UNSPECIFIED.,.F.,.F.,(4,3,3,3,3,4),(0.011290388,0.012442625,0.013594862,0.0147471,0.015323218,0.015899337),.UNSPECIFIED.);
#1490=EDGE_CURVE('',#1472,#1285,#1489,.T.);
#1491=ORIENTED_EDGE('',*,*,#1490,.F.);
#1492=CARTESIAN_POINT('',(6.00321241,5.771464793,6.538223259));
#1493=VERTEX_POINT('',#1492);
#1494=CARTESIAN_POINT('',(6.00321241,5.771464793,6.538223259));
#1495=DIRECTION('',(0.,-1.,0.));
#1496=VECTOR('',#1495,2.3);
#1497=LINE('',#1494,#1496);
#1498=EDGE_CURVE('',#1493,#1472,#1497,.T.);
#1499=ORIENTED_EDGE('',*,*,#1498,.F.);
#1500=CARTESIAN_POINT('',(6.00321241,5.771464793,6.538223259));
#1501=CARTESIAN_POINT('',(6.00321241,5.771464793,8.088223259));
#1502=CARTESIAN_POINT('',(6.75321241,5.771464793,9.288223259));
#1503=CARTESIAN_POINT('',(6.75321241,5.771464793,11.038223259));
#1504=B_SPLINE_CURVE_WITH_KNOTS('',3,(#1500,#1501,#1502,#1503),.UNSPECIFIED.,.F.,.F.,(4,4),(0.,1.),.UNSPECIFIED.);
#1505=EDGE_CURVE('',#1493,#1294,#1504,.T.);
#1506=ORIENTED_EDGE('',*,*,#1505,.T.);
#1507=ORIENTED_EDGE('',*,*,#1299,.T.);
#1508=EDGE_LOOP('',(#1491,#1499,#1506,#1507));
#1509=FACE_BOUND('',#1508,.T.);
#1510=ADVANCED_FACE('',(#1509),#1470,.F.);
#1511=CARTESIAN_POINT('',(6.00321241,5.771464793,6.538223259));
#1512=CARTESIAN_POINT('',(6.00321241,3.471464793,6.538223259));
#1513=CARTESIAN_POINT('',(6.00321241,5.771464793,4.538223259));
#1514=CARTESIAN_POINT('',(6.00321241,3.471464793,4.538223259));
#1515=CARTESIAN_POINT('',(7.00321241,5.771464793,4.538223259));
#1516=CARTESIAN_POINT('',(7.00321241,3.471464793,4.538223259));
#1517=CARTESIAN_POINT('',(7.00321241,5.771464793,2.738223259));
#1518=CARTESIAN_POINT('',(7.00321241,3.471464793,2.738223259));
#1519=B_SPLINE_SURFACE_WITH_KNOTS('',3,1,((#1511,#1512),(#1513,#1514),(#1515,#1516),(#1517,#1518)),.UNSPECIFIED.,.F.,.F.,.U.,(4,4),(2,2),(0.,1.),(0.,0.92),.UNSPECIFIED.);
#1520=CARTESIAN_POINT('',(7.00321241,3.471464793,2.738223259));
#1521=CARTESIAN_POINT('',(7.00321241,3.471464793,2.904771257));
#1522=CARTESIAN_POINT('',(6.994750097,3.471464793,3.070990463));
#1523=CARTESIAN_POINT('',(6.974139818,3.471464793,3.236737675));
#1524=CARTESIAN_POINT('',(6.953529539,3.471464793,3.402484888));
#1525=CARTESIAN_POINT('',(6.920196663,3.471464793,3.56749295));
#1526=CARTESIAN_POINT('',(6.873304848,3.471464793,3.725886636));
#1527=CARTESIAN_POINT('',(6.826413033,3.471464793,3.884280323));
#1528=CARTESIAN_POINT('',(6.765461543,3.471464793,4.037310478));
#1529=CARTESIAN_POINT('',(6.695089934,3.471464793,4.186747015));
#1530=CARTESIAN_POINT('',(6.624718325,3.471464793,4.336183552));
#1531=CARTESIAN_POINT('',(6.545305418,3.471464793,4.482168188));
#1532=CARTESIAN_POINT('',(6.468621072,3.471464793,4.629199974));
#1533=CARTESIAN_POINT('',(6.391936725,3.471464793,4.77623176));
#1534=CARTESIAN_POINT('',(6.318731353,3.471464793,4.924611353));
#1535=CARTESIAN_POINT('',(6.257069084,3.471464793,5.077462918));
#1536=CARTESIAN_POINT('',(6.195406816,3.471464793,5.230314482));
#1537=CARTESIAN_POINT('',(6.145058496,3.471464793,5.38754924));
#1538=CARTESIAN_POINT('',(6.106821636,3.471464793,5.54947616));
#1539=CARTESIAN_POINT('',(6.068584775,3.471464793,5.711403079));
#1540=CARTESIAN_POINT('',(6.042583806,3.471464793,5.876498219));
#1541=CARTESIAN_POINT('',(6.026312964,3.471464793,6.041424049));
#1542=CARTESIAN_POINT('',(6.010042123,3.471464793,6.206349878));
#1543=CARTESIAN_POINT('',(6.00321241,3.471464793,6.37201806));
#1544=CARTESIAN_POINT('',(6.00321241,3.471464793,6.538223259));
#1545=B_SPLINE_CURVE_WITH_KNOTS('',3,(#1520,#1521,#1522,#1523,#1524,#1525,#1526,#1527,#1528,#1529,#1530,#1531,#1532,#1533,#1534,#1535,#1536,#1537,#1538,#1539,#1540,#1541,#1542,#1543,#1544),.UNSPECIFIED.,.F.,.F.,(4,3,3,3,3,3,3,3,4),(0.011607869,0.012106484,0.0126051,0.013103715,0.013602331,0.014100947,0.014599562,0.015098178,0.015596793),.UNSPECIFIED.);
#1546=EDGE_CURVE('',#1325,#1472,#1545,.T.);
#1547=ORIENTED_EDGE('',*,*,#1546,.F.);
#1548=ORIENTED_EDGE('',*,*,#1353,.F.);
#1549=CARTESIAN_POINT('',(7.00321241,5.771464793,2.738223259));
#1550=CARTESIAN_POINT('',(7.00321241,5.771464793,4.538223259));
#1551=CARTESIAN_POINT('',(6.00321241,5.771464793,4.538223259));
#1552=CARTESIAN_POINT('',(6.00321241,5.771464793,6.538223259));
#1553=B_SPLINE_CURVE_WITH_KNOTS('',3,(#1549,#1550,#1551,#1552),.UNSPECIFIED.,.F.,.F.,(4,4),(0.,1.),.UNSPECIFIED.);
#1554=EDGE_CURVE('',#1342,#1493,#1553,.T.);
#1555=ORIENTED_EDGE('',*,*,#1554,.T.);
#1556=ORIENTED_EDGE('',*,*,#1498,.T.);
#1557=EDGE_LOOP('',(#1547,#1548,#1555,#1556));
#1558=FACE_BOUND('',#1557,.T.);
#1559=ADVANCED_FACE('',(#1558),#1519,.F.);
#1560=CARTESIAN_POINT('',(6.00321241,5.771464793,-1.661776741));
#1561=DIRECTION('',(-1.,-0.,0.));
#1562=DIRECTION('',(-0.,0.,1.));
#1563=AXIS2_PLACEMENT_3D('',#1560,#1561,#1562);
#1564=PLANE('',#1563);
#1565=ORIENTED_EDGE('',*,*,#845,.T.);
#1566=CARTESIAN_POINT('',(6.00321241,3.871464793,0.038223259));
#1567=VERTEX_POINT('',#1566);
#1568=CARTESIAN_POINT('',(6.00321241,3.871464793,-3.361776741));
#1569=DIRECTION('',(-0.,0.,1.));
#1570=VECTOR('',#1569,3.4);
#1571=LINE('',#1568,#1570);
#1572=EDGE_CURVE('',#831,#1567,#1571,.T.);
#1573=ORIENTED_EDGE('',*,*,#1572,.T.);
#1574=CARTESIAN_POINT('',(6.00321241,5.771464793,0.038223259));
#1575=VERTEX_POINT('',#1574);
#1576=CARTESIAN_POINT('',(6.00321241,5.771464793,0.038223259));
#1577=DIRECTION('',(0.,-1.,0.));
#1578=VECTOR('',#1577,1.9);
#1579=LINE('',#1576,#1578);
#1580=EDGE_CURVE('',#1575,#1567,#1579,.T.);
#1581=ORIENTED_EDGE('',*,*,#1580,.F.);
#1582=CARTESIAN_POINT('',(6.00321241,8.585678356,0.038223259));
#1583=VERTEX_POINT('',#1582);
#1584=CARTESIAN_POINT('',(6.00321241,5.771464793,0.038223259));
#1585=DIRECTION('',(-0.,1.,-0.));
#1586=VECTOR('',#1585,2.814213562);
#1587=LINE('',#1584,#1586);
#1588=EDGE_CURVE('',#1575,#1583,#1587,.T.);
#1589=ORIENTED_EDGE('',*,*,#1588,.T.);
#1590=CARTESIAN_POINT('',(6.00321241,8.585678356,0.038223259));
#1591=DIRECTION('',(0.,-0.,-1.));
#1592=VECTOR('',#1591,1.6);
#1593=LINE('',#1590,#1592);
#1594=EDGE_CURVE('',#1583,#763,#1593,.T.);
#1595=ORIENTED_EDGE('',*,*,#1594,.T.);
#1596=ORIENTED_EDGE('',*,*,#768,.F.);
#1597=CARTESIAN_POINT('',(6.00321241,8.671464793,-1.561776741));
#1598=CARTESIAN_POINT('',(6.00321241,8.671464793,-2.161776741));
#1599=CARTESIAN_POINT('',(6.00321241,8.671464796,-2.761776741));
#1600=CARTESIAN_POINT('',(6.00321241,8.671464793,-3.361776741));
#1601=B_SPLINE_CURVE_WITH_KNOTS('',3,(#1597,#1598,#1599,#1600),.UNSPECIFIED.,.F.,.F.,(4,4),(0.003,0.0048),.UNSPECIFIED.);
#1602=EDGE_CURVE('',#736,#840,#1601,.T.);
#1603=ORIENTED_EDGE('',*,*,#1602,.T.);
#1604=EDGE_LOOP('',(#1565,#1573,#1581,#1589,#1595,#1596,#1603));
#1605=FACE_BOUND('',#1604,.T.);
#1606=ADVANCED_FACE('',(#1605),#1564,.T.);
#1607=CARTESIAN_POINT('',(6.40321241,5.771464793,0.038223259));
#1608=CARTESIAN_POINT('',(6.40321241,3.471464793,0.038223259));
#1609=CARTESIAN_POINT('',(6.20321241,5.771464793,0.038223259));
#1610=CARTESIAN_POINT('',(6.20321241,3.471464793,0.038223259));
#1611=CARTESIAN_POINT('',(6.00321241,5.771464793,0.038223259));
#1612=CARTESIAN_POINT('',(6.00321241,3.471464793,0.038223259));
#1613=CARTESIAN_POINT('',(4.90321241,5.771464793,0.038223259));
#1614=CARTESIAN_POINT('',(4.90321241,3.471464793,0.038223259));
#1615=CARTESIAN_POINT('',(4.90321241,5.771464793,1.138223259));
#1616=CARTESIAN_POINT('',(4.90321241,3.471464793,1.138223259));
#1617=B_SPLINE_SURFACE_WITH_KNOTS('',2,1,((#1607,#1608),(#1609,#1610),(#1611,#1612),(#1613,#1614),(#1615,#1616)),.UNSPECIFIED.,.F.,.F.,.U.,(3,2,3),(2,2),(-0.181818182,0.,1.),(0.,0.92),.UNSPECIFIED.);
#1618=CARTESIAN_POINT('',(6.40321241,3.471464793,0.038223259));
#1619=VERTEX_POINT('',#1618);
#1620=CARTESIAN_POINT('',(4.90321241,3.471464793,1.138223259));
#1621=CARTESIAN_POINT('',(4.90321241,3.471464793,1.046794426));
#1622=CARTESIAN_POINT('',(4.908832709,3.471464793,0.955544334));
#1623=CARTESIAN_POINT('',(4.922576345,3.471464793,0.865694551));
#1624=CARTESIAN_POINT('',(4.936319981,3.471464793,0.775844767));
#1625=CARTESIAN_POINT('',(4.958587489,3.471464793,0.686114932));
#1626=CARTESIAN_POINT('',(4.992087402,3.471464793,0.60175837));
#1627=CARTESIAN_POINT('',(5.025587316,3.471464793,0.517401808));
#1628=CARTESIAN_POINT('',(5.071054854,3.471464793,0.437067881));
#1629=CARTESIAN_POINT('',(5.129592601,3.471464793,0.366568961));
#1630=CARTESIAN_POINT('',(5.188130349,3.471464793,0.29607004));
#1631=CARTESIAN_POINT('',(5.258870311,3.471464793,0.236766574));
#1632=CARTESIAN_POINT('',(5.336897316,3.471464793,0.190527122));
#1633=CARTESIAN_POINT('',(5.414924321,3.471464793,0.144287669));
#1634=CARTESIAN_POINT('',(5.501186687,3.471464793,0.110357815));
#1635=CARTESIAN_POINT('',(5.588599141,3.471464793,0.087032431));
#1636=CARTESIAN_POINT('',(5.676011594,3.471464793,0.063707048));
#1637=CARTESIAN_POINT('',(5.76655732,3.471464793,0.050097056));
#1638=CARTESIAN_POINT('',(5.857435827,3.471464793,0.043402256));
#1639=CARTESIAN_POINT('',(5.948314334,3.471464793,0.036707456));
#1640=CARTESIAN_POINT('',(6.03931147,3.471464793,0.038223259));
#1641=CARTESIAN_POINT('',(6.130286705,3.471464793,0.038223259));
#1642=CARTESIAN_POINT('',(6.22126194,3.471464793,0.038223259));
#1643=CARTESIAN_POINT('',(6.312237175,3.471464793,0.038223259));
#1644=CARTESIAN_POINT('',(6.40321241,3.471464793,0.038223259));
#1645=B_SPLINE_CURVE_WITH_KNOTS('',3,(#1620,#1621,#1622,#1623,#1624,#1625,#1626,#1627,#1628,#1629,#1630,#1631,#1632,#1633,#1634,#1635,#1636,#1637,#1638,#1639,#1640,#1641,#1642,#1643,#1644),.UNSPECIFIED.,.F.,.F.,(4,3,3,3,3,3,3,3,4),(0.003786565,0.004060852,0.004335138,0.004609425,0.004883711,0.005157998,0.005432284,0.005706571,0.005980857),.UNSPECIFIED.);
#1646=EDGE_CURVE('',#952,#1619,#1645,.T.);
#1647=ORIENTED_EDGE('',*,*,#1646,.F.);
#1648=ORIENTED_EDGE('',*,*,#957,.F.);
#1649=CARTESIAN_POINT('',(4.90321241,5.771464793,1.138223259));
#1650=CARTESIAN_POINT('',(4.90321241,5.771464793,0.038223259));
#1651=CARTESIAN_POINT('',(6.00321241,5.771464793,0.038223259));
#1652=B_SPLINE_CURVE_WITH_KNOTS('',2,(#1649,#1650,#1651),.UNSPECIFIED.,.F.,.F.,(3,3),(0.,1.),.UNSPECIFIED.);
#1653=EDGE_CURVE('',#944,#1575,#1652,.T.);
#1654=ORIENTED_EDGE('',*,*,#1653,.T.);
#1655=ORIENTED_EDGE('',*,*,#1580,.T.);
#1656=CARTESIAN_POINT('',(6.00321241,3.871464793,0.038223259));
#1657=CARTESIAN_POINT('',(6.00321241,3.81864309,0.038223259));
#1658=CARTESIAN_POINT('',(6.013604225,3.766812522,0.038223259));
#1659=CARTESIAN_POINT('',(6.033659772,3.71839341,0.038223259));
#1660=CARTESIAN_POINT('',(6.05371532,3.669974299,0.038223259));
#1661=CARTESIAN_POINT('',(6.0833985,3.625619686,0.038223259));
#1662=CARTESIAN_POINT('',(6.120268599,3.588723215,0.038223259));
#1663=CARTESIAN_POINT('',(6.194008798,3.514930273,0.038223259));
#1664=CARTESIAN_POINT('',(6.297569003,3.471464793,0.038223259));
#1665=CARTESIAN_POINT('',(6.40321241,3.471464793,0.038223259));
#1666=B_SPLINE_CURVE_WITH_KNOTS('',3,(#1656,#1657,#1658,#1659,#1660,#1661,#1662,#1663,#1664,#1665),.UNSPECIFIED.,.F.,.F.,(4,3,3,4),(0.,0.000156216,0.000312432,0.000624864),.UNSPECIFIED.);
#1667=EDGE_CURVE('',#1567,#1619,#1666,.T.);
#1668=ORIENTED_EDGE('',*,*,#1667,.T.);
#1669=EDGE_LOOP('',(#1647,#1648,#1654,#1655,#1668));
#1670=FACE_BOUND('',#1669,.T.);
#1671=ADVANCED_FACE('',(#1670),#1617,.F.);
#1672=CARTESIAN_POINT('',(5.00321241,5.771464793,12.678223259));
#1673=CARTESIAN_POINT('',(5.00321241,3.471464793,12.678223259));
#1674=CARTESIAN_POINT('',(5.00321241,5.771464793,13.066014738));
#1675=CARTESIAN_POINT('',(5.00321241,3.471464793,13.066014738));
#1676=CARTESIAN_POINT('',(3.007933601,5.771464793,15.560571228));
#1677=CARTESIAN_POINT('',(3.007933601,3.471464793,15.560571228));
#1678=CARTESIAN_POINT('',(0.003212299,5.771464793,15.605621996));
#1679=CARTESIAN_POINT('',(0.003212299,3.471464793,15.605621996));
#1680=B_SPLINE_SURFACE_WITH_KNOTS('',3,1,((#1672,#1673),(#1674,#1675),(#1676,#1677),(#1678,#1679)),.UNSPECIFIED.,.F.,.F.,.U.,(4,4),(2,2),(0.,0.998819005),(0.,0.92),.UNSPECIFIED.);
#1681=CARTESIAN_POINT('',(0.003212415,3.471464793,15.605621995));
#1682=VERTEX_POINT('',#1681);
#1683=CARTESIAN_POINT('',(0.003212415,3.471464793,15.605621994));
#1684=CARTESIAN_POINT('',(0.255645208,3.471464793,15.601837187));
#1685=CARTESIAN_POINT('',(0.507400111,3.471464793,15.580689463));
#1686=CARTESIAN_POINT('',(0.758473125,3.471464793,15.542076459));
#1687=CARTESIAN_POINT('',(1.00954614,3.471464793,15.503463454));
#1688=CARTESIAN_POINT('',(1.257074165,3.471464793,15.447680155));
#1689=CARTESIAN_POINT('',(1.497883873,3.471464793,15.376889254));
#1690=CARTESIAN_POINT('',(1.979503288,3.471464793,15.235307454));
#1691=CARTESIAN_POINT('',(2.439780199,3.471464793,15.033248246));
#1692=CARTESIAN_POINT('',(2.878758172,3.471464793,14.777588639));
#1693=CARTESIAN_POINT('',(3.098247158,3.471464793,14.649758835));
#1694=CARTESIAN_POINT('',(3.309731259,3.471464793,14.509988164));
#1695=CARTESIAN_POINT('',(3.513537257,3.471464793,14.358764087));
#1696=CARTESIAN_POINT('',(3.717343255,3.471464793,14.207540009));
#1697=CARTESIAN_POINT('',(3.912669592,3.471464793,14.045434582));
#1698=CARTESIAN_POINT('',(4.097123379,3.471464793,13.873891703));
#1699=CARTESIAN_POINT('',(4.281577166,3.471464793,13.702348825));
#1700=CARTESIAN_POINT('',(4.45622219,3.471464793,13.521294345));
#1701=CARTESIAN_POINT('',(4.616882153,3.471464793,13.326678491));
#1702=CARTESIAN_POINT('',(4.697212134,3.471464793,13.229370564));
#1703=CARTESIAN_POINT('',(4.774181513,3.471464793,13.128803845));
#1704=CARTESIAN_POINT('',(4.844605709,3.471464793,13.021890234));
#1705=CARTESIAN_POINT('',(4.879817806,3.471464793,12.968433428));
#1706=CARTESIAN_POINT('',(4.913211847,3.471464793,12.913765285));
#1707=CARTESIAN_POINT('',(4.94243013,3.471464793,12.856937833));
#1708=CARTESIAN_POINT('',(4.957039272,3.471464793,12.828524108));
#1709=CARTESIAN_POINT('',(4.970693357,3.471464793,12.799448878));
#1710=CARTESIAN_POINT('',(4.982020271,3.471464793,12.769413351));
#1711=CARTESIAN_POINT('',(4.993347184,3.471464793,12.739377824));
#1712=CARTESIAN_POINT('',(5.003212361,3.471464793,12.709218472));
#1713=CARTESIAN_POINT('',(5.00321241,3.471464793,12.678223438));
#1714=B_SPLINE_CURVE_WITH_KNOTS('',3,(#1683,#1684,#1685,#1686,#1687,#1688,#1689,#1690,#1691,#1692,#1693,#1694,#1695,#1696,#1697,#1698,#1699,#1700,#1701,#1702,#1703,#1704,#1705,#1706,#1707,#1708,
#1709,#1710,#1711,#1712,#1713),.UNSPECIFIED.,.F.,.F.,(4,3,3,3,3,3,3,3,3,3,4),(0.036060708,0.036818092,0.037575475,0.039090242,0.039847626,0.040605009,0.041362393,0.041741085,0.04193043,0.042025103,0.042119776),.UNSPECIFIED.);
#1715=EDGE_CURVE('',#1682,#991,#1714,.T.);
#1716=ORIENTED_EDGE('',*,*,#1715,.F.);
#1717=CARTESIAN_POINT('',(0.00321247,5.771464793,15.605631085));
#1718=VERTEX_POINT('',#1717);
#1719=CARTESIAN_POINT('',(0.003212299,5.771464793,15.605621996));
#1720=CARTESIAN_POINT('',(0.003212299,5.004798127,15.605621996));
#1721=CARTESIAN_POINT('',(0.003212299,4.23813146,15.605621996));
#1722=CARTESIAN_POINT('',(0.003212299,3.471464793,15.605621996));
#1723=B_SPLINE_CURVE_WITH_KNOTS('',3,(#1719,#1720,#1721,#1722),.UNSPECIFIED.,.F.,.F.,(4,4),(0.08,1.),.UNSPECIFIED.);
#1724=EDGE_CURVE('',#1718,#1682,#1723,.T.);
#1725=ORIENTED_EDGE('',*,*,#1724,.F.);
#1726=CARTESIAN_POINT('',(0.003212299,5.771464793,15.605621996));
#1727=CARTESIAN_POINT('',(3.007933601,5.771464793,15.560571228));
#1728=CARTESIAN_POINT('',(5.00321241,5.771464793,13.066014738));
#1729=CARTESIAN_POINT('',(5.00321241,5.771464793,12.678223259));
#1730=B_SPLINE_CURVE_WITH_KNOTS('',3,(#1726,#1727,#1728,#1729),.UNSPECIFIED.,.F.,.F.,(4,4),(0.,0.998819005),.UNSPECIFIED.);
#1731=EDGE_CURVE('',#1718,#976,#1730,.T.);
#1732=ORIENTED_EDGE('',*,*,#1731,.T.);
#1733=ORIENTED_EDGE('',*,*,#1002,.T.);
#1734=EDGE_LOOP('',(#1716,#1725,#1732,#1733));
#1735=FACE_BOUND('',#1734,.T.);
#1736=ADVANCED_FACE('',(#1735),#1680,.F.);
#1737=CARTESIAN_POINT('',(-4.99678759,5.771464793,12.678223259));
#1738=CARTESIAN_POINT('',(-4.99678759,3.471464793,12.678223259));
#1739=CARTESIAN_POINT('',(-4.99678759,5.771464793,13.066014733));
#1740=CARTESIAN_POINT('',(-4.99678759,3.471464793,13.066014733));
#1741=CARTESIAN_POINT('',(-3.001508828,5.771464793,15.56057117));
#1742=CARTESIAN_POINT('',(-3.001508828,3.471464793,15.56057117));
#1743=CARTESIAN_POINT('',(0.003212415,5.771464793,15.605621995));
#1744=CARTESIAN_POINT('',(0.003212415,3.471464793,15.605621995));
#1745=B_SPLINE_SURFACE_WITH_KNOTS('',3,1,((#1737,#1738),(#1739,#1740),(#1741,#1742),(#1743,#1744)),.UNSPECIFIED.,.F.,.F.,.U.,(4,4),(2,2),(0.,0.998818993),(0.,0.92),.UNSPECIFIED.);
#1746=CARTESIAN_POINT('',(-4.99678759,3.471464793,12.678223259));
#1747=CARTESIAN_POINT('',(-4.99678759,3.471464793,12.709218298));
#1748=CARTESIAN_POINT('',(-4.986922419,3.471464793,12.739377652));
#1749=CARTESIAN_POINT('',(-4.975595515,3.471464793,12.769413182));
#1750=CARTESIAN_POINT('',(-4.964268611,3.471464793,12.799448711));
#1751=CARTESIAN_POINT('',(-4.95061453,3.471464793,12.828523947));
#1752=CARTESIAN_POINT('',(-4.936005392,3.471464793,12.856937676));
#1753=CARTESIAN_POINT('',(-4.906787115,3.471464793,12.913765134));
#1754=CARTESIAN_POINT('',(-4.873393079,3.471464793,12.968433281));
#1755=CARTESIAN_POINT('',(-4.838180983,3.471464793,13.021890091));
#1756=CARTESIAN_POINT('',(-4.767756792,3.471464793,13.128803712));
#1757=CARTESIAN_POINT('',(-4.690787414,3.471464793,13.229370437));
#1758=CARTESIAN_POINT('',(-4.610457433,3.471464793,13.32667837));
#1759=CARTESIAN_POINT('',(-4.449797472,3.471464793,13.521294236));
#1760=CARTESIAN_POINT('',(-4.275152446,3.471464793,13.702348725));
#1761=CARTESIAN_POINT('',(-4.090698657,3.471464793,13.873891613));
#1762=CARTESIAN_POINT('',(-3.906244868,3.471464793,14.0454345));
#1763=CARTESIAN_POINT('',(-3.710918528,3.471464793,14.207539935));
#1764=CARTESIAN_POINT('',(-3.507112525,3.471464793,14.358764021));
#1765=CARTESIAN_POINT('',(-3.303306523,3.471464793,14.509988107));
#1766=CARTESIAN_POINT('',(-3.091822418,3.471464793,14.649758785));
#1767=CARTESIAN_POINT('',(-2.872333426,3.471464793,14.777588596));
#1768=CARTESIAN_POINT('',(-2.433355442,3.471464793,15.033248217));
#1769=CARTESIAN_POINT('',(-1.97307852,3.471464793,15.235307435));
#1770=CARTESIAN_POINT('',(-1.49145909,3.471464793,15.376889244));
#1771=CARTESIAN_POINT('',(-1.250649375,3.471464793,15.447680148));
#1772=CARTESIAN_POINT('',(-1.00312134,3.471464793,15.503463451));
#1773=CARTESIAN_POINT('',(-0.752048319,3.471464793,15.542076457));
#1774=CARTESIAN_POINT('',(-0.500975297,3.471464793,15.580689463));
#1775=CARTESIAN_POINT('',(-0.249220387,3.471464793,15.601837182));
#1776=CARTESIAN_POINT('',(0.003212415,3.471464793,15.605621995));
#1777=B_SPLINE_CURVE_WITH_KNOTS('',3,(#1746,#1747,#1748,#1749,#1750,#1751,#1752,#1753,#1754,#1755,#1756,#1757,#1758,#1759,#1760,#1761,#1762,#1763,#1764,#1765,#1766,#1767,#1768,#1769,#1770,#1771,
#1772,#1773,#1774,#1775,#1776),.UNSPECIFIED.,.F.,.F.,(4,3,3,3,3,3,3,3,3,3,4),(0.036060707,0.03615538,0.036250053,0.036439399,0.036818091,0.037575475,0.038332858,0.039090242,0.040605009,0.041362392,0.042119776),.UNSPECIFIED.);
#1778=EDGE_CURVE('',#202,#1682,#1777,.T.);
#1779=ORIENTED_EDGE('',*,*,#1778,.F.);
#1780=ORIENTED_EDGE('',*,*,#207,.F.);
#1781=CARTESIAN_POINT('',(-4.99678759,5.771464793,12.678223259));
#1782=CARTESIAN_POINT('',(-4.99678759,5.771464793,13.066014733));
#1783=CARTESIAN_POINT('',(-3.001508828,5.771464793,15.56057117));
#1784=CARTESIAN_POINT('',(0.003212415,5.771464793,15.605621995));
#1785=B_SPLINE_CURVE_WITH_KNOTS('',3,(#1781,#1782,#1783,#1784),.UNSPECIFIED.,.F.,.F.,(4,4),(0.,0.998818993),.UNSPECIFIED.);
#1786=EDGE_CURVE('',#194,#1718,#1785,.T.);
#1787=ORIENTED_EDGE('',*,*,#1786,.T.);
#1788=ORIENTED_EDGE('',*,*,#1724,.T.);
#1789=EDGE_LOOP('',(#1779,#1780,#1787,#1788));
#1790=FACE_BOUND('',#1789,.T.);
#1791=ADVANCED_FACE('',(#1790),#1745,.T.);
#1792=CARTESIAN_POINT('',(-6.39678759,5.771464793,0.038223259));
#1793=CARTESIAN_POINT('',(-6.39678759,3.471464793,0.038223259));
#1794=CARTESIAN_POINT('',(-6.19678759,5.771464793,0.038223259));
#1795=CARTESIAN_POINT('',(-6.19678759,3.471464793,0.038223259));
#1796=CARTESIAN_POINT('',(-5.99678759,5.771464793,0.038223259));
#1797=CARTESIAN_POINT('',(-5.99678759,3.471464793,0.038223259));
#1798=CARTESIAN_POINT('',(-4.89678759,5.771464793,0.038223259));
#1799=CARTESIAN_POINT('',(-4.89678759,3.471464793,0.038223259));
#1800=CARTESIAN_POINT('',(-4.89678759,5.771464793,1.138223259));
#1801=CARTESIAN_POINT('',(-4.89678759,3.471464793,1.138223259));
#1802=B_SPLINE_SURFACE_WITH_KNOTS('',2,1,((#1792,#1793),(#1794,#1795),(#1796,#1797),(#1798,#1799),(#1800,#1801)),.UNSPECIFIED.,.F.,.F.,.U.,(3,2,3),(2,2),(-0.181818182,0.,1.),(0.,0.92),.UNSPECIFIED.);
#1803=CARTESIAN_POINT('',(-6.39678759,3.471464793,0.038223259));
#1804=VERTEX_POINT('',#1803);
#1805=CARTESIAN_POINT('',(-6.39678759,3.471464793,0.038223259));
#1806=CARTESIAN_POINT('',(-6.305441836,3.471464793,0.038223259));
#1807=CARTESIAN_POINT('',(-6.214096083,3.471464793,0.038223259));
#1808=CARTESIAN_POINT('',(-6.122750329,3.471464793,0.038223259));
#1809=CARTESIAN_POINT('',(-6.031404575,3.471464793,0.038223259));
#1810=CARTESIAN_POINT('',(-5.939746345,3.471464793,0.036763363));
#1811=CARTESIAN_POINT('',(-5.848992278,3.471464793,0.043552126));
#1812=CARTESIAN_POINT('',(-5.75823821,3.471464793,0.050340889));
#1813=CARTESIAN_POINT('',(-5.66843769,3.471464793,0.063843859));
#1814=CARTESIAN_POINT('',(-5.580091921,3.471464793,0.087590147));
#1815=CARTESIAN_POINT('',(-5.491746152,3.471464793,0.111336435));
#1816=CARTESIAN_POINT('',(-5.407144144,3.471464793,0.144863178));
#1817=CARTESIAN_POINT('',(-5.328875329,3.471464793,0.191475964));
#1818=CARTESIAN_POINT('',(-5.250606515,3.471464793,0.23808875));
#1819=CARTESIAN_POINT('',(-5.178873835,3.471464793,0.298927202));
#1820=CARTESIAN_POINT('',(-5.121177626,3.471464793,0.368975454));
#1821=CARTESIAN_POINT('',(-5.063481417,3.471464793,0.439023707));
#1822=CARTESIAN_POINT('',(-5.0182699,3.471464793,0.519120996));
#1823=CARTESIAN_POINT('',(-4.984859763,3.471464793,0.603786349));
#1824=CARTESIAN_POINT('',(-4.918039487,3.471464793,0.773117053));
#1825=CARTESIAN_POINT('',(-4.89678759,3.471464793,0.956438173));
#1826=CARTESIAN_POINT('',(-4.89678759,3.471464793,1.138223259));
#1827=B_SPLINE_CURVE_WITH_KNOTS('',3,(#1805,#1806,#1807,#1808,#1809,#1810,#1811,#1812,#1813,#1814,#1815,#1816,#1817,#1818,#1819,#1820,#1821,#1822,#1823,#1824,#1825,#1826),.UNSPECIFIED.,.F.,.F.,(4,3,3,3,3,3,3,4),(0.003386565,0.003660603,0.00393464,0.004208677,0.004482714,0.004756752,0.005030789,0.005578863),.UNSPECIFIED.);
#1828=EDGE_CURVE('',#1804,#636,#1827,.T.);
#1829=ORIENTED_EDGE('',*,*,#1828,.F.);
#1830=CARTESIAN_POINT('',(-6.39678759,3.471464793,0.038223259));
#1831=CARTESIAN_POINT('',(-6.343965887,3.471464793,0.038223259));
#1832=CARTESIAN_POINT('',(-6.292135319,3.481856608,0.038223259));
#1833=CARTESIAN_POINT('',(-6.243716207,3.501912156,0.038223259));
#1834=CARTESIAN_POINT('',(-6.195297096,3.521967703,0.038223259));
#1835=CARTESIAN_POINT('',(-6.150942483,3.551650883,0.038223259));
#1836=CARTESIAN_POINT('',(-6.114046012,3.588520982,0.038223259));
#1837=CARTESIAN_POINT('',(-6.04025307,3.662261181,0.038223259));
#1838=CARTESIAN_POINT('',(-5.99678759,3.765821387,0.038223259));
#1839=CARTESIAN_POINT('',(-5.99678759,3.871464793,0.038223259));
#1840=B_SPLINE_CURVE_WITH_KNOTS('',3,(#1830,#1831,#1832,#1833,#1834,#1835,#1836,#1837,#1838,#1839),.UNSPECIFIED.,.F.,.F.,(4,3,3,4),(0.,0.000156216,0.000312432,0.000624864),.UNSPECIFIED.);
#1841=EDGE_CURVE('',#1804,#1015,#1840,.T.);
#1842=ORIENTED_EDGE('',*,*,#1841,.T.);
#1843=ORIENTED_EDGE('',*,*,#1020,.F.);
#1844=CARTESIAN_POINT('',(-5.99678759,5.771464793,0.038223259));
#1845=CARTESIAN_POINT('',(-4.89678759,5.771464793,0.038223259));
#1846=CARTESIAN_POINT('',(-4.89678759,5.771464793,1.138223259));
#1847=B_SPLINE_CURVE_WITH_KNOTS('',2,(#1844,#1845,#1846),.UNSPECIFIED.,.F.,.F.,(3,3),(0.,1.),.UNSPECIFIED.);
#1848=EDGE_CURVE('',#1013,#644,#1847,.T.);
#1849=ORIENTED_EDGE('',*,*,#1848,.T.);
#1850=ORIENTED_EDGE('',*,*,#649,.T.);
#1851=EDGE_LOOP('',(#1829,#1842,#1843,#1849,#1850));
#1852=FACE_BOUND('',#1851,.T.);
#1853=ADVANCED_FACE('',(#1852),#1802,.T.);
#1854=CARTESIAN_POINT('',(-5.99678759,8.671464793,0.038223259));
#1855=CARTESIAN_POINT('',(-5.99678759,8.171464793,0.038223259));
#1856=CARTESIAN_POINT('',(-5.99678759,7.771464793,0.038223259));
#1857=CARTESIAN_POINT('',(-5.99678759,5.771464793,0.038223259));
#1858=CARTESIAN_POINT('',(-4.89678759,8.671464793,0.038223259));
#1859=CARTESIAN_POINT('',(-4.89678759,8.171464793,0.038223259));
#1860=CARTESIAN_POINT('',(-4.89678759,7.771464793,0.038223259));
#1861=CARTESIAN_POINT('',(-4.89678759,5.771464793,0.038223259));
#1862=CARTESIAN_POINT('',(-4.89678759,8.671464793,1.138223259));
#1863=CARTESIAN_POINT('',(-4.89678759,8.171464793,1.138223259));
#1864=CARTESIAN_POINT('',(-4.89678759,7.771464793,1.138223259));
#1865=CARTESIAN_POINT('',(-4.89678759,5.771464793,1.138223259));
#1866=B_SPLINE_SURFACE_WITH_KNOTS('',2,1,((#1854,#1855,#1856,#1857),(#1858,#1859,#1860,#1861),(#1862,#1863,#1864,#1865)),.UNSPECIFIED.,.F.,.F.,.U.,(3,3),(2,1,1,2),(0.,1.),(-0.45,-0.2,0.,1.),.UNSPECIFIED.);
#1867=ORIENTED_EDGE('',*,*,#1067,.F.);
#1868=CARTESIAN_POINT('',(-5.99678759,8.585678356,0.038223259));
#1869=CARTESIAN_POINT('',(-5.915529536,8.614407416,0.038223259));
#1870=CARTESIAN_POINT('',(-5.830514265,8.636340711,0.042788806));
#1871=CARTESIAN_POINT('',(-5.746650415,8.650507919,0.054334179));
#1872=CARTESIAN_POINT('',(-5.662786564,8.664675128,0.065879552));
#1873=CARTESIAN_POINT('',(-5.579223389,8.671464793,0.084232778));
#1874=CARTESIAN_POINT('',(-5.49678759,8.671464793,0.113415578));
#1875=B_SPLINE_CURVE_WITH_KNOTS('',3,(#1868,#1869,#1870,#1871,#1872,#1873,#1874),.UNSPECIFIED.,.F.,.F.,(4,3,4),(0.000000002,0.000257034,0.000514066),.UNSPECIFIED.);
#1876=EDGE_CURVE('',#1056,#541,#1875,.T.);
#1877=ORIENTED_EDGE('',*,*,#1876,.T.);
#1878=ORIENTED_EDGE('',*,*,#602,.F.);
#1879=ORIENTED_EDGE('',*,*,#655,.T.);
#1880=ORIENTED_EDGE('',*,*,#1848,.F.);
#1881=EDGE_LOOP('',(#1867,#1877,#1878,#1879,#1880));
#1882=FACE_BOUND('',#1881,.T.);
#1883=ADVANCED_FACE('',(#1882),#1866,.T.);
#1884=CARTESIAN_POINT('',(-5.99678759,7.171464793,6.538223259));
#1885=CARTESIAN_POINT('',(-5.99678759,5.771464793,6.538223259));
#1886=CARTESIAN_POINT('',(-5.99678759,7.171464793,4.538223259));
#1887=CARTESIAN_POINT('',(-5.99678759,5.771464793,4.538223259));
#1888=CARTESIAN_POINT('',(-6.99678759,7.171464793,4.538223259));
#1889=CARTESIAN_POINT('',(-6.99678759,5.771464793,4.538223259));
#1890=CARTESIAN_POINT('',(-6.99678759,7.171464793,2.738223259));
#1891=CARTESIAN_POINT('',(-6.99678759,5.771464793,2.738223259));
#1892=B_SPLINE_SURFACE_WITH_KNOTS('',3,1,((#1884,#1885),(#1886,#1887),(#1888,#1889),(#1890,#1891)),.UNSPECIFIED.,.F.,.F.,.U.,(4,4),(2,2),(0.,1.),(0.3,1.),.UNSPECIFIED.);
#1893=CARTESIAN_POINT('',(-5.99678759,7.171464793,6.538223259));
#1894=VERTEX_POINT('',#1893);
#1895=CARTESIAN_POINT('',(-5.99678759,7.171464793,6.538223259));
#1896=DIRECTION('',(0.,-1.,0.));
#1897=VECTOR('',#1896,1.4);
#1898=LINE('',#1895,#1897);
#1899=EDGE_CURVE('',#1894,#1398,#1898,.T.);
#1900=ORIENTED_EDGE('',*,*,#1899,.F.);
#1901=CARTESIAN_POINT('',(-5.99678759,7.171464793,6.538223259));
#1902=CARTESIAN_POINT('',(-5.99678759,7.171464793,6.533043283));
#1903=CARTESIAN_POINT('',(-5.996791883,7.171464793,6.529939705));
#1904=CARTESIAN_POINT('',(-5.996800479,7.171464793,6.525803927));
#1905=CARTESIAN_POINT('',(-5.996809075,7.171464793,6.521668148));
#1906=CARTESIAN_POINT('',(-5.996821973,7.171464793,6.517537395));
#1907=CARTESIAN_POINT('',(-5.996839183,7.171464793,6.513409847));
#1908=CARTESIAN_POINT('',(-5.996873605,7.171464793,6.505154753));
#1909=CARTESIAN_POINT('',(-5.996925268,7.171464793,6.496919641));
#1910=CARTESIAN_POINT('',(-5.996994263,7.171464793,6.488697642));
#1911=CARTESIAN_POINT('',(-5.997132253,7.171464793,6.472253643));
#1912=CARTESIAN_POINT('',(-5.997339488,7.171464793,6.455888704));
#1913=CARTESIAN_POINT('',(-5.997616653,7.171464793,6.439578357));
#1914=CARTESIAN_POINT('',(-5.998170984,7.171464793,6.406957663));
#1915=CARTESIAN_POINT('',(-5.999004592,7.171464793,6.374647226));
#1916=CARTESIAN_POINT('',(-6.000122366,7.171464793,6.342569915));
#1917=CARTESIAN_POINT('',(-6.002357914,7.171464793,6.278415293));
#1918=CARTESIAN_POINT('',(-6.005735999,7.171464793,6.215304736));
#1919=CARTESIAN_POINT('',(-6.010279189,7.171464793,6.153368006));
#1920=CARTESIAN_POINT('',(-6.01936557,7.171464793,6.029494547));
#1921=CARTESIAN_POINT('',(-6.033120573,7.171464793,5.910153642));
#1922=CARTESIAN_POINT('',(-6.051791793,7.171464793,5.79485032));
#1923=CARTESIAN_POINT('',(-6.089134233,7.171464793,5.564243677));
#1924=CARTESIAN_POINT('',(-6.145551399,7.171464794,5.350812326));
#1925=CARTESIAN_POINT('',(-6.227602443,7.171464793,5.136116908));
#1926=CARTESIAN_POINT('',(-6.268627964,7.171464793,5.028769199));
#1927=CARTESIAN_POINT('',(-6.315879259,7.171464793,4.921540586));
#1928=CARTESIAN_POINT('',(-6.373290938,7.171464793,4.804299087));
#1929=CARTESIAN_POINT('',(-6.401996778,7.171464793,4.745678337));
#1930=CARTESIAN_POINT('',(-6.433289556,7.171464793,4.684487398));
#1931=CARTESIAN_POINT('',(-6.468376226,7.171464793,4.617364299));
#1932=CARTESIAN_POINT('',(-6.503462895,7.171464793,4.550241201));
#1933=CARTESIAN_POINT('',(-6.542334429,7.171464793,4.477524239));
#1934=CARTESIAN_POINT('',(-6.587033394,7.171464793,4.391173277));
#1935=CARTESIAN_POINT('',(-6.63173236,7.171464793,4.304822315));
#1936=CARTESIAN_POINT('',(-6.683169904,7.171464793,4.204575108));
#1937=CARTESIAN_POINT('',(-6.739913544,7.171464793,4.073465448));
#1938=CARTESIAN_POINT('',(-6.768285363,7.171464793,4.007910618));
#1939=CARTESIAN_POINT('',(-6.79779886,7.171464793,3.934214175));
#1940=CARTESIAN_POINT('',(-6.825499969,7.171464793,3.854508773));
#1941=CARTESIAN_POINT('',(-6.853201079,7.171464793,3.774803371));
#1942=CARTESIAN_POINT('',(-6.87869439,7.171464793,3.689664171));
#1943=CARTESIAN_POINT('',(-6.899657455,7.171464793,3.605640817));
#1944=CARTESIAN_POINT('',(-6.92062052,7.171464793,3.521617462));
#1945=CARTESIAN_POINT('',(-6.937192421,7.171464793,3.438933675));
#1946=CARTESIAN_POINT('',(-6.950073839,7.171464793,3.359822368));
#1947=CARTESIAN_POINT('',(-6.962955258,7.171464793,3.280711061));
#1948=CARTESIAN_POINT('',(-6.972174536,7.171464793,3.205525139));
#1949=CARTESIAN_POINT('',(-6.978957679,7.171464793,3.133977655));
#1950=CARTESIAN_POINT('',(-6.992523965,7.171464793,2.990882687));
#1951=CARTESIAN_POINT('',(-6.99678759,7.171464793,2.86114161));
#1952=CARTESIAN_POINT('',(-6.99678759,7.171464793,2.738223259));
#1953=B_SPLINE_CURVE_WITH_KNOTS('',3,(#1901,#1902,#1903,#1904,#1905,#1906,#1907,#1908,#1909,#1910,#1911,#1912,#1913,#1914,#1915,#1916,#1917,#1918,#1919,#1920,#1921,#1922,#1923,#1924,#1925,#1926,
#1927,#1928,#1929,#1930,#1931,#1932,#1933,#1934,#1935,#1936,#1937,#1938,#1939,#1940,#1941,#1942,#1943,#1944,#1945,#1946,#1947,#1948,#1949,#1950,#1951,
#1952),.UNSPECIFIED.,.F.,.F.,(4,3,3,3,3,3,3,3,3,3,3,3,3,3,3,3,3,4),(-0.,0.00001536,0.00003072,0.000061439,0.000122879,0.000245758,0.000491516,0.000983032,0.001966063,0.002457579,0.002703337,0.002949095,0.003194853,0.003317732,0.003440611,0.00356349,0.003686369,0.003932127),.UNSPECIFIED.);
#1954=EDGE_CURVE('',#1894,#1253,#1953,.T.);
#1955=ORIENTED_EDGE('',*,*,#1954,.T.);
#1956=ORIENTED_EDGE('',*,*,#1258,.T.);
#1957=ORIENTED_EDGE('',*,*,#1410,.F.);
#1958=EDGE_LOOP('',(#1900,#1955,#1956,#1957));
#1959=FACE_BOUND('',#1958,.T.);
#1960=ADVANCED_FACE('',(#1959),#1892,.T.);
#1961=CARTESIAN_POINT('',(-6.74678759,7.171464793,11.038223259));
#1962=CARTESIAN_POINT('',(-6.74678759,5.771464793,11.038223259));
#1963=CARTESIAN_POINT('',(-6.74678759,7.171464793,9.288223259));
#1964=CARTESIAN_POINT('',(-6.74678759,5.771464793,9.288223259));
#1965=CARTESIAN_POINT('',(-5.99678759,7.171464793,8.088223259));
#1966=CARTESIAN_POINT('',(-5.99678759,5.771464793,8.088223259));
#1967=CARTESIAN_POINT('',(-5.99678759,7.171464793,6.538223259));
#1968=CARTESIAN_POINT('',(-5.99678759,5.771464793,6.538223259));
#1969=B_SPLINE_SURFACE_WITH_KNOTS('',3,1,((#1961,#1962),(#1963,#1964),(#1965,#1966),(#1967,#1968)),.UNSPECIFIED.,.F.,.F.,.U.,(4,4),(2,2),(0.,1.),(0.3,1.),.UNSPECIFIED.);
#1970=CARTESIAN_POINT('',(-6.74678759,7.171464793,11.038223259));
#1971=VERTEX_POINT('',#1970);
#1972=CARTESIAN_POINT('',(-6.74678759,7.171464793,11.038223259));
#1973=DIRECTION('',(0.,-1.,0.));
#1974=VECTOR('',#1973,1.4);
#1975=LINE('',#1972,#1974);
#1976=EDGE_CURVE('',#1971,#1444,#1975,.T.);
#1977=ORIENTED_EDGE('',*,*,#1976,.F.);
#1978=CARTESIAN_POINT('',(-6.74678759,7.171464793,11.038223259));
#1979=CARTESIAN_POINT('',(-6.74678759,7.171464793,11.035230109));
#1980=CARTESIAN_POINT('',(-6.746783742,7.171464793,11.030296079));
#1981=CARTESIAN_POINT('',(-6.746776051,7.171464793,11.026333439));
#1982=CARTESIAN_POINT('',(-6.74676836,7.171464793,11.022370799));
#1983=CARTESIAN_POINT('',(-6.746756825,7.171464793,11.018408814));
#1984=CARTESIAN_POINT('',(-6.746741453,7.171464793,11.014447486));
#1985=CARTESIAN_POINT('',(-6.746710707,7.171464793,11.006524831));
#1986=CARTESIAN_POINT('',(-6.746664609,7.171464793,10.998604892));
#1987=CARTESIAN_POINT('',(-6.746603202,7.171464793,10.990687795));
#1988=CARTESIAN_POINT('',(-6.746480388,7.171464793,10.974853601));
#1989=CARTESIAN_POINT('',(-6.746296335,7.171464793,10.959031058));
#1990=CARTESIAN_POINT('',(-6.746051455,7.171464793,10.943221598));
#1991=CARTESIAN_POINT('',(-6.745561695,7.171464793,10.911602678));
#1992=CARTESIAN_POINT('',(-6.744828551,7.171464793,10.880036797));
#1993=CARTESIAN_POINT('',(-6.743856317,7.171464793,10.848537079));
#1994=CARTESIAN_POINT('',(-6.741911848,7.171464793,10.785537641));
#1995=CARTESIAN_POINT('',(-6.739009711,7.171464793,10.722803985));
#1996=CARTESIAN_POINT('',(-6.735200057,7.171464793,10.660444882));
#1997=CARTESIAN_POINT('',(-6.727580747,7.171464793,10.535726676));
#1998=CARTESIAN_POINT('',(-6.71631491,7.171464793,10.41252044));
#1999=CARTESIAN_POINT('',(-6.702030596,7.171464793,10.291600517));
#2000=CARTESIAN_POINT('',(-6.673461969,7.171464793,10.049760672));
#2001=CARTESIAN_POINT('',(-6.632816683,7.171464793,9.817414027));
#2002=CARTESIAN_POINT('',(-6.586854304,7.171464793,9.597296032));
#2003=CARTESIAN_POINT('',(-6.540891925,7.171464793,9.377178036));
#2004=CARTESIAN_POINT('',(-6.489935401,7.171464793,9.169700257));
#2005=CARTESIAN_POINT('',(-6.439596779,7.171464793,8.973465537));
#2006=CARTESIAN_POINT('',(-6.389258157,7.171464793,8.777230816));
#2007=CARTESIAN_POINT('',(-6.339477198,7.171464793,8.591949635));
#2008=CARTESIAN_POINT('',(-6.293448545,7.171464793,8.414735912));
#2009=CARTESIAN_POINT('',(-6.201391239,7.171464793,8.060308468));
#2010=CARTESIAN_POINT('',(-6.125292115,7.171464793,7.73837924));
#2011=CARTESIAN_POINT('',(-6.074395137,7.171464793,7.431056156));
#2012=CARTESIAN_POINT('',(-6.02349816,7.171464793,7.123733073));
#2013=CARTESIAN_POINT('',(-5.99678759,7.171464793,6.830983564));
#2014=CARTESIAN_POINT('',(-5.99678759,7.171464793,6.538223259));
#2015=B_SPLINE_CURVE_WITH_KNOTS('',3,(#1978,#1979,#1980,#1981,#1982,#1983,#1984,#1985,#1986,#1987,#1988,#1989,#1990,#1991,#1992,#1993,#1994,#1995,#1996,#1997,#1998,#1999,#2000,#2001,#2002,#2003,
#2004,#2005,#2006,#2007,#2008,#2009,#2010,#2011,#2012,#2013,#2014),.UNSPECIFIED.,.F.,.F.,(4,3,3,3,3,3,3,3,3,3,3,3,4),(-0.,0.000008918,0.000017837,0.000035673,0.000071347,0.000142693,0.000285387,0.000570773,0.001141547,0.00171232,0.002283094,0.003424641,0.004566188),.UNSPECIFIED.);
#2016=EDGE_CURVE('',#1971,#1894,#2015,.T.);
#2017=ORIENTED_EDGE('',*,*,#2016,.T.);
#2018=ORIENTED_EDGE('',*,*,#1899,.T.);
#2019=ORIENTED_EDGE('',*,*,#1456,.F.);
#2020=EDGE_LOOP('',(#1977,#2017,#2018,#2019));
#2021=FACE_BOUND('',#2020,.T.);
#2022=ADVANCED_FACE('',(#2021),#1969,.T.);
#2023=CARTESIAN_POINT('',(6.75321241,7.171464793,11.038223259));
#2024=CARTESIAN_POINT('',(6.75321241,5.771464793,11.038223259));
#2025=CARTESIAN_POINT('',(6.75321241,7.171464793,9.288223259));
#2026=CARTESIAN_POINT('',(6.75321241,5.771464793,9.288223259));
#2027=CARTESIAN_POINT('',(6.00321241,7.171464793,8.088223259));
#2028=CARTESIAN_POINT('',(6.00321241,5.771464793,8.088223259));
#2029=CARTESIAN_POINT('',(6.00321241,7.171464793,6.538223259));
#2030=CARTESIAN_POINT('',(6.00321241,5.771464793,6.538223259));
#2031=B_SPLINE_SURFACE_WITH_KNOTS('',3,1,((#2023,#2024),(#2025,#2026),(#2027,#2028),(#2029,#2030)),.UNSPECIFIED.,.F.,.F.,.U.,(4,4),(2,2),(0.,1.),(0.3,1.),.UNSPECIFIED.);
#2032=CARTESIAN_POINT('',(6.00321241,7.171464793,6.538223259));
#2033=VERTEX_POINT('',#2032);
#2034=CARTESIAN_POINT('',(6.00321241,7.171464793,6.538223259));
#2035=DIRECTION('',(0.,-1.,0.));
#2036=VECTOR('',#2035,1.4);
#2037=LINE('',#2034,#2036);
#2038=EDGE_CURVE('',#2033,#1493,#2037,.T.);
#2039=ORIENTED_EDGE('',*,*,#2038,.F.);
#2040=CARTESIAN_POINT('',(6.00321241,7.171464793,6.538223259));
#2041=CARTESIAN_POINT('',(6.00321241,7.171464793,6.830095562));
#2042=CARTESIAN_POINT('',(6.029774921,7.171464793,7.122658301));
#2043=CARTESIAN_POINT('',(6.080728054,7.171464793,7.430501106));
#2044=CARTESIAN_POINT('',(6.131681188,7.171464793,7.738343911));
#2045=CARTESIAN_POINT('',(6.208115853,7.171464793,8.061512841));
#2046=CARTESIAN_POINT('',(6.300201346,7.171464793,8.415998582));
#2047=CARTESIAN_POINT('',(6.346244092,7.171464793,8.593241452));
#2048=CARTESIAN_POINT('',(6.396065011,7.171464793,8.778672177));
#2049=CARTESIAN_POINT('',(6.446402765,7.171464793,8.974951624));
#2050=CARTESIAN_POINT('',(6.496740519,7.171464793,9.171231071));
#2051=CARTESIAN_POINT('',(6.54767719,7.171464793,9.378785686));
#2052=CARTESIAN_POINT('',(6.593500257,7.171464793,9.598355349));
#2053=CARTESIAN_POINT('',(6.639323325,7.171464793,9.817925011));
#2054=CARTESIAN_POINT('',(6.679886495,7.171464793,10.049810956));
#2055=CARTESIAN_POINT('',(6.708434948,7.171464793,10.291427271));
#2056=CARTESIAN_POINT('',(6.722709175,7.171464793,10.412235429));
#2057=CARTESIAN_POINT('',(6.733978826,7.171464793,10.53539033));
#2058=CARTESIAN_POINT('',(6.741605859,7.171464793,10.660133721));
#2059=CARTESIAN_POINT('',(6.745419376,7.171464793,10.722505416));
#2060=CARTESIAN_POINT('',(6.748326221,7.171464793,10.785270667));
#2061=CARTESIAN_POINT('',(6.750274483,7.171464793,10.848321633));
#2062=CARTESIAN_POINT('',(6.751248614,7.171464793,10.879847116));
#2063=CARTESIAN_POINT('',(6.751983421,7.171464793,10.911443947));
#2064=CARTESIAN_POINT('',(6.75247437,7.171464793,10.943098702));
#2065=CARTESIAN_POINT('',(6.752719844,7.171464793,10.95892608));
#2066=CARTESIAN_POINT('',(6.752904374,7.171464793,10.974767892));
#2067=CARTESIAN_POINT('',(6.753027515,7.171464793,10.990622547));
#2068=CARTESIAN_POINT('',(6.753089086,7.171464793,10.998549874));
#2069=CARTESIAN_POINT('',(6.753135311,7.171464793,11.006480388));
#2070=CARTESIAN_POINT('',(6.753166142,7.171464793,11.014413912));
#2071=CARTESIAN_POINT('',(6.753181557,7.171464793,11.018380675));
#2072=CARTESIAN_POINT('',(6.753193124,7.171464793,11.022348181));
#2073=CARTESIAN_POINT('',(6.753200838,7.171464793,11.026316415));
#2074=CARTESIAN_POINT('',(6.753208551,7.171464793,11.030284649));
#2075=CARTESIAN_POINT('',(6.75321241,7.171464793,11.035225765));
#2076=CARTESIAN_POINT('',(6.75321241,7.171464793,11.038223259));
#2077=B_SPLINE_CURVE_WITH_KNOTS('',3,(#2040,#2041,#2042,#2043,#2044,#2045,#2046,#2047,#2048,#2049,#2050,#2051,#2052,#2053,#2054,#2055,#2056,#2057,#2058,#2059,#2060,#2061,#2062,#2063,#2064,#2065,
#2066,#2067,#2068,#2069,#2070,#2071,#2072,#2073,#2074,#2075,#2076),.UNSPECIFIED.,.F.,.F.,(4,3,3,3,3,3,3,3,3,3,3,3,4),(0.,0.001140884,0.002281769,0.002852211,0.003422653,0.003993095,0.004278316,0.004420927,0.004492232,0.004527885,0.004545711,0.004554624,0.004563537),.UNSPECIFIED.);
#2078=EDGE_CURVE('',#2033,#1302,#2077,.T.);
#2079=ORIENTED_EDGE('',*,*,#2078,.T.);
#2080=ORIENTED_EDGE('',*,*,#1307,.T.);
#2081=ORIENTED_EDGE('',*,*,#1505,.F.);
#2082=EDGE_LOOP('',(#2039,#2079,#2080,#2081));
#2083=FACE_BOUND('',#2082,.T.);
#2084=ADVANCED_FACE('',(#2083),#2031,.F.);
#2085=CARTESIAN_POINT('',(6.00321241,7.171464793,6.538223259));
#2086=CARTESIAN_POINT('',(6.00321241,5.771464793,6.538223259));
#2087=CARTESIAN_POINT('',(6.00321241,7.171464793,4.538223259));
#2088=CARTESIAN_POINT('',(6.00321241,5.771464793,4.538223259));
#2089=CARTESIAN_POINT('',(7.00321241,7.171464793,4.538223259));
#2090=CARTESIAN_POINT('',(7.00321241,5.771464793,4.538223259));
#2091=CARTESIAN_POINT('',(7.00321241,7.171464793,2.738223259));
#2092=CARTESIAN_POINT('',(7.00321241,5.771464793,2.738223259));
#2093=B_SPLINE_SURFACE_WITH_KNOTS('',3,1,((#2085,#2086),(#2087,#2088),(#2089,#2090),(#2091,#2092)),.UNSPECIFIED.,.F.,.F.,.U.,(4,4),(2,2),(0.,1.),(0.3,1.),.UNSPECIFIED.);
#2094=ORIENTED_EDGE('',*,*,#1347,.F.);
#2095=CARTESIAN_POINT('',(7.00321241,7.171464793,2.738223259));
#2096=CARTESIAN_POINT('',(7.00321241,7.171464793,2.858163729));
#2097=CARTESIAN_POINT('',(6.999106828,7.171464793,2.984291351));
#2098=CARTESIAN_POINT('',(6.986478316,7.171464793,3.122217706));
#2099=CARTESIAN_POINT('',(6.98016406,7.171464793,3.191180884));
#2100=CARTESIAN_POINT('',(6.971649859,7.171464793,3.263192576));
#2101=CARTESIAN_POINT('',(6.959826453,7.171464793,3.338950706));
#2102=CARTESIAN_POINT('',(6.948003048,7.171464793,3.414708837));
#2103=CARTESIAN_POINT('',(6.932775224,7.171464793,3.494462162));
#2104=CARTESIAN_POINT('',(6.913112003,7.171464793,3.576839963));
#2105=CARTESIAN_POINT('',(6.893448782,7.171464793,3.659217765));
#2106=CARTESIAN_POINT('',(6.869134138,7.171464793,3.74423567));
#2107=CARTESIAN_POINT('',(6.841805815,7.171464793,3.825593479));
#2108=CARTESIAN_POINT('',(6.814477492,7.171464793,3.906951287));
#2109=CARTESIAN_POINT('',(6.784616349,7.171464793,3.983540518));
#2110=CARTESIAN_POINT('',(6.755847529,7.171464793,4.051286178));
#2111=CARTESIAN_POINT('',(6.698309888,7.171464793,4.186777497));
#2112=CARTESIAN_POINT('',(6.645702897,7.171464793,4.289899342));
#2113=CARTESIAN_POINT('',(6.600261926,7.171464793,4.378005671));
#2114=CARTESIAN_POINT('',(6.554820955,7.171464793,4.466112));
#2115=CARTESIAN_POINT('',(6.515390686,7.171464793,4.539831253));
#2116=CARTESIAN_POINT('',(6.479835277,7.171464793,4.607741502));
#2117=CARTESIAN_POINT('',(6.444279867,7.171464793,4.675651752));
#2118=CARTESIAN_POINT('',(6.412640531,7.171464793,4.737313525));
#2119=CARTESIAN_POINT('',(6.383592282,7.171464793,4.796398587));
#2120=CARTESIAN_POINT('',(6.325495784,7.171464793,4.914568712));
#2121=CARTESIAN_POINT('',(6.277654207,7.171464793,5.02258513));
#2122=CARTESIAN_POINT('',(6.236259312,7.171464793,5.130293234));
#2123=CARTESIAN_POINT('',(6.194864417,7.171464793,5.238001339));
#2124=CARTESIAN_POINT('',(6.160358365,7.171464793,5.344153477));
#2125=CARTESIAN_POINT('',(6.131150715,7.171464793,5.452982359));
#2126=CARTESIAN_POINT('',(6.101943064,7.171464793,5.561811242));
#2127=CARTESIAN_POINT('',(6.078111262,7.171464793,5.673192374));
#2128=CARTESIAN_POINT('',(6.059169572,7.171464793,5.788994944));
#2129=CARTESIAN_POINT('',(6.040227882,7.171464793,5.904797515));
#2130=CARTESIAN_POINT('',(6.02620997,7.171464793,6.024994192));
#2131=CARTESIAN_POINT('',(6.016944489,7.171464793,6.150105347));
#2132=CARTESIAN_POINT('',(6.012311748,7.171464793,6.212660924));
#2133=CARTESIAN_POINT('',(6.008868734,7.171464793,6.276466767));
#2134=CARTESIAN_POINT('',(6.006595421,7.171464793,6.341191476));
#2135=CARTESIAN_POINT('',(6.005458765,7.171464793,6.373553831));
#2136=CARTESIAN_POINT('',(6.004612938,7.171464793,6.406158091));
#2137=CARTESIAN_POINT('',(6.004051352,7.171464793,6.43899888));
#2138=CARTESIAN_POINT('',(6.003770559,7.171464793,6.455419274));
#2139=CARTESIAN_POINT('',(6.003560819,7.171464793,6.471898516));
#2140=CARTESIAN_POINT('',(6.003421282,7.171464793,6.488436273));
#2141=CARTESIAN_POINT('',(6.003351513,7.171464793,6.496705152));
#2142=CARTESIAN_POINT('',(6.003299295,7.171464793,6.504988484));
#2143=CARTESIAN_POINT('',(6.003264519,7.171464793,6.51328638));
#2144=CARTESIAN_POINT('',(6.003247131,7.171464793,6.517435328));
#2145=CARTESIAN_POINT('',(6.003234104,7.171464793,6.521587854));
#2146=CARTESIAN_POINT('',(6.003225424,7.171464793,6.525744013));
#2147=CARTESIAN_POINT('',(6.003216743,7.171464793,6.529900173));
#2148=CARTESIAN_POINT('',(6.00321241,7.171464793,6.533019082));
#2149=CARTESIAN_POINT('',(6.00321241,7.171464793,6.538223259));
#2150=B_SPLINE_CURVE_WITH_KNOTS('',3,(#2095,#2096,#2097,#2098,#2099,#2100,#2101,#2102,#2103,#2104,#2105,#2106,#2107,#2108,#2109,#2110,#2111,#2112,#2113,#2114,#2115,#2116,#2117,#2118,#2119,#2120,
#2121,#2122,#2123,#2124,#2125,#2126,#2127,#2128,#2129,#2130,#2131,#2132,#2133,#2134,#2135,#2136,#2137,#2138,#2139,#2140,#2141,#2142,#2143,#2144,#2145,
#2146,#2147,#2148,#2149),.UNSPECIFIED.,.F.,.F.,(4,3,3,3,3,3,3,3,3,3,3,3,3,3,3,3,3,3,4),(0.,0.000246153,0.00036923,0.000492307,0.000615384,0.00073846,0.000984614,0.001230767,0.001476921,0.001969228,0.002461535,0.002953842,0.003446149,0.003692302,0.003815379,0.003876917,0.003907687,0.003923071,0.003938456),.UNSPECIFIED.);
#2151=EDGE_CURVE('',#1334,#2033,#2150,.T.);
#2152=ORIENTED_EDGE('',*,*,#2151,.T.);
#2153=ORIENTED_EDGE('',*,*,#2038,.T.);
#2154=ORIENTED_EDGE('',*,*,#1554,.F.);
#2155=EDGE_LOOP('',(#2094,#2152,#2153,#2154));
#2156=FACE_BOUND('',#2155,.T.);
#2157=ADVANCED_FACE('',(#2156),#2093,.F.);
#2158=CARTESIAN_POINT('',(6.00321241,8.671464793,0.038223259));
#2159=CARTESIAN_POINT('',(6.00321241,8.171464793,0.038223259));
#2160=CARTESIAN_POINT('',(6.00321241,7.771464793,0.038223259));
#2161=CARTESIAN_POINT('',(6.00321241,5.771464793,0.038223259));
#2162=CARTESIAN_POINT('',(4.90321241,8.671464793,0.038223259));
#2163=CARTESIAN_POINT('',(4.90321241,8.171464793,0.038223259));
#2164=CARTESIAN_POINT('',(4.90321241,7.771464793,0.038223259));
#2165=CARTESIAN_POINT('',(4.90321241,5.771464793,0.038223259));
#2166=CARTESIAN_POINT('',(4.90321241,8.671464793,1.138223259));
#2167=CARTESIAN_POINT('',(4.90321241,8.171464793,1.138223259));
#2168=CARTESIAN_POINT('',(4.90321241,7.771464793,1.138223259));
#2169=CARTESIAN_POINT('',(4.90321241,5.771464793,1.138223259));
#2170=B_SPLINE_SURFACE_WITH_KNOTS('',2,1,((#2158,#2159,#2160,#2161),(#2162,#2163,#2164,#2165),(#2166,#2167,#2168,#2169)),.UNSPECIFIED.,.F.,.F.,.U.,(3,3),(2,1,1,2),(0.,1.),(-0.45,-0.2,0.,1.),.UNSPECIFIED.);
#2171=ORIENTED_EDGE('',*,*,#477,.F.);
#2172=CARTESIAN_POINT('',(5.50321241,8.671464793,0.113415578));
#2173=CARTESIAN_POINT('',(5.585648208,8.671464793,0.084232778));
#2174=CARTESIAN_POINT('',(5.669211384,8.664675128,0.065879552));
#2175=CARTESIAN_POINT('',(5.753075234,8.650507919,0.054334179));
#2176=CARTESIAN_POINT('',(5.836939085,8.636340711,0.042788806));
#2177=CARTESIAN_POINT('',(5.921954353,8.614407411,0.038223259));
#2178=CARTESIAN_POINT('',(6.00321241,8.585678356,0.038223259));
#2179=B_SPLINE_CURVE_WITH_KNOTS('',3,(#2172,#2173,#2174,#2175,#2176,#2177,#2178),.UNSPECIFIED.,.F.,.F.,(4,3,4),(0.000000002,0.000257034,0.000514066),.UNSPECIFIED.);
#2180=EDGE_CURVE('',#453,#1583,#2179,.T.);
#2181=ORIENTED_EDGE('',*,*,#2180,.T.);
#2182=ORIENTED_EDGE('',*,*,#1588,.F.);
#2183=ORIENTED_EDGE('',*,*,#1653,.F.);
#2184=ORIENTED_EDGE('',*,*,#949,.F.);
#2185=EDGE_LOOP('',(#2171,#2181,#2182,#2183,#2184));
#2186=FACE_BOUND('',#2185,.T.);
#2187=ADVANCED_FACE('',(#2186),#2170,.F.);
#2188=CARTESIAN_POINT('',(5.00321241,8.671464793,12.428223259));
#2189=CARTESIAN_POINT('',(5.00321241,8.171464793,12.428223259));
#2190=CARTESIAN_POINT('',(5.00321241,7.771464793,12.428223259));
#2191=CARTESIAN_POINT('',(5.00321241,5.771464793,12.428223259));
#2192=CARTESIAN_POINT('',(5.00321241,8.671464793,12.511556592));
#2193=CARTESIAN_POINT('',(5.00321241,8.171464793,12.511556592));
#2194=CARTESIAN_POINT('',(5.00321241,7.771464793,12.511556592));
#2195=CARTESIAN_POINT('',(5.00321241,5.771464793,12.511556592));
#2196=CARTESIAN_POINT('',(5.00321241,8.671464793,12.594889926));
#2197=CARTESIAN_POINT('',(5.00321241,8.171464793,12.594889926));
#2198=CARTESIAN_POINT('',(5.00321241,7.771464793,12.594889926));
#2199=CARTESIAN_POINT('',(5.00321241,5.771464793,12.594889926));
#2200=CARTESIAN_POINT('',(5.00321241,8.671464793,12.678223259));
#2201=CARTESIAN_POINT('',(5.00321241,8.171464793,12.678223259));
#2202=CARTESIAN_POINT('',(5.00321241,7.771464793,12.678223259));
#2203=CARTESIAN_POINT('',(5.00321241,5.771464793,12.678223259));
#2204=CARTESIAN_POINT('',(5.00321241,8.671464793,13.066014738));
#2205=CARTESIAN_POINT('',(5.00321241,8.171464793,13.066014738));
#2206=CARTESIAN_POINT('',(5.00321241,7.771464793,13.066014738));
#2207=CARTESIAN_POINT('',(5.00321241,5.771464793,13.066014738));
#2208=CARTESIAN_POINT('',(3.007933601,8.671464793,15.560571228));
#2209=CARTESIAN_POINT('',(3.007933601,8.171464793,15.560571228));
#2210=CARTESIAN_POINT('',(3.007933601,7.771464793,15.560571228));
#2211=CARTESIAN_POINT('',(3.007933601,5.771464793,15.560571228));
#2212=CARTESIAN_POINT('',(0.003212299,8.671464793,15.605621996));
#2213=CARTESIAN_POINT('',(0.003212299,8.171464793,15.605621996));
#2214=CARTESIAN_POINT('',(0.003212299,7.771464793,15.605621996));
#2215=CARTESIAN_POINT('',(0.003212299,5.771464793,15.605621996));
#2216=B_SPLINE_SURFACE_WITH_KNOTS('',3,1,((#2188,#2189,#2190,#2191),(#2192,#2193,#2194,#2195),(#2196,#2197,#2198,#2199),(#2200,#2201,#2202,#2203),(#2204,#2205,#2206,#2207),(#2208,#2209,#2210,#2211),(#2212,#2213,#2214,#2215)),.UNSPECIFIED.,.F.,.F.,.U.,(4,3,4),(2,1,1,2),(-0.214638334,0.,0.998819005),(-0.45,-0.2,0.,1.),.UNSPECIFIED.);
#2217=ORIENTED_EDGE('',*,*,#349,.F.);
#2218=CARTESIAN_POINT('',(5.00321241,8.671416063,12.678223259));
#2219=VERTEX_POINT('',#2218);
#2220=CARTESIAN_POINT('',(4.897679943,8.671464793,12.937351367));
#2221=CARTESIAN_POINT('',(4.921749004,8.671464793,12.896864866));
#2222=CARTESIAN_POINT('',(4.944373475,8.671399042,12.855644697));
#2223=CARTESIAN_POINT('',(4.963860188,8.671350511,12.812830802));
#2224=CARTESIAN_POINT('',(4.973603544,8.671326246,12.791423854));
#2225=CARTESIAN_POINT('',(4.982596579,8.671307548,12.769503657));
#2226=CARTESIAN_POINT('',(4.989832903,8.671313076,12.747192563));
#2227=CARTESIAN_POINT('',(4.997069227,8.671318604,12.724881469));
#2228=CARTESIAN_POINT('',(5.003212357,8.671355568,12.702303179));
#2229=CARTESIAN_POINT('',(5.00321241,8.671416063,12.678223259));
#2230=B_SPLINE_CURVE_WITH_KNOTS('',3,(#2220,#2221,#2222,#2223,#2224,#2225,#2226,#2227,#2228,#2229),.UNSPECIFIED.,.F.,.F.,(4,3,3,4),(0.,0.000140991,0.000211486,0.000281981),.UNSPECIFIED.);
#2231=EDGE_CURVE('',#315,#2219,#2230,.T.);
#2232=ORIENTED_EDGE('',*,*,#2231,.T.);
#2233=CARTESIAN_POINT('',(5.00321241,8.671416063,12.678223259));
#2234=CARTESIAN_POINT('',(5.00321241,8.671448906,12.665150299));
#2235=CARTESIAN_POINT('',(5.00321241,8.671464793,12.652077319));
#2236=CARTESIAN_POINT('',(5.00321241,8.671464793,12.639004318));
#2237=B_SPLINE_CURVE_WITH_KNOTS('',3,(#2233,#2234,#2235,#2236),.UNSPECIFIED.,.F.,.F.,(4,4),(0.,0.000039219),.UNSPECIFIED.);
#2238=EDGE_CURVE('',#2219,#378,#2237,.T.);
#2239=ORIENTED_EDGE('',*,*,#2238,.T.);
#2240=ORIENTED_EDGE('',*,*,#384,.F.);
#2241=CARTESIAN_POINT('',(5.00321241,8.421464793,12.678223259));
#2242=VERTEX_POINT('',#2241);
#2243=CARTESIAN_POINT('',(5.00321241,8.671464793,12.428223259));
#2244=CARTESIAN_POINT('',(5.00321241,8.671464793,12.493462883));
#2245=CARTESIAN_POINT('',(5.00321241,8.644432091,12.558776539));
#2246=CARTESIAN_POINT('',(5.00321241,8.598304287,12.604937133));
#2247=CARTESIAN_POINT('',(5.00321241,8.552176484,12.651097728));
#2248=CARTESIAN_POINT('',(5.00321241,8.487552077,12.678223259));
#2249=CARTESIAN_POINT('',(5.00321241,8.421464793,12.678223259));
#2250=B_SPLINE_CURVE_WITH_KNOTS('',3,(#2243,#2244,#2245,#2246,#2247,#2248,#2249),.UNSPECIFIED.,.F.,.F.,(4,3,4),(0.,0.000195448,0.000390896),.UNSPECIFIED.);
#2251=EDGE_CURVE('',#370,#2242,#2250,.T.);
#2252=ORIENTED_EDGE('',*,*,#2251,.T.);
#2253=CARTESIAN_POINT('',(5.00321241,8.421464793,12.678223259));
#2254=DIRECTION('',(0.,-1.,0.));
#2255=VECTOR('',#2254,0.25004873);
#2256=LINE('',#2253,#2255);
#2257=EDGE_CURVE('',#2242,#974,#2256,.T.);
#2258=ORIENTED_EDGE('',*,*,#2257,.T.);
#2259=ORIENTED_EDGE('',*,*,#981,.T.);
#2260=ORIENTED_EDGE('',*,*,#1731,.F.);
#2261=CARTESIAN_POINT('',(0.003212299,8.671464793,15.605621996));
#2262=DIRECTION('',(0.,-1.,0.));
#2263=VECTOR('',#2262,2.9);
#2264=LINE('',#2261,#2263);
#2265=EDGE_CURVE('',#283,#1718,#2264,.T.);
#2266=ORIENTED_EDGE('',*,*,#2265,.F.);
#2267=EDGE_LOOP('',(#2217,#2232,#2239,#2240,#2252,#2258,#2259,#2260,#2266));
#2268=FACE_BOUND('',#2267,.T.);
#2269=ADVANCED_FACE('',(#2268),#2216,.F.);
#2270=CARTESIAN_POINT('',(-4.99678759,8.671464793,12.433223259));
#2271=CARTESIAN_POINT('',(-4.99678759,8.171464793,12.433223259));
#2272=CARTESIAN_POINT('',(-4.99678759,7.771464793,12.433223259));
#2273=CARTESIAN_POINT('',(-4.99678759,5.771464793,12.433223259));
#2274=CARTESIAN_POINT('',(-4.99678759,8.671464793,12.514889926));
#2275=CARTESIAN_POINT('',(-4.99678759,8.171464793,12.514889926));
#2276=CARTESIAN_POINT('',(-4.99678759,7.771464793,12.514889926));
#2277=CARTESIAN_POINT('',(-4.99678759,5.771464793,12.514889926));
#2278=CARTESIAN_POINT('',(-4.99678759,8.671464793,12.596556592));
#2279=CARTESIAN_POINT('',(-4.99678759,8.171464793,12.596556592));
#2280=CARTESIAN_POINT('',(-4.99678759,7.771464793,12.596556592));
#2281=CARTESIAN_POINT('',(-4.99678759,5.771464793,12.596556592));
#2282=CARTESIAN_POINT('',(-4.99678759,8.671464793,12.678223259));
#2283=CARTESIAN_POINT('',(-4.99678759,8.171464793,12.678223259));
#2284=CARTESIAN_POINT('',(-4.99678759,7.771464793,12.678223259));
#2285=CARTESIAN_POINT('',(-4.99678759,5.771464793,12.678223259));
#2286=CARTESIAN_POINT('',(-4.99678759,8.671464793,13.066014728));
#2287=CARTESIAN_POINT('',(-4.99678759,8.171464793,13.066014728));
#2288=CARTESIAN_POINT('',(-4.99678759,7.771464793,13.066014728));
#2289=CARTESIAN_POINT('',(-4.99678759,5.771464793,13.066014728));
#2290=CARTESIAN_POINT('',(-3.00150888,8.671464793,15.560571106));
#2291=CARTESIAN_POINT('',(-3.00150888,8.171464793,15.560571106));
#2292=CARTESIAN_POINT('',(-3.00150888,7.771464793,15.560571106));
#2293=CARTESIAN_POINT('',(-3.00150888,5.771464793,15.560571106));
#2294=CARTESIAN_POINT('',(0.003212299,8.671464793,15.605621993));
#2295=CARTESIAN_POINT('',(0.003212299,8.171464793,15.605621993));
#2296=CARTESIAN_POINT('',(0.003212299,7.771464793,15.605621993));
#2297=CARTESIAN_POINT('',(0.003212299,5.771464793,15.605621993));
#2298=B_SPLINE_SURFACE_WITH_KNOTS('',3,1,((#2270,#2271,#2272,#2273),(#2274,#2275,#2276,#2277),(#2278,#2279,#2280,#2281),(#2282,#2283,#2284,#2285),(#2286,#2287,#2288,#2289),(#2290,#2291,#2292,#2293),(#2294,#2295,#2296,#2297)),.UNSPECIFIED.,.F.,.F.,.U.,(4,3,4),(2,1,1,2),(-0.210345568,0.,0.99881898),(-0.45,-0.2,0.,1.),.UNSPECIFIED.);
#2299=ORIENTED_EDGE('',*,*,#112,.F.);
#2300=CARTESIAN_POINT('',(-4.99678759,8.426464793,12.678223259));
#2301=CARTESIAN_POINT('',(-4.99678759,8.491230331,12.678223259));
#2302=CARTESIAN_POINT('',(-4.99678759,8.55456225,12.651640238));
#2303=CARTESIAN_POINT('',(-4.99678759,8.599767497,12.606402856));
#2304=CARTESIAN_POINT('',(-4.99678759,8.644972745,12.561165473));
#2305=CARTESIAN_POINT('',(-4.99678759,8.671464793,12.497158091));
#2306=CARTESIAN_POINT('',(-4.99678759,8.671464793,12.433223259));
#2307=B_SPLINE_CURVE_WITH_KNOTS('',3,(#2300,#2301,#2302,#2303,#2304,#2305,#2306),.UNSPECIFIED.,.F.,.F.,(4,3,4),(0.,0.000191539,0.000383078),.UNSPECIFIED.);
#2308=EDGE_CURVE('',#101,#518,#2307,.T.);
#2309=ORIENTED_EDGE('',*,*,#2308,.T.);
#2310=ORIENTED_EDGE('',*,*,#524,.F.);
#2311=CARTESIAN_POINT('',(-4.99678759,8.671416063,12.678223259));
#2312=VERTEX_POINT('',#2311);
#2313=CARTESIAN_POINT('',(-4.99678759,8.671464793,12.639004318));
#2314=CARTESIAN_POINT('',(-4.99678759,8.671464793,12.652077319));
#2315=CARTESIAN_POINT('',(-4.99678759,8.671448906,12.665150299));
#2316=CARTESIAN_POINT('',(-4.99678759,8.671416063,12.678223259));
#2317=B_SPLINE_CURVE_WITH_KNOTS('',3,(#2313,#2314,#2315,#2316),.UNSPECIFIED.,.F.,.F.,(4,4),(0.,0.000039219),.UNSPECIFIED.);
#2318=EDGE_CURVE('',#509,#2312,#2317,.T.);
#2319=ORIENTED_EDGE('',*,*,#2318,.T.);
#2320=CARTESIAN_POINT('',(-4.99678759,8.671416063,12.678223259));
#2321=CARTESIAN_POINT('',(-4.99678759,8.67135597,12.702143222));
#2322=CARTESIAN_POINT('',(-4.990574042,8.671318246,12.725169259));
#2323=CARTESIAN_POINT('',(-4.983265932,8.671312969,12.747630327));
#2324=CARTESIAN_POINT('',(-4.975957821,8.671307692,12.770091394));
#2325=CARTESIAN_POINT('',(-4.967023117,8.671326641,12.791781954));
#2326=CARTESIAN_POINT('',(-4.957310887,8.671350821,12.813104208));
#2327=CARTESIAN_POINT('',(-4.937886427,8.67139918,12.855748717));
#2328=CARTESIAN_POINT('',(-4.915304706,8.671464793,12.89689767));
#2329=CARTESIAN_POINT('',(-4.891255123,8.671464793,12.937351367));
#2330=B_SPLINE_CURVE_WITH_KNOTS('',3,(#2320,#2321,#2322,#2323,#2324,#2325,#2326,#2327,#2328,#2329),.UNSPECIFIED.,.F.,.F.,(4,3,3,4),(0.,0.000070755,0.000141509,0.000283018),.UNSPECIFIED.);
#2331=EDGE_CURVE('',#2312,#285,#2330,.T.);
#2332=ORIENTED_EDGE('',*,*,#2331,.T.);
#2333=ORIENTED_EDGE('',*,*,#312,.F.);
#2334=ORIENTED_EDGE('',*,*,#2265,.T.);
#2335=ORIENTED_EDGE('',*,*,#1786,.F.);
#2336=ORIENTED_EDGE('',*,*,#199,.F.);
#2337=EDGE_LOOP('',(#2299,#2309,#2310,#2319,#2332,#2333,#2334,#2335,#2336));
#2338=FACE_BOUND('',#2337,.T.);
#2339=ADVANCED_FACE('',(#2338),#2298,.T.);
#2340=CARTESIAN_POINT('',(-5.346600296,5.27146479,2.338223259));
#2341=CARTESIAN_POINT('',(-5.346600296,5.27146479,7.138223259));
#2342=CARTESIAN_POINT('',(-5.352845528,5.896837643,2.338223259));
#2343=CARTESIAN_POINT('',(-5.352845528,5.896837643,7.138223259));
#2344=CARTESIAN_POINT('',(-5.202907959,6.516364486,2.338223259));
#2345=CARTESIAN_POINT('',(-5.202907959,6.516364486,7.138223259));
#2346=CARTESIAN_POINT('',(-4.89678759,6.771464793,2.338223259));
#2347=CARTESIAN_POINT('',(-4.89678759,6.771464793,7.138223259));
#2348=B_SPLINE_SURFACE_WITH_KNOTS('',3,1,((#2340,#2341),(#2342,#2343),(#2344,#2345),(#2346,#2347)),.UNSPECIFIED.,.F.,.F.,.U.,(4,4),(2,2),(0.489799385,1.),(0.,1.),.UNSPECIFIED.);
#2349=CARTESIAN_POINT('',(-5.346600296,5.271464793,7.138223259));
#2350=VERTEX_POINT('',#2349);
#2351=CARTESIAN_POINT('',(-5.346600296,5.27146479,7.138223259));
#2352=CARTESIAN_POINT('',(-5.352845528,5.896837643,7.138223259));
#2353=CARTESIAN_POINT('',(-5.202907959,6.516364486,7.138223259));
#2354=CARTESIAN_POINT('',(-4.89678759,6.771464793,7.138223259));
#2355=B_SPLINE_CURVE_WITH_KNOTS('',3,(#2351,#2352,#2353,#2354),.UNSPECIFIED.,.F.,.F.,(4,4),(0.489799385,1.),.UNSPECIFIED.);
#2356=EDGE_CURVE('',#2350,#679,#2355,.T.);
#2357=ORIENTED_EDGE('',*,*,#2356,.F.);
#2358=CARTESIAN_POINT('',(-5.346600296,5.271464793,2.338223259));
#2359=VERTEX_POINT('',#2358);
#2360=CARTESIAN_POINT('',(-5.346600296,5.271464793,2.338223259));
#2361=DIRECTION('',(-0.,0.,1.));
#2362=VECTOR('',#2361,4.8);
#2363=LINE('',#2360,#2362);
#2364=EDGE_CURVE('',#2359,#2350,#2363,.T.);
#2365=ORIENTED_EDGE('',*,*,#2364,.F.);
#2366=CARTESIAN_POINT('',(-5.346600296,5.27146479,2.338223259));
#2367=CARTESIAN_POINT('',(-5.352845528,5.896837643,2.338223259));
#2368=CARTESIAN_POINT('',(-5.202907959,6.516364486,2.338223259));
#2369=CARTESIAN_POINT('',(-4.89678759,6.771464793,2.338223259));
#2370=B_SPLINE_CURVE_WITH_KNOTS('',3,(#2366,#2367,#2368,#2369),.UNSPECIFIED.,.F.,.F.,(4,4),(0.489799385,1.),.UNSPECIFIED.);
#2371=EDGE_CURVE('',#2359,#663,#2370,.T.);
#2372=ORIENTED_EDGE('',*,*,#2371,.T.);
#2373=ORIENTED_EDGE('',*,*,#690,.T.);
#2374=EDGE_LOOP('',(#2357,#2365,#2372,#2373));
#2375=FACE_BOUND('',#2374,.T.);
#2376=ADVANCED_FACE('',(#2375),#2348,.T.);
#2377=CARTESIAN_POINT('',(-4.89678759,3.771464793,2.338223259));
#2378=CARTESIAN_POINT('',(-4.89678759,3.771464793,7.138223259));
#2379=CARTESIAN_POINT('',(-5.190667221,4.065344424,2.338223259));
#2380=CARTESIAN_POINT('',(-5.190667221,4.065344424,7.138223259));
#2381=CARTESIAN_POINT('',(-5.340604789,4.671098523,2.338223259));
#2382=CARTESIAN_POINT('',(-5.340604789,4.671098523,7.138223259));
#2383=CARTESIAN_POINT('',(-5.346600296,5.27146479,2.338223259));
#2384=CARTESIAN_POINT('',(-5.346600296,5.27146479,7.138223259));
#2385=B_SPLINE_SURFACE_WITH_KNOTS('',3,1,((#2377,#2378),(#2379,#2380),(#2381,#2382),(#2383,#2384)),.UNSPECIFIED.,.F.,.F.,.U.,(4,4),(2,2),(0.,0.489799385),(0.,1.),.UNSPECIFIED.);
#2386=CARTESIAN_POINT('',(-4.89678759,3.771464793,7.138223259));
#2387=CARTESIAN_POINT('',(-5.190667221,4.065344424,7.138223259));
#2388=CARTESIAN_POINT('',(-5.340604789,4.671098523,7.138223259));
#2389=CARTESIAN_POINT('',(-5.346600296,5.27146479,7.138223259));
#2390=B_SPLINE_CURVE_WITH_KNOTS('',3,(#2386,#2387,#2388,#2389),.UNSPECIFIED.,.F.,.F.,(4,4),(0.,0.489799385),.UNSPECIFIED.);
#2391=EDGE_CURVE('',#671,#2350,#2390,.T.);
#2392=ORIENTED_EDGE('',*,*,#2391,.F.);
#2393=ORIENTED_EDGE('',*,*,#676,.F.);
#2394=CARTESIAN_POINT('',(-4.89678759,3.771464793,2.338223259));
#2395=CARTESIAN_POINT('',(-5.190667221,4.065344424,2.338223259));
#2396=CARTESIAN_POINT('',(-5.340604789,4.671098523,2.338223259));
#2397=CARTESIAN_POINT('',(-5.346600296,5.27146479,2.338223259));
#2398=B_SPLINE_CURVE_WITH_KNOTS('',3,(#2394,#2395,#2396,#2397),.UNSPECIFIED.,.F.,.F.,(4,4),(0.,0.489799385),.UNSPECIFIED.);
#2399=EDGE_CURVE('',#661,#2359,#2398,.T.);
#2400=ORIENTED_EDGE('',*,*,#2399,.T.);
#2401=ORIENTED_EDGE('',*,*,#2364,.T.);
#2402=EDGE_LOOP('',(#2392,#2393,#2400,#2401));
#2403=FACE_BOUND('',#2402,.T.);
#2404=ADVANCED_FACE('',(#2403),#2385,.T.);
#2405=CARTESIAN_POINT('',(-24.99678759,4.371464793,2.338223259));
#2406=DIRECTION('',(-0.,0.,1.));
#2407=DIRECTION('',(1.,0.,-0.));
#2408=AXIS2_PLACEMENT_3D('',#2405,#2406,#2407);
#2409=PLANE('',#2408);
#2410=ORIENTED_EDGE('',*,*,#2371,.F.);
#2411=ORIENTED_EDGE('',*,*,#2399,.F.);
#2412=ORIENTED_EDGE('',*,*,#668,.T.);
#2413=EDGE_LOOP('',(#2410,#2411,#2412));
#2414=FACE_BOUND('',#2413,.T.);
#2415=ADVANCED_FACE('',(#2414),#2409,.T.);
#2416=CARTESIAN_POINT('',(-24.99678759,4.371464793,7.138223259));
#2417=DIRECTION('',(-0.,0.,1.));
#2418=DIRECTION('',(1.,0.,-0.));
#2419=AXIS2_PLACEMENT_3D('',#2416,#2417,#2418);
#2420=PLANE('',#2419);
#2421=ORIENTED_EDGE('',*,*,#2356,.T.);
#2422=ORIENTED_EDGE('',*,*,#684,.F.);
#2423=ORIENTED_EDGE('',*,*,#2391,.T.);
#2424=EDGE_LOOP('',(#2421,#2422,#2423));
#2425=FACE_BOUND('',#2424,.T.);
#2426=ADVANCED_FACE('',(#2425),#2420,.F.);
#2427=CARTESIAN_POINT('',(5.353025115,5.27146479,2.338223259));
#2428=CARTESIAN_POINT('',(5.353025115,5.27146479,7.138223259));
#2429=CARTESIAN_POINT('',(5.359270347,5.896837643,2.338223259));
#2430=CARTESIAN_POINT('',(5.359270347,5.896837643,7.138223259));
#2431=CARTESIAN_POINT('',(5.209332779,6.516364486,2.338223259));
#2432=CARTESIAN_POINT('',(5.209332779,6.516364486,7.138223259));
#2433=CARTESIAN_POINT('',(4.90321241,6.771464793,2.338223259));
#2434=CARTESIAN_POINT('',(4.90321241,6.771464793,7.138223259));
#2435=B_SPLINE_SURFACE_WITH_KNOTS('',3,1,((#2427,#2428),(#2429,#2430),(#2431,#2432),(#2433,#2434)),.UNSPECIFIED.,.F.,.F.,.U.,(4,4),(2,2),(0.489799385,1.),(0.,1.),.UNSPECIFIED.);
#2436=CARTESIAN_POINT('',(5.353025115,5.271464793,7.138223259));
#2437=VERTEX_POINT('',#2436);
#2438=CARTESIAN_POINT('',(5.353025115,5.27146479,7.138223259));
#2439=CARTESIAN_POINT('',(5.359270347,5.896837643,7.138223259));
#2440=CARTESIAN_POINT('',(5.209332779,6.516364486,7.138223259));
#2441=CARTESIAN_POINT('',(4.90321241,6.771464793,7.138223259));
#2442=B_SPLINE_CURVE_WITH_KNOTS('',3,(#2438,#2439,#2440,#2441),.UNSPECIFIED.,.F.,.F.,(4,4),(0.489799385,1.),.UNSPECIFIED.);
#2443=EDGE_CURVE('',#2437,#904,#2442,.T.);
#2444=ORIENTED_EDGE('',*,*,#2443,.T.);
#2445=ORIENTED_EDGE('',*,*,#909,.F.);
#2446=CARTESIAN_POINT('',(5.353025115,5.271464793,2.338223259));
#2447=VERTEX_POINT('',#2446);
#2448=CARTESIAN_POINT('',(5.353025115,5.27146479,2.338223259));
#2449=CARTESIAN_POINT('',(5.359270347,5.896837643,2.338223259));
#2450=CARTESIAN_POINT('',(5.209332779,6.516364486,2.338223259));
#2451=CARTESIAN_POINT('',(4.90321241,6.771464793,2.338223259));
#2452=B_SPLINE_CURVE_WITH_KNOTS('',3,(#2448,#2449,#2450,#2451),.UNSPECIFIED.,.F.,.F.,(4,4),(0.489799385,1.),.UNSPECIFIED.);
#2453=EDGE_CURVE('',#2447,#896,#2452,.T.);
#2454=ORIENTED_EDGE('',*,*,#2453,.F.);
#2455=CARTESIAN_POINT('',(5.353025115,5.271464793,2.338223259));
#2456=DIRECTION('',(-0.,0.,1.));
#2457=VECTOR('',#2456,4.8);
#2458=LINE('',#2455,#2457);
#2459=EDGE_CURVE('',#2447,#2437,#2458,.T.);
#2460=ORIENTED_EDGE('',*,*,#2459,.T.);
#2461=EDGE_LOOP('',(#2444,#2445,#2454,#2460));
#2462=FACE_BOUND('',#2461,.T.);
#2463=ADVANCED_FACE('',(#2462),#2435,.F.);
#2464=CARTESIAN_POINT('',(4.90321241,3.771464793,2.338223259));
#2465=CARTESIAN_POINT('',(4.90321241,3.771464793,7.138223259));
#2466=CARTESIAN_POINT('',(5.197092041,4.065344424,2.338223259));
#2467=CARTESIAN_POINT('',(5.197092041,4.065344424,7.138223259));
#2468=CARTESIAN_POINT('',(5.347029609,4.671098523,2.338223259));
#2469=CARTESIAN_POINT('',(5.347029609,4.671098523,7.138223259));
#2470=CARTESIAN_POINT('',(5.353025115,5.27146479,2.338223259));
#2471=CARTESIAN_POINT('',(5.353025115,5.27146479,7.138223259));
#2472=B_SPLINE_SURFACE_WITH_KNOTS('',3,1,((#2464,#2465),(#2466,#2467),(#2468,#2469),(#2470,#2471)),.UNSPECIFIED.,.F.,.F.,.U.,(4,4),(2,2),(0.,0.489799385),(0.,1.),.UNSPECIFIED.);
#2473=CARTESIAN_POINT('',(4.90321241,3.771464793,7.138223259));
#2474=CARTESIAN_POINT('',(5.197092041,4.065344424,7.138223259));
#2475=CARTESIAN_POINT('',(5.347029609,4.671098523,7.138223259));
#2476=CARTESIAN_POINT('',(5.353025115,5.27146479,7.138223259));
#2477=B_SPLINE_CURVE_WITH_KNOTS('',3,(#2473,#2474,#2475,#2476),.UNSPECIFIED.,.F.,.F.,(4,4),(0.,0.489799385),.UNSPECIFIED.);
#2478=EDGE_CURVE('',#888,#2437,#2477,.T.);
#2479=ORIENTED_EDGE('',*,*,#2478,.T.);
#2480=ORIENTED_EDGE('',*,*,#2459,.F.);
#2481=CARTESIAN_POINT('',(4.90321241,3.771464793,2.338223259));
#2482=CARTESIAN_POINT('',(5.197092041,4.065344424,2.338223259));
#2483=CARTESIAN_POINT('',(5.347029609,4.671098523,2.338223259));
#2484=CARTESIAN_POINT('',(5.353025115,5.27146479,2.338223259));
#2485=B_SPLINE_CURVE_WITH_KNOTS('',3,(#2481,#2482,#2483,#2484),.UNSPECIFIED.,.F.,.F.,(4,4),(0.,0.489799385),.UNSPECIFIED.);
#2486=EDGE_CURVE('',#886,#2447,#2485,.T.);
#2487=ORIENTED_EDGE('',*,*,#2486,.F.);
#2488=ORIENTED_EDGE('',*,*,#893,.T.);
#2489=EDGE_LOOP('',(#2479,#2480,#2487,#2488));
#2490=FACE_BOUND('',#2489,.T.);
#2491=ADVANCED_FACE('',(#2490),#2472,.F.);
#2492=CARTESIAN_POINT('',(25.00321241,4.371464793,2.338223259));
#2493=DIRECTION('',(-0.,0.,1.));
#2494=DIRECTION('',(-1.,-0.,-0.));
#2495=AXIS2_PLACEMENT_3D('',#2492,#2493,#2494);
#2496=PLANE('',#2495);
#2497=ORIENTED_EDGE('',*,*,#2453,.T.);
#2498=ORIENTED_EDGE('',*,*,#901,.F.);
#2499=ORIENTED_EDGE('',*,*,#2486,.T.);
#2500=EDGE_LOOP('',(#2497,#2498,#2499));
#2501=FACE_BOUND('',#2500,.T.);
#2502=ADVANCED_FACE('',(#2501),#2496,.T.);
#2503=CARTESIAN_POINT('',(25.00321241,4.371464793,7.138223259));
#2504=DIRECTION('',(-0.,0.,1.));
#2505=DIRECTION('',(-1.,-0.,-0.));
#2506=AXIS2_PLACEMENT_3D('',#2503,#2504,#2505);
#2507=PLANE('',#2506);
#2508=ORIENTED_EDGE('',*,*,#2443,.F.);
#2509=ORIENTED_EDGE('',*,*,#2478,.F.);
#2510=ORIENTED_EDGE('',*,*,#915,.T.);
#2511=EDGE_LOOP('',(#2508,#2509,#2510));
#2512=FACE_BOUND('',#2511,.T.);
#2513=ADVANCED_FACE('',(#2512),#2507,.F.);
#2514=CARTESIAN_POINT('',(8.20321241,3.471464793,-42.651474345));
#2515=DIRECTION('',(-0.,1.,-0.));
#2516=DIRECTION('',(-0.,0.,1.));
#2517=AXIS2_PLACEMENT_3D('',#2514,#2515,#2516);
#2518=PLANE('',#2517);
#2519=ORIENTED_EDGE('',*,*,#1646,.T.);
#2520=CARTESIAN_POINT('',(6.40321241,3.471464793,0.038223259));
#2521=DIRECTION('',(0.,-0.,-1.));
#2522=VECTOR('',#2521,3.4);
#2523=LINE('',#2520,#2522);
#2524=EDGE_CURVE('',#1619,#823,#2523,.T.);
#2525=ORIENTED_EDGE('',*,*,#2524,.T.);
#2526=ORIENTED_EDGE('',*,*,#828,.F.);
#2527=CARTESIAN_POINT('',(6.590901847,3.471464793,-3.361776741));
#2528=DIRECTION('',(0.242535625,0.,0.9701425));
#2529=VECTOR('',#2528,1.855397532);
#2530=LINE('',#2527,#2529);
#2531=EDGE_CURVE('',#821,#711,#2530,.T.);
#2532=ORIENTED_EDGE('',*,*,#2531,.T.);
#2533=ORIENTED_EDGE('',*,*,#716,.T.);
#2534=ORIENTED_EDGE('',*,*,#1330,.T.);
#2535=ORIENTED_EDGE('',*,*,#1546,.T.);
#2536=ORIENTED_EDGE('',*,*,#1490,.T.);
#2537=ORIENTED_EDGE('',*,*,#1291,.T.);
#2538=CARTESIAN_POINT('',(0.00321241,3.471464793,11.038223259));
#2539=DIRECTION('',(0.,-1.,0.));
#2540=DIRECTION('',(0.,-0.,-1.));
#2541=AXIS2_PLACEMENT_3D('',#2538,#2539,#2540);
#2542=CIRCLE('',#2541,6.75);
#2543=EDGE_CURVE('',#1277,#1426,#2542,.T.);
#2544=ORIENTED_EDGE('',*,*,#2543,.T.);
#2545=ORIENTED_EDGE('',*,*,#1441,.T.);
#2546=ORIENTED_EDGE('',*,*,#1395,.T.);
#2547=ORIENTED_EDGE('',*,*,#1242,.T.);
#2548=ORIENTED_EDGE('',*,*,#1181,.T.);
#2549=CARTESIAN_POINT('',(-7.034477028,3.471464793,-1.561776741));
#2550=DIRECTION('',(0.242535625,-0.,-0.9701425));
#2551=VECTOR('',#2550,1.855397532);
#2552=LINE('',#2549,#2551);
#2553=EDGE_CURVE('',#1167,#1088,#2552,.T.);
#2554=ORIENTED_EDGE('',*,*,#2553,.T.);
#2555=ORIENTED_EDGE('',*,*,#1093,.F.);
#2556=CARTESIAN_POINT('',(-6.39678759,3.471464793,-3.361776741));
#2557=DIRECTION('',(-0.,0.,1.));
#2558=VECTOR('',#2557,3.4);
#2559=LINE('',#2556,#2558);
#2560=EDGE_CURVE('',#1079,#1804,#2559,.T.);
#2561=ORIENTED_EDGE('',*,*,#2560,.T.);
#2562=ORIENTED_EDGE('',*,*,#1828,.T.);
#2563=ORIENTED_EDGE('',*,*,#641,.F.);
#2564=ORIENTED_EDGE('',*,*,#74,.F.);
#2565=ORIENTED_EDGE('',*,*,#213,.F.);
#2566=ORIENTED_EDGE('',*,*,#1778,.T.);
#2567=ORIENTED_EDGE('',*,*,#1715,.T.);
#2568=ORIENTED_EDGE('',*,*,#996,.F.);
#2569=ORIENTED_EDGE('',*,*,#272,.F.);
#2570=ORIENTED_EDGE('',*,*,#963,.F.);
#2571=EDGE_LOOP('',(#2519,#2525,#2526,#2532,#2533,#2534,#2535,#2536,#2537,#2544,#2545,#2546,#2547,#2548,#2554,#2555,#2561,#2562,#2563,#2564,#2565,#2566,#2567,#2568,#2569,#2570));
#2572=FACE_BOUND('',#2571,.T.);
#2573=ADVANCED_FACE('',(#2572),#2518,.F.);
#2574=CARTESIAN_POINT('',(-5.49678759,7.171464793,0.038223259));
#2575=DIRECTION('',(-0.,0.,1.));
#2576=DIRECTION('',(-0.,1.,-0.));
#2577=AXIS2_PLACEMENT_3D('',#2574,#2575,#2576);
#2578=CYLINDRICAL_SURFACE('',#2577,1.5);
#2579=ORIENTED_EDGE('',*,*,#1876,.F.);
#2580=ORIENTED_EDGE('',*,*,#1061,.T.);
#2581=ORIENTED_EDGE('',*,*,#1196,.F.);
#2582=ORIENTED_EDGE('',*,*,#1264,.F.);
#2583=CARTESIAN_POINT('',(-5.49678759,7.171464793,2.738223259));
#2584=DIRECTION('',(-0.,0.,1.));
#2585=DIRECTION('',(-0.,1.,-0.));
#2586=AXIS2_PLACEMENT_3D('',#2583,#2584,#2585);
#2587=CIRCLE('',#2586,1.5);
#2588=EDGE_CURVE('',#543,#1253,#2587,.T.);
#2589=ORIENTED_EDGE('',*,*,#2588,.F.);
#2590=ORIENTED_EDGE('',*,*,#548,.F.);
#2591=EDGE_LOOP('',(#2579,#2580,#2581,#2582,#2589,#2590));
#2592=FACE_BOUND('',#2591,.T.);
#2593=ADVANCED_FACE('',(#2592),#2578,.T.);
#2594=CARTESIAN_POINT('',(5.50321241,7.171464793,0.038223259));
#2595=DIRECTION('',(0.,-0.,-1.));
#2596=DIRECTION('',(0.,-1.,0.));
#2597=AXIS2_PLACEMENT_3D('',#2594,#2595,#2596);
#2598=CYLINDRICAL_SURFACE('',#2597,1.5);
#2599=ORIENTED_EDGE('',*,*,#775,.F.);
#2600=ORIENTED_EDGE('',*,*,#1594,.F.);
#2601=ORIENTED_EDGE('',*,*,#2180,.F.);
#2602=ORIENTED_EDGE('',*,*,#458,.F.);
#2603=CARTESIAN_POINT('',(5.50321241,7.171464793,2.738223259));
#2604=DIRECTION('',(-0.,0.,1.));
#2605=DIRECTION('',(-0.,1.,-0.));
#2606=AXIS2_PLACEMENT_3D('',#2603,#2604,#2605);
#2607=CIRCLE('',#2606,1.5);
#2608=EDGE_CURVE('',#1334,#432,#2607,.T.);
#2609=ORIENTED_EDGE('',*,*,#2608,.F.);
#2610=ORIENTED_EDGE('',*,*,#1339,.F.);
#2611=EDGE_LOOP('',(#2599,#2600,#2601,#2602,#2609,#2610));
#2612=FACE_BOUND('',#2611,.T.);
#2613=ADVANCED_FACE('',(#2612),#2598,.T.);
#2614=CARTESIAN_POINT('',(-4.49678759,8.671464793,6.538223259));
#2615=CARTESIAN_POINT('',(-4.693137131,8.671464793,6.538223259));
#2616=CARTESIAN_POINT('',(-4.889409417,8.632423808,6.538223259));
#2617=CARTESIAN_POINT('',(-5.252216061,8.482144376,6.538223259));
#2618=CARTESIAN_POINT('',(-5.41860767,8.370965057,6.538223259));
#2619=CARTESIAN_POINT('',(-5.696287854,8.093284873,6.538223259));
#2620=CARTESIAN_POINT('',(-5.807467173,7.926893264,6.538223259));
#2621=CARTESIAN_POINT('',(-5.957746605,7.56408662,6.538223259));
#2622=CARTESIAN_POINT('',(-5.99678759,7.367814334,6.538223259));
#2623=CARTESIAN_POINT('',(-5.99678759,7.171464793,6.538223259));
#2624=CARTESIAN_POINT('',(-4.49678759,8.671464793,6.535633271));
#2625=CARTESIAN_POINT('',(-4.693137131,8.671464793,6.535633271));
#2626=CARTESIAN_POINT('',(-4.889409417,8.632423808,6.535633271));
#2627=CARTESIAN_POINT('',(-5.252216061,8.482144376,6.535633271));
#2628=CARTESIAN_POINT('',(-5.41860767,8.370965057,6.535633271));
#2629=CARTESIAN_POINT('',(-5.696287854,8.093284873,6.535633271));
#2630=CARTESIAN_POINT('',(-5.807467173,7.926893264,6.535633271));
#2631=CARTESIAN_POINT('',(-5.957746605,7.56408662,6.535633271));
#2632=CARTESIAN_POINT('',(-5.99678759,7.367814334,6.535633271));
#2633=CARTESIAN_POINT('',(-5.99678759,7.171464793,6.535633271));
#2634=CARTESIAN_POINT('',(-4.496788837,8.671464793,6.533043475));
#2635=CARTESIAN_POINT('',(-4.69313835,8.671464806,6.533179203));
#2636=CARTESIAN_POINT('',(-4.889410611,8.63242383,6.533314879));
#2637=CARTESIAN_POINT('',(-5.252217212,8.482144409,6.533565675));
#2638=CARTESIAN_POINT('',(-5.418608803,8.370965092,6.533680696));
#2639=CARTESIAN_POINT('',(-5.696288957,8.093284906,6.533872648));
#2640=CARTESIAN_POINT('',(-5.807468265,7.926893292,6.533949504));
#2641=CARTESIAN_POINT('',(-5.957747682,7.564086636,6.53405339));
#2642=CARTESIAN_POINT('',(-5.996788663,7.367814342,6.534080379));
#2643=CARTESIAN_POINT('',(-5.996788663,7.171464793,6.534080381));
#2644=CARTESIAN_POINT('',(-4.496794211,8.671464793,6.527864324));
#2645=CARTESIAN_POINT('',(-4.693143583,8.671464806,6.528136092));
#2646=CARTESIAN_POINT('',(-4.889415703,8.63242383,6.528407755));
#2647=CARTESIAN_POINT('',(-5.252222043,8.482144409,6.528909919));
#2648=CARTESIAN_POINT('',(-5.418613515,8.370965092,6.529140224));
#2649=CARTESIAN_POINT('',(-5.696293469,8.093284906,6.529524565));
#2650=CARTESIAN_POINT('',(-5.807472697,7.926893292,6.529678451));
#2651=CARTESIAN_POINT('',(-5.957752006,7.564086636,6.529886457));
#2652=CARTESIAN_POINT('',(-5.996792959,7.367814342,6.529940496));
#2653=CARTESIAN_POINT('',(-5.996792959,7.171464793,6.529940498));
#2654=CARTESIAN_POINT('',(-4.496797961,8.671464793,6.525274912));
#2655=CARTESIAN_POINT('',(-4.69314725,8.671464843,6.525614838));
#2656=CARTESIAN_POINT('',(-4.889419295,8.632423894,6.525954632));
#2657=CARTESIAN_POINT('',(-5.252225504,8.482144506,6.52658274));
#2658=CARTESIAN_POINT('',(-5.418616919,8.370965195,6.526870807));
#2659=CARTESIAN_POINT('',(-5.696296783,8.093285002,6.527351546));
#2660=CARTESIAN_POINT('',(-5.807475976,7.926893375,6.52754403));
#2661=CARTESIAN_POINT('',(-5.95775524,7.564086683,6.527804212));
#2662=CARTESIAN_POINT('',(-5.996796181,7.367814366,6.527871809));
#2663=CARTESIAN_POINT('',(-5.996796181,7.171464793,6.527871816));
#2664=CARTESIAN_POINT('',(-4.496814105,8.671464793,6.517507427));
#2665=CARTESIAN_POINT('',(-4.69316297,8.671464843,6.518052057));
#2666=CARTESIAN_POINT('',(-4.889434589,8.632423895,6.518596474));
#2667=CARTESIAN_POINT('',(-5.252240011,8.482144507,6.519602824));
#2668=CARTESIAN_POINT('',(-5.418631066,8.370965195,6.520064361));
#2669=CARTESIAN_POINT('',(-5.696310328,8.093285002,6.520834594));
#2670=CARTESIAN_POINT('',(-5.807489281,7.926893375,6.521142987));
#2671=CARTESIAN_POINT('',(-5.957768218,7.564086683,6.521559843));
#2672=CARTESIAN_POINT('',(-5.996809075,7.367814366,6.521668141));
#2673=CARTESIAN_POINT('',(-5.996809075,7.171464793,6.521668148));
#2674=CARTESIAN_POINT('',(-4.496829152,8.671464793,6.512329762));
#2675=CARTESIAN_POINT('',(-4.693177682,8.671464989,6.51301141));
#2676=CARTESIAN_POINT('',(-4.889448996,8.632424149,6.513692796));
#2677=CARTESIAN_POINT('',(-5.252253885,8.482144892,6.51495234));
#2678=CARTESIAN_POINT('',(-5.418644711,8.370965604,6.515530002));
#2679=CARTESIAN_POINT('',(-5.696323603,8.093285382,6.51649404));
#2680=CARTESIAN_POINT('',(-5.807502414,7.926893705,6.516880036));
#2681=CARTESIAN_POINT('',(-5.957781163,7.564086868,6.517401801));
#2682=CARTESIAN_POINT('',(-5.996821973,7.367814459,6.517537365));
#2683=CARTESIAN_POINT('',(-5.996821973,7.171464793,6.517537395));
#2684=CARTESIAN_POINT('',(-4.496893912,8.671464793,6.496799779));
#2685=CARTESIAN_POINT('',(-4.693240724,8.671464989,6.497893413));
#2686=CARTESIAN_POINT('',(-4.88951032,8.632424149,6.498986623));
#2687=CARTESIAN_POINT('',(-5.252312034,8.482144892,6.501007419));
#2688=CARTESIAN_POINT('',(-5.418701404,8.370965604,6.501934209));
#2689=CARTESIAN_POINT('',(-5.696377866,8.093285382,6.503480883));
#2690=CARTESIAN_POINT('',(-5.807555704,7.926893705,6.504100158));
#2691=CARTESIAN_POINT('',(-5.957833138,7.564086869,6.504937244));
#2692=CARTESIAN_POINT('',(-5.996873605,7.367814459,6.505154725));
#2693=CARTESIAN_POINT('',(-5.996873605,7.171464793,6.505154753));
#2694=CARTESIAN_POINT('',(-4.496954482,8.671464793,6.486449129));
#2695=CARTESIAN_POINT('',(-4.693299923,8.671465556,6.487819602));
#2696=CARTESIAN_POINT('',(-4.88956826,8.632425138,6.489189559));
#2697=CARTESIAN_POINT('',(-5.252367765,8.48214639,6.491721952));
#2698=CARTESIAN_POINT('',(-5.418756184,8.37096719,6.492883391));
#2699=CARTESIAN_POINT('',(-5.696431107,8.093286859,6.494821695));
#2700=CARTESIAN_POINT('',(-5.807608356,7.926894985,6.495597797));
#2701=CARTESIAN_POINT('',(-5.957885001,7.56408759,6.49664692));
#2702=CARTESIAN_POINT('',(-5.996925269,7.36781482,6.496919529));
#2703=CARTESIAN_POINT('',(-5.996925268,7.171464793,6.496919641));
#2704=CARTESIAN_POINT('',(-4.497214985,8.671464793,6.455409278));
#2705=CARTESIAN_POINT('',(-4.69355342,8.671465556,6.457614088));
#2706=CARTESIAN_POINT('',(-4.889814755,8.632425138,6.459818055));
#2707=CARTESIAN_POINT('',(-5.252601315,8.482146391,6.463892102));
#2708=CARTESIAN_POINT('',(-5.418983798,8.370967191,6.465760579));
#2709=CARTESIAN_POINT('',(-5.696648814,8.09328686,6.468878812));
#2710=CARTESIAN_POINT('',(-5.807822096,7.926894986,6.47012734));
#2711=CARTESIAN_POINT('',(-5.958093379,7.56408759,6.471815033));
#2712=CARTESIAN_POINT('',(-5.997132254,7.36781482,6.472253534));
#2713=CARTESIAN_POINT('',(-5.997132253,7.171464793,6.472253643));
#2714=CARTESIAN_POINT('',(-4.49748233,8.671464793,6.434730429));
#2715=CARTESIAN_POINT('',(-4.693813196,8.671464793,6.437497775));
#2716=CARTESIAN_POINT('',(-4.890066815,8.632423808,6.440264031));
#2717=CARTESIAN_POINT('',(-5.252838953,8.482144376,6.445377419));
#2718=CARTESIAN_POINT('',(-5.419214738,8.370965057,6.447722539));
#2719=CARTESIAN_POINT('',(-5.696868512,8.093284873,6.451636156));
#2720=CARTESIAN_POINT('',(-5.808037257,7.926893264,6.453203115));
#2721=CARTESIAN_POINT('',(-5.958302397,7.56408662,6.45532115));
#2722=CARTESIAN_POINT('',(-5.997339668,7.367814334,6.455871392));
#2723=CARTESIAN_POINT('',(-5.997339668,7.171464793,6.455871392));
#2724=CARTESIAN_POINT('',(-4.498536306,8.671464793,6.372732573));
#2725=CARTESIAN_POINT('',(-4.694838094,8.671464793,6.37721038));
#2726=CARTESIAN_POINT('',(-4.891062646,8.632423808,6.381686425));
#2727=CARTESIAN_POINT('',(-5.253781055,8.482144376,6.389960333));
#2728=CARTESIAN_POINT('',(-5.420132198,8.370965057,6.39375494));
#2729=CARTESIAN_POINT('',(-5.697744849,8.093284873,6.400087515));
#2730=CARTESIAN_POINT('',(-5.808897129,7.926893264,6.402622991));
#2731=CARTESIAN_POINT('',(-5.959140013,7.56408662,6.406050156));
#2732=CARTESIAN_POINT('',(-5.998171503,7.367814334,6.406940497));
#2733=CARTESIAN_POINT('',(-5.998171503,7.171464793,6.406940497));
#2734=CARTESIAN_POINT('',(-4.499598197,8.671464793,6.331455836));
#2735=CARTESIAN_POINT('',(-4.695870195,8.671464793,6.337101961));
#2736=CARTESIAN_POINT('',(-4.892064969,8.632423808,6.342745864));
#2737=CARTESIAN_POINT('',(-5.254728333,8.482144376,6.353178542));
#2738=CARTESIAN_POINT('',(-5.421054231,8.370965057,6.357963212));
#2739=CARTESIAN_POINT('',(-5.698624753,8.093284873,6.365948038));
#2740=CARTESIAN_POINT('',(-5.809760165,7.926893264,6.369145052));
#2741=CARTESIAN_POINT('',(-5.959980249,7.56408662,6.373466409));
#2742=CARTESIAN_POINT('',(-5.999005815,7.367814334,6.374589051));
#2743=CARTESIAN_POINT('',(-5.999005815,7.171464793,6.374589051));
#2744=CARTESIAN_POINT('',(-4.503910298,8.671464793,6.207798606));
#2745=CARTESIAN_POINT('',(-4.700057104,8.671464793,6.217034829));
#2746=CARTESIAN_POINT('',(-4.896126735,8.632423808,6.226267419));
#2747=CARTESIAN_POINT('',(-5.258558775,8.482144376,6.243333734));
#2748=CARTESIAN_POINT('',(-5.424778582,8.370965057,6.251160746));
#2749=CARTESIAN_POINT('',(-5.702172056,8.093284873,6.264222738));
#2750=CARTESIAN_POINT('',(-5.813236581,7.926893264,6.26945258));
#2751=CARTESIAN_POINT('',(-5.963360847,7.56408662,6.276521679));
#2752=CARTESIAN_POINT('',(-6.002361522,7.367814334,6.278358155));
#2753=CARTESIAN_POINT('',(-6.002361522,7.171464793,6.278358155));
#2754=CARTESIAN_POINT('',(-4.508286697,8.671464793,6.125591058));
#2755=CARTESIAN_POINT('',(-4.704302352,8.671464794,6.137334551));
#2756=CARTESIAN_POINT('',(-4.900240883,8.632423809,6.149073423));
#2757=CARTESIAN_POINT('',(-5.262430587,8.482144377,6.170772569));
#2758=CARTESIAN_POINT('',(-5.428539253,8.370965058,6.180724304));
#2759=CARTESIAN_POINT('',(-5.705747251,8.093284874,6.197332111));
#2760=CARTESIAN_POINT('',(-5.816737514,7.926893265,6.203981648));
#2761=CARTESIAN_POINT('',(-5.966761401,7.56408662,6.212969729));
#2762=CARTESIAN_POINT('',(-6.005735999,7.367814334,6.215304736));
#2763=CARTESIAN_POINT('',(-6.005735999,7.171464793,6.215304736));
#2764=CARTESIAN_POINT('',(-4.52632173,8.671464793,5.879721782));
#2765=CARTESIAN_POINT('',(-4.721760712,8.671464794,5.899326991));
#2766=CARTESIAN_POINT('',(-4.917122796,8.632423809,5.918924486));
#2767=CARTESIAN_POINT('',(-5.278246946,8.482144377,5.955150189));
#2768=CARTESIAN_POINT('',(-5.443866925,8.370965058,5.971764143));
#2769=CARTESIAN_POINT('',(-5.720259383,8.093284874,5.999490096));
#2770=CARTESIAN_POINT('',(-5.830923115,7.926893265,6.010591185));
#2771=CARTESIAN_POINT('',(-5.980505636,7.56408662,6.025596363));
#2772=CARTESIAN_POINT('',(-6.01936557,7.367814334,6.029494547));
#2773=CARTESIAN_POINT('',(-6.01936557,7.171464793,6.029494547));
#2774=CARTESIAN_POINT('',(-4.544889261,8.671464793,5.716813894));
#2775=CARTESIAN_POINT('',(-4.739698284,8.671464795,5.742122008));
#2776=CARTESIAN_POINT('',(-4.934430658,8.632423812,5.767420164));
#2777=CARTESIAN_POINT('',(-5.294390796,8.482144381,5.814183461));
#2778=CARTESIAN_POINT('',(-5.459476931,8.370965062,5.835630202));
#2779=CARTESIAN_POINT('',(-5.734978494,8.093284878,5.87142128));
#2780=CARTESIAN_POINT('',(-5.845285524,7.926893268,5.885751534));
#2781=CARTESIAN_POINT('',(-5.994385895,7.564086622,5.905121526));
#2782=CARTESIAN_POINT('',(-6.033120573,7.367814335,5.910153642));
#2783=CARTESIAN_POINT('',(-6.033120573,7.171464793,5.910153642));
#2784=CARTESIAN_POINT('',(-4.597269929,8.671464793,5.393339326));
#2785=CARTESIAN_POINT('',(-4.790110452,8.671464795,5.430803823));
#2786=CARTESIAN_POINT('',(-4.982875101,8.632423812,5.468253579));
#2787=CARTESIAN_POINT('',(-5.339197926,8.482144381,5.537478942));
#2788=CARTESIAN_POINT('',(-5.502615905,8.370965062,5.569227313));
#2789=CARTESIAN_POINT('',(-5.77533359,8.093284878,5.622210112));
#2790=CARTESIAN_POINT('',(-5.884525992,7.926893268,5.643423695));
#2791=CARTESIAN_POINT('',(-6.03211974,7.564086622,5.672097779));
#2792=CARTESIAN_POINT('',(-6.070463013,7.367814335,5.679546999));
#2793=CARTESIAN_POINT('',(-6.070463013,7.171464793,5.679546998));
#2794=CARTESIAN_POINT('',(-4.631101543,8.671464793,5.232775484));
#2795=CARTESIAN_POINT('',(-4.822596531,8.671464794,5.276698704));
#2796=CARTESIAN_POINT('',(-5.014016173,8.632423809,5.320604643));
#2797=CARTESIAN_POINT('',(-5.367852773,8.482144377,5.401764172));
#2798=CARTESIAN_POINT('',(-5.53013051,8.370965059,5.438985829));
#2799=CARTESIAN_POINT('',(-5.800945319,8.093284875,5.501102644));
#2800=CARTESIAN_POINT('',(-5.909375836,7.926893265,5.52597336));
#2801=CARTESIAN_POINT('',(-6.055939755,7.564086621,5.559590738));
#2802=CARTESIAN_POINT('',(-6.094015489,7.367814334,5.568324172));
#2803=CARTESIAN_POINT('',(-6.094015489,7.171464793,5.568324172));
#2804=CARTESIAN_POINT('',(-4.715884307,8.671464793,4.914276777));
#2805=CARTESIAN_POINT('',(-4.903873418,8.671464794,4.971370327));
#2806=CARTESIAN_POINT('',(-5.091788564,8.632423809,5.028441413));
#2807=CARTESIAN_POINT('',(-5.439147149,8.482144377,5.133936539));
#2808=CARTESIAN_POINT('',(-5.598453918,8.370965059,5.18231907));
#2809=CARTESIAN_POINT('',(-5.864310669,8.093284875,5.263061543));
#2810=CARTESIAN_POINT('',(-5.970756049,7.926893265,5.295389717));
#2811=CARTESIAN_POINT('',(-6.114636686,7.564086621,5.339087228));
#2812=CARTESIAN_POINT('',(-6.152015333,7.367814334,5.350439373));
#2813=CARTESIAN_POINT('',(-6.152015333,7.171464793,5.350439373));
#2814=CARTESIAN_POINT('',(-4.767190933,8.671464793,4.755638753));
#2815=CARTESIAN_POINT('',(-4.952990782,8.671464793,4.819485783));
#2816=CARTESIAN_POINT('',(-5.138717527,8.632423808,4.883307691));
#2817=CARTESIAN_POINT('',(-5.482030883,8.482144376,5.001281619));
#2818=CARTESIAN_POINT('',(-5.639482415,8.370965057,5.055387221));
#2819=CARTESIAN_POINT('',(-5.902243082,8.093284874,5.145680556));
#2820=CARTESIAN_POINT('',(-6.007448832,7.926893264,5.181832763));
#2821=CARTESIAN_POINT('',(-6.14965388,7.56408662,5.230699164));
#2822=CARTESIAN_POINT('',(-6.186597226,7.367814334,5.243394131));
#2823=CARTESIAN_POINT('',(-6.186597226,7.171464793,5.243394131));
#2824=CARTESIAN_POINT('',(-4.885802258,8.671464793,4.445329633));
#2825=CARTESIAN_POINT('',(-5.066818011,8.671464793,4.521692742));
#2826=CARTESIAN_POINT('',(-5.247762542,8.632423808,4.598025806));
#2827=CARTESIAN_POINT('',(-5.58223604,8.482144376,4.739126434));
#2828=CARTESIAN_POINT('',(-5.735633406,8.370965057,4.80383848));
#2829=CARTESIAN_POINT('',(-5.991628338,8.093284874,4.911832225));
#2830=CARTESIAN_POINT('',(-6.094125182,7.926893264,4.955071433));
#2831=CARTESIAN_POINT('',(-6.232668641,7.56408662,5.013517226));
#2832=CARTESIAN_POINT('',(-6.268660746,7.367814334,5.028700817));
#2833=CARTESIAN_POINT('',(-6.268660746,7.171464793,5.028700817));
#2834=CARTESIAN_POINT('',(-4.953126395,8.671464793,4.293716513));
#2835=CARTESIAN_POINT('',(-5.131510327,8.671464795,4.375898491));
#2836=CARTESIAN_POINT('',(-5.309824073,8.632423811,4.458048135));
#2837=CARTESIAN_POINT('',(-5.639434602,8.48214438,4.609900632));
#2838=CARTESIAN_POINT('',(-5.790601697,8.370965061,4.679543738));
#2839=CARTESIAN_POINT('',(-6.042874674,8.093284877,4.795766607));
#2840=CARTESIAN_POINT('',(-6.143881298,7.926893267,4.842300642));
#2841=CARTESIAN_POINT('',(-6.28041045,7.564086622,4.905200006));
#2842=CARTESIAN_POINT('',(-6.315879259,7.367814335,4.921540586));
#2843=CARTESIAN_POINT('',(-6.315879259,7.171464793,4.921540586));
#2844=CARTESIAN_POINT('',(-5.062645485,8.671464793,4.070065467));
#2845=CARTESIAN_POINT('',(-5.237966158,8.671464795,4.158502985));
#2846=CARTESIAN_POINT('',(-5.413217851,8.632423811,4.246905706));
#2847=CARTESIAN_POINT('',(-5.737168216,8.48214438,4.410316931));
#2848=CARTESIAN_POINT('',(-5.885739428,8.370965061,4.48526114));
#2849=CARTESIAN_POINT('',(-6.133680304,8.093284877,4.610330677));
#2850=CARTESIAN_POINT('',(-6.232952414,7.926893267,4.660406796));
#2851=CARTESIAN_POINT('',(-6.367137049,7.564086622,4.728093942));
#2852=CARTESIAN_POINT('',(-6.401996778,7.367814335,4.745678337));
#2853=CARTESIAN_POINT('',(-6.401996778,7.171464793,4.745678337));
#2854=CARTESIAN_POINT('',(-5.100540607,8.671464793,3.996130515));
#2855=CARTESIAN_POINT('',(-5.274998449,8.671464793,4.086233443));
#2856=CARTESIAN_POINT('',(-5.44938765,8.632423808,4.176300919));
#2857=CARTESIAN_POINT('',(-5.771743711,8.482144376,4.34278942));
#2858=CARTESIAN_POINT('',(-5.919583737,8.370965057,4.419144939));
#2859=CARTESIAN_POINT('',(-6.166304384,8.093284873,4.546569721));
#2860=CARTESIAN_POINT('',(-6.265087932,7.926893264,4.597588848));
#2861=CARTESIAN_POINT('',(-6.398612184,7.56408662,4.666550643));
#2862=CARTESIAN_POINT('',(-6.433300353,7.367814334,4.684466177));
#2863=CARTESIAN_POINT('',(-6.433300353,7.171464793,4.684466177));
#2864=CARTESIAN_POINT('',(-5.177557311,8.671464793,3.848793755));
#2865=CARTESIAN_POINT('',(-5.351119617,8.671464793,3.940609889));
#2866=CARTESIAN_POINT('',(-5.524613634,8.632423808,4.032389897));
#2867=CARTESIAN_POINT('',(-5.845314958,8.482144376,4.202043989));
#2868=CARTESIAN_POINT('',(-5.992396084,8.370965057,4.279851323));
#2869=CARTESIAN_POINT('',(-6.237850251,8.093284873,4.409698944));
#2870=CARTESIAN_POINT('',(-6.336126717,7.926893264,4.461688142));
#2871=CARTESIAN_POINT('',(-6.468965555,7.56408662,4.531961168));
#2872=CARTESIAN_POINT('',(-6.503475661,7.367814334,4.550217347));
#2873=CARTESIAN_POINT('',(-6.503475661,7.171464793,4.550217347));
#2874=CARTESIAN_POINT('',(-5.216733187,8.671464793,3.77539836));
#2875=CARTESIAN_POINT('',(-5.39025514,8.671464793,3.867304292));
#2876=CARTESIAN_POINT('',(-5.563708819,8.632423808,3.959174063));
#2877=CARTESIAN_POINT('',(-5.884335581,8.482144376,4.128994082));
#2878=CARTESIAN_POINT('',(-6.03138251,8.370965057,4.206877513));
#2879=CARTESIAN_POINT('',(-6.27677961,8.093284873,4.336852129));
#2880=CARTESIAN_POINT('',(-6.375033227,7.926893264,4.388892173));
#2881=CARTESIAN_POINT('',(-6.50784118,7.56408662,4.459233929));
#2882=CARTESIAN_POINT('',(-6.542343262,7.367814334,4.477507962));
#2883=CARTESIAN_POINT('',(-6.542343262,7.171464793,4.477507962));
#2884=CARTESIAN_POINT('',(-5.293131277,8.671464793,3.627808617));
#2885=CARTESIAN_POINT('',(-5.468355086,8.671464793,3.716426819));
#2886=CARTESIAN_POINT('',(-5.643509951,8.632423808,3.805010152));
#2887=CARTESIAN_POINT('',(-5.967281331,8.482144376,3.968755237));
#2888=CARTESIAN_POINT('',(-6.115770455,8.370965057,4.043852561));
#2889=CARTESIAN_POINT('',(-6.363574341,8.093284873,4.169177623));
#2890=CARTESIAN_POINT('',(-6.462791603,7.926893264,4.219356051));
#2891=CARTESIAN_POINT('',(-6.596902099,7.56408662,4.287181486));
#2892=CARTESIAN_POINT('',(-6.631742568,7.367814334,4.304801807));
#2893=CARTESIAN_POINT('',(-6.631742568,7.171464793,4.304801807));
#2894=CARTESIAN_POINT('',(-5.330432791,8.671464793,3.5536467));
#2895=CARTESIAN_POINT('',(-5.507505732,8.671464603,3.638853049));
#2896=CARTESIAN_POINT('',(-5.684508968,8.632423477,3.724025858));
#2897=CARTESIAN_POINT('',(-6.011696998,8.482143873,3.881466623));
#2898=CARTESIAN_POINT('',(-6.161753058,8.370964525,3.953672631));
#2899=CARTESIAN_POINT('',(-6.412171885,8.093284378,4.074172562));
#2900=CARTESIAN_POINT('',(-6.512436123,7.926892835,4.122419072));
#2901=CARTESIAN_POINT('',(-6.647961796,7.564086378,4.18763317));
#2902=CARTESIAN_POINT('',(-6.683169909,7.367814213,4.204575097));
#2903=CARTESIAN_POINT('',(-6.683169904,7.171464793,4.204575108));
#2904=CARTESIAN_POINT('',(-5.379752023,8.671464793,3.439691239));
#2905=CARTESIAN_POINT('',(-5.561510677,8.671464603,3.514071008));
#2906=CARTESIAN_POINT('',(-5.743197781,8.632423476,3.588421497));
#2907=CARTESIAN_POINT('',(-6.079043878,8.482143873,3.725857348));
#2908=CARTESIAN_POINT('',(-6.233070731,8.370964524,3.788888635));
#2909=CARTESIAN_POINT('',(-6.490116159,8.093284377,3.894077462));
#2910=CARTESIAN_POINT('',(-6.593033598,7.926892834,3.936193615));
#2911=CARTESIAN_POINT('',(-6.732145567,7.564086378,3.993121393));
#2912=CARTESIAN_POINT('',(-6.768285363,7.367814213,4.007910618));
#2913=CARTESIAN_POINT('',(-6.768285363,7.171464793,4.007910618));
#2914=CARTESIAN_POINT('',(-5.395026197,8.671464793,3.401229424));
#2915=CARTESIAN_POINT('',(-5.578648709,8.671464793,3.470996965));
#2916=CARTESIAN_POINT('',(-5.762198973,8.632423808,3.540737055));
#2917=CARTESIAN_POINT('',(-6.101489135,8.482144376,3.669650661));
#2918=CARTESIAN_POINT('',(-6.257095536,8.370965057,3.728773455));
#2919=CARTESIAN_POINT('',(-6.516776983,8.093284873,3.827439657));
#2920=CARTESIAN_POINT('',(-6.620749855,7.926893264,3.866944245));
#2921=CARTESIAN_POINT('',(-6.761288442,7.56408662,3.920342009));
#2922=CARTESIAN_POINT('',(-6.79779886,7.367814334,3.934214175));
#2923=CARTESIAN_POINT('',(-6.79779886,7.171464793,3.934214175));
#2924=CARTESIAN_POINT('',(-5.422235142,8.671464793,3.322940144));
#2925=CARTESIAN_POINT('',(-5.609548145,8.671464793,3.382088902));
#2926=CARTESIAN_POINT('',(-5.796787449,8.632423808,3.441214388));
#2927=CARTESIAN_POINT('',(-6.142896748,8.482144376,3.550507042));
#2928=CARTESIAN_POINT('',(-6.301630565,8.370965057,3.600631208));
#2929=CARTESIAN_POINT('',(-6.566531155,8.093284873,3.684280184));
#2930=CARTESIAN_POINT('',(-6.6725937,7.926893264,3.717772081));
#2931=CARTESIAN_POINT('',(-6.815956866,7.56408662,3.763042581));
#2932=CARTESIAN_POINT('',(-6.853201079,7.367814334,3.774803371));
#2933=CARTESIAN_POINT('',(-6.853201079,7.171464793,3.774803371));
#2934=CARTESIAN_POINT('',(-5.434147958,8.671464793,3.2831037));
#2935=CARTESIAN_POINT('',(-5.623238644,8.671464793,3.336322341));
#2936=CARTESIAN_POINT('',(-5.81225493,8.632423807,3.389520043));
#2937=CARTESIAN_POINT('',(-6.161648959,8.482144374,3.48785527));
#2938=CARTESIAN_POINT('',(-6.32188923,8.370965055,3.532954104));
#2939=CARTESIAN_POINT('',(-6.589303842,8.093284872,3.608216628));
#2940=CARTESIAN_POINT('',(-6.696372967,7.926893263,3.638350706));
#2941=CARTESIAN_POINT('',(-6.841096713,7.564086619,3.67908249));
#2942=CARTESIAN_POINT('',(-6.87869439,7.367814334,3.689664171));
#2943=CARTESIAN_POINT('',(-6.87869439,7.171464793,3.689664171));
#2944=CARTESIAN_POINT('',(-5.454391137,8.671464793,3.201965766));
#2945=CARTESIAN_POINT('',(-5.646320115,8.671464793,3.243808075));
#2946=CARTESIAN_POINT('',(-5.838173576,8.632423807,3.285633921));
#2947=CARTESIAN_POINT('',(-6.192812084,8.482144375,3.362948428));
#2948=CARTESIAN_POINT('',(-6.355457595,8.370965055,3.398406668));
#2949=CARTESIAN_POINT('',(-6.626886158,8.093284872,3.457580629));
#2950=CARTESIAN_POINT('',(-6.735562414,7.926893263,3.481273068));
#2951=CARTESIAN_POINT('',(-6.882458494,7.564086619,3.513297785));
#2952=CARTESIAN_POINT('',(-6.92062052,7.367814334,3.521617463));
#2953=CARTESIAN_POINT('',(-6.92062052,7.171464793,3.521617462));
#2954=CARTESIAN_POINT('',(-5.462746154,8.671464793,3.160674357));
#2955=CARTESIAN_POINT('',(-5.655750719,8.671464791,3.197098417));
#2956=CARTESIAN_POINT('',(-5.848679346,8.632423804,3.233508146));
#2957=CARTESIAN_POINT('',(-6.20530528,8.48214437,3.300811033));
#2958=CARTESIAN_POINT('',(-6.368862272,8.370965051,3.33167771));
#2959=CARTESIAN_POINT('',(-6.641811945,8.093284868,3.383189109));
#2960=CARTESIAN_POINT('',(-6.751097233,7.926893259,3.403813563));
#2961=CARTESIAN_POINT('',(-6.898816531,7.564086617,3.43169133));
#2962=CARTESIAN_POINT('',(-6.937192421,7.367814333,3.438933675));
#2963=CARTESIAN_POINT('',(-6.937192421,7.171464793,3.438933675));
#2964=CARTESIAN_POINT('',(-5.476396562,8.671464793,3.076840305));
#2965=CARTESIAN_POINT('',(-5.670986641,8.671464791,3.103526925));
#2966=CARTESIAN_POINT('',(-5.865500156,8.632423805,3.130203045));
#2967=CARTESIAN_POINT('',(-6.225055738,8.48214437,3.179513489));
#2968=CARTESIAN_POINT('',(-6.389956333,8.370965051,3.202128411));
#2969=CARTESIAN_POINT('',(-6.665148261,8.093284868,3.23986899));
#2970=CARTESIAN_POINT('',(-6.775331316,7.926893259,3.254979798));
#2971=CARTESIAN_POINT('',(-6.924264114,7.564086617,3.275404852));
#2972=CARTESIAN_POINT('',(-6.962955258,7.367814333,3.280711062));
#2973=CARTESIAN_POINT('',(-6.962955258,7.171464793,3.280711061));
#2974=CARTESIAN_POINT('',(-5.481651363,8.671464793,3.034619713));
#2975=CARTESIAN_POINT('',(-5.676760391,8.671464791,3.05699118));
#2976=CARTESIAN_POINT('',(-5.871792651,8.632423804,3.079353846));
#2977=CARTESIAN_POINT('',(-6.232307125,8.48214437,3.120690929));
#2978=CARTESIAN_POINT('',(-6.397647491,8.370965051,3.139649081));
#2979=CARTESIAN_POINT('',(-6.673573323,8.093284868,3.171287115));
#2980=CARTESIAN_POINT('',(-6.784050223,7.926893259,3.183954547));
#2981=CARTESIAN_POINT('',(-6.933380207,7.564086617,3.201076928));
#2982=CARTESIAN_POINT('',(-6.972174536,7.367814333,3.205525139));
#2983=CARTESIAN_POINT('',(-6.972174536,7.171464793,3.205525139));
#2984=CARTESIAN_POINT('',(-5.493658506,8.671464793,2.907970347));
#2985=CARTESIAN_POINT('',(-5.689859537,8.671464791,2.918823547));
#2986=CARTESIAN_POINT('',(-5.88598337,8.632423804,2.929672477));
#2987=CARTESIAN_POINT('',(-6.248515602,8.48214437,2.949726575));
#2988=CARTESIAN_POINT('',(-6.414781359,8.370965051,2.958923854));
#2989=CARTESIAN_POINT('',(-6.692251515,8.093284868,2.974272597));
#2990=CARTESIAN_POINT('',(-6.803346742,7.926893259,2.980418022));
#2991=CARTESIAN_POINT('',(-6.953512509,7.564086617,2.988724701));
#2992=CARTESIAN_POINT('',(-6.992523965,7.367814333,2.990882687));
#2993=CARTESIAN_POINT('',(-6.992523965,7.171464793,2.990882687));
#2994=CARTESIAN_POINT('',(-5.49678759,8.671464793,2.823203847));
#2995=CARTESIAN_POINT('',(-5.693137131,8.671464793,2.828169889));
#2996=CARTESIAN_POINT('',(-5.889409417,8.632423808,2.833133977));
#2997=CARTESIAN_POINT('',(-6.252216061,8.482144376,2.842310025));
#2998=CARTESIAN_POINT('',(-6.41860767,8.370965057,2.846518375));
#2999=CARTESIAN_POINT('',(-6.696287854,8.093284873,2.853541418));
#3000=CARTESIAN_POINT('',(-6.807467173,7.926893264,2.856353348));
#3001=CARTESIAN_POINT('',(-6.957746605,7.56408662,2.860154192));
#3002=CARTESIAN_POINT('',(-6.99678759,7.367814334,2.86114161));
#3003=CARTESIAN_POINT('',(-6.99678759,7.171464793,2.86114161));
#3004=CARTESIAN_POINT('',(-5.49678759,8.671464793,2.738223259));
#3005=CARTESIAN_POINT('',(-5.693137131,8.671464793,2.738223259));
#3006=CARTESIAN_POINT('',(-5.889409417,8.632423808,2.738223259));
#3007=CARTESIAN_POINT('',(-6.252216061,8.482144376,2.738223259));
#3008=CARTESIAN_POINT('',(-6.41860767,8.370965057,2.738223259));
#3009=CARTESIAN_POINT('',(-6.696287854,8.093284873,2.738223259));
#3010=CARTESIAN_POINT('',(-6.807467173,7.926893264,2.738223259));
#3011=CARTESIAN_POINT('',(-6.957746605,7.56408662,2.738223259));
#3012=CARTESIAN_POINT('',(-6.99678759,7.367814334,2.738223259));
#3013=CARTESIAN_POINT('',(-6.99678759,7.171464793,2.738223259));
#3014=B_SPLINE_SURFACE_WITH_KNOTS('',3,3,((#2614,#2615,#2616,#2617,#2618,#2619,#2620,#2621,#2622,#2623),(#2624,#2625,#2626,#2627,#2628,#2629,#2630,#2631,#2632,#2633),(#2634,#2635,#2636,#2637,#2638,#2639,#2640,#2641,#2642,#2643),(#2644,#2645,#2646,#2647,#2648,#2649,#2650,#2651,#2652,#2653),(#2654,#2655,#2656,#2657,#2658,#2659,#2660,#2661,#2662,#2663),(#2664,#2665,#2666,#2667,#2668,#2669,#2670,#2671,#2672,#2673),(#2674,#2675,#2676,#2677,#2678,#2679,#2680,#2681,#2682,#2683),(#2684,#2685,#2686,#2687,#2688,#2689,#2690,#2691,#2692,#2693),(#2694,#2695,#2696,#2697,#2698,#2699,#2700,#2701,#2702,#2703),(#2704,#2705,#2706,#2707,#2708,#2709,#2710,#2711,#2712,#2713),(#2714,#2715,#2716,#2717,#2718,#2719,#2720,#2721,#2722,#2723),(#2724,#2725,#2726,#2727,#2728,#2729,#2730,#2731,#2732,#2733),(#2734,#2735,#2736,#2737,#2738,#2739,#2740,#2741,#2742,#2743),(#2744,#2745,#2746,#2747,#2748,#2749,#2750,#2751,#2752,#2753),(#2754,#2755,#2756,#2757,#2758,#2759,#2760,#2761,#2762,#2763),(#2764,#2765,#2766,#2767,#2768,#2769,#2770,#2771,#2772,#2773),(#2774,#2775,#2776,#2777,#2778,#2779,#2780,#2781,#2782,#2783),(#2784,#2785,#2786,#2787,#2788,#2789,#2790,#2791,#2792,#2793),(#2794,#2795,#2796,#2797,#2798,#2799,#2800,#2801,#2802,#2803),(#2804,#2805,#2806,#2807,#2808,#2809,#2810,#2811,#2812,#2813),(#2814,#2815,#2816,#2817,#2818,#2819,#2820,#2821,#2822,#2823),(#2824,#2825,#2826,#2827,#2828,#2829,#2830,#2831,#2832,#2833),(#2834,#2835,#2836,#2837,#2838,#2839,#2840,#2841,#2842,#2843),(#2844,#2845,#2846,#2847,#2848,#2849,#2850,#2851,#2852,#2853),(#2854,#2855,#2856,#2857,#2858,#2859,#2860,#2861,#2862,#2863),(#2864,#2865,#2866,#2867,#2868,#2869,#2870,#2871,#2872,#2873),
(#2874,#2875,#2876,#2877,#2878,#2879,#2880,#2881,#2882,#2883),(#2884,#2885,#2886,#2887,#2888,#2889,#2890,#2891,#2892,#2893),(#2894,#2895,#2896,#2897,#2898,#2899,#2900,#2901,#2902,#2903),(#2904,#2905,#2906,#2907,#2908,#2909,#2910,#2911,#2912,#2913),(#2914,#2915,#2916,#2917,#2918,#2919,#2920,#2921,#2922,#2923),(#2924,#2925,#2926,#2927,#2928,#2929,#2930,#2931,#2932,#2933),(#2934,#2935,#2936,#2937,#2938,#2939,#2940,#2941,#2942,#2943),(#2944,#2945,#2946,#2947,#2948,#2949,#2950,#2951,#2952,#2953),(#2954,#2955,#2956,#2957,#2958,#2959,#2960,#2961,#2962,#2963),(#2964,#2965,#2966,#2967,#2968,#2969,#2970,#2971,#2972,#2973),(#2974,#2975,#2976,#2977,#2978,#2979,#2980,#2981,#2982,#2983),(#2984,#2985,#2986,#2987,#2988,#2989,#2990,#2991,#2992,#2993),(#2994,#2995,#2996,#2997,#2998,#2999,#3000,#3001,#3002,#3003),(#3004,#3005,#3006,#3007,#3008,#3009,#3010,#3011,#3012,#3013)),.UNSPECIFIED.,.F.,.F.,.U.,(4,2,2,2,2,2,2,2,2,2,2,2,2,2,2,2,2,2,2,4),(4,2,2,2,4),(-0.,0.00000768,0.00001536,0.00003072,0.000061439,0.000122879,0.000245758,0.000491516,0.000983032,0.001474548,0.001966063,0.002457579,0.002703337,0.002949095,0.003194853,0.003317732,0.003440611,0.00356349,0.003686369,0.003932127),(0.,0.25,0.5,0.75,1.),.UNSPECIFIED.);
#3015=ORIENTED_EDGE('',*,*,#2588,.T.);
#3016=ORIENTED_EDGE('',*,*,#1954,.F.);
#3017=CARTESIAN_POINT('',(-4.49678759,7.171464793,6.538223259));
#3018=DIRECTION('',(-0.,0.,1.));
#3019=DIRECTION('',(-1.,-0.,-0.));
#3020=AXIS2_PLACEMENT_3D('',#3017,#3018,#3019);
#3021=CIRCLE('',#3020,1.5);
#3022=EDGE_CURVE('',#613,#1894,#3021,.T.);
#3023=ORIENTED_EDGE('',*,*,#3022,.F.);
#3024=ORIENTED_EDGE('',*,*,#622,.F.);
#3025=ORIENTED_EDGE('',*,*,#572,.F.);
#3026=EDGE_LOOP('',(#3015,#3016,#3023,#3024,#3025));
#3027=FACE_BOUND('',#3026,.T.);
#3028=ADVANCED_FACE('',(#3027),#3014,.T.);
#3029=CARTESIAN_POINT('',(5.50321241,8.671464793,2.738223259));
#3030=CARTESIAN_POINT('',(5.699561951,8.671464793,2.738223259));
#3031=CARTESIAN_POINT('',(5.895834236,8.632423808,2.738223259));
#3032=CARTESIAN_POINT('',(6.25864088,8.482144376,2.738223259));
#3033=CARTESIAN_POINT('',(6.42503249,8.370965057,2.738223259));
#3034=CARTESIAN_POINT('',(6.702712673,8.093284873,2.738223259));
#3035=CARTESIAN_POINT('',(6.813891992,7.926893264,2.738223259));
#3036=CARTESIAN_POINT('',(6.964171425,7.56408662,2.738223259));
#3037=CARTESIAN_POINT('',(7.00321241,7.367814334,2.738223259));
#3038=CARTESIAN_POINT('',(7.00321241,7.171464793,2.738223259));
#3039=CARTESIAN_POINT('',(5.50321241,8.671464793,2.821145065));
#3040=CARTESIAN_POINT('',(5.699561951,8.671464793,2.825990797));
#3041=CARTESIAN_POINT('',(5.895834236,8.632423808,2.830834622));
#3042=CARTESIAN_POINT('',(6.25864088,8.482144376,2.839788367));
#3043=CARTESIAN_POINT('',(6.42503249,8.370965057,2.843894764));
#3044=CARTESIAN_POINT('',(6.702712673,8.093284873,2.850747663));
#3045=CARTESIAN_POINT('',(6.813891992,7.926893264,2.85349147));
#3046=CARTESIAN_POINT('',(6.964171425,7.56408662,2.857200232));
#3047=CARTESIAN_POINT('',(7.00321241,7.367814334,2.858163729));
#3048=CARTESIAN_POINT('',(7.00321241,7.171464793,2.858163729));
#3049=CARTESIAN_POINT('',(5.500218629,8.671464793,2.903629589));
#3050=CARTESIAN_POINT('',(5.696422568,8.671464793,2.914190613));
#3051=CARTESIAN_POINT('',(5.89254931,8.632423808,2.924747483));
#3052=CARTESIAN_POINT('',(6.255086918,8.482144376,2.944261711));
#3053=CARTESIAN_POINT('',(6.421355141,8.370965057,2.953211393));
#3054=CARTESIAN_POINT('',(6.698829413,8.093284873,2.968146937));
#3055=CARTESIAN_POINT('',(6.809926288,7.926893264,2.974126923));
#3056=CARTESIAN_POINT('',(6.960094282,7.56408662,2.982209981));
#3057=CARTESIAN_POINT('',(6.999106316,7.367814334,2.984309873));
#3058=CARTESIAN_POINT('',(6.999106316,7.171464793,2.984309873));
#3059=CARTESIAN_POINT('',(5.488979425,8.671464793,3.026370658));
#3060=CARTESIAN_POINT('',(5.684174718,8.671464793,3.047946907));
#3061=CARTESIAN_POINT('',(5.87929321,8.632423808,3.069514667));
#3062=CARTESIAN_POINT('',(6.239967082,8.482144376,3.109382377));
#3063=CARTESIAN_POINT('',(6.405380553,8.370965057,3.127666641));
#3064=CARTESIAN_POINT('',(6.681428383,8.093284873,3.158180065));
#3065=CARTESIAN_POINT('',(6.791954131,7.926893264,3.170397219));
#3066=CARTESIAN_POINT('',(6.94135014,7.56408662,3.186910965));
#3067=CARTESIAN_POINT('',(6.980161621,7.367814334,3.191201059));
#3068=CARTESIAN_POINT('',(6.980161621,7.171464793,3.191201059));
#3069=CARTESIAN_POINT('',(5.484093238,8.671464793,3.067117867));
#3070=CARTESIAN_POINT('',(5.678813649,8.671464793,3.0927865));
#3071=CARTESIAN_POINT('',(5.873457446,8.632423808,3.118445033));
#3072=CARTESIAN_POINT('',(6.23325385,8.482144376,3.165874483));
#3073=CARTESIAN_POINT('',(6.398264893,8.370965057,3.187626737));
#3074=CARTESIAN_POINT('',(6.673641139,8.093284873,3.223927666));
#3075=CARTESIAN_POINT('',(6.783897993,7.926893264,3.238462058));
#3076=CARTESIAN_POINT('',(6.932930544,7.56408662,3.258107979));
#3077=CARTESIAN_POINT('',(6.971647602,7.367814334,3.263211779));
#3078=CARTESIAN_POINT('',(6.971647602,7.171464793,3.263211779));
#3079=CARTESIAN_POINT('',(5.471439475,8.671464793,3.148191417));
#3080=CARTESIAN_POINT('',(5.664720681,8.671464793,3.183081137));
#3081=CARTESIAN_POINT('',(5.857925839,8.632423808,3.21795713));
#3082=CARTESIAN_POINT('',(6.215062939,8.482144376,3.282424926));
#3083=CARTESIAN_POINT('',(6.378854363,8.370965057,3.311991365));
#3084=CARTESIAN_POINT('',(6.652195266,8.093284873,3.36133288));
#3085=CARTESIAN_POINT('',(6.761637197,7.926893264,3.381088543));
#3086=CARTESIAN_POINT('',(6.909568227,7.56408662,3.407791978));
#3087=CARTESIAN_POINT('',(6.947999123,7.367814334,3.414729244));
#3088=CARTESIAN_POINT('',(6.947999123,7.171464793,3.414729244));
#3089=CARTESIAN_POINT('',(5.463663716,8.671464793,3.188516564));
#3090=CARTESIAN_POINT('',(5.655969981,8.671464744,3.22856475));
#3091=CARTESIAN_POINT('',(5.848200572,8.632423722,3.268597177));
#3092=CARTESIAN_POINT('',(6.203536188,8.482144245,3.342596572));
#3093=CARTESIAN_POINT('',(6.366501404,8.370964919,3.376534424));
#3094=CARTESIAN_POINT('',(6.638463497,8.093284745,3.433171108));
#3095=CARTESIAN_POINT('',(6.747353368,7.926893152,3.455847657));
#3096=CARTESIAN_POINT('',(6.894538188,7.564086557,3.486499212));
#3097=CARTESIAN_POINT('',(6.932775225,7.367814303,3.494462159));
#3098=CARTESIAN_POINT('',(6.932775224,7.171464793,3.494462162));
#3099=CARTESIAN_POINT('',(5.444537455,8.671464793,3.268644717));
#3100=CARTESIAN_POINT('',(5.634199523,8.671464744,3.319770608));
#3101=CARTESIAN_POINT('',(5.823786957,8.632423723,3.370876382));
#3102=CARTESIAN_POINT('',(6.174236734,8.482144246,3.465344709));
#3103=CARTESIAN_POINT('',(6.334961189,8.37096492,3.508670092));
#3104=CARTESIAN_POINT('',(6.603183823,8.093284745,3.580973019));
#3105=CARTESIAN_POINT('',(6.710576466,7.926893153,3.609922116));
#3106=CARTESIAN_POINT('',(6.855737503,7.564086557,3.649052184));
#3107=CARTESIAN_POINT('',(6.893448783,7.367814303,3.659217759));
#3108=CARTESIAN_POINT('',(6.893448782,7.171464793,3.659217765));
#3109=CARTESIAN_POINT('',(5.433156206,8.671464793,3.308443232));
#3110=CARTESIAN_POINT('',(5.621125226,8.671464793,3.365488507));
#3111=CARTESIAN_POINT('',(5.809020288,8.632423808,3.422511337));
#3112=CARTESIAN_POINT('',(6.15634175,8.482144376,3.527917261));
#3113=CARTESIAN_POINT('',(6.315631492,8.370965057,3.576258883));
#3114=CARTESIAN_POINT('',(6.58145983,8.093284873,3.656933084));
#3115=CARTESIAN_POINT('',(6.687893833,7.926893264,3.689233923));
#3116=CARTESIAN_POINT('',(6.831759093,7.56408662,3.732894486));
#3117=CARTESIAN_POINT('',(6.869133744,7.367814334,3.744237032));
#3118=CARTESIAN_POINT('',(6.869133744,7.171464793,3.744237032));
#3119=CARTESIAN_POINT('',(5.40660515,8.671464793,3.387486892));
#3120=CARTESIAN_POINT('',(5.590895145,8.671464793,3.455484788));
#3121=CARTESIAN_POINT('',(5.775112629,8.632423808,3.52345593));
#3122=CARTESIAN_POINT('',(6.115636137,8.482144376,3.649099658));
#3123=CARTESIAN_POINT('',(6.27180818,8.370965057,3.70672281));
#3124=CARTESIAN_POINT('',(6.532433589,8.093284873,3.802886357));
#3125=CARTESIAN_POINT('',(6.636784412,7.926893264,3.841388916));
#3126=CARTESIAN_POINT('',(6.777833867,7.56408662,3.893432252));
#3127=CARTESIAN_POINT('',(6.814477003,7.367814334,3.906952553));
#3128=CARTESIAN_POINT('',(6.814477003,7.171464793,3.906952553));
#3129=CARTESIAN_POINT('',(5.391477579,8.671464793,3.426600738));
#3130=CARTESIAN_POINT('',(5.573839029,8.671464758,3.499503992));
#3131=CARTESIAN_POINT('',(5.756128721,8.632423747,3.572378558));
#3132=CARTESIAN_POINT('',(6.093088724,8.482144283,3.707086196));
#3133=CARTESIAN_POINT('',(6.247626456,8.370964959,3.768866267));
#3134=CARTESIAN_POINT('',(6.50552447,8.093284782,3.871967025));
#3135=CARTESIAN_POINT('',(6.608783279,7.926893185,3.913247146));
#3136=CARTESIAN_POINT('',(6.748356676,7.564086575,3.969044871));
#3137=CARTESIAN_POINT('',(6.784616348,7.367814312,3.98354052));
#3138=CARTESIAN_POINT('',(6.784616349,7.171464793,3.983540518));
#3139=CARTESIAN_POINT('',(5.358886903,8.671464793,3.503346258));
#3140=CARTESIAN_POINT('',(5.537982802,8.671464758,3.583939318));
#3141=CARTESIAN_POINT('',(5.71700823,8.632423747,3.664500665));
#3142=CARTESIAN_POINT('',(6.047934284,8.482144283,3.813417213));
#3143=CARTESIAN_POINT('',(6.199704706,8.370964958,3.881713822));
#3144=CARTESIAN_POINT('',(6.452984534,8.093284782,3.995689609));
#3145=CARTESIAN_POINT('',(6.554394286,7.926893184,4.041323942));
#3146=CARTESIAN_POINT('',(6.691468339,7.564086575,4.103007192));
#3147=CARTESIAN_POINT('',(6.727078708,7.367814312,4.119031838));
#3148=CARTESIAN_POINT('',(6.727078708,7.171464793,4.119031837));
#3149=CARTESIAN_POINT('',(5.341398126,8.671464793,3.541150895));
#3150=CARTESIAN_POINT('',(5.51914494,8.671464793,3.62460591));
#3151=CARTESIAN_POINT('',(5.696821819,8.632423808,3.70802809));
#3152=CARTESIAN_POINT('',(6.025255105,8.482144376,3.862232851));
#3153=CARTESIAN_POINT('',(6.17588229,8.370965057,3.932954759));
#3154=CARTESIAN_POINT('',(6.427254245,8.093284873,4.050977974));
#3155=CARTESIAN_POINT('',(6.527900111,7.926893264,4.098232843));
#3156=CARTESIAN_POINT('',(6.663941633,7.56408662,4.162106546));
#3157=CARTESIAN_POINT('',(6.699283762,7.367814334,4.178700249));
#3158=CARTESIAN_POINT('',(6.699283762,7.171464793,4.178700249));
#3159=CARTESIAN_POINT('',(5.305093178,8.671464793,3.616128275));
#3160=CARTESIAN_POINT('',(5.480790799,8.671464793,3.703815305));
#3161=CARTESIAN_POINT('',(5.65641929,8.632423808,3.791467835));
#3162=CARTESIAN_POINT('',(5.981066163,8.482144376,3.953492341));
#3163=CARTESIAN_POINT('',(6.129956809,8.370965057,4.027800568));
#3164=CARTESIAN_POINT('',(6.378430768,8.093284873,4.151808756));
#3165=CARTESIAN_POINT('',(6.477916316,7.926893264,4.201459925));
#3166=CARTESIAN_POINT('',(6.612389454,7.56408662,4.268572673));
#3167=CARTESIAN_POINT('',(6.647324133,7.367814334,4.286007845));
#3168=CARTESIAN_POINT('',(6.647324133,7.171464793,4.286007845));
#3169=CARTESIAN_POINT('',(5.286278015,8.671464793,3.653301499));
#3170=CARTESIAN_POINT('',(5.461262098,8.671464793,3.742378897));
#3171=CARTESIAN_POINT('',(5.636177333,8.632423808,3.831421248));
#3172=CARTESIAN_POINT('',(5.959505759,8.482144375,3.996014819));
#3173=CARTESIAN_POINT('',(6.107791735,8.370965056,4.071501279));
#3174=CARTESIAN_POINT('',(6.355256599,8.093284873,4.197475744));
#3175=CARTESIAN_POINT('',(6.45433812,7.926893263,4.247914184));
#3176=CARTESIAN_POINT('',(6.58826514,7.56408662,4.316091073));
#3177=CARTESIAN_POINT('',(6.623057943,7.367814334,4.333802698));
#3178=CARTESIAN_POINT('',(6.623057943,7.171464793,4.333802698));
#3179=CARTESIAN_POINT('',(5.228976196,8.671464793,3.764413523));
#3180=CARTESIAN_POINT('',(5.402537726,8.671464793,3.856249347));
#3181=CARTESIAN_POINT('',(5.576030967,8.632423808,3.948049037));
#3182=CARTESIAN_POINT('',(5.896730858,8.482144375,4.117739512));
#3183=CARTESIAN_POINT('',(6.043811326,8.370965056,4.195563531));
#3184=CARTESIAN_POINT('',(6.289264397,8.093284873,4.325438998));
#3185=CARTESIAN_POINT('',(6.387540423,7.926893263,4.377439345));
#3186=CARTESIAN_POINT('',(6.520378668,7.56408662,4.447727442));
#3187=CARTESIAN_POINT('',(6.554888619,7.367814334,4.465987535));
#3188=CARTESIAN_POINT('',(6.554888619,7.171464793,4.465987535));
#3189=CARTESIAN_POINT('',(5.189703945,8.671464793,3.83797835));
#3190=CARTESIAN_POINT('',(5.363245701,8.671464793,3.929832419));
#3191=CARTESIAN_POINT('',(5.536719175,8.632423808,4.021650347));
#3192=CARTESIAN_POINT('',(5.857382528,8.482144376,4.191374536));
#3193=CARTESIAN_POINT('',(6.004446239,8.370965057,4.269214017));
#3194=CARTESIAN_POINT('',(6.249871344,8.093284873,4.399115287));
#3195=CARTESIAN_POINT('',(6.348136173,7.926893264,4.451125965));
#3196=CARTESIAN_POINT('',(6.480959283,7.56408662,4.521428026));
#3197=CARTESIAN_POINT('',(6.515465303,7.367814334,4.539691748));
#3198=CARTESIAN_POINT('',(6.515465303,7.171464793,4.539691748));
#3199=CARTESIAN_POINT('',(5.112367545,8.671464793,3.985683108));
#3200=CARTESIAN_POINT('',(5.286722728,8.671464793,4.075983612));
#3201=CARTESIAN_POINT('',(5.46100931,8.632423808,4.166248588));
#3202=CARTESIAN_POINT('',(5.78317568,8.482144376,4.333102164));
#3203=CARTESIAN_POINT('',(5.93092871,8.370965057,4.409625115));
#3204=CARTESIAN_POINT('',(6.177504174,8.093284873,4.537329314));
#3205=CARTESIAN_POINT('',(6.276229592,7.926893264,4.588460315));
#3206=CARTESIAN_POINT('',(6.409675272,7.56408662,4.657573329));
#3207=CARTESIAN_POINT('',(6.444343029,7.367814334,4.675528149));
#3208=CARTESIAN_POINT('',(6.444343029,7.171464793,4.675528149));
#3209=CARTESIAN_POINT('',(5.074253932,8.671464793,4.059799491));
#3210=CARTESIAN_POINT('',(5.2494501,8.671464793,4.148482486));
#3211=CARTESIAN_POINT('',(5.424577336,8.632423808,4.237130588));
#3212=CARTESIAN_POINT('',(5.748297645,8.482144376,4.400995396));
#3213=CARTESIAN_POINT('',(5.896763347,8.370965057,4.476147629));
#3214=CARTESIAN_POINT('',(6.144528144,8.093284873,4.601564323));
#3215=CARTESIAN_POINT('',(6.243729755,7.926893264,4.651779439));
#3216=CARTESIAN_POINT('',(6.377819097,7.56408662,4.719654465));
#3217=CARTESIAN_POINT('',(6.41265407,7.367814334,4.737287669));
#3218=CARTESIAN_POINT('',(6.41265407,7.171464793,4.737287669));
#3219=CARTESIAN_POINT('',(5.000740406,8.671464793,4.209324088));
#3220=CARTESIAN_POINT('',(5.17795436,8.671464793,4.293902959));
#3221=CARTESIAN_POINT('',(5.355098588,8.632423808,4.378448552));
#3222=CARTESIAN_POINT('',(5.682547279,8.482144376,4.534729928));
#3223=CARTESIAN_POINT('',(5.832722904,8.370965057,4.606404221));
#3224=CARTESIAN_POINT('',(6.083341281,8.093284873,4.726016808));
#3225=CARTESIAN_POINT('',(6.183685426,7.926893264,4.773908039));
#3226=CARTESIAN_POINT('',(6.319319114,7.56408662,4.838641905));
#3227=CARTESIAN_POINT('',(6.354555292,7.367814334,4.855459069));
#3228=CARTESIAN_POINT('',(6.354555292,7.171464793,4.855459069));
#3229=CARTESIAN_POINT('',(4.965321182,8.671464793,4.284723108));
#3230=CARTESIAN_POINT('',(5.143717657,8.67146485,4.366801664));
#3231=CARTESIAN_POINT('',(5.32204395,8.632423908,4.448847931));
#3232=CARTESIAN_POINT('',(5.651677684,8.482144526,4.600509342));
#3233=CARTESIAN_POINT('',(5.802855426,8.370965216,4.670064813));
#3234=CARTESIAN_POINT('',(6.055146177,8.093285022,4.786141439));
#3235=CARTESIAN_POINT('',(6.156159919,7.926893392,4.832616921));
#3236=CARTESIAN_POINT('',(6.292698693,7.564086692,4.895437141));
#3237=CARTESIAN_POINT('',(6.328170003,7.36781437,4.911757161));
#3238=CARTESIAN_POINT('',(6.328170002,7.171464793,4.911757162));
#3239=CARTESIAN_POINT('',(4.897982367,8.671464793,4.437187111));
#3240=CARTESIAN_POINT('',(5.078807701,8.67146485,4.51376642));
#3241=CARTESIAN_POINT('',(5.259561897,8.632423908,4.590315604));
#3242=CARTESIAN_POINT('',(5.593683575,8.482144526,4.731815731));
#3243=CARTESIAN_POINT('',(5.746919594,8.370965216,4.796711));
#3244=CARTESIAN_POINT('',(6.002645268,8.093285022,4.905010516));
#3245=CARTESIAN_POINT('',(6.105034306,7.926893392,4.948372152));
#3246=CARTESIAN_POINT('',(6.243432047,7.564086692,5.006983432));
#3247=CARTESIAN_POINT('',(6.279386296,7.36781437,5.022210016));
#3248=CARTESIAN_POINT('',(6.279386295,7.171464793,5.022210018));
#3249=CARTESIAN_POINT('',(4.866000042,8.671464793,4.514394367));
#3250=CARTESIAN_POINT('',(5.048076524,8.671464793,4.587964303));
#3251=CARTESIAN_POINT('',(5.230081367,8.632423808,4.661505293));
#3252=CARTESIAN_POINT('',(5.566514837,8.482144376,4.797444811));
#3253=CARTESIAN_POINT('',(5.720811093,8.370965057,4.859789852));
#3254=CARTESIAN_POINT('',(5.978306123,8.093284873,4.963833454));
#3255=CARTESIAN_POINT('',(6.081403585,7.926893264,5.005491079));
#3256=CARTESIAN_POINT('',(6.220758891,7.56408662,5.06179907));
#3257=CARTESIAN_POINT('',(6.256961905,7.367814334,5.076427283));
#3258=CARTESIAN_POINT('',(6.256961905,7.171464793,5.076427283));
#3259=CARTESIAN_POINT('',(4.776342502,8.671464793,4.747673777));
#3260=CARTESIAN_POINT('',(4.962027042,8.671464793,4.81185593));
#3261=CARTESIAN_POINT('',(5.147638524,8.632423808,4.87601283));
#3262=CARTESIAN_POINT('',(5.490738815,8.482144376,4.994605984));
#3263=CARTESIAN_POINT('',(5.648092631,8.370965057,5.048995578));
#3264=CARTESIAN_POINT('',(5.910690226,8.093284873,5.139762849));
#3265=CARTESIAN_POINT('',(6.015830684,7.926893264,5.176104813));
#3266=CARTESIAN_POINT('',(6.157947478,7.56408662,5.225227706));
#3267=CARTESIAN_POINT('',(6.194867897,7.367814334,5.237989307));
#3268=CARTESIAN_POINT('',(6.194867897,7.171464793,5.237989307));
#3269=CARTESIAN_POINT('',(4.725132262,8.671464793,4.905016843));
#3270=CARTESIAN_POINT('',(4.913002919,8.671464795,4.962499694));
#3271=CARTESIAN_POINT('',(5.100799657,8.632423812,5.019959928));
#3272=CARTESIAN_POINT('',(5.447939367,8.482144381,5.126174387));
#3273=CARTESIAN_POINT('',(5.607145755,8.370965063,5.174886821));
#3274=CARTESIAN_POINT('',(5.872834987,8.093284879,5.256179849));
#3275=CARTESIAN_POINT('',(5.979213295,7.926893269,5.288728456));
#3276=CARTESIAN_POINT('',(6.123003271,7.564086622,5.332723926));
#3277=CARTESIAN_POINT('',(6.160358365,7.367814335,5.344153477));
#3278=CARTESIAN_POINT('',(6.160358365,7.171464793,5.344153477));
#3279=CARTESIAN_POINT('',(4.639704997,8.671464793,5.223322271));
#3280=CARTESIAN_POINT('',(4.831111512,8.671464795,5.267630374));
#3281=CARTESIAN_POINT('',(5.022442717,8.632423812,5.311921043));
#3282=CARTESIAN_POINT('',(5.37611584,8.482144381,5.393791741));
#3283=CARTESIAN_POINT('',(5.538318604,8.370965063,5.431339558));
#3284=CARTESIAN_POINT('',(5.809008294,8.093284879,5.494000678));
#3285=CARTESIAN_POINT('',(5.917388716,7.926893269,5.519089327));
#3286=CARTESIAN_POINT('',(6.063884921,7.564086622,5.55300128));
#3287=CARTESIAN_POINT('',(6.101943064,7.367814335,5.561811242));
#3288=CARTESIAN_POINT('',(6.101943064,7.171464793,5.561811242));
#3289=CARTESIAN_POINT('',(4.605435753,8.671464793,5.384273511));
#3290=CARTESIAN_POINT('',(4.798208526,8.671464794,5.422092902));
#3291=CARTESIAN_POINT('',(4.990905451,8.63242381,5.459897412));
#3292=CARTESIAN_POINT('',(5.347103091,8.482144378,5.529778534));
#3293=CARTESIAN_POINT('',(5.510463656,8.370965059,5.561827651));
#3294=CARTESIAN_POINT('',(5.783085527,8.093284876,5.615312346));
#3295=CARTESIAN_POINT('',(5.892239567,7.926893266,5.636726881));
#3296=CARTESIAN_POINT('',(6.03978146,7.564086621,5.665672589));
#3297=CARTESIAN_POINT('',(6.078111262,7.367814335,5.673192374));
#3298=CARTESIAN_POINT('',(6.078111262,7.171464793,5.673192374));
#3299=CARTESIAN_POINT('',(4.552247768,8.671464793,5.709445414));
#3300=CARTESIAN_POINT('',(4.747023909,8.671464794,5.735016944));
#3301=CARTESIAN_POINT('',(4.941723414,8.63242381,5.760578413));
#3302=CARTESIAN_POINT('',(5.301622795,8.482144378,5.80782844));
#3303=CARTESIAN_POINT('',(5.466681066,8.370965059,5.829498407));
#3304=CARTESIAN_POINT('',(5.742136127,8.093284876,5.865662011));
#3305=CARTESIAN_POINT('',(5.852424538,7.926893266,5.88014142));
#3306=CARTESIAN_POINT('',(6.001499743,7.564086621,5.899713022));
#3307=CARTESIAN_POINT('',(6.040227882,7.367814335,5.904797515));
#3308=CARTESIAN_POINT('',(6.040227882,7.171464793,5.904797515));
#3309=CARTESIAN_POINT('',(4.533310573,8.671464793,5.873662147));
#3310=CARTESIAN_POINT('',(4.728730873,8.671464793,5.893469841));
#3311=CARTESIAN_POINT('',(4.924074284,8.632423808,5.913269742));
#3312=CARTESIAN_POINT('',(5.285163915,8.482144376,5.949869588));
#3313=CARTESIAN_POINT('',(5.450768062,8.370965057,5.966655133));
#3314=CARTESIAN_POINT('',(5.727134101,8.093284873,5.994667443));
#3315=CARTESIAN_POINT('',(5.837787255,7.926893264,6.005883186));
#3316=CARTESIAN_POINT('',(5.987355477,7.56408662,6.021043338));
#3317=CARTESIAN_POINT('',(6.026211698,7.367814334,6.024981783));
#3318=CARTESIAN_POINT('',(6.026211698,7.171464793,6.024981783));
#3319=CARTESIAN_POINT('',(4.514908828,8.671464793,6.122117956));
#3320=CARTESIAN_POINT('',(4.710918485,8.671464793,6.133968307));
#3321=CARTESIAN_POINT('',(4.90685102,8.632423808,6.145813996));
#3322=CARTESIAN_POINT('',(5.26902964,8.482144376,6.167710589));
#3323=CARTESIAN_POINT('',(5.435133222,8.370965057,6.177752879));
#3324=CARTESIAN_POINT('',(5.712332737,8.093284873,6.194511806));
#3325=CARTESIAN_POINT('',(5.823319603,7.926893264,6.20122185));
#3326=CARTESIAN_POINT('',(5.973338899,7.56408662,6.210291716));
#3327=CARTESIAN_POINT('',(6.012312303,7.367814334,6.21264797));
#3328=CARTESIAN_POINT('',(6.012312303,7.171464793,6.21264797));
#3329=CARTESIAN_POINT('',(4.510441092,8.671464793,6.205351103));
#3330=CARTESIAN_POINT('',(4.706584787,8.67146486,6.214660122));
#3331=CARTESIAN_POINT('',(4.902651322,8.632423924,6.223965478));
#3332=CARTESIAN_POINT('',(5.265077651,8.482144552,6.241166303));
#3333=CARTESIAN_POINT('',(5.431294847,8.370965243,6.249055003));
#3334=CARTESIAN_POINT('',(5.708683968,8.093285046,6.262219944));
#3335=CARTESIAN_POINT('',(5.819746753,7.926893414,6.267491005));
#3336=CARTESIAN_POINT('',(5.969868669,7.564086704,6.274615818));
#3337=CARTESIAN_POINT('',(6.008868734,7.367814376,6.276466768));
#3338=CARTESIAN_POINT('',(6.008868734,7.171464793,6.276466767));
#3339=CARTESIAN_POINT('',(4.50605839,8.671464793,6.330133018));
#3340=CARTESIAN_POINT('',(4.702329416,8.67146486,6.335816788));
#3341=CARTESIAN_POINT('',(4.898523231,8.632423924,6.341498323));
#3342=CARTESIAN_POINT('',(5.261184836,8.482144552,6.352000563));
#3343=CARTESIAN_POINT('',(5.427509935,8.370965243,6.356817136));
#3344=CARTESIAN_POINT('',(5.705079129,8.093285046,6.364855202));
#3345=CARTESIAN_POINT('',(5.816214012,7.926893414,6.368073533));
#3346=CARTESIAN_POINT('',(5.966433383,7.564086704,6.372423704));
#3347=CARTESIAN_POINT('',(6.005458765,7.367814376,6.373553831));
#3348=CARTESIAN_POINT('',(6.005458765,7.171464793,6.373553831));
#3349=CARTESIAN_POINT('',(4.504981786,8.671464793,6.371737366));
#3350=CARTESIAN_POINT('',(4.701283023,8.671464854,6.376243027));
#3351=CARTESIAN_POINT('',(4.897507036,8.632423913,6.380746916));
#3352=CARTESIAN_POINT('',(5.26022446,8.482144535,6.389072295));
#3353=CARTESIAN_POINT('',(5.426575158,8.370965226,6.392890508));
#3354=CARTESIAN_POINT('',(5.704187072,8.09328503,6.399262477));
#3355=CARTESIAN_POINT('',(5.81533906,7.9268934,6.401813726));
#3356=CARTESIAN_POINT('',(5.96558155,7.564086697,6.405262211));
#3357=CARTESIAN_POINT('',(6.004612938,7.367814372,6.406158091));
#3358=CARTESIAN_POINT('',(6.004612938,7.171464793,6.406158091));
#3359=CARTESIAN_POINT('',(4.50391436,8.671464793,6.43415867));
#3360=CARTESIAN_POINT('',(4.700245055,8.671464854,6.436941675));
#3361=CARTESIAN_POINT('',(4.896498515,8.632423913,6.439723586));
#3362=CARTESIAN_POINT('',(5.259270372,8.482144535,6.444865911));
#3363=CARTESIAN_POINT('',(5.425646034,8.370965226,6.447224301));
#3364=CARTESIAN_POINT('',(5.703299609,8.09328503,6.451160067));
#3365=CARTESIAN_POINT('',(5.814468277,7.9268934,6.452735894));
#3366=CARTESIAN_POINT('',(5.964733313,7.564086697,6.454865916));
#3367=CARTESIAN_POINT('',(6.003770559,7.367814372,6.455419273));
#3368=CARTESIAN_POINT('',(6.003770559,7.171464793,6.455419274));
#3369=CARTESIAN_POINT('',(4.503650102,8.671464793,6.454968243));
#3370=CARTESIAN_POINT('',(4.699987947,8.671464816,6.45718441));
#3371=CARTESIAN_POINT('',(4.896248547,8.632423848,6.459399705));
#3372=CARTESIAN_POINT('',(5.259033594,8.482144436,6.463494649));
#3373=CARTESIAN_POINT('',(5.425415301,8.370965121,6.465372686));
#3374=CARTESIAN_POINT('',(5.703078961,8.093284933,6.46850682));
#3375=CARTESIAN_POINT('',(5.814251665,7.926893315,6.469761684));
#3376=CARTESIAN_POINT('',(5.964522157,7.564086649,6.471457866));
#3377=CARTESIAN_POINT('',(6.003560819,7.367814349,6.471898516));
#3378=CARTESIAN_POINT('',(6.003560819,7.171464793,6.471898516));
#3379=CARTESIAN_POINT('',(4.503386699,8.671464793,6.486186194));
#3380=CARTESIAN_POINT('',(4.699731626,8.671464816,6.487563122));
#3381=CARTESIAN_POINT('',(4.895999304,8.632423848,6.488939508));
#3382=CARTESIAN_POINT('',(5.258797435,8.482144436,6.491483739));
#3383=CARTESIAN_POINT('',(5.425185143,8.370965121,6.492650583));
#3384=CARTESIAN_POINT('',(5.702858817,8.093284933,6.494597854));
#3385=CARTESIAN_POINT('',(5.814035531,7.926893315,6.495377515));
#3386=CARTESIAN_POINT('',(5.964311443,7.564086649,6.496431371));
#3387=CARTESIAN_POINT('',(6.003351513,7.367814349,6.496705151));
#3388=CARTESIAN_POINT('',(6.003351513,7.171464793,6.496705152));
#3389=CARTESIAN_POINT('',(4.503321256,8.671464793,6.496592781));
#3390=CARTESIAN_POINT('',(4.69966792,8.6714648,6.497691776));
#3391=CARTESIAN_POINT('',(4.895937331,8.63242382,6.498790338));
#3392=CARTESIAN_POINT('',(5.258738662,8.482144394,6.500821016));
#3393=CARTESIAN_POINT('',(5.425127836,8.370965076,6.501752332));
#3394=CARTESIAN_POINT('',(5.702803956,8.093284891,6.503306546));
#3395=CARTESIAN_POINT('',(5.813981648,7.926893279,6.503928832));
#3396=CARTESIAN_POINT('',(5.964258881,7.564086628,6.504769966));
#3397=CARTESIAN_POINT('',(6.003299295,7.367814338,6.504988484));
#3398=CARTESIAN_POINT('',(6.003299295,7.171464793,6.504988484));
#3399=CARTESIAN_POINT('',(4.503255832,8.671464793,6.512203546));
#3400=CARTESIAN_POINT('',(4.699604231,8.6714648,6.512888384));
#3401=CARTESIAN_POINT('',(4.895875378,8.63242382,6.513572953));
#3402=CARTESIAN_POINT('',(5.258679916,8.482144394,6.51483837));
#3403=CARTESIAN_POINT('',(5.425070561,8.370965076,6.51541872));
#3404=CARTESIAN_POINT('',(5.702749135,8.093284891,6.516387228));
#3405=CARTESIAN_POINT('',(5.81392781,7.926893279,6.516775005));
#3406=CARTESIAN_POINT('',(5.964206372,7.564086628,6.517299158));
#3407=CARTESIAN_POINT('',(6.003247131,7.367814338,6.517435328));
#3408=CARTESIAN_POINT('',(6.003247131,7.171464793,6.517435328));
#3409=CARTESIAN_POINT('',(4.503239549,8.671464793,6.517407283));
#3410=CARTESIAN_POINT('',(4.699588377,8.671464795,6.517954519));
#3411=CARTESIAN_POINT('',(4.89585995,8.632423811,6.518501539));
#3412=CARTESIAN_POINT('',(5.258665276,8.482144381,6.519512698));
#3413=CARTESIAN_POINT('',(5.425056282,8.370965062,6.519976439));
#3414=CARTESIAN_POINT('',(5.702735458,8.093284878,6.520750347));
#3415=CARTESIAN_POINT('',(5.813914373,7.926893268,6.521060209));
#3416=CARTESIAN_POINT('',(5.964193261,7.564086622,6.521479044));
#3417=CARTESIAN_POINT('',(6.003234104,7.367814335,6.521587854));
#3418=CARTESIAN_POINT('',(6.003234104,7.171464793,6.521587854));
#3419=CARTESIAN_POINT('',(4.503223247,8.671464793,6.525213109));
#3420=CARTESIAN_POINT('',(4.699572504,8.671464795,6.525554624));
#3421=CARTESIAN_POINT('',(4.895844506,8.632423811,6.525896005));
#3422=CARTESIAN_POINT('',(5.258650627,8.482144381,6.526527043));
#3423=CARTESIAN_POINT('',(5.425041996,8.370965062,6.526816451));
#3424=CARTESIAN_POINT('',(5.70272178,8.093284878,6.527299427));
#3425=CARTESIAN_POINT('',(5.813900938,7.926893268,6.527492803));
#3426=CARTESIAN_POINT('',(5.964180155,7.564086622,6.527754188));
#3427=CARTESIAN_POINT('',(6.003221083,7.367814335,6.527822093));
#3428=CARTESIAN_POINT('',(6.003221083,7.171464793,6.527822093));
#3429=CARTESIAN_POINT('',(4.503219186,8.671464793,6.527815088));
#3430=CARTESIAN_POINT('',(4.699568549,8.671464794,6.528088141));
#3431=CARTESIAN_POINT('',(4.895840657,8.632423809,6.528361087));
#3432=CARTESIAN_POINT('',(5.258646973,8.482144377,6.528865624));
#3433=CARTESIAN_POINT('',(5.425038432,8.370965058,6.529097017));
#3434=CARTESIAN_POINT('',(5.702718365,8.093284874,6.529483172));
#3435=CARTESIAN_POINT('',(5.813897583,7.926893265,6.529637784));
#3436=CARTESIAN_POINT('',(5.96417688,7.56408662,6.52984677));
#3437=CARTESIAN_POINT('',(6.00321783,7.367814334,6.529901062));
#3438=CARTESIAN_POINT('',(6.00321783,7.171464793,6.529901062));
#3439=CARTESIAN_POINT('',(4.50321376,8.671464793,6.533019118));
#3440=CARTESIAN_POINT('',(4.699563266,8.671464794,6.533155476));
#3441=CARTESIAN_POINT('',(4.895835517,8.632423809,6.533291781));
#3442=CARTESIAN_POINT('',(5.258642096,8.482144377,6.533543737));
#3443=CARTESIAN_POINT('',(5.425033676,8.370965058,6.533659291));
#3444=CARTESIAN_POINT('',(5.70271381,8.093284874,6.53385213));
#3445=CARTESIAN_POINT('',(5.813893109,7.926893265,6.53392934));
#3446=CARTESIAN_POINT('',(5.964172515,7.56408662,6.534033704));
#3447=CARTESIAN_POINT('',(6.003213493,7.367814334,6.534060817));
#3448=CARTESIAN_POINT('',(6.003213493,7.171464793,6.534060817));
#3449=CARTESIAN_POINT('',(4.50321241,8.671464793,6.53562117));
#3450=CARTESIAN_POINT('',(4.699561951,8.671464793,6.53562117));
#3451=CARTESIAN_POINT('',(4.895834236,8.632423808,6.53562117));
#3452=CARTESIAN_POINT('',(5.25864088,8.482144376,6.53562117));
#3453=CARTESIAN_POINT('',(5.42503249,8.370965057,6.53562117));
#3454=CARTESIAN_POINT('',(5.702712673,8.093284873,6.53562117));
#3455=CARTESIAN_POINT('',(5.813891992,7.926893264,6.53562117));
#3456=CARTESIAN_POINT('',(5.964171425,7.56408662,6.53562117));
#3457=CARTESIAN_POINT('',(6.00321241,7.367814334,6.53562117));
#3458=CARTESIAN_POINT('',(6.00321241,7.171464793,6.53562117));
#3459=CARTESIAN_POINT('',(4.50321241,8.671464793,6.538223259));
#3460=CARTESIAN_POINT('',(4.699561951,8.671464793,6.538223259));
#3461=CARTESIAN_POINT('',(4.895834236,8.632423808,6.538223259));
#3462=CARTESIAN_POINT('',(5.25864088,8.482144376,6.538223259));
#3463=CARTESIAN_POINT('',(5.42503249,8.370965057,6.538223259));
#3464=CARTESIAN_POINT('',(5.702712673,8.093284873,6.538223259));
#3465=CARTESIAN_POINT('',(5.813891992,7.926893264,6.538223259));
#3466=CARTESIAN_POINT('',(5.964171425,7.56408662,6.538223259));
#3467=CARTESIAN_POINT('',(6.00321241,7.367814334,6.538223259));
#3468=CARTESIAN_POINT('',(6.00321241,7.171464793,6.538223259));
#3469=B_SPLINE_SURFACE_WITH_KNOTS('',3,3,((#3029,#3030,#3031,#3032,#3033,#3034,#3035,#3036,#3037,#3038),(#3039,#3040,#3041,#3042,#3043,#3044,#3045,#3046,#3047,#3048),(#3049,#3050,#3051,#3052,#3053,#3054,#3055,#3056,#3057,#3058),(#3059,#3060,#3061,#3062,#3063,#3064,#3065,#3066,#3067,#3068),(#3069,#3070,#3071,#3072,#3073,#3074,#3075,#3076,#3077,#3078),(#3079,#3080,#3081,#3082,#3083,#3084,#3085,#3086,#3087,#3088),(#3089,#3090,#3091,#3092,#3093,#3094,#3095,#3096,#3097,#3098),(#3099,#3100,#3101,#3102,#3103,#3104,#3105,#3106,#3107,#3108),(#3109,#3110,#3111,#3112,#3113,#3114,#3115,#3116,#3117,#3118),(#3119,#3120,#3121,#3122,#3123,#3124,#3125,#3126,#3127,#3128),(#3129,#3130,#3131,#3132,#3133,#3134,#3135,#3136,#3137,#3138),(#3139,#3140,#3141,#3142,#3143,#3144,#3145,#3146,#3147,#3148),(#3149,#3150,#3151,#3152,#3153,#3154,#3155,#3156,#3157,#3158),(#3159,#3160,#3161,#3162,#3163,#3164,#3165,#3166,#3167,#3168),(#3169,#3170,#3171,#3172,#3173,#3174,#3175,#3176,#3177,#3178),(#3179,#3180,#3181,#3182,#3183,#3184,#3185,#3186,#3187,#3188),(#3189,#3190,#3191,#3192,#3193,#3194,#3195,#3196,#3197,#3198),(#3199,#3200,#3201,#3202,#3203,#3204,#3205,#3206,#3207,#3208),(#3209,#3210,#3211,#3212,#3213,#3214,#3215,#3216,#3217,#3218),(#3219,#3220,#3221,#3222,#3223,#3224,#3225,#3226,#3227,#3228),(#3229,#3230,#3231,#3232,#3233,#3234,#3235,#3236,#3237,#3238),(#3239,#3240,#3241,#3242,#3243,#3244,#3245,#3246,#3247,#3248),(#3249,#3250,#3251,#3252,#3253,#3254,#3255,#3256,#3257,#3258),(#3259,#3260,#3261,#3262,#3263,#3264,#3265,#3266,#3267,#3268),(#3269,#3270,#3271,#3272,#3273,#3274,#3275,#3276,#3277,#3278),(#3279,#3280,#3281,#3282,#3283,#3284,#3285,#3286,#3287,#3288),
(#3289,#3290,#3291,#3292,#3293,#3294,#3295,#3296,#3297,#3298),(#3299,#3300,#3301,#3302,#3303,#3304,#3305,#3306,#3307,#3308),(#3309,#3310,#3311,#3312,#3313,#3314,#3315,#3316,#3317,#3318),(#3319,#3320,#3321,#3322,#3323,#3324,#3325,#3326,#3327,#3328),(#3329,#3330,#3331,#3332,#3333,#3334,#3335,#3336,#3337,#3338),(#3339,#3340,#3341,#3342,#3343,#3344,#3345,#3346,#3347,#3348),(#3349,#3350,#3351,#3352,#3353,#3354,#3355,#3356,#3357,#3358),(#3359,#3360,#3361,#3362,#3363,#3364,#3365,#3366,#3367,#3368),(#3369,#3370,#3371,#3372,#3373,#3374,#3375,#3376,#3377,#3378),(#3379,#3380,#3381,#3382,#3383,#3384,#3385,#3386,#3387,#3388),(#3389,#3390,#3391,#3392,#3393,#3394,#3395,#3396,#3397,#3398),(#3399,#3400,#3401,#3402,#3403,#3404,#3405,#3406,#3407,#3408),(#3409,#3410,#3411,#3412,#3413,#3414,#3415,#3416,#3417,#3418),(#3419,#3420,#3421,#3422,#3423,#3424,#3425,#3426,#3427,#3428),(#3429,#3430,#3431,#3432,#3433,#3434,#3435,#3436,#3437,#3438),(#3439,#3440,#3441,#3442,#3443,#3444,#3445,#3446,#3447,#3448),(#3449,#3450,#3451,#3452,#3453,#3454,#3455,#3456,#3457,#3458),(#3459,#3460,#3461,#3462,#3463,#3464,#3465,#3466,#3467,#3468)),.UNSPECIFIED.,.F.,.F.,.U.,(4,2,2,2,2,2,2,2,2,2,2,2,2,2,2,2,2,2,2,2,2,4),(4,2,2,2,4),(0.,0.000246153,0.00036923,0.000492307,0.000615384,0.00073846,0.000861537,0.000984614,0.001230767,0.001476921,0.001723074,0.001969228,0.002461535,0.002953842,0.003446149,0.003692302,0.003815379,0.003876917,0.003907687,0.003923071,0.003930763,0.003938456),(0.,0.25,0.5,0.75,1.),.UNSPECIFIED.);
#3470=ORIENTED_EDGE('',*,*,#450,.F.);
#3471=ORIENTED_EDGE('',*,*,#940,.F.);
#3472=CARTESIAN_POINT('',(4.50321241,7.171464793,6.538223259));
#3473=DIRECTION('',(0.,0.,1.));
#3474=DIRECTION('',(-0.,1.,-0.));
#3475=AXIS2_PLACEMENT_3D('',#3472,#3473,#3474);
#3476=CIRCLE('',#3475,1.5);
#3477=EDGE_CURVE('',#2033,#921,#3476,.T.);
#3478=ORIENTED_EDGE('',*,*,#3477,.F.);
#3479=ORIENTED_EDGE('',*,*,#2151,.F.);
#3480=ORIENTED_EDGE('',*,*,#2608,.T.);
#3481=EDGE_LOOP('',(#3470,#3471,#3478,#3479,#3480));
#3482=FACE_BOUND('',#3481,.T.);
#3483=ADVANCED_FACE('',(#3482),#3469,.T.);
#3484=CARTESIAN_POINT('',(-5.24678759,8.671464793,11.038223259));
#3485=CARTESIAN_POINT('',(-5.443137131,8.671464793,11.038223259));
#3486=CARTESIAN_POINT('',(-5.639409417,8.632423808,11.038223259));
#3487=CARTESIAN_POINT('',(-6.002216061,8.482144376,11.038223259));
#3488=CARTESIAN_POINT('',(-6.16860767,8.370965057,11.038223259));
#3489=CARTESIAN_POINT('',(-6.446287854,8.093284873,11.038223259));
#3490=CARTESIAN_POINT('',(-6.557467173,7.926893264,11.038223259));
#3491=CARTESIAN_POINT('',(-6.707746605,7.56408662,11.038223259));
#3492=CARTESIAN_POINT('',(-6.74678759,7.367814334,11.038223259));
#3493=CARTESIAN_POINT('',(-6.74678759,7.171464793,11.038223259));
#3494=CARTESIAN_POINT('',(-5.24678759,8.671464793,11.036726684));
#3495=CARTESIAN_POINT('',(-5.443137131,8.671464793,11.036726684));
#3496=CARTESIAN_POINT('',(-5.639409417,8.632423808,11.036726684));
#3497=CARTESIAN_POINT('',(-6.002216061,8.482144376,11.036726684));
#3498=CARTESIAN_POINT('',(-6.16860767,8.370965057,11.036726684));
#3499=CARTESIAN_POINT('',(-6.446287854,8.093284873,11.036726684));
#3500=CARTESIAN_POINT('',(-6.557467173,7.926893264,11.036726684));
#3501=CARTESIAN_POINT('',(-6.707746605,7.56408662,11.036726684));
#3502=CARTESIAN_POINT('',(-6.74678759,7.367814334,11.036726684));
#3503=CARTESIAN_POINT('',(-6.74678759,7.171464793,11.036726684));
#3504=CARTESIAN_POINT('',(-5.246786865,8.671464793,11.035230194));
#3505=CARTESIAN_POINT('',(-5.443136375,8.671464793,11.035103132));
#3506=CARTESIAN_POINT('',(-5.63940863,8.632423808,11.034976121));
#3507=CARTESIAN_POINT('',(-6.002215217,8.482144375,11.034741341));
#3508=CARTESIAN_POINT('',(-6.1686068,8.370965056,11.034633666));
#3509=CARTESIAN_POINT('',(-6.446286939,8.093284873,11.034453973));
#3510=CARTESIAN_POINT('',(-6.557466241,7.926893263,11.034382027));
#3511=CARTESIAN_POINT('',(-6.707745649,7.56408662,11.034284778));
#3512=CARTESIAN_POINT('',(-6.746786628,7.367814334,11.034259514));
#3513=CARTESIAN_POINT('',(-6.746786628,7.171464793,11.034259514));
#3514=CARTESIAN_POINT('',(-5.24678396,8.671464793,11.032237385));
#3515=CARTESIAN_POINT('',(-5.443133347,8.671464793,11.03198329));
#3516=CARTESIAN_POINT('',(-5.639405478,8.632423808,11.031729294));
#3517=CARTESIAN_POINT('',(-6.002211837,8.482144375,11.031259786));
#3518=CARTESIAN_POINT('',(-6.168603316,8.370965056,11.031044459));
#3519=CARTESIAN_POINT('',(-6.446283281,8.093284873,11.030685113));
#3520=CARTESIAN_POINT('',(-6.557462513,7.926893263,11.030541236));
#3521=CARTESIAN_POINT('',(-6.707741827,7.56408662,11.03034676));
#3522=CARTESIAN_POINT('',(-6.746782781,7.367814334,11.030296237));
#3523=CARTESIAN_POINT('',(-6.746782781,7.171464793,11.030296237));
#3524=CARTESIAN_POINT('',(-5.246781786,8.671464793,11.030741065));
#3525=CARTESIAN_POINT('',(-5.44313108,8.671464792,11.030423463));
#3526=CARTESIAN_POINT('',(-5.639403119,8.632423807,11.030105985));
#3527=CARTESIAN_POINT('',(-6.002209306,8.482144374,11.029519131));
#3528=CARTESIAN_POINT('',(-6.168600705,8.370965055,11.029249987));
#3529=CARTESIAN_POINT('',(-6.446280539,8.093284871,11.028800828));
#3530=CARTESIAN_POINT('',(-6.557459718,7.926893262,11.028620992));
#3531=CARTESIAN_POINT('',(-6.707738961,7.564086619,11.028377909));
#3532=CARTESIAN_POINT('',(-6.746779897,7.367814334,11.028314759));
#3533=CARTESIAN_POINT('',(-6.746779897,7.171464793,11.028314759));
#3534=CARTESIAN_POINT('',(-5.246773074,8.671464793,11.026252363));
#3535=CARTESIAN_POINT('',(-5.443121998,8.671464792,11.025744267));
#3536=CARTESIAN_POINT('',(-5.639393667,8.632423807,11.025236371));
#3537=CARTESIAN_POINT('',(-6.002199171,8.482144374,11.024297533));
#3538=CARTESIAN_POINT('',(-6.168590257,8.370965055,11.02386696));
#3539=CARTESIAN_POINT('',(-6.446269568,8.093284871,11.023148405));
#3540=CARTESIAN_POINT('',(-6.557448537,7.926893262,11.022860705));
#3541=CARTESIAN_POINT('',(-6.707727498,7.564086619,11.022471826));
#3542=CARTESIAN_POINT('',(-6.74676836,7.367814334,11.022370799));
#3543=CARTESIAN_POINT('',(-6.74676836,7.171464793,11.022370799));
#3544=CARTESIAN_POINT('',(-5.24676438,8.671464793,11.023260232));
#3545=CARTESIAN_POINT('',(-5.443112933,8.67146479,11.022625183));
#3546=CARTESIAN_POINT('',(-5.63938423,8.632423803,11.021990383));
#3547=CARTESIAN_POINT('',(-6.002189047,8.482144368,11.020816965));
#3548=CARTESIAN_POINT('',(-6.168579819,8.370965049,11.020278808));
#3549=CARTESIAN_POINT('',(-6.446258603,8.093284866,11.019380713));
#3550=CARTESIAN_POINT('',(-6.557437362,7.926893257,11.019021128));
#3551=CARTESIAN_POINT('',(-6.707716037,7.564086616,11.018535083));
#3552=CARTESIAN_POINT('',(-6.746756825,7.367814332,11.018408814));
#3553=CARTESIAN_POINT('',(-6.746756825,7.171464793,11.018408814));
#3554=CARTESIAN_POINT('',(-5.246729549,8.671464793,11.014284868));
#3555=CARTESIAN_POINT('',(-5.443076625,8.67146479,11.013269081));
#3556=CARTESIAN_POINT('',(-5.639346445,8.632423803,11.012253694));
#3557=CARTESIAN_POINT('',(-6.002148532,8.482144368,11.010376765));
#3558=CARTESIAN_POINT('',(-6.168538052,8.370965049,11.009515961));
#3559=CARTESIAN_POINT('',(-6.446214747,8.093284866,11.008079422));
#3560=CARTESIAN_POINT('',(-6.557392669,7.926893257,11.007504252));
#3561=CARTESIAN_POINT('',(-6.707670213,7.564086616,11.006726803));
#3562=CARTESIAN_POINT('',(-6.746710707,7.367814332,11.00652483));
#3563=CARTESIAN_POINT('',(-6.746710707,7.171464793,11.006524831));
#3564=CARTESIAN_POINT('',(-5.246694789,8.671464793,11.008302645));
#3565=CARTESIAN_POINT('',(-5.443040383,8.671464783,11.007033211));
#3566=CARTESIAN_POINT('',(-5.639308722,8.63242379,11.005764276));
#3567=CARTESIAN_POINT('',(-6.002108067,8.482144348,11.003418669));
#3568=CARTESIAN_POINT('',(-6.168496328,8.370965027,11.002342919));
#3569=CARTESIAN_POINT('',(-6.446170923,8.093284846,11.00054767));
#3570=CARTESIAN_POINT('',(-6.557348004,7.92689324,10.999828877));
#3571=CARTESIAN_POINT('',(-6.70762441,7.564086606,10.998857297));
#3572=CARTESIAN_POINT('',(-6.746664609,7.367814327,10.998604891));
#3573=CARTESIAN_POINT('',(-6.746664609,7.171464793,10.998604892));
#3574=CARTESIAN_POINT('',(-5.246555622,8.671464793,10.990360067));
#3575=CARTESIAN_POINT('',(-5.442895318,8.671464783,10.988330274));
#3576=CARTESIAN_POINT('',(-5.639157762,8.63242379,10.98630128));
#3577=CARTESIAN_POINT('',(-6.00194621,8.482144348,10.982550713));
#3578=CARTESIAN_POINT('',(-6.168329473,8.370965027,10.980830615));
#3579=CARTESIAN_POINT('',(-6.445995727,8.093284846,10.977960056));
#3580=CARTESIAN_POINT('',(-6.557169469,7.92689324,10.976810725));
#3581=CARTESIAN_POINT('',(-6.707441362,7.564086606,10.975257191));
#3582=CARTESIAN_POINT('',(-6.746480388,7.367814327,10.9748536));
#3583=CARTESIAN_POINT('',(-6.746480388,7.171464793,10.974853601));
#3584=CARTESIAN_POINT('',(-5.246416741,8.671464793,10.978403754));
#3585=CARTESIAN_POINT('',(-5.442750533,8.671464759,10.975867871));
#3586=CARTESIAN_POINT('',(-5.63900707,8.632423748,10.973332985));
#3587=CARTESIAN_POINT('',(-6.001784594,8.482144284,10.968647286));
#3588=CARTESIAN_POINT('',(-6.168162845,8.37096496,10.966498316));
#3589=CARTESIAN_POINT('',(-6.445820732,8.093284783,10.96291204));
#3590=CARTESIAN_POINT('',(-6.556991122,7.926893186,10.961476146));
#3591=CARTESIAN_POINT('',(-6.707258486,7.564086576,10.959535271));
#3592=CARTESIAN_POINT('',(-6.746296335,7.367814312,10.959031055));
#3593=CARTESIAN_POINT('',(-6.746296335,7.171464793,10.959031058));
#3594=CARTESIAN_POINT('',(-5.245861402,8.671464793,10.942551082));
#3595=CARTESIAN_POINT('',(-5.442171723,8.671464759,10.938499942));
#3596=CARTESIAN_POINT('',(-5.638404799,8.632423748,10.934450396));
#3597=CARTESIAN_POINT('',(-6.001138956,8.482144284,10.926964868));
#3598=CARTESIAN_POINT('',(-6.167497317,8.37096496,10.923531831));
#3599=CARTESIAN_POINT('',(-6.445122012,8.093284783,10.917802659));
#3600=CARTESIAN_POINT('',(-6.556279113,7.926893186,10.915508778));
#3601=CARTESIAN_POINT('',(-6.706528512,7.564086576,10.912408176));
#3602=CARTESIAN_POINT('',(-6.745561695,7.367814312,10.911602675));
#3603=CARTESIAN_POINT('',(-6.745561695,7.171464793,10.911602678));
#3604=CARTESIAN_POINT('',(-5.24530737,8.671464793,10.918670855));
#3605=CARTESIAN_POINT('',(-5.441594266,8.671464703,10.91361366));
#3606=CARTESIAN_POINT('',(-5.637803914,8.63242365,10.908558456));
#3607=CARTESIAN_POINT('',(-6.000494754,8.482144137,10.899213985));
#3608=CARTESIAN_POINT('',(-6.166833243,8.370964804,10.894928394));
#3609=CARTESIAN_POINT('',(-6.444424771,8.093284637,10.887776453));
#3610=CARTESIAN_POINT('',(-6.555568588,7.926893059,10.884912917));
#3611=CARTESIAN_POINT('',(-6.705800033,7.564086505,10.881042324));
#3612=CARTESIAN_POINT('',(-6.744828551,7.367814276,10.880036789));
#3613=CARTESIAN_POINT('',(-6.744828551,7.171464793,10.880036797));
#3614=CARTESIAN_POINT('',(-5.243098167,8.671464793,10.847094334));
#3615=CARTESIAN_POINT('',(-5.439292452,8.671464703,10.839036574));
#3616=CARTESIAN_POINT('',(-5.635409524,8.63242365,10.830981986));
#3617=CARTESIAN_POINT('',(-5.997929241,8.482144136,10.816093193));
#3618=CARTESIAN_POINT('',(-6.164189248,8.370964803,10.809264846));
#3619=CARTESIAN_POINT('',(-6.441649803,8.093284637,10.797869465));
#3620=CARTESIAN_POINT('',(-6.552741181,7.926893059,10.793306913));
#3621=CARTESIAN_POINT('',(-6.702901744,7.564086504,10.787139784));
#3622=CARTESIAN_POINT('',(-6.741911848,7.367814276,10.785537634));
#3623=CARTESIAN_POINT('',(-6.741911848,7.171464793,10.785537641));
#3624=CARTESIAN_POINT('',(-5.24089732,8.671464793,10.799462031));
#3625=CARTESIAN_POINT('',(-5.43699982,8.671464665,10.789427505));
#3626=CARTESIAN_POINT('',(-5.633025136,8.632423584,10.779396931));
#3627=CARTESIAN_POINT('',(-5.995375234,8.482144036,10.760855556));
#3628=CARTESIAN_POINT('',(-6.161557447,8.370964697,10.75235205));
#3629=CARTESIAN_POINT('',(-6.438888171,8.093284539,10.738161105));
#3630=CARTESIAN_POINT('',(-6.549927565,7.926892974,10.732479248));
#3631=CARTESIAN_POINT('',(-6.700017862,7.564086456,10.724799173));
#3632=CARTESIAN_POINT('',(-6.739009711,7.367814252,10.722803977));
#3633=CARTESIAN_POINT('',(-6.739009711,7.171464793,10.722803985));
#3634=CARTESIAN_POINT('',(-5.232182559,8.671464793,10.656812818));
#3635=CARTESIAN_POINT('',(-5.427929771,8.671464665,10.640962671));
#3636=CARTESIAN_POINT('',(-5.623599938,8.632423584,10.625118763));
#3637=CARTESIAN_POINT('',(-5.985293549,8.482144036,10.595831519));
#3638=CARTESIAN_POINT('',(-6.151174681,8.370964697,10.582399706));
#3639=CARTESIAN_POINT('',(-6.428002952,8.093284538,10.559984227));
#3640=CARTESIAN_POINT('',(-6.538841171,7.926892973,10.55100938));
#3641=CARTESIAN_POINT('',(-6.688659542,7.564086456,10.538878215));
#3642=CARTESIAN_POINT('',(-6.727580747,7.367814252,10.535726671));
#3643=CARTESIAN_POINT('',(-6.727580747,7.171464793,10.535726676));
#3644=CARTESIAN_POINT('',(-5.223548472,8.671464793,10.562044541));
#3645=CARTESIAN_POINT('',(-5.418951145,8.671464786,10.542471881));
#3646=CARTESIAN_POINT('',(-5.614276933,8.632423796,10.522906923));
#3647=CARTESIAN_POINT('',(-5.975333988,8.482144358,10.486741365));
#3648=CARTESIAN_POINT('',(-6.140923194,8.370965038,10.470154994));
#3649=CARTESIAN_POINT('',(-6.417264299,8.093284856,10.442475074));
#3650=CARTESIAN_POINT('',(-6.527907468,7.926893248,10.431392416));
#3651=CARTESIAN_POINT('',(-6.677462196,7.564086611,10.416412152));
#3652=CARTESIAN_POINT('',(-6.71631491,7.36781433,10.41252044));
#3653=CARTESIAN_POINT('',(-6.71631491,7.171464793,10.41252044));
#3654=CARTESIAN_POINT('',(-5.190068416,8.671464793,10.278628349));
#3655=CARTESIAN_POINT('',(-5.38424418,8.671464786,10.24866964));
#3656=CARTESIAN_POINT('',(-5.578343544,8.632423796,10.218722719));
#3657=CARTESIAN_POINT('',(-5.937133569,8.482144358,10.163366243));
#3658=CARTESIAN_POINT('',(-6.101683062,8.370965038,10.137978469));
#3659=CARTESIAN_POINT('',(-6.376289057,8.093284856,10.095610457));
#3660=CARTESIAN_POINT('',(-6.486237513,7.926893248,10.078646889));
#3661=CARTESIAN_POINT('',(-6.634853206,7.564086611,10.055717486));
#3662=CARTESIAN_POINT('',(-6.673461969,7.36781433,10.049760673));
#3663=CARTESIAN_POINT('',(-6.673461969,7.171464793,10.049760672));
#3664=CARTESIAN_POINT('',(-5.157566543,8.671464793,10.090878238));
#3665=CARTESIAN_POINT('',(-5.350676337,8.671464787,10.055081856));
#3666=CARTESIAN_POINT('',(-5.543710149,8.632423797,10.019299559));
#3667=CARTESIAN_POINT('',(-5.900530518,8.482144359,9.953156471));
#3668=CARTESIAN_POINT('',(-6.064176681,8.370965039,9.922821705));
#3669=CARTESIAN_POINT('',(-6.337275167,8.093284856,9.872197977));
#3670=CARTESIAN_POINT('',(-6.446620037,7.926893249,9.851928934));
#3671=CARTESIAN_POINT('',(-6.594419871,7.564086612,9.824531569));
#3672=CARTESIAN_POINT('',(-6.632816683,7.36781433,9.817414027));
#3673=CARTESIAN_POINT('',(-6.632816683,7.171464793,9.817414027));
#3674=CARTESIAN_POINT('',(-5.079479494,8.671464793,9.716912283));
#3675=CARTESIAN_POINT('',(-5.270777936,8.671464787,9.672441174));
#3676=CARTESIAN_POINT('',(-5.462001109,8.632423797,9.627987563));
#3677=CARTESIAN_POINT('',(-5.815474537,8.482144359,9.545815669));
#3678=CARTESIAN_POINT('',(-5.977585714,8.370965039,9.508129717));
#3679=CARTESIAN_POINT('',(-6.248122561,8.093284856,9.445238072));
#3680=CARTESIAN_POINT('',(-6.356441786,7.926893249,9.420057124));
#3681=CARTESIAN_POINT('',(-6.502855272,7.564086612,9.386020411));
#3682=CARTESIAN_POINT('',(-6.540891925,7.36781433,9.377178037));
#3683=CARTESIAN_POINT('',(-6.540891925,7.171464793,9.377178036));
#3684=CARTESIAN_POINT('',(-5.034110727,8.671464793,9.531238072));
#3685=CARTESIAN_POINT('',(-5.22467915,8.671464793,9.483918767));
#3686=CARTESIAN_POINT('',(-5.415172592,8.632423808,9.436618079));
#3687=CARTESIAN_POINT('',(-5.767297123,8.482144376,9.349183403));
#3688=CARTESIAN_POINT('',(-5.928789666,8.370965057,9.309083816));
#3689=CARTESIAN_POINT('',(-6.198294114,8.093284873,9.242164212));
#3690=CARTESIAN_POINT('',(-6.306199981,7.926893264,9.215370525));
#3691=CARTESIAN_POINT('',(-6.452054738,7.56408662,9.179153897));
#3692=CARTESIAN_POINT('',(-6.489946239,7.367814334,9.169745205));
#3693=CARTESIAN_POINT('',(-6.489946239,7.171464793,9.169745205));
#3694=CARTESIAN_POINT('',(-4.939189457,8.671464793,9.161202022));
#3695=CARTESIAN_POINT('',(-5.129004493,8.671464793,9.110945752));
#3696=CARTESIAN_POINT('',(-5.318744845,8.632423808,9.060709255));
#3697=CARTESIAN_POINT('',(-5.669477298,8.482144376,8.967847775));
#3698=CARTESIAN_POINT('',(-5.830331401,8.370965057,8.92525933));
#3699=CARTESIAN_POINT('',(-6.098770399,8.093284873,8.854186231));
#3700=CARTESIAN_POINT('',(-6.206249674,7.926893264,8.825729541));
#3701=CARTESIAN_POINT('',(-6.351527813,7.56408662,8.787265057));
#3702=CARTESIAN_POINT('',(-6.389269516,7.367814334,8.777272397));
#3703=CARTESIAN_POINT('',(-6.389269516,7.171464793,8.777272397));
#3704=CARTESIAN_POINT('',(-4.88964085,8.671464793,8.976708755));
#3705=CARTESIAN_POINT('',(-5.079423948,8.671464894,8.926343912));
#3706=CARTESIAN_POINT('',(-5.269132394,8.632423985,8.875998881));
#3707=CARTESIAN_POINT('',(-5.619805891,8.482144643,8.782936772));
#3708=CARTESIAN_POINT('',(-5.780632966,8.37096534,8.74025631));
#3709=CARTESIAN_POINT('',(-6.049026867,8.093285137,8.66902965));
#3710=CARTESIAN_POINT('',(-6.156488092,7.926893492,8.640511476));
#3711=CARTESIAN_POINT('',(-6.301741832,7.564086748,8.601963884));
#3712=CARTESIAN_POINT('',(-6.339477198,7.367814398,8.591949634));
#3713=CARTESIAN_POINT('',(-6.339477198,7.171464793,8.591949635));
#3714=CARTESIAN_POINT('',(-4.745583059,8.671464793,8.42207587));
#3715=CARTESIAN_POINT('',(-4.936147869,8.671464894,8.374720637));
#3716=CARTESIAN_POINT('',(-5.126637719,8.632423985,8.327384031));
#3717=CARTESIAN_POINT('',(-5.478755629,8.482144643,8.239882956));
#3718=CARTESIAN_POINT('',(-5.640245146,8.37096534,8.199752914));
#3719=CARTESIAN_POINT('',(-5.909744554,8.093285137,8.132782483));
#3720=CARTESIAN_POINT('',(-6.017648408,7.926893492,8.105968445));
#3721=CARTESIAN_POINT('',(-6.163500444,7.564086748,8.069724307));
#3722=CARTESIAN_POINT('',(-6.201391239,7.367814398,8.060308468));
#3723=CARTESIAN_POINT('',(-6.201391239,7.171464793,8.060308468));
#3724=CARTESIAN_POINT('',(-4.656643779,8.671464793,8.051055232));
#3725=CARTESIAN_POINT('',(-4.848889396,8.671464794,8.010126041));
#3726=CARTESIAN_POINT('',(-5.041059373,8.63242381,7.969212953));
#3727=CARTESIAN_POINT('',(-5.396282956,8.482144379,7.893585668));
#3728=CARTESIAN_POINT('',(-5.559196796,8.37096506,7.858901227));
#3729=CARTESIAN_POINT('',(-5.831073156,8.093284876,7.801018609));
#3730=CARTESIAN_POINT('',(-5.939928704,7.926893266,7.777843206));
#3731=CARTESIAN_POINT('',(-6.08706713,7.564086621,7.746517359));
#3732=CARTESIAN_POINT('',(-6.125292115,7.367814335,7.73837924));
#3733=CARTESIAN_POINT('',(-6.125292115,7.171464793,7.73837924));
#3734=CARTESIAN_POINT('',(-4.532460996,8.671464793,7.301222192));
#3735=CARTESIAN_POINT('',(-4.727637304,8.671464794,7.27798892));
#3736=CARTESIAN_POINT('',(-4.922736818,8.63242381,7.25476479));
#3737=CARTESIAN_POINT('',(-5.283375611,8.482144379,7.211835303));
#3738=CARTESIAN_POINT('',(-5.448772994,8.37096506,7.192146836));
#3739=CARTESIAN_POINT('',(-5.724793976,8.093284876,7.159290029));
#3740=CARTESIAN_POINT('',(-5.835308974,7.926893266,7.146134616));
#3741=CARTESIAN_POINT('',(-5.984690453,7.564086621,7.128352639));
#3742=CARTESIAN_POINT('',(-6.02349816,7.367814335,7.123733073));
#3743=CARTESIAN_POINT('',(-6.02349816,7.171464793,7.123733073));
#3744=CARTESIAN_POINT('',(-4.49678759,8.671464793,6.922375959));
#3745=CARTESIAN_POINT('',(-4.693137131,8.671464793,6.910412723));
#3746=CARTESIAN_POINT('',(-4.889409417,8.632423808,6.898454193));
#3747=CARTESIAN_POINT('',(-5.252216061,8.482144376,6.876349015));
#3748=CARTESIAN_POINT('',(-5.41860767,8.370965057,6.866211063));
#3749=CARTESIAN_POINT('',(-5.696287854,8.093284873,6.849292492));
#3750=CARTESIAN_POINT('',(-5.807467173,7.926893264,6.842518529));
#3751=CARTESIAN_POINT('',(-5.957746605,7.56408662,6.833362264));
#3752=CARTESIAN_POINT('',(-5.99678759,7.367814334,6.830983564));
#3753=CARTESIAN_POINT('',(-5.99678759,7.171464793,6.830983564));
#3754=CARTESIAN_POINT('',(-4.49678759,8.671464793,6.538223259));
#3755=CARTESIAN_POINT('',(-4.693137131,8.671464793,6.538223259));
#3756=CARTESIAN_POINT('',(-4.889409417,8.632423808,6.538223259));
#3757=CARTESIAN_POINT('',(-5.252216061,8.482144376,6.538223259));
#3758=CARTESIAN_POINT('',(-5.41860767,8.370965057,6.538223259));
#3759=CARTESIAN_POINT('',(-5.696287854,8.093284873,6.538223259));
#3760=CARTESIAN_POINT('',(-5.807467173,7.926893264,6.538223259));
#3761=CARTESIAN_POINT('',(-5.957746605,7.56408662,6.538223259));
#3762=CARTESIAN_POINT('',(-5.99678759,7.367814334,6.538223259));
#3763=CARTESIAN_POINT('',(-5.99678759,7.171464793,6.538223259));
#3764=B_SPLINE_SURFACE_WITH_KNOTS('',3,3,((#3484,#3485,#3486,#3487,#3488,#3489,#3490,#3491,#3492,#3493),(#3494,#3495,#3496,#3497,#3498,#3499,#3500,#3501,#3502,#3503),(#3504,#3505,#3506,#3507,#3508,#3509,#3510,#3511,#3512,#3513),(#3514,#3515,#3516,#3517,#3518,#3519,#3520,#3521,#3522,#3523),(#3524,#3525,#3526,#3527,#3528,#3529,#3530,#3531,#3532,#3533),(#3534,#3535,#3536,#3537,#3538,#3539,#3540,#3541,#3542,#3543),(#3544,#3545,#3546,#3547,#3548,#3549,#3550,#3551,#3552,#3553),(#3554,#3555,#3556,#3557,#3558,#3559,#3560,#3561,#3562,#3563),(#3564,#3565,#3566,#3567,#3568,#3569,#3570,#3571,#3572,#3573),(#3574,#3575,#3576,#3577,#3578,#3579,#3580,#3581,#3582,#3583),(#3584,#3585,#3586,#3587,#3588,#3589,#3590,#3591,#3592,#3593),(#3594,#3595,#3596,#3597,#3598,#3599,#3600,#3601,#3602,#3603),(#3604,#3605,#3606,#3607,#3608,#3609,#3610,#3611,#3612,#3613),(#3614,#3615,#3616,#3617,#3618,#3619,#3620,#3621,#3622,#3623),(#3624,#3625,#3626,#3627,#3628,#3629,#3630,#3631,#3632,#3633),(#3634,#3635,#3636,#3637,#3638,#3639,#3640,#3641,#3642,#3643),(#3644,#3645,#3646,#3647,#3648,#3649,#3650,#3651,#3652,#3653),(#3654,#3655,#3656,#3657,#3658,#3659,#3660,#3661,#3662,#3663),(#3664,#3665,#3666,#3667,#3668,#3669,#3670,#3671,#3672,#3673),(#3674,#3675,#3676,#3677,#3678,#3679,#3680,#3681,#3682,#3683),(#3684,#3685,#3686,#3687,#3688,#3689,#3690,#3691,#3692,#3693),(#3694,#3695,#3696,#3697,#3698,#3699,#3700,#3701,#3702,#3703),(#3704,#3705,#3706,#3707,#3708,#3709,#3710,#3711,#3712,#3713),(#3714,#3715,#3716,#3717,#3718,#3719,#3720,#3721,#3722,#3723),(#3724,#3725,#3726,#3727,#3728,#3729,#3730,#3731,#3732,#3733),(#3734,#3735,#3736,#3737,#3738,#3739,#3740,#3741,#3742,#3743),
(#3744,#3745,#3746,#3747,#3748,#3749,#3750,#3751,#3752,#3753),(#3754,#3755,#3756,#3757,#3758,#3759,#3760,#3761,#3762,#3763)),.UNSPECIFIED.,.F.,.F.,.U.,(4,2,2,2,2,2,2,2,2,2,2,2,2,4),(4,2,2,2,4),(-0.,0.000004459,0.000008918,0.000017837,0.000035673,0.000071347,0.000142693,0.000285387,0.000570773,0.001141547,0.00171232,0.002283094,0.003424641,0.004566188),(0.,0.25,0.5,0.75,1.),.UNSPECIFIED.);
#3765=CARTESIAN_POINT('',(-4.997383669,8.671464793,9.388223259));
#3766=CARTESIAN_POINT('',(-5.007069454,8.671464793,9.383961852));
#3767=CARTESIAN_POINT('',(-5.016755713,8.671355942,9.379702736));
#3768=CARTESIAN_POINT('',(-5.026440168,8.671137955,9.375443881));
#3769=B_SPLINE_CURVE_WITH_KNOTS('',3,(#3765,#3766,#3767,#3768),.UNSPECIFIED.,.F.,.F.,(4,4),(0.,0.000031744),.UNSPECIFIED.);
#3770=EDGE_CURVE('',#489,#35,#3769,.T.);
#3771=ORIENTED_EDGE('',*,*,#3770,.T.);
#3772=ORIENTED_EDGE('',*,*,#41,.F.);
#3773=ORIENTED_EDGE('',*,*,#632,.F.);
#3774=ORIENTED_EDGE('',*,*,#3022,.T.);
#3775=ORIENTED_EDGE('',*,*,#2016,.F.);
#3776=CARTESIAN_POINT('',(-5.24678759,7.171464793,11.038223259));
#3777=DIRECTION('',(0.,0.,1.));
#3778=DIRECTION('',(-1.,-0.,0.));
#3779=AXIS2_PLACEMENT_3D('',#3776,#3777,#3778);
#3780=CIRCLE('',#3779,1.5);
#3781=EDGE_CURVE('',#497,#1971,#3780,.T.);
#3782=ORIENTED_EDGE('',*,*,#3781,.F.);
#3783=ORIENTED_EDGE('',*,*,#506,.F.);
#3784=EDGE_LOOP('',(#3771,#3772,#3773,#3774,#3775,#3782,#3783));
#3785=FACE_BOUND('',#3784,.T.);
#3786=ADVANCED_FACE('',(#3785),#3764,.T.);
#3787=CARTESIAN_POINT('',(4.50321241,8.671464793,6.538223259));
#3788=CARTESIAN_POINT('',(4.699561951,8.671464793,6.538223259));
#3789=CARTESIAN_POINT('',(4.895834236,8.632423808,6.538223259));
#3790=CARTESIAN_POINT('',(5.25864088,8.482144376,6.538223259));
#3791=CARTESIAN_POINT('',(5.42503249,8.370965057,6.538223259));
#3792=CARTESIAN_POINT('',(5.702712673,8.093284873,6.538223259));
#3793=CARTESIAN_POINT('',(5.813891992,7.926893264,6.538223259));
#3794=CARTESIAN_POINT('',(5.964171425,7.56408662,6.538223259));
#3795=CARTESIAN_POINT('',(6.00321241,7.367814334,6.538223259));
#3796=CARTESIAN_POINT('',(6.00321241,7.171464793,6.538223259));
#3797=CARTESIAN_POINT('',(4.50321241,8.671464793,6.921210745));
#3798=CARTESIAN_POINT('',(4.699561951,8.671464793,6.909283795));
#3799=CARTESIAN_POINT('',(4.895834236,8.632423808,6.897361538));
#3800=CARTESIAN_POINT('',(5.25864088,8.482144376,6.875323409));
#3801=CARTESIAN_POINT('',(5.42503249,8.370965057,6.865216208));
#3802=CARTESIAN_POINT('',(5.702712673,8.093284873,6.848348954));
#3803=CARTESIAN_POINT('',(5.813891992,7.926893264,6.841595538));
#3804=CARTESIAN_POINT('',(5.964171425,7.56408662,6.832467046));
#3805=CARTESIAN_POINT('',(6.00321241,7.367814334,6.830095562));
#3806=CARTESIAN_POINT('',(6.00321241,7.171464793,6.830095562));
#3807=CARTESIAN_POINT('',(4.538705985,8.671464793,7.299966996));
#3808=CARTESIAN_POINT('',(4.73388695,8.671464793,7.276765849));
#3809=CARTESIAN_POINT('',(4.92899112,8.632423808,7.25357383));
#3810=CARTESIAN_POINT('',(5.289638519,8.482144376,7.2107037));
#3811=CARTESIAN_POINT('',(5.455039848,8.370965057,7.191042456));
#3812=CARTESIAN_POINT('',(5.731067416,8.093284873,7.158231079));
#3813=CARTESIAN_POINT('',(5.841585051,7.926893264,7.145093855));
#3814=CARTESIAN_POINT('',(5.990970095,7.56408662,7.127336466));
#3815=CARTESIAN_POINT('',(6.029778727,7.367814334,7.122723287));
#3816=CARTESIAN_POINT('',(6.029778727,7.171464793,7.122723287));
#3817=CARTESIAN_POINT('',(4.631964829,8.671464793,7.863330718));
#3818=CARTESIAN_POINT('',(4.824944282,8.671464793,7.826830543));
#3819=CARTESIAN_POINT('',(5.017847807,8.632423808,7.79034473));
#3820=CARTESIAN_POINT('',(5.374427342,8.482144376,7.722901202));
#3821=CARTESIAN_POINT('',(5.537963054,8.370965057,7.691970023));
#3822=CARTESIAN_POINT('',(5.810877214,8.093284873,7.640350981));
#3823=CARTESIAN_POINT('',(5.920148283,7.926893264,7.619683428));
#3824=CARTESIAN_POINT('',(6.067848363,7.56408662,7.591747404));
#3825=CARTESIAN_POINT('',(6.10621926,7.367814334,7.584489925));
#3826=CARTESIAN_POINT('',(6.10621926,7.171464793,7.584489925));
#3827=CARTESIAN_POINT('',(4.669632401,8.671464793,8.050437173));
#3828=CARTESIAN_POINT('',(4.861820132,8.671465011,8.010109302));
#3829=CARTESIAN_POINT('',(5.053932288,8.632424188,7.969797289));
#3830=CARTESIAN_POINT('',(5.409049032,8.482144952,7.895281068));
#3831=CARTESIAN_POINT('',(5.571913897,8.370965667,7.86110618));
#3832=CARTESIAN_POINT('',(5.843708542,8.093285441,7.804073915));
#3833=CARTESIAN_POINT('',(5.952531382,7.926893756,7.781238977));
#3834=CARTESIAN_POINT('',(6.099625599,7.564086897,7.750373325));
#3835=CARTESIAN_POINT('',(6.1378391,7.367814473,7.742354755));
#3836=CARTESIAN_POINT('',(6.137839098,7.171464793,7.742354746));
#3837=CARTESIAN_POINT('',(4.753888851,8.671464793,8.423136104));
#3838=CARTESIAN_POINT('',(4.944734222,8.671465011,8.376870504));
#3839=CARTESIAN_POINT('',(5.135504545,8.632424188,8.330623097));
#3840=CARTESIAN_POINT('',(5.488140931,8.482144952,8.245135384));
#3841=CARTESIAN_POINT('',(5.649868245,8.370965667,8.205928714));
#3842=CARTESIAN_POINT('',(5.919764506,8.093285441,8.140499235));
#3843=CARTESIAN_POINT('',(6.02782726,7.926893756,8.114302171));
#3844=CARTESIAN_POINT('',(6.17389408,7.564086897,8.078891986));
#3845=CARTESIAN_POINT('',(6.211840675,7.367814473,8.069692799));
#3846=CARTESIAN_POINT('',(6.211840675,7.171464793,8.069692797));
#3847=CARTESIAN_POINT('',(4.800391717,8.671464793,8.608384742));
#3848=CARTESIAN_POINT('',(4.990692578,8.671464793,8.560013403));
#3849=CARTESIAN_POINT('',(5.180918564,8.632423808,8.511661095));
#3850=CARTESIAN_POINT('',(5.532548705,8.482144376,8.422282515));
#3851=CARTESIAN_POINT('',(5.693814509,8.370965057,8.381291408));
#3852=CARTESIAN_POINT('',(5.962940568,8.093284873,8.312884004));
#3853=CARTESIAN_POINT('',(6.070694934,7.926893264,8.285494622));
#3854=CARTESIAN_POINT('',(6.216344907,7.56408662,8.248472802));
#3855=CARTESIAN_POINT('',(6.254183208,7.367814334,8.23885493));
#3856=CARTESIAN_POINT('',(6.254183208,7.171464793,8.23885493));
#3857=CARTESIAN_POINT('',(4.896440105,8.671464793,8.978116367));
#3858=CARTESIAN_POINT('',(5.086222733,8.671464793,8.927750125));
#3859=CARTESIAN_POINT('',(5.275930689,8.632423808,8.877403699));
#3860=CARTESIAN_POINT('',(5.626603261,8.482144376,8.784339018));
#3861=CARTESIAN_POINT('',(5.7874299,8.370965057,8.74165738));
#3862=CARTESIAN_POINT('',(6.055823067,8.093284873,8.670428756));
#3863=CARTESIAN_POINT('',(6.163283992,7.926893264,8.641909797));
#3864=CARTESIAN_POINT('',(6.308537327,7.56408662,8.603361144));
#3865=CARTESIAN_POINT('',(6.346272586,7.367814334,8.593346618));
#3866=CARTESIAN_POINT('',(6.346272586,7.171464793,8.593346618));
#3867=CARTESIAN_POINT('',(4.945984235,8.671464793,9.162599706));
#3868=CARTESIAN_POINT('',(5.135800476,8.671464793,9.112347775));
#3869=CARTESIAN_POINT('',(5.325542031,8.632423808,9.062115617));
#3870=CARTESIAN_POINT('',(5.67627671,8.482144376,8.969262157));
#3871=CARTESIAN_POINT('',(5.837131834,8.370965057,8.926677389));
#3872=CARTESIAN_POINT('',(6.105572535,8.093284873,8.855610428));
#3873=CARTESIAN_POINT('',(6.213052492,7.926893264,8.827156196));
#3874=CARTESIAN_POINT('',(6.358331553,7.56408662,8.788695033));
#3875=CARTESIAN_POINT('',(6.396073495,7.367814334,8.778703236));
#3876=CARTESIAN_POINT('',(6.396073495,7.171464793,8.778703236));
#3877=CARTESIAN_POINT('',(5.040878946,8.671464793,9.532621641));
#3878=CARTESIAN_POINT('',(5.231451839,8.671464793,9.485320121));
#3879=CARTESIAN_POINT('',(5.42194975,8.632423808,9.438037212));
#3880=CARTESIAN_POINT('',(5.774082542,8.482144376,9.350635399));
#3881=CARTESIAN_POINT('',(5.935578873,8.370965057,9.310550885));
#3882=CARTESIAN_POINT('',(6.205089644,8.093284873,9.243656433));
#3883=CARTESIAN_POINT('',(6.312998042,7.926893264,9.216872817));
#3884=CARTESIAN_POINT('',(6.45885622,7.56408662,9.180669801));
#3885=CARTESIAN_POINT('',(6.496748611,7.367814334,9.171264645));
#3886=CARTESIAN_POINT('',(6.496748611,7.171464793,9.171264645));
#3887=CARTESIAN_POINT('',(5.086221889,8.671464793,9.718310343));
#3888=CARTESIAN_POINT('',(5.277526161,8.671464204,9.673866674));
#3889=CARTESIAN_POINT('',(5.468755047,8.632422781,9.629440507));
#3890=CARTESIAN_POINT('',(5.822238911,8.482142819,9.54731935));
#3891=CARTESIAN_POINT('',(5.98435481,8.370963408,9.509656671));
#3892=CARTESIAN_POINT('',(6.254899483,8.093283338,9.446803851));
#3893=CARTESIAN_POINT('',(6.363221811,7.926891933,9.421638439));
#3894=CARTESIAN_POINT('',(6.509639474,7.56408587,9.387622692));
#3895=CARTESIAN_POINT('',(6.547677202,7.367813959,9.378785739));
#3896=CARTESIAN_POINT('',(6.54767719,7.171464793,9.378785686));
#3897=CARTESIAN_POINT('',(5.164059731,8.671464793,10.091285347));
#3898=CARTESIAN_POINT('',(5.3571715,8.671464202,10.055502551));
#3899=CARTESIAN_POINT('',(5.550207171,8.632422777,10.01973385));
#3900=CARTESIAN_POINT('',(5.907030856,8.482142814,9.953615904));
#3901=CARTESIAN_POINT('',(6.070678474,8.370963403,9.923292675));
#3902=CARTESIAN_POINT('',(6.343779339,8.093283333,9.872688197));
#3903=CARTESIAN_POINT('',(6.453125133,7.926891929,9.852426859));
#3904=CARTESIAN_POINT('',(6.600926204,7.564085868,9.825039892));
#3905=CARTESIAN_POINT('',(6.63932333,7.367813958,9.817925039));
#3906=CARTESIAN_POINT('',(6.639323325,7.171464793,9.817925011));
#3907=CARTESIAN_POINT('',(5.19649383,8.671464793,10.278664644));
#3908=CARTESIAN_POINT('',(5.390669534,8.671464633,10.24870776));
#3909=CARTESIAN_POINT('',(5.584768806,8.632423529,10.218762667));
#3910=CARTESIAN_POINT('',(5.943558631,8.482143953,10.163409575));
#3911=CARTESIAN_POINT('',(6.108108016,8.370964609,10.138023355));
#3912=CARTESIAN_POINT('',(6.382713817,8.093284456,10.095657938));
#3913=CARTESIAN_POINT('',(6.492662188,7.926892903,10.078695409));
#3914=CARTESIAN_POINT('',(6.641277764,7.564086416,10.055767409));
#3915=CARTESIAN_POINT('',(6.679886495,7.367814232,10.049810959));
#3916=CARTESIAN_POINT('',(6.679886495,7.171464793,10.049810956));
#3917=CARTESIAN_POINT('',(5.229950744,8.671464793,10.561823104));
#3918=CARTESIAN_POINT('',(5.425352423,8.671464633,10.542242111));
#3919=CARTESIAN_POINT('',(5.620677188,8.63242353,10.522668827));
#3920=CARTESIAN_POINT('',(5.981732321,8.482143953,10.486487885));
#3921=CARTESIAN_POINT('',(6.147320629,8.37096461,10.469894461));
#3922=CARTESIAN_POINT('',(6.423660221,8.093284457,10.442202776));
#3923=CARTESIAN_POINT('',(6.534302779,7.926892903,10.431115409));
#3924=CARTESIAN_POINT('',(6.683856677,7.564086416,10.416128784));
#3925=CARTESIAN_POINT('',(6.722709174,7.367814232,10.412235423));
#3926=CARTESIAN_POINT('',(6.722709175,7.171464793,10.412235429));
#3927=CARTESIAN_POINT('',(5.238586002,8.671464793,10.656555402));
#3928=CARTESIAN_POINT('',(5.434332467,8.671464787,10.640694931));
#3929=CARTESIAN_POINT('',(5.630001913,8.632423797,10.6248407));
#3930=CARTESIAN_POINT('',(5.991694215,8.482144358,10.595534371));
#3931=CARTESIAN_POINT('',(6.157574761,8.370965038,10.582093803));
#3932=CARTESIAN_POINT('',(6.434402062,8.093284856,10.55966371));
#3933=CARTESIAN_POINT('',(6.545239898,7.926893249,10.55068301));
#3934=CARTESIAN_POINT('',(6.695057753,7.564086611,10.538543932));
#3935=CARTESIAN_POINT('',(6.733978826,7.36781433,10.53539033));
#3936=CARTESIAN_POINT('',(6.733978826,7.171464793,10.53539033));
#3937=CARTESIAN_POINT('',(5.247309715,8.671464793,10.799235446));
#3938=CARTESIAN_POINT('',(5.443411813,8.671464787,10.789191508));
#3939=CARTESIAN_POINT('',(5.639436753,8.632423797,10.779151522));
#3940=CARTESIAN_POINT('',(6.001786179,8.482144358,10.760592745));
#3941=CARTESIAN_POINT('',(6.167968097,8.370965038,10.752081256));
#3942=CARTESIAN_POINT('',(6.445298339,8.093284856,10.737876984));
#3943=CARTESIAN_POINT('',(6.556337546,7.926893249,10.732189789));
#3944=CARTESIAN_POINT('',(6.706427591,7.564086611,10.724502493));
#3945=CARTESIAN_POINT('',(6.745419376,7.36781433,10.722505416));
#3946=CARTESIAN_POINT('',(6.745419376,7.171464793,10.722505416));
#3947=CARTESIAN_POINT('',(5.249514565,8.671464793,10.846892145));
#3948=CARTESIAN_POINT('',(5.445708561,8.67146477,10.83882591));
#3949=CARTESIAN_POINT('',(5.641825357,8.632423767,10.830762849));
#3950=CARTESIAN_POINT('',(6.004344578,8.482144313,10.815858392));
#3951=CARTESIAN_POINT('',(6.170604365,8.370964991,10.80902286));
#3952=CARTESIAN_POINT('',(6.448064558,8.093284812,10.797615485));
#3953=CARTESIAN_POINT('',(6.559155795,7.92689321,10.79304813));
#3954=CARTESIAN_POINT('',(6.709316167,7.56408659,10.786874505));
#3955=CARTESIAN_POINT('',(6.748326221,7.367814319,10.785270665));
#3956=CARTESIAN_POINT('',(6.748326221,7.171464793,10.785270667));
#3957=CARTESIAN_POINT('',(5.251728087,8.671464793,10.918527607));
#3958=CARTESIAN_POINT('',(5.448014873,8.67146477,10.91346434));
#3959=CARTESIAN_POINT('',(5.644224424,8.632423767,10.908403065));
#3960=CARTESIAN_POINT('',(6.0069151,8.482144313,10.89904737));
#3961=CARTESIAN_POINT('',(6.173253521,8.370964991,10.89475663));
#3962=CARTESIAN_POINT('',(6.45084494,8.093284812,10.887596093));
#3963=CARTESIAN_POINT('',(6.561988718,7.926893211,10.884729113));
#3964=CARTESIAN_POINT('',(6.712220109,7.56408659,10.880853861));
#3965=CARTESIAN_POINT('',(6.751248614,7.367814319,10.879847114));
#3966=CARTESIAN_POINT('',(6.751248614,7.171464793,10.879847116));
#3967=CARTESIAN_POINT('',(5.252283712,8.671464793,10.942431153));
#3968=CARTESIAN_POINT('',(5.448593949,8.671464781,10.938374935));
#3969=CARTESIAN_POINT('',(5.644826944,8.632423787,10.934320314));
#3970=CARTESIAN_POINT('',(6.007560958,8.482144344,10.926825403));
#3971=CARTESIAN_POINT('',(6.173919256,8.370965023,10.923388062));
#3972=CARTESIAN_POINT('',(6.451543847,8.093284841,10.917651707));
#3973=CARTESIAN_POINT('',(6.562700907,7.926893236,10.91535495));
#3974=CARTESIAN_POINT('',(6.712950252,7.564086604,10.912250458));
#3975=CARTESIAN_POINT('',(6.751983421,7.367814326,10.911443946));
#3976=CARTESIAN_POINT('',(6.751983421,7.171464793,10.911443947));
#3977=CARTESIAN_POINT('',(5.2528404,8.671464793,10.97832453));
#3978=CARTESIAN_POINT('',(5.449174164,8.671464781,10.975785277));
#3979=CARTESIAN_POINT('',(5.645430677,8.632423787,10.973247024));
#3980=CARTESIAN_POINT('',(6.008208164,8.482144344,10.968555098));
#3981=CARTESIAN_POINT('',(6.174586399,8.370965023,10.966403271));
#3982=CARTESIAN_POINT('',(6.452244263,8.093284842,10.962812228));
#3983=CARTESIAN_POINT('',(6.563414645,7.926893236,10.961374424));
#3984=CARTESIAN_POINT('',(6.713681997,7.564086604,10.959430967));
#3985=CARTESIAN_POINT('',(6.752719844,7.367814326,10.958926079));
#3986=CARTESIAN_POINT('',(6.752719844,7.171464793,10.95892608));
#3987=CARTESIAN_POINT('',(5.252979763,8.671464793,10.990295342));
#3988=CARTESIAN_POINT('',(5.449319437,8.671464789,10.988262803));
#3989=CARTESIAN_POINT('',(5.645581859,8.632423801,10.986231064));
#3990=CARTESIAN_POINT('',(6.008370269,8.482144365,10.982475422));
#3991=CARTESIAN_POINT('',(6.174753515,8.370965045,10.980752997));
#3992=CARTESIAN_POINT('',(6.452419742,8.093284862,10.977878553));
#3993=CARTESIAN_POINT('',(6.563593473,7.926893254,10.976727666));
#3994=CARTESIAN_POINT('',(6.713865351,7.564086615,10.975172029));
#3995=CARTESIAN_POINT('',(6.752904374,7.367814331,10.974767891));
#3996=CARTESIAN_POINT('',(6.752904374,7.171464793,10.974767892));
#3997=CARTESIAN_POINT('',(5.253119301,8.671464793,11.008261119));
#3998=CARTESIAN_POINT('',(5.449464888,8.671464789,11.00698992));
#3999=CARTESIAN_POINT('',(5.645733221,8.632423801,11.00571922));
#4000=CARTESIAN_POINT('',(6.008532557,8.482144365,11.00337035));
#4001=CARTESIAN_POINT('',(6.174920815,8.370965045,11.002293104));
#4002=CARTESIAN_POINT('',(6.452595404,8.093284862,11.000495357));
#4003=CARTESIAN_POINT('',(6.563772483,7.926893254,10.999775564));
#4004=CARTESIAN_POINT('',(6.714048888,7.564086615,10.998802631));
#4005=CARTESIAN_POINT('',(6.753089086,7.367814331,10.998549874));
#4006=CARTESIAN_POINT('',(6.753089086,7.171464793,10.998549874));
#4007=CARTESIAN_POINT('',(5.253154192,8.671464793,11.01425131));
#4008=CARTESIAN_POINT('',(5.449501262,8.671464792,11.013234098));
#4009=CARTESIAN_POINT('',(5.645771077,8.632423806,11.012217287));
#4010=CARTESIAN_POINT('',(6.008573155,8.482144373,11.010337726));
#4011=CARTESIAN_POINT('',(6.17496267,8.370965054,11.009475715));
#4012=CARTESIAN_POINT('',(6.452639358,8.09328487,11.008037161));
#4013=CARTESIAN_POINT('',(6.563817277,7.926893261,11.007461184));
#4014=CARTESIAN_POINT('',(6.714094818,7.564086618,11.006682644));
#4015=CARTESIAN_POINT('',(6.753135311,7.367814333,11.006480388));
#4016=CARTESIAN_POINT('',(6.753135311,7.171464793,11.006480388));
#4017=CARTESIAN_POINT('',(5.25318912,8.671464793,11.02323899));
#4018=CARTESIAN_POINT('',(5.449537671,8.671464792,11.022603038));
#4019=CARTESIAN_POINT('',(5.645808968,8.632423806,11.021967336));
#4020=CARTESIAN_POINT('',(6.008613783,8.482144373,11.02079225));
#4021=CARTESIAN_POINT('',(6.175004553,8.370965054,11.020253328));
#4022=CARTESIAN_POINT('',(6.452683336,8.09328487,11.019353956));
#4023=CARTESIAN_POINT('',(6.563862095,7.926893261,11.01899386));
#4024=CARTESIAN_POINT('',(6.714140769,7.564086618,11.018507123));
#4025=CARTESIAN_POINT('',(6.753181557,7.367814333,11.018380674));
#4026=CARTESIAN_POINT('',(6.753181557,7.171464793,11.018380675));
#4027=CARTESIAN_POINT('',(5.253197849,8.671464793,11.026235284));
#4028=CARTESIAN_POINT('',(5.449546771,8.671464793,11.025726463));
#4029=CARTESIAN_POINT('',(5.645818439,8.632423808,11.025217843));
#4030=CARTESIAN_POINT('',(6.00862394,8.482144375,11.024277665));
#4031=CARTESIAN_POINT('',(6.175015026,8.370965056,11.023846477));
#4032=CARTESIAN_POINT('',(6.452694335,8.093284872,11.023126896));
#4033=CARTESIAN_POINT('',(6.563873303,7.926893263,11.022838786));
#4034=CARTESIAN_POINT('',(6.714152262,7.564086619,11.022449352));
#4035=CARTESIAN_POINT('',(6.753193124,7.367814334,11.022348181));
#4036=CARTESIAN_POINT('',(6.753193124,7.171464793,11.022348181));
#4037=CARTESIAN_POINT('',(5.253206586,8.671464793,11.030730324));
#4038=CARTESIAN_POINT('',(5.449555879,8.671464793,11.030412265));
#4039=CARTESIAN_POINT('',(5.645827917,8.632423808,11.030094331));
#4040=CARTESIAN_POINT('',(6.008634104,8.482144375,11.029506634));
#4041=CARTESIAN_POINT('',(6.175025503,8.370965056,11.029237103));
#4042=CARTESIAN_POINT('',(6.452705337,8.093284872,11.0287873));
#4043=CARTESIAN_POINT('',(6.563884515,7.926893263,11.028607205));
#4044=CARTESIAN_POINT('',(6.714163758,7.564086619,11.028363773));
#4045=CARTESIAN_POINT('',(6.753204694,7.367814334,11.028300532));
#4046=CARTESIAN_POINT('',(6.753204694,7.171464793,11.028300532));
#4047=CARTESIAN_POINT('',(5.253208769,8.671464793,11.032228771));
#4048=CARTESIAN_POINT('',(5.449558155,8.671464793,11.031974309));
#4049=CARTESIAN_POINT('',(5.645830286,8.632423808,11.031719948));
#4050=CARTESIAN_POINT('',(6.008636644,8.482144376,11.031249764));
#4051=CARTESIAN_POINT('',(6.175028123,8.370965057,11.031034127));
#4052=CARTESIAN_POINT('',(6.452708087,8.093284873,11.030674264));
#4053=CARTESIAN_POINT('',(6.563887319,7.926893264,11.03053018));
#4054=CARTESIAN_POINT('',(6.714166633,7.56408662,11.030335424));
#4055=CARTESIAN_POINT('',(6.753207587,7.367814334,11.030284828));
#4056=CARTESIAN_POINT('',(6.753207587,7.171464793,11.030284828));
#4057=CARTESIAN_POINT('',(5.253211682,8.671464793,11.035225865));
#4058=CARTESIAN_POINT('',(5.449561192,8.671464793,11.035098619));
#4059=CARTESIAN_POINT('',(5.645833446,8.632423808,11.034971423));
#4060=CARTESIAN_POINT('',(6.008640033,8.482144376,11.034736304));
#4061=CARTESIAN_POINT('',(6.175031616,8.370965057,11.034628473));
#4062=CARTESIAN_POINT('',(6.452711756,8.093284873,11.03444852));
#4063=CARTESIAN_POINT('',(6.563891057,7.926893264,11.03437647));
#4064=CARTESIAN_POINT('',(6.714170466,7.56408662,11.03427908));
#4065=CARTESIAN_POINT('',(6.753211445,7.367814334,11.034253779));
#4066=CARTESIAN_POINT('',(6.753211445,7.171464793,11.034253779));
#4067=CARTESIAN_POINT('',(5.25321241,8.671464793,11.036724512));
#4068=CARTESIAN_POINT('',(5.449561951,8.671464793,11.036724512));
#4069=CARTESIAN_POINT('',(5.645834236,8.632423808,11.036724512));
#4070=CARTESIAN_POINT('',(6.00864088,8.482144376,11.036724512));
#4071=CARTESIAN_POINT('',(6.17503249,8.370965057,11.036724512));
#4072=CARTESIAN_POINT('',(6.452712673,8.093284873,11.036724512));
#4073=CARTESIAN_POINT('',(6.563891992,7.926893264,11.036724512));
#4074=CARTESIAN_POINT('',(6.714171425,7.56408662,11.036724512));
#4075=CARTESIAN_POINT('',(6.75321241,7.367814334,11.036724512));
#4076=CARTESIAN_POINT('',(6.75321241,7.171464793,11.036724512));
#4077=CARTESIAN_POINT('',(5.25321241,8.671464793,11.038223259));
#4078=CARTESIAN_POINT('',(5.449561951,8.671464793,11.038223259));
#4079=CARTESIAN_POINT('',(5.645834236,8.632423808,11.038223259));
#4080=CARTESIAN_POINT('',(6.00864088,8.482144376,11.038223259));
#4081=CARTESIAN_POINT('',(6.17503249,8.370965057,11.038223259));
#4082=CARTESIAN_POINT('',(6.452712673,8.093284873,11.038223259));
#4083=CARTESIAN_POINT('',(6.563891992,7.926893264,11.038223259));
#4084=CARTESIAN_POINT('',(6.714171425,7.56408662,11.038223259));
#4085=CARTESIAN_POINT('',(6.75321241,7.367814334,11.038223259));
#4086=CARTESIAN_POINT('',(6.75321241,7.171464793,11.038223259));
#4087=B_SPLINE_SURFACE_WITH_KNOTS('',3,3,((#3787,#3788,#3789,#3790,#3791,#3792,#3793,#3794,#3795,#3796),(#3797,#3798,#3799,#3800,#3801,#3802,#3803,#3804,#3805,#3806),(#3807,#3808,#3809,#3810,#3811,#3812,#3813,#3814,#3815,#3816),(#3817,#3818,#3819,#3820,#3821,#3822,#3823,#3824,#3825,#3826),(#3827,#3828,#3829,#3830,#3831,#3832,#3833,#3834,#3835,#3836),(#3837,#3838,#3839,#3840,#3841,#3842,#3843,#3844,#3845,#3846),(#3847,#3848,#3849,#3850,#3851,#3852,#3853,#3854,#3855,#3856),(#3857,#3858,#3859,#3860,#3861,#3862,#3863,#3864,#3865,#3866),(#3867,#3868,#3869,#3870,#3871,#3872,#3873,#3874,#3875,#3876),(#3877,#3878,#3879,#3880,#3881,#3882,#3883,#3884,#3885,#3886),(#3887,#3888,#3889,#3890,#3891,#3892,#3893,#3894,#3895,#3896),(#3897,#3898,#3899,#3900,#3901,#3902,#3903,#3904,#3905,#3906),(#3907,#3908,#3909,#3910,#3911,#3912,#3913,#3914,#3915,#3916),(#3917,#3918,#3919,#3920,#3921,#3922,#3923,#3924,#3925,#3926),(#3927,#3928,#3929,#3930,#3931,#3932,#3933,#3934,#3935,#3936),(#3937,#3938,#3939,#3940,#3941,#3942,#3943,#3944,#3945,#3946),(#3947,#3948,#3949,#3950,#3951,#3952,#3953,#3954,#3955,#3956),(#3957,#3958,#3959,#3960,#3961,#3962,#3963,#3964,#3965,#3966),(#3967,#3968,#3969,#3970,#3971,#3972,#3973,#3974,#3975,#3976),(#3977,#3978,#3979,#3980,#3981,#3982,#3983,#3984,#3985,#3986),(#3987,#3988,#3989,#3990,#3991,#3992,#3993,#3994,#3995,#3996),(#3997,#3998,#3999,#4000,#4001,#4002,#4003,#4004,#4005,#4006),(#4007,#4008,#4009,#4010,#4011,#4012,#4013,#4014,#4015,#4016),(#4017,#4018,#4019,#4020,#4021,#4022,#4023,#4024,#4025,#4026),(#4027,#4028,#4029,#4030,#4031,#4032,#4033,#4034,#4035,#4036),(#4037,#4038,#4039,#4040,#4041,#4042,#4043,#4044,#4045,#4046),
(#4047,#4048,#4049,#4050,#4051,#4052,#4053,#4054,#4055,#4056),(#4057,#4058,#4059,#4060,#4061,#4062,#4063,#4064,#4065,#4066),(#4067,#4068,#4069,#4070,#4071,#4072,#4073,#4074,#4075,#4076),(#4077,#4078,#4079,#4080,#4081,#4082,#4083,#4084,#4085,#4086)),.UNSPECIFIED.,.F.,.F.,.U.,(4,2,2,2,2,2,2,2,2,2,2,2,2,2,4),(4,2,2,2,4),(0.,0.001140884,0.001711326,0.002281769,0.002852211,0.003422653,0.003993095,0.004278316,0.004420927,0.004492232,0.004527885,0.004545711,0.004554624,0.004559081,0.004563537),(0.,0.25,0.5,0.75,1.),.UNSPECIFIED.);
#4088=ORIENTED_EDGE('',*,*,#258,.F.);
#4089=CARTESIAN_POINT('',(5.032864988,8.671137955,9.375443881));
#4090=CARTESIAN_POINT('',(5.023180234,8.671355907,9.379702059));
#4091=CARTESIAN_POINT('',(5.013494412,8.67146474,9.383962167));
#4092=CARTESIAN_POINT('',(5.003808489,8.671464793,9.388223259));
#4093=B_SPLINE_CURVE_WITH_KNOTS('',3,(#4089,#4090,#4091,#4092),.UNSPECIFIED.,.F.,.F.,(4,4),(0.,0.000031744),.UNSPECIFIED.);
#4094=EDGE_CURVE('',#243,#396,#4093,.T.);
#4095=ORIENTED_EDGE('',*,*,#4094,.T.);
#4096=ORIENTED_EDGE('',*,*,#405,.F.);
#4097=CARTESIAN_POINT('',(5.25321241,7.171464793,11.038223259));
#4098=DIRECTION('',(0.,0.,1.));
#4099=DIRECTION('',(-0.,1.,-0.));
#4100=AXIS2_PLACEMENT_3D('',#4097,#4098,#4099);
#4101=CIRCLE('',#4100,1.5);
#4102=EDGE_CURVE('',#1302,#387,#4101,.T.);
#4103=ORIENTED_EDGE('',*,*,#4102,.F.);
#4104=ORIENTED_EDGE('',*,*,#2078,.F.);
#4105=ORIENTED_EDGE('',*,*,#3477,.T.);
#4106=ORIENTED_EDGE('',*,*,#930,.F.);
#4107=EDGE_LOOP('',(#4088,#4095,#4096,#4103,#4104,#4105,#4106));
#4108=FACE_BOUND('',#4107,.T.);
#4109=ADVANCED_FACE('',(#4108),#4087,.T.);
#4110=CARTESIAN_POINT('',(0.00321241,7.171464793,11.038223259));
#4111=DIRECTION('',(-0.,1.,-0.));
#4112=DIRECTION('',(0.,-0.,-1.));
#4113=AXIS2_PLACEMENT_3D('',#4110,#4111,#4112);
#4114=TOROIDAL_SURFACE('',#4113,5.25,1.5);
#4115=ORIENTED_EDGE('',*,*,#3781,.T.);
#4116=CARTESIAN_POINT('',(0.00321241,7.171464793,11.038223259));
#4117=DIRECTION('',(0.,-1.,0.));
#4118=DIRECTION('',(0.,-0.,-1.));
#4119=AXIS2_PLACEMENT_3D('',#4116,#4117,#4118);
#4120=CIRCLE('',#4119,6.75);
#4121=EDGE_CURVE('',#1275,#1971,#4120,.T.);
#4122=ORIENTED_EDGE('',*,*,#4121,.F.);
#4123=ORIENTED_EDGE('',*,*,#1314,.F.);
#4124=ORIENTED_EDGE('',*,*,#4102,.T.);
#4125=ORIENTED_EDGE('',*,*,#393,.F.);
#4126=ORIENTED_EDGE('',*,*,#2238,.F.);
#4127=ORIENTED_EDGE('',*,*,#2231,.F.);
#4128=ORIENTED_EDGE('',*,*,#321,.F.);
#4129=ORIENTED_EDGE('',*,*,#2331,.F.);
#4130=ORIENTED_EDGE('',*,*,#2318,.F.);
#4131=ORIENTED_EDGE('',*,*,#515,.F.);
#4132=EDGE_LOOP('',(#4115,#4122,#4123,#4124,#4125,#4126,#4127,#4128,#4129,#4130,#4131));
#4133=FACE_BOUND('',#4132,.T.);
#4134=ADVANCED_FACE('',(#4133),#4114,.T.);
#4135=CARTESIAN_POINT('',(-6.947276735,7.25893052,-3.559820161));
#4136=CARTESIAN_POINT('',(-6.950517933,7.413135685,-3.546855372));
#4137=CARTESIAN_POINT('',(-6.930332293,7.567317355,-3.528035972));
#4138=CARTESIAN_POINT('',(-6.845014346,7.861067642,-3.480465883));
#4139=CARTESIAN_POINT('',(-6.779895038,8.000591502,-3.451722442));
#4140=CARTESIAN_POINT('',(-6.610887793,8.251755366,-3.387034258));
#4141=CARTESIAN_POINT('',(-6.507025607,8.363357101,-3.351099371));
#4142=CARTESIAN_POINT('',(-6.270396318,8.548056786,-3.275442896));
#4143=CARTESIAN_POINT('',(-6.137665269,8.621126595,-3.235732835));
#4144=CARTESIAN_POINT('',(-5.99678759,8.671464793,-3.196016724));
#4145=CARTESIAN_POINT('',(-7.025650256,7.230926212,-3.246326078));
#4146=CARTESIAN_POINT('',(-7.028468503,7.392010969,-3.235053092));
#4147=CARTESIAN_POINT('',(-7.005815028,7.553067122,-3.217414362));
#4148=CARTESIAN_POINT('',(-6.911867625,7.858662924,-3.171223624));
#4149=CARTESIAN_POINT('',(-6.840590256,8.003148277,-3.142679905));
#4150=CARTESIAN_POINT('',(-6.656687314,8.260718334,-3.077624263));
#4151=CARTESIAN_POINT('',(-6.544094211,8.373757181,-3.041123955));
#4152=CARTESIAN_POINT('',(-6.289099642,8.556763061,-2.963916556));
#4153=CARTESIAN_POINT('',(-6.146743259,8.626697349,-2.923223222));
#4154=CARTESIAN_POINT('',(-5.99678759,8.671464793,-2.882522641));
#4155=CARTESIAN_POINT('',(-7.107541777,7.209071554,-2.918759995));
#4156=CARTESIAN_POINT('',(-7.109888262,7.37711374,-2.909374054));
#4157=CARTESIAN_POINT('',(-7.084546337,7.545120813,-2.8930682));
#4158=CARTESIAN_POINT('',(-6.981277622,7.862440424,-2.848444677));
#4159=CARTESIAN_POINT('',(-6.903372187,8.011686591,-2.820136476));
#4160=CARTESIAN_POINT('',(-6.703619728,8.274791082,-2.754678847));
#4161=CARTESIAN_POINT('',(-6.581814118,8.388594178,-2.717543185));
#4162=CARTESIAN_POINT('',(-6.30780503,8.568042444,-2.638582421));
#4163=CARTESIAN_POINT('',(-6.155658503,8.633649608,-2.596773867));
#4164=CARTESIAN_POINT('',(-5.99678759,8.671464793,-2.554956557));
#4165=CARTESIAN_POINT('',(-7.275203446,7.179489967,-2.248113319));
#4166=CARTESIAN_POINT('',(-7.276489838,7.361483194,-2.24296775));
#4167=CARTESIAN_POINT('',(-7.245320035,7.543424144,-2.229709798));
#4168=CARTESIAN_POINT('',(-7.122087453,7.883646522,-2.188704445));
#4169=CARTESIAN_POINT('',(-7.030059865,8.041830161,-2.160968954));
#4170=CARTESIAN_POINT('',(-6.797063578,8.313848348,-2.094635645));
#4171=CARTESIAN_POINT('',(-6.656161505,8.427604528,-2.056056962));
#4172=CARTESIAN_POINT('',(-6.343752795,8.59584294,-1.973077149));
#4173=CARTESIAN_POINT('',(-6.172335612,8.650276375,-1.928699899));
#4174=CARTESIAN_POINT('',(-5.99678759,8.671464793,-1.884309882));
#4175=CARTESIAN_POINT('',(-7.360958182,7.171772182,-1.905094373));
#4176=CARTESIAN_POINT('',(-7.361656301,7.36075892,-1.902301899));
#4177=CARTESIAN_POINT('',(-7.327347104,7.549682722,-1.890758744));
#4178=CARTESIAN_POINT('',(-7.193472221,7.901083339,-1.851803998));
#4179=CARTESIAN_POINT('',(-7.09395077,8.063443012,-1.824405589));
#4180=CARTESIAN_POINT('',(-6.843561549,8.338838556,-1.757598567));
#4181=CARTESIAN_POINT('',(-6.692776683,8.451782277,-1.718212309));
#4182=CARTESIAN_POINT('',(-6.360987224,8.612365832,-1.632967156));
#4183=CARTESIAN_POINT('',(-6.180092746,8.659951329,-1.58713668));
#4184=CARTESIAN_POINT('',(-5.99678759,8.671464793,-1.541290935));
#4185=CARTESIAN_POINT('',(-7.446787636,7.171473854,-1.561776558));
#4186=CARTESIAN_POINT('',(-7.446827695,7.367401822,-1.56161632));
#4187=CARTESIAN_POINT('',(-7.40915685,7.563253357,-1.552028423));
#4188=CARTESIAN_POINT('',(-7.264047536,7.925407321,-1.515436398));
#4189=CARTESIAN_POINT('',(-7.156665675,8.091568472,-1.488446546));
#4190=CARTESIAN_POINT('',(-6.888364976,8.369119235,-1.421130192));
#4191=CARTESIAN_POINT('',(-6.727550801,8.480400573,-1.38082995));
#4192=CARTESIAN_POINT('',(-6.376732131,8.631272443,-1.292994181));
#4193=CARTESIAN_POINT('',(-6.18686449,8.670804119,-1.24549292));
#4194=CARTESIAN_POINT('',(-5.99678759,8.671464793,-1.197973121));
#4195=B_SPLINE_SURFACE_WITH_KNOTS('',3,3,((#4135,#4136,#4137,#4138,#4139,#4140,#4141,#4142,#4143,#4144),(#4145,#4146,#4147,#4148,#4149,#4150,#4151,#4152,#4153,#4154),(#4155,#4156,#4157,#4158,#4159,#4160,#4161,#4162,#4163,#4164),(#4165,#4166,#4167,#4168,#4169,#4170,#4171,#4172,#4173,#4174),(#4175,#4176,#4177,#4178,#4179,#4180,#4181,#4182,#4183,#4184),(#4185,#4186,#4187,#4188,#4189,#4190,#4191,#4192,#4193,#4194)),.UNSPECIFIED.,.F.,.F.,.U.,(4,2,4),(4,2,2,2,4),(0.410896464,0.45411803,0.497339596),(0.,0.25,0.5,0.75,1.),.UNSPECIFIED.);
#4196=ORIENTED_EDGE('',*,*,#1225,.F.);
#4197=ORIENTED_EDGE('',*,*,#1045,.F.);
#4198=ORIENTED_EDGE('',*,*,#1123,.F.);
#4199=ORIENTED_EDGE('',*,*,#1155,.F.);
#4200=EDGE_LOOP('',(#4196,#4197,#4198,#4199));
#4201=FACE_BOUND('',#4200,.T.);
#4202=ADVANCED_FACE('',(#4201),#4195,.T.);
#4203=CARTESIAN_POINT('',(7.453212692,7.171473853,-1.561775612));
#4204=CARTESIAN_POINT('',(7.45325275,7.36740184,-1.561615382));
#4205=CARTESIAN_POINT('',(7.415581895,7.563253394,-1.552027489));
#4206=CARTESIAN_POINT('',(7.27047255,7.925407388,-1.515435471));
#4207=CARTESIAN_POINT('',(7.163090668,8.09156855,-1.488445621));
#4208=CARTESIAN_POINT('',(6.894789919,8.369119318,-1.421129265));
#4209=CARTESIAN_POINT('',(6.733975717,8.480400652,-1.38082902));
#4210=CARTESIAN_POINT('',(6.383156994,8.631272495,-1.292993244));
#4211=CARTESIAN_POINT('',(6.193289328,8.670804149,-1.245491978));
#4212=CARTESIAN_POINT('',(6.00321241,8.671464793,-1.197972175));
#4213=CARTESIAN_POINT('',(7.451403913,7.17148014,-1.56901073));
#4214=CARTESIAN_POINT('',(7.451457838,7.367261846,-1.568795027));
#4215=CARTESIAN_POINT('',(7.413857827,7.562967405,-1.55916593));
#4216=CARTESIAN_POINT('',(7.268985238,7.924894781,-1.52252412));
#4217=CARTESIAN_POINT('',(7.161769007,8.090975831,-1.495525659));
#4218=CARTESIAN_POINT('',(6.893845726,8.36848118,-1.428220037));
#4219=CARTESIAN_POINT('',(6.733242883,8.479797547,-1.387939053));
#4220=CARTESIAN_POINT('',(6.382825184,8.630874055,-1.300157873));
#4221=CARTESIAN_POINT('',(6.19314662,8.670575436,-1.252691817));
#4222=CARTESIAN_POINT('',(6.00321241,8.671464793,-1.205207292));
#4223=CARTESIAN_POINT('',(7.4495965,7.171489694,-1.576240382));
#4224=CARTESIAN_POINT('',(7.449664252,7.367125204,-1.575969373));
#4225=CARTESIAN_POINT('',(7.412134934,7.562684851,-1.566299207));
#4226=CARTESIAN_POINT('',(7.267498663,7.924385589,-1.529607781));
#4227=CARTESIAN_POINT('',(7.160447799,8.090386419,-1.502600749));
#4228=CARTESIAN_POINT('',(6.89290148,8.367845842,-1.435305837));
#4229=CARTESIAN_POINT('',(6.732509775,8.479196841,-1.395044053));
#4230=CARTESIAN_POINT('',(6.38249296,8.630476957,-1.307317282));
#4231=CARTESIAN_POINT('',(6.193003581,8.67034741,-1.259886313));
#4232=CARTESIAN_POINT('',(6.00321241,8.671464793,-1.212436945));
#4233=CARTESIAN_POINT('',(7.368982673,7.172061297,-1.89869569));
#4234=CARTESIAN_POINT('',(7.369665757,7.361175039,-1.895963351));
#4235=CARTESIAN_POINT('',(7.33528517,7.550225481,-1.8844662));
#4236=CARTESIAN_POINT('',(7.201177734,7.901809176,-1.845567916));
#4237=CARTESIAN_POINT('',(7.101495484,8.064224649,-1.818179977));
#4238=CARTESIAN_POINT('',(6.850752467,8.339611695,-1.751362062));
#4239=CARTESIAN_POINT('',(6.699775228,8.452490726,-1.711954542));
#4240=CARTESIAN_POINT('',(6.367645779,8.612811997,-1.626648165));
#4241=CARTESIAN_POINT('',(6.186604425,8.660199858,-1.580777889));
#4242=CARTESIAN_POINT('',(6.00321241,8.671464793,-1.534892252));
#4243=CARTESIAN_POINT('',(7.287589209,7.178876779,-2.224269544));
#4244=CARTESIAN_POINT('',(7.288835132,7.361357641,-2.219285852));
#4245=CARTESIAN_POINT('',(7.25744864,7.543785504,-2.206145688));
#4246=CARTESIAN_POINT('',(7.133480523,7.88479044,-2.165281081));
#4247=CARTESIAN_POINT('',(7.040934703,8.043268412,-2.137568637));
#4248=CARTESIAN_POINT('',(6.806733313,8.31553347,-2.071202652));
#4249=CARTESIAN_POINT('',(6.66514547,8.42924125,-2.032568466));
#4250=CARTESIAN_POINT('',(6.351387088,8.596967389,-1.949433075));
#4251=CARTESIAN_POINT('',(6.179307402,8.650936572,-1.904956059));
#4252=CARTESIAN_POINT('',(6.00321241,8.671464793,-1.860466107));
#4253=CARTESIAN_POINT('',(7.12261079,7.20714506,-2.884183218));
#4254=CARTESIAN_POINT('',(7.124905164,7.375914184,-2.875005724));
#4255=CARTESIAN_POINT('',(7.099271455,7.544647414,-2.858848385));
#4256=CARTESIAN_POINT('',(6.994997024,7.863176852,-2.814400322));
#4257=CARTESIAN_POINT('',(6.916378263,8.012905248,-2.78611919));
#4258=CARTESIAN_POINT('',(6.714933049,8.276533409,-2.720617825));
#4259=CARTESIAN_POINT('',(6.592149124,8.390376856,-2.683411609));
#4260=CARTESIAN_POINT('',(6.316146004,8.569351253,-2.604255246));
#4261=CARTESIAN_POINT('',(6.162985215,8.634443637,-2.562321982));
#4262=CARTESIAN_POINT('',(6.00321241,8.671464793,-2.520379781));
#4263=CARTESIAN_POINT('',(7.039035273,7.228615264,-3.218485289));
#4264=CARTESIAN_POINT('',(7.041815235,7.390305514,-3.207365441));
#4265=CARTESIAN_POINT('',(7.018939954,7.551966677,-3.189833975));
#4266=CARTESIAN_POINT('',(6.924218871,7.858598937,-3.143768798));
#4267=CARTESIAN_POINT('',(6.852389973,8.003514837,-3.115243472));
#4268=CARTESIAN_POINT('',(6.667157346,8.26162622,-3.050154763));
#4269=CARTESIAN_POINT('',(6.553786732,8.374775135,-3.013603159));
#4270=CARTESIAN_POINT('',(6.297165403,8.557588065,-2.936254797));
#4271=CARTESIAN_POINT('',(6.153960633,8.627218913,-2.895472004));
#4272=CARTESIAN_POINT('',(6.00321241,8.671464793,-2.854681852));
#4273=CARTESIAN_POINT('',(6.956328912,7.25799447,-3.549310732));
#4274=CARTESIAN_POINT('',(6.959555919,7.412430178,-3.536402703));
#4275=CARTESIAN_POINT('',(6.939287508,7.566842219,-3.517622921));
#4276=CARTESIAN_POINT('',(6.853680157,7.860989367,-3.470099121));
#4277=CARTESIAN_POINT('',(6.788354336,8.000679396,-3.441362386));
#4278=CARTESIAN_POINT('',(6.618847628,8.252057586,-3.376661876));
#4279=CARTESIAN_POINT('',(6.514692717,8.363707224,-3.340708017));
#4280=CARTESIAN_POINT('',(6.277447825,8.548349462,-3.264999499));
#4281=CARTESIAN_POINT('',(6.144394201,8.621313766,-3.225256443));
#4282=CARTESIAN_POINT('',(6.00321241,8.671464793,-3.185507294));
#4283=B_SPLINE_SURFACE_WITH_KNOTS('',3,3,((#4203,#4204,#4205,#4206,#4207,#4208,#4209,#4210,#4211,#4212),(#4213,#4214,#4215,#4216,#4217,#4218,#4219,#4220,#4221,#4222),(#4223,#4224,#4225,#4226,#4227,#4228,#4229,#4230,#4231,#4232),(#4233,#4234,#4235,#4236,#4237,#4238,#4239,#4240,#4241,#4242),(#4243,#4244,#4245,#4246,#4247,#4248,#4249,#4250,#4251,#4252),(#4253,#4254,#4255,#4256,#4257,#4258,#4259,#4260,#4261,#4262),(#4263,#4264,#4265,#4266,#4267,#4268,#4269,#4270,#4271,#4272),(#4273,#4274,#4275,#4276,#4277,#4278,#4279,#4280,#4281,#4282)),.UNSPECIFIED.,.F.,.F.,.U.,(4,2,2,4),(4,2,2,2,4),(0.498727414,0.5,0.555530407,0.611060813),(0.,0.25,0.5,0.75,1.),.UNSPECIFIED.);
#4284=ORIENTED_EDGE('',*,*,#867,.F.);
#4285=ORIENTED_EDGE('',*,*,#1602,.F.);
#4286=ORIENTED_EDGE('',*,*,#760,.F.);
#4287=ORIENTED_EDGE('',*,*,#810,.F.);
#4288=EDGE_LOOP('',(#4284,#4285,#4286,#4287));
#4289=FACE_BOUND('',#4288,.T.);
#4290=ADVANCED_FACE('',(#4289),#4283,.T.);
#4291=CARTESIAN_POINT('',(3.530021787,3.871464793,-43.819772001));
#4292=DIRECTION('',(-0.242535625,0.,0.9701425));
#4293=DIRECTION('',(-0.9701425,-0.,-0.242535625));
#4294=AXIS2_PLACEMENT_3D('',#4291,#4292,#4293);
#4295=CYLINDRICAL_SURFACE('',#4294,0.4);
#4296=ORIENTED_EDGE('',*,*,#1173,.F.);
#4297=ORIENTED_EDGE('',*,*,#1140,.F.);
#4298=ORIENTED_EDGE('',*,*,#1102,.F.);
#4299=ORIENTED_EDGE('',*,*,#2553,.F.);
#4300=EDGE_LOOP('',(#4296,#4297,#4298,#4299));
#4301=FACE_BOUND('',#4300,.T.);
#4302=ADVANCED_FACE('',(#4301),#4295,.T.);
#4303=CARTESIAN_POINT('',(-2.558891085,3.871464793,-39.960948472));
#4304=DIRECTION('',(-0.242535625,-0.,-0.9701425));
#4305=DIRECTION('',(0.9701425,0.,-0.242535625));
#4306=AXIS2_PLACEMENT_3D('',#4303,#4304,#4305);
#4307=CYLINDRICAL_SURFACE('',#4306,0.4);
#4308=ORIENTED_EDGE('',*,*,#875,.F.);
#4309=ORIENTED_EDGE('',*,*,#792,.F.);
#4310=ORIENTED_EDGE('',*,*,#725,.F.);
#4311=ORIENTED_EDGE('',*,*,#2531,.F.);
#4312=EDGE_LOOP('',(#4308,#4309,#4310,#4311));
#4313=FACE_BOUND('',#4312,.T.);
#4314=ADVANCED_FACE('',(#4313),#4307,.T.);
#4315=CARTESIAN_POINT('',(-6.39678759,3.871464793,-1.661776741));
#4316=DIRECTION('',(0.,-0.,-1.));
#4317=DIRECTION('',(0.,-1.,0.));
#4318=AXIS2_PLACEMENT_3D('',#4315,#4316,#4317);
#4319=CYLINDRICAL_SURFACE('',#4318,0.4);
#4320=ORIENTED_EDGE('',*,*,#1841,.F.);
#4321=ORIENTED_EDGE('',*,*,#2560,.F.);
#4322=ORIENTED_EDGE('',*,*,#1085,.F.);
#4323=ORIENTED_EDGE('',*,*,#1028,.F.);
#4324=EDGE_LOOP('',(#4320,#4321,#4322,#4323));
#4325=FACE_BOUND('',#4324,.T.);
#4326=ADVANCED_FACE('',(#4325),#4319,.T.);
#4327=CARTESIAN_POINT('',(6.40321241,3.871464793,-42.651474345));
#4328=DIRECTION('',(-0.,0.,1.));
#4329=DIRECTION('',(-0.,1.,-0.));
#4330=AXIS2_PLACEMENT_3D('',#4327,#4328,#4329);
#4331=CYLINDRICAL_SURFACE('',#4330,0.4);
#4332=ORIENTED_EDGE('',*,*,#1667,.F.);
#4333=ORIENTED_EDGE('',*,*,#1572,.F.);
#4334=ORIENTED_EDGE('',*,*,#837,.F.);
#4335=ORIENTED_EDGE('',*,*,#2524,.F.);
#4336=EDGE_LOOP('',(#4332,#4333,#4334,#4335));
#4337=FACE_BOUND('',#4336,.T.);
#4338=ADVANCED_FACE('',(#4337),#4331,.T.);
#4339=CARTESIAN_POINT('',(4.50321241,8.420177438,9.138223259));
#4340=DIRECTION('',(0.,-0.,-1.));
#4341=DIRECTION('',(-0.,1.,-0.));
#4342=AXIS2_PLACEMENT_3D('',#4339,#4340,#4341);
#4343=PLANE('',#4342);
#4344=CARTESIAN_POINT('',(4.75316368,8.421464793,9.138223259));
#4345=VERTEX_POINT('',#4344);
#4346=CARTESIAN_POINT('',(4.75316368,8.421464793,9.138223259));
#4347=DIRECTION('',(0.707106781,-0.707106781,0.));
#4348=VECTOR('',#4347,0.353622306);
#4349=LINE('',#4346,#4348);
#4350=EDGE_CURVE('',#4345,#227,#4349,.T.);
#4351=ORIENTED_EDGE('',*,*,#4350,.F.);
#4352=CARTESIAN_POINT('',(4.75316368,8.421464793,9.138223259));
#4353=DIRECTION('',(1.,0.,-0.));
#4354=VECTOR('',#4353,0.25004873);
#4355=LINE('',#4352,#4354);
#4356=EDGE_CURVE('',#4345,#235,#4355,.T.);
#4357=ORIENTED_EDGE('',*,*,#4356,.T.);
#4358=ORIENTED_EDGE('',*,*,#240,.F.);
#4359=EDGE_LOOP('',(#4351,#4357,#4358));
#4360=FACE_BOUND('',#4359,.T.);
#4361=ADVANCED_FACE('',(#4360),#4343,.T.);
#4362=CARTESIAN_POINT('',(4.50321241,8.421416063,12.678223259));
#4363=DIRECTION('',(0.,0.,1.));
#4364=DIRECTION('',(0.,-1.,-0.));
#4365=AXIS2_PLACEMENT_3D('',#4362,#4363,#4364);
#4366=PLANE('',#4365);
#4367=ORIENTED_EDGE('',*,*,#2257,.F.);
#4368=CARTESIAN_POINT('',(4.75316368,8.421464793,12.678223259));
#4369=VERTEX_POINT('',#4368);
#4370=CARTESIAN_POINT('',(5.00321241,8.421464793,12.678223259));
#4371=DIRECTION('',(-1.,-0.,-0.));
#4372=VECTOR('',#4371,0.25004873);
#4373=LINE('',#4370,#4372);
#4374=EDGE_CURVE('',#2242,#4369,#4373,.T.);
#4375=ORIENTED_EDGE('',*,*,#4374,.T.);
#4376=CARTESIAN_POINT('',(5.00321241,8.171416063,12.678223259));
#4377=DIRECTION('',(-0.707106781,0.707106781,0.));
#4378=VECTOR('',#4377,0.353622306);
#4379=LINE('',#4376,#4378);
#4380=EDGE_CURVE('',#974,#4369,#4379,.T.);
#4381=ORIENTED_EDGE('',*,*,#4380,.F.);
#4382=EDGE_LOOP('',(#4367,#4375,#4381));
#4383=FACE_BOUND('',#4382,.T.);
#4384=ADVANCED_FACE('',(#4383),#4366,.T.);
#4385=CARTESIAN_POINT('',(4.50321241,6.071464793,10.908223259));
#4386=DIRECTION('',(-1.,-0.,0.));
#4387=DIRECTION('',(0.,-1.,0.));
#4388=AXIS2_PLACEMENT_3D('',#4385,#4386,#4387);
#4389=PLANE('',#4388);
#4390=CARTESIAN_POINT('',(4.50321241,8.671416063,12.433159123));
#4391=VERTEX_POINT('',#4390);
#4392=CARTESIAN_POINT('',(4.50321241,8.671416063,9.383287395));
#4393=VERTEX_POINT('',#4392);
#4394=CARTESIAN_POINT('',(4.50321241,8.671416063,12.433159123));
#4395=DIRECTION('',(0.,-0.,-1.));
#4396=VECTOR('',#4395,3.049871728);
#4397=LINE('',#4394,#4396);
#4398=EDGE_CURVE('',#4391,#4393,#4397,.T.);
#4399=ORIENTED_EDGE('',*,*,#4398,.F.);
#4400=CARTESIAN_POINT('',(4.50321241,8.421464793,12.428223259));
#4401=DIRECTION('',(-1.,-0.,0.));
#4402=DIRECTION('',(0.,-1.,0.));
#4403=AXIS2_PLACEMENT_3D('',#4400,#4401,#4402);
#4404=CIRCLE('',#4403,0.25);
#4405=EDGE_CURVE('',#4391,#362,#4404,.T.);
#4406=ORIENTED_EDGE('',*,*,#4405,.T.);
#4407=ORIENTED_EDGE('',*,*,#367,.F.);
#4408=CARTESIAN_POINT('',(4.50321241,8.421464793,9.388223259));
#4409=DIRECTION('',(-1.,-0.,0.));
#4410=DIRECTION('',(0.,-1.,0.));
#4411=AXIS2_PLACEMENT_3D('',#4408,#4409,#4410);
#4412=CIRCLE('',#4411,0.25);
#4413=EDGE_CURVE('',#360,#4393,#4412,.T.);
#4414=ORIENTED_EDGE('',*,*,#4413,.T.);
#4415=EDGE_LOOP('',(#4399,#4406,#4407,#4414));
#4416=FACE_BOUND('',#4415,.T.);
#4417=ADVANCED_FACE('',(#4416),#4389,.T.);
#4418=CARTESIAN_POINT('',(4.75321241,8.421416063,8.868223259));
#4419=DIRECTION('',(0.707106781,0.707106781,-0.));
#4420=DIRECTION('',(-0.707106781,0.707106781,0.));
#4421=AXIS2_PLACEMENT_3D('',#4418,#4419,#4420);
#4422=PLANE('',#4421);
#4423=ORIENTED_EDGE('',*,*,#4380,.T.);
#4424=CARTESIAN_POINT('',(4.75316368,8.421464793,12.428223259));
#4425=DIRECTION('',(-0.707106781,-0.707106781,0.));
#4426=DIRECTION('',(0.707106781,-0.707106781,0.));
#4427=AXIS2_PLACEMENT_3D('',#4424,#4425,#4426);
#4428=ELLIPSE('',#4427,0.353553391,0.25);
#4429=EDGE_CURVE('',#4369,#4391,#4428,.T.);
#4430=ORIENTED_EDGE('',*,*,#4429,.T.);
#4431=ORIENTED_EDGE('',*,*,#4398,.T.);
#4432=CARTESIAN_POINT('',(4.75316368,8.421464793,9.388223259));
#4433=DIRECTION('',(-0.707106781,-0.707106781,0.));
#4434=DIRECTION('',(0.707106781,-0.707106781,0.));
#4435=AXIS2_PLACEMENT_3D('',#4432,#4433,#4434);
#4436=ELLIPSE('',#4435,0.353553391,0.25);
#4437=EDGE_CURVE('',#4393,#4345,#4436,.T.);
#4438=ORIENTED_EDGE('',*,*,#4437,.T.);
#4439=ORIENTED_EDGE('',*,*,#4350,.T.);
#4440=ORIENTED_EDGE('',*,*,#987,.F.);
#4441=EDGE_LOOP('',(#4423,#4430,#4431,#4438,#4439,#4440));
#4442=FACE_BOUND('',#4441,.T.);
#4443=ADVANCED_FACE('',(#4442),#4422,.F.);
#4444=CARTESIAN_POINT('',(-4.74678759,8.421416063,8.608223259));
#4445=DIRECTION('',(0.707106781,-0.707106781,-0.));
#4446=DIRECTION('',(0.707106781,0.707106781,0.));
#4447=AXIS2_PLACEMENT_3D('',#4444,#4445,#4446);
#4448=PLANE('',#4447);
#4449=ORIENTED_EDGE('',*,*,#135,.F.);
#4450=CARTESIAN_POINT('',(-4.74673886,8.421464793,9.388223259));
#4451=DIRECTION('',(0.707106781,-0.707106781,-0.));
#4452=DIRECTION('',(-0.707106781,-0.707106781,-0.));
#4453=AXIS2_PLACEMENT_3D('',#4450,#4451,#4452);
#4454=ELLIPSE('',#4453,0.353553391,0.25);
#4455=EDGE_CURVE('',#124,#148,#4454,.T.);
#4456=ORIENTED_EDGE('',*,*,#4455,.T.);
#4457=ORIENTED_EDGE('',*,*,#153,.F.);
#4458=CARTESIAN_POINT('',(-4.74173886,8.426464793,12.433223259));
#4459=DIRECTION('',(0.707106781,-0.707106781,-0.));
#4460=DIRECTION('',(-0.707106781,-0.707106781,-0.));
#4461=AXIS2_PLACEMENT_3D('',#4458,#4459,#4460);
#4462=ELLIPSE('',#4461,0.346482323,0.245);
#4463=EDGE_CURVE('',#146,#93,#4462,.T.);
#4464=ORIENTED_EDGE('',*,*,#4463,.T.);
#4465=ORIENTED_EDGE('',*,*,#98,.F.);
#4466=ORIENTED_EDGE('',*,*,#191,.T.);
#4467=EDGE_LOOP('',(#4449,#4456,#4457,#4464,#4465,#4466));
#4468=FACE_BOUND('',#4467,.T.);
#4469=ADVANCED_FACE('',(#4468),#4448,.T.);
#4470=CARTESIAN_POINT('',(4.50321241,8.421464793,9.388223259));
#4471=DIRECTION('',(1.,0.,-0.));
#4472=DIRECTION('',(-0.,1.,0.));
#4473=AXIS2_PLACEMENT_3D('',#4470,#4471,#4472);
#4474=CYLINDRICAL_SURFACE('',#4473,0.25);
#4475=ORIENTED_EDGE('',*,*,#4413,.F.);
#4476=ORIENTED_EDGE('',*,*,#411,.F.);
#4477=ORIENTED_EDGE('',*,*,#4094,.F.);
#4478=ORIENTED_EDGE('',*,*,#249,.F.);
#4479=ORIENTED_EDGE('',*,*,#4356,.F.);
#4480=ORIENTED_EDGE('',*,*,#4437,.F.);
#4481=EDGE_LOOP('',(#4475,#4476,#4477,#4478,#4479,#4480));
#4482=FACE_BOUND('',#4481,.T.);
#4483=ADVANCED_FACE('',(#4482),#4474,.T.);
#4484=CARTESIAN_POINT('',(7.00321241,8.421464793,12.428223259));
#4485=DIRECTION('',(1.,0.,0.));
#4486=DIRECTION('',(-0.,1.,0.));
#4487=AXIS2_PLACEMENT_3D('',#4484,#4485,#4486);
#4488=CYLINDRICAL_SURFACE('',#4487,0.25);
#4489=ORIENTED_EDGE('',*,*,#4429,.F.);
#4490=ORIENTED_EDGE('',*,*,#4374,.F.);
#4491=ORIENTED_EDGE('',*,*,#2251,.F.);
#4492=ORIENTED_EDGE('',*,*,#375,.F.);
#4493=ORIENTED_EDGE('',*,*,#4405,.F.);
#4494=EDGE_LOOP('',(#4489,#4490,#4491,#4492,#4493));
#4495=FACE_BOUND('',#4494,.T.);
#4496=ADVANCED_FACE('',(#4495),#4488,.T.);
#4497=CARTESIAN_POINT('',(-4.49678759,8.426464793,12.433223259));
#4498=DIRECTION('',(-1.,-0.,0.));
#4499=DIRECTION('',(0.,-1.,0.));
#4500=AXIS2_PLACEMENT_3D('',#4497,#4498,#4499);
#4501=CYLINDRICAL_SURFACE('',#4500,0.245);
#4502=ORIENTED_EDGE('',*,*,#177,.F.);
#4503=ORIENTED_EDGE('',*,*,#530,.F.);
#4504=ORIENTED_EDGE('',*,*,#2308,.F.);
#4505=ORIENTED_EDGE('',*,*,#106,.F.);
#4506=ORIENTED_EDGE('',*,*,#4463,.F.);
#4507=EDGE_LOOP('',(#4502,#4503,#4504,#4505,#4506));
#4508=FACE_BOUND('',#4507,.T.);
#4509=ADVANCED_FACE('',(#4508),#4501,.T.);
#4510=CARTESIAN_POINT('',(7.00321241,8.421464793,9.388223259));
#4511=DIRECTION('',(-1.,-0.,0.));
#4512=DIRECTION('',(0.,-1.,0.));
#4513=AXIS2_PLACEMENT_3D('',#4510,#4511,#4512);
#4514=CYLINDRICAL_SURFACE('',#4513,0.25);
#4515=ORIENTED_EDGE('',*,*,#4455,.F.);
#4516=ORIENTED_EDGE('',*,*,#129,.F.);
#4517=ORIENTED_EDGE('',*,*,#50,.F.);
#4518=ORIENTED_EDGE('',*,*,#3770,.F.);
#4519=ORIENTED_EDGE('',*,*,#494,.F.);
#4520=ORIENTED_EDGE('',*,*,#162,.F.);
#4521=EDGE_LOOP('',(#4515,#4516,#4517,#4518,#4519,#4520));
#4522=FACE_BOUND('',#4521,.T.);
#4523=ADVANCED_FACE('',(#4522),#4514,.T.);
#4524=CARTESIAN_POINT('',(0.00321241,2.771464793,11.038223259));
#4525=DIRECTION('',(-0.,1.,-0.));
#4526=DIRECTION('',(-0.,0.,1.));
#4527=AXIS2_PLACEMENT_3D('',#4524,#4525,#4526);
#4528=CYLINDRICAL_SURFACE('',#4527,6.75);
#4529=ORIENTED_EDGE('',*,*,#1282,.F.);
#4530=ORIENTED_EDGE('',*,*,#4121,.T.);
#4531=ORIENTED_EDGE('',*,*,#1976,.T.);
#4532=ORIENTED_EDGE('',*,*,#1449,.T.);
#4533=ORIENTED_EDGE('',*,*,#2543,.F.);
#4534=EDGE_LOOP('',(#4529,#4530,#4531,#4532,#4533));
#4535=FACE_BOUND('',#4534,.T.);
#4536=ADVANCED_FACE('',(#4535),#4528,.T.);
#4537=CLOSED_SHELL('',(#84,#116,#139,#181,#218,#276,#353,#415,#481,#534,#606,#694,#779,#814,#879,#967,#1006,#1071,#1127,#1159,#1229,#1268,#1318,#1357,#1415,#1461,
#1510,#1559,#1606,#1671,#1736,#1791,#1853,#1883,#1960,#2022,#2084,#2157,#2187,#2269,#2339,#2376,#2404,#2415,#2426,#2463,#2491,#2502,#2513,#2573,#2593,
#2613,#3028,#3483,#3786,#4109,#4134,#4202,#4290,#4302,#4314,#4326,#4338,#4361,#4384,#4417,#4443,#4469,#4483,#4496,#4509,#4523,#4536));
#4538=MANIFOLD_SOLID_BREP('Solid 1927',#4537);
#26=STYLED_ITEM('',(),#4538);
#16=SHAPE_REPRESENTATION('root',(#15),#10);
#17=ADVANCED_BREP_SHAPE_REPRESENTATION('root',(#4538),#10);
#4546=SHAPE_REPRESENTATION_RELATIONSHIP('','',#16,#17);
#4547=APPLICATION_CONTEXT('configuration controlled 3D design of mechanical parts and assemblies');
#4548=APPLICATION_PROTOCOL_DEFINITION('international standard','configuration_control_3d_design_ed2_mim',2004,#4547);
#4549=PRODUCT_CONTEXT('',#4547,'mechanical');
#4550=PRODUCT_DEFINITION_CONTEXT('part definition',#4547,'design');
#24=PRODUCT('root','root','',(#4549));
#4551=PRODUCT_RELATED_PRODUCT_CATEGORY('part','',(#24));
#4552=PRODUCT_DEFINITION_FORMATION_WITH_SPECIFIED_SOURCE('','',#24,.NOT_KNOWN.);
#25=PRODUCT_DEFINITION('design','',#4552,#4550);
#23=PRODUCT_DEFINITION_SHAPE('','',#25);
#4553=SHAPE_DEFINITION_REPRESENTATION(#23,#16);
#11=DRAUGHTING_MODEL('',(),#10);
#1=MECHANICAL_DESIGN_GEOMETRIC_PRESENTATION_REPRESENTATION('',(#26),#10);
ENDSEC;
END-ISO-10303-21;
